// List of Teams and their ID's:
//2 => ID of Baltimore Orioles
//3 => ID of Boston Red Sox
//11 => ID of New York Yankees
//13 => ID of Tampa Bay Rays
//15 => ID of Toronto Blue Jays
//4 => ID of Chicago White Sox
//5 => ID of Cleveland Guardians
//6 => ID of Detroit Tigers
//8 => ID of Kansas City Royals
//10 => ID of Minnesota Twins
//1 => ID of Athletics
//7 => ID of Houston Astros
//9 => ID of Los Angeles Angels
//12 => ID of Seattle Mariners
//14 => ID of Texas Rangers
//17 => ID of Atlanta Braves
//22 => ID of Miami Marlins
//24 => ID of New York Mets
//25 => ID of Philadelphia Phillies
//30 => ID of Washington Nationals
//18 => ID of Chicago Cubs
//19 => ID of Cincinnati Reds
//23 => ID of Milwaukee Brewers
//26 => ID of Pittsburgh Pirates
//29 => ID of St. Louis Cardinals
//16 => ID of Arizona Diamondbacks
//20 => ID of Colorado Rockies
//21 => ID of Los Angeles Dodgers
//27 => ID of San Diego Padres
//28 => ID of San Francisco Giants
//
//
//id, del, team_id, Team Name, League Name, LastName, FirstName, NickName, UniformNumber, DayOB, MonthOB, YearOB, NationalityID, Nation, CityID, City, facial_type, Height (cm), Weight (kg), Bats, Throws, Position, ML Service, 40 man roster service, pro years, options used, Contact vL, Gap vL, Power vL, Eye vL, Avoid K vL, BABIP vL, Contract Vr, Gap Vr, Power vR, Eye vR, Ks vR, BABIP vR, Contact Pot, Gap Pot, Power Pot, Eye Pot, Ks Pot, BABIP Pot, HBP, GB Batter type, FB Batter type, speed, steal rate, steal, running, sac bunt, bunt hit,Move vL, Control vL, Movement vR, Control vR, Move Pot, Control Pot, HBP, WP, Balk, Stamina, Hold, GB%, Velocity, ArmSlot, Infield Range, Infield Error, Infield Arm, DP, CatcherAbil, Catcher Arm, OF Range, OF Error, OF Arm, PExp, CExp, 1bExp, 2bExp, 3bExp, ssExp, LFExp, CFExp, RFExp, use expected, expected level, expected ab, expected avg, expected 2b, expected 3b, expected hr, expected bb, expected k, expected hbp, contract y1, contract y2, contract y3, contract y4, contract y5, contract y6, contract y7, contract y8, contract y9, contract y10, contract current year (0 = first year), extension y1, extension y2, extension y3, extension y4, extension y5, extension y6, extension y7, extension y8, extension y9, extension y10, greed, loyalty, play_for_winner, work_ethic, intelligence, leader ability, Stuff Overall, Stuff R/L split, Stuff Pot., Fastball (scale: 0-5), Slider, Curveball, Changeup, Cutter, Sinker, Splitter, Forkball, Screwball, Circlechange, Knucklecurve, Knuckleball, Fastball Pot.(scale: 0-5), Slider Pot., Curveball Pot., Changeup Pot., Cutter Pot., Sinker Pot., Splitter Pot., Forkball Pot., Screwball Pot., Circlechange Pot., Knucklecurve Pot., Knuckleball Pot., Hitter 3B/2B ratio, pbabip, lahman_id, bbref_id, bbrefminors_id, twitter_handle, Catcher Framing, Velo Pot
//NOTE: Player and team names are purely cosmetic and will not be used when importing rosters from this file!
// Baltimore Orioles, ID = 2
18786,0,2,Baltimore Orioles,Major League Baseball,Martin,Corbin,,48,28,12,1995,206,The United States,31383,Hempstead,4,188,225,1,1,12,387,638,7,2,95,190,50,235,93,91,92,187,47,232,90,88,105,170,48,230,89,119,5,0,0,25,7,11,42,11,81,275,323,269,322,244,269,12,6,5,35,109,55,12,3,51,42,45,43,0,0,6,18,11,200,0,0,0,0,0,0,0,0,0,1,550,.259,0,0,22,64,127,12,0,0,0,0,0,0,0,0,0,0,0,0,0,0,0,0,0,0,0,0,0,88,27,103,108,170,120,435,.9986,379,209,0,302,431,350,0,0,0,0,0,0,0,190,0,267,399,322,0,0,0,0,0,0,0,0,400,martico02,martico02,martin002cor,,0,12,eol
18792,0,2,Baltimore Orioles,Major League Baseball,Poteet,Cody,,53,30,7,1994,206,The United States,69896,San Diego,4,185,190,1,1,11,347,690,5,2,96,191,51,238,95,92,91,185,46,231,88,88,93,175,48,224,98,82,5,0,0,10,9,11,10,6,46,403,313,410,316,372,333,5,5,1,99,109,45,13,3,51,44,46,44,0,0,19,4,4,200,0,0,0,0,0,0,0,0,0,1,550,.281,0,0,14,66,69,5,0,0,0,0,0,0,0,0,0,0,0,0,0,0,0,0,0,0,0,0,0,73,91,138,128,111,116,252,1.0030,333,199,199,0,199,199,0,199,0,0,0,0,0,263,263,0,263,263,0,263,0,0,0,0,0,0,400,poteeco01,poteeco01,poteet001cod,,0,13,eol
19578,0,2,Baltimore Orioles,Major League Baseball,Sanchez,Gary,The Kraken,99,2,12,1992,56,Dominican Republic,71432,Santo Domingo,5,188,229,1,1,2,1584,1584,11,1,332,258,446,387,370,297,328,303,426,374,329,330,363,338,471,389,372,357,15,3,2,56,6,11,55,20,7,308,267,307,267,122,11,15,30,10,34,20,35,15,3,17,6,15,2,50,113,7,8,9,0,200,0,0,0,0,0,0,0,0,1,550,.237,15,1,21,45,134,15,0,0,0,0,0,0,0,0,0,0,0,0,0,0,0,0,0,0,0,0,0,130,116,96,77,85,87,235,1.0000,2,206,0,0,206,0,0,0,0,0,0,0,0,2,0,0,2,0,0,0,0,0,0,0,0,0,390,sanchga02,sanchga02,sanche001gar,,88,15,eol
20212,0,2,Baltimore Orioles,Major League Baseball,Mountcastle,Ryan,,6,18,2,1997,206,The United States,86831,Winter Springs,4,193,220,1,1,3,795,795,8,1,401,445,293,313,355,432,430,393,345,267,378,465,407,385,425,350,377,429,3,2,0,65,24,170,77,10,6,1,1,1,1,1,1,15,30,10,1,14,58,14,2,56,118,79,63,0,0,9,3,19,0,0,200,0,0,0,0,0,0,0,1,550,.273,33,1,10,27,120,3,0,0,0,0,0,0,0,0,0,0,0,0,0,0,0,0,0,0,0,0,0,98,78,125,85,102,123,1,.8163,1,3,0,0,0,0,0,0,0,0,0,0,0,1,0,0,0,0,0,0,0,0,0,0,0,0,280,mountry01,mountry01,mountc000rya,,0,14,eol
20299,0,2,Baltimore Orioles,Major League Baseball,Vazquez,Luis,Luisito,52,10,10,1999,151,Puerto Rico,91159,Orocovis,5,183,165,1,1,5,43,43,2,0,268,309,336,337,354,157,257,307,328,327,343,155,279,325,344,339,343,194,4,1,1,158,140,192,150,9,13,234,288,294,308,237,292,1,1,1,36,109,70,16,3,51,43,83,63,0,0,13,9,17,200,0,0,200,200,200,0,0,0,0,1,550,.187,12,2,10,35,131,4,0,0,0,0,0,0,0,0,0,0,0,0,0,0,0,0,0,0,0,0,0,72,118,49,103,127,102,209,1.0053,234,0,171,0,0,0,171,0,0,0,0,0,0,0,199,0,0,0,186,0,0,0,0,0,0,0,364,vazqulu01,vazqulu01,vazque002lui,,0,16,eol
18550,0,2,Baltimore Orioles,Major League Baseball,Machin,Vimael,,65,25,9,1993,151,Puerto Rico,70307,San Lorenzo,5,178,185,2,1,5,349,535,5,1,189,278,388,319,276,91,201,292,407,334,302,97,356,348,180,434,430,257,4,1,1,99,62,115,110,9,20,1,1,1,1,1,1,15,30,10,1,29,55,10,4,106,105,134,74,0,0,1,16,4,0,0,0,0,200,0,0,0,0,0,1,550,.167,10,1,15,36,150,4,0,0,0,0,0,0,0,0,0,0,0,0,0,0,0,0,0,0,0,0,0,85,98,86,81,82,170,1,.9756,1,3,0,0,0,0,0,0,0,0,0,0,0,1,0,0,0,0,0,0,0,0,0,0,0,0,273,machivi01,machivi01,machin000vim,,0,10,eol
20491,0,2,Baltimore Orioles,Major League Baseball,Povich,Cade,,37,12,4,2000,206,The United States,8372,Bellevue,4,191,185,2,2,11,105,292,2,2,89,184,46,229,86,87,93,188,49,235,91,89,92,187,48,233,90,89,5,2,1,9,7,11,10,14,7,401,373,377,362,384,360,2,6,0,140,109,44,11,3,50,35,42,41,0,0,11,17,2,200,0,0,0,0,0,0,0,0,0,1,550,.274,0,0,16,53,110,2,0,0,0,0,0,0,0,0,0,0,0,0,0,0,0,0,0,0,0,0,0,84,96,73,89,112,122,401,1.0103,396,201,340,290,384,419,0,0,0,0,0,0,0,199,337,286,380,416,0,0,0,0,0,0,0,0,345,povicca01,povicca01,povich000cad,,0,11,eol
20777,0,2,Baltimore Orioles,Major League Baseball,Kremer,Dean,,64,7,1,1996,206,The United States,76303,Stockton,4,193,209,1,1,11,838,838,8,0,96,190,51,239,96,93,91,186,47,230,87,88,92,187,48,233,90,89,5,0,0,11,8,11,14,15,108,358,377,419,426,387,396,2,6,1,152,117,45,11,3,50,35,42,41,0,0,10,18,5,200,0,0,0,0,0,0,0,0,0,1,550,.256,0,0,14,43,96,2,0,0,0,0,0,0,0,0,0,0,0,0,0,0,0,0,0,0,0,0,0,15,58,116,197,90,100,348,.9780,345,283,0,283,283,283,283,283,0,0,0,0,0,281,0,281,281,281,281,281,0,0,0,0,0,0,426,kremede01,kremede01,kremer000dea,,0,11,eol
20310,0,2,Baltimore Orioles,Major League Baseball,Urias,Ramon,,29,3,6,1994,124,Mexico,46709,Magdalena,5,178,185,1,1,5,822,1037,8,1,389,410,431,322,394,387,389,347,374,383,413,365,430,363,369,388,394,455,4,1,1,78,31,156,94,10,17,4,1,4,1,8,1,15,30,10,1,29,53,12,3,136,115,159,110,0,0,1,4,3,0,0,0,200,200,0,0,0,0,0,1,550,.255,25,1,14,43,104,4,0,0,0,0,0,0,0,0,0,0,0,0,0,0,0,0,0,0,0,0,0,120,40,84,130,84,120,1,.9302,1,3,0,0,0,0,0,0,0,0,0,0,0,1,0,0,0,0,0,0,0,0,0,0,0,0,272,uriasra01,uriasra01,urias-000ram,,0,12,eol
20588,0,2,Baltimore Orioles,Major League Baseball,Espada,Jose,,72,22,2,1997,151,Puerto Rico,60118,Ponce,1,183,170,1,1,12,3,269,3,3,95,189,50,242,94,91,92,186,47,230,88,89,92,187,48,233,90,89,5,1,1,9,7,11,10,9,68,311,319,339,330,316,275,6,6,5,47,109,50,17,3,51,44,46,44,0,0,13,10,14,200,0,0,0,0,0,0,0,0,0,1,550,.277,0,0,19,63,91,6,0,0,0,0,0,0,0,0,0,0,0,0,0,0,0,0,0,0,0,0,0,168,44,148,129,72,39,325,1.0231,319,251,251,0,0,0,0,0,0,0,0,0,0,246,246,0,0,0,0,0,0,0,0,0,0,0,390,espadjo01,espadjo01,espada002jos,,0,17,eol
20837,0,2,Baltimore Orioles,Major League Baseball,Jackson,Alex,,70,25,12,1995,206,The United States,24017,Escondido,1,188,238,1,1,2,732,1037,8,2,219,627,431,350,242,208,225,598,407,338,224,235,199,530,360,369,171,237,13,2,2,27,17,31,75,100,15,401,239,398,238,158,3,15,30,10,34,24,33,19,3,6,19,12,12,75,99,3,5,7,0,200,0,0,0,0,0,0,0,0,1,550,.194,42,0,17,38,173,13,0,0,0,0,0,0,0,0,0,0,0,0,0,0,0,0,0,0,0,0,0,134,19,119,52,120,13,232,.9999,2,181,0,181,0,0,0,0,0,0,0,0,0,2,0,2,0,0,0,0,0,0,0,0,0,0,394,jacksal02,jacksal02,jackso000ale,,152,19,eol
21042,0,2,Baltimore Orioles,Major League Baseball,Akin,Keegan,,45,1,4,1995,206,The United States,1743,Alma,4,183,240,2,2,12,856,1080,8,2,88,183,45,223,84,86,94,188,49,236,92,91,91,187,48,232,88,87,5,2,2,31,7,11,53,8,32,416,356,390,338,417,385,3,6,0,34,152,40,12,3,50,35,42,41,0,0,4,12,2,200,0,0,0,0,0,0,0,0,0,1,550,.242,0,0,16,59,123,3,0,0,0,0,0,0,0,0,0,0,0,0,0,0,0,0,0,0,0,0,0,85,43,159,74,130,94,427,1.0719,410,210,352,0,433,0,0,0,0,0,0,0,0,203,342,0,422,0,0,0,0,0,0,0,0,0,433,akinke01,akinke01,akin--000kee,,0,12,eol
20272,0,2,Baltimore Orioles,Major League Baseball,Soto,Gregory,,65,11,2,1995,56,Dominican Republic,6309,Bajos de Haina,1,185,234,2,2,12,1032,1182,9,1,90,184,46,230,87,87,93,188,49,234,91,89,109,168,48,232,93,123,5,0,0,9,8,11,10,7,98,493,369,472,349,459,296,12,6,1,30,115,53,13,3,50,36,42,42,0,0,9,7,3,200,0,0,0,0,0,0,0,0,0,1,550,.273,0,0,7,56,128,12,0,0,0,0,0,0,0,0,0,0,0,0,0,0,0,0,0,0,0,0,0,124,137,110,192,128,83,437,1.1814,441,447,365,0,0,0,312,0,0,0,0,0,0,454,371,0,0,0,316,0,0,0,0,0,0,0,197,sotogr01,sotogr01,soto--001gre,,0,13,eol
20522,0,2,Baltimore Orioles,Major League Baseball,Eflin,Zach,EF,24,8,4,1994,206,The United States,13647,Chuluota,4,198,220,1,1,11,1446,1628,10,2,95,190,50,235,94,91,91,186,47,232,88,88,209,289,261,198,146,279,5,0,0,11,9,11,13,8,13,300,487,334,529,375,487,3,2,1,153,113,49,10,3,67,51,53,41,0,0,11,13,3,200,0,0,0,0,0,0,0,0,0,1,550,.287,0,0,20,22,81,3,0,0,0,0,0,0,0,0,0,0,0,0,0,0,0,0,0,0,0,0,0,42,90,78,103,88,97,290,.7249,340,240,240,240,240,240,240,0,0,0,0,0,0,285,285,285,285,285,285,0,0,0,0,0,0,0,379,eflinza01,eflinza01,eflin-000zac,,0,10,eol
19640,0,2,Baltimore Orioles,Major League Baseball,Laureano,Ramon,,5,15,7,1994,56,Dominican Republic,71432,Santo Domingo,5,180,201,1,1,9,1190,1190,8,0,458,417,405,396,368,511,410,451,446,331,354,447,429,439,431,355,370,467,8,0,0,105,113,147,98,10,9,1,1,1,1,1,1,15,30,10,1,34,55,13,3,6,15,6,10,0,0,101,77,219,0,0,0,0,0,0,200,200,200,0,1,550,.288,33,3,21,39,126,8,0,0,0,0,0,0,0,0,0,0,0,0,0,0,0,0,0,0,0,0,0,101,25,96,79,73,108,1,.9302,1,3,0,0,0,0,0,0,0,0,0,0,0,1,0,0,0,0,0,0,0,0,0,0,0,0,273,laurera01,laurera01,laurea000ram,,0,13,eol
19903,0,2,Baltimore Orioles,Major League Baseball,Mullins,Cedric,The Entertainer,28,1,10,1994,206,The United States,74727,Snellville,1,175,174,2,2,8,1192,1462,11,3,372,483,395,422,416,326,324,422,416,428,375,264,420,428,412,398,428,410,4,3,0,140,184,190,135,122,19,1,1,1,1,1,1,15,30,10,1,33,59,10,4,6,17,16,16,0,0,154,134,80,0,0,0,0,0,0,0,200,0,0,1,550,.234,27,2,17,59,114,4,0,0,0,0,0,0,0,0,0,0,0,0,0,0,0,0,0,0,0,0,0,110,102,80,72,100,100,1,1.0250,1,3,0,0,0,0,0,0,0,0,0,0,0,1,0,0,0,0,0,0,0,0,0,0,0,0,272,mullice01,mullice01,mullin000ced,,0,10,eol
19241,0,2,Baltimore Orioles,Major League Baseball,Beavers,Dylan,,12,11,8,2001,206,The United States,70322,San Luis Obispo,4,196,205,2,1,7,0,0,3,0,354,449,392,542,306,404,366,459,406,550,319,410,333,413,392,505,332,338,0,2,2,121,115,115,95,118,10,1,1,1,1,1,1,15,30,10,1,19,58,14,3,1,8,10,4,0,0,89,93,113,0,0,0,0,0,0,200,0,200,0,1,550,.245,26,7,15,128,143,0,0,0,0,0,0,0,0,0,0,0,0,0,0,0,0,0,0,0,0,0,0,73,119,72,79,32,113,1,.9302,1,3,0,0,0,0,0,0,0,0,0,0,0,1,0,0,0,0,0,0,0,0,0,0,0,0,281,beavedy01,beavedy01,beaver000dyl,,0,14,eol
19280,0,2,Baltimore Orioles,Major League Baseball,Mateo,Jorge,,3,23,6,1995,56,Dominican Republic,71432,Santo Domingo,1,185,201,1,1,8,740,740,8,0,321,546,315,258,329,317,340,515,311,302,337,346,357,487,352,314,360,357,1,1,1,166,250,218,160,114,10,323,248,325,249,129,12,15,30,10,34,33,35,15,3,105,100,60,112,0,0,140,100,118,0,0,0,200,0,0,0,200,0,0,1,550,.224,36,4,8,28,136,1,0,0,0,0,0,0,0,0,0,0,0,0,0,0,0,0,0,0,0,0,0,40,75,125,169,106,85,225,1.0009,3,178,0,0,0,0,0,178,0,0,0,0,0,3,0,0,0,0,0,3,0,0,0,0,0,0,388,mateojo01,mateojo01,mateo-000jor,,0,15,eol
19771,0,2,Baltimore Orioles,Major League Baseball,Cano,Yennier,,78,9,3,1994,49,Cuba,31031,Havana,1,193,245,1,1,12,507,590,7,0,95,189,50,236,94,90,92,186,48,232,88,89,92,187,48,233,90,89,5,0,0,10,9,11,10,8,79,324,349,359,350,389,395,6,3,2,31,90,69,9,3,50,36,42,42,0,0,20,3,17,200,0,0,0,0,0,0,0,0,0,1,550,.270,0,0,13,57,110,6,0,0,0,0,0,0,0,0,0,0,0,0,0,0,0,0,0,0,0,0,0,113,46,112,106,74,76,402,1.1896,405,425,391,0,0,0,205,345,0,0,0,0,0,428,395,0,0,0,207,348,0,0,0,0,0,0,339,canoye01,canoye01,cano--000yun,,0,9,eol
20247,0,2,Baltimore Orioles,Major League Baseball,Holliday,Jackson,,7,4,12,2003,206,The United States,76267,Stillwater,4,183,185,2,1,4,172,197,3,0,386,387,319,348,345,419,379,325,379,411,403,359,372,340,364,401,379,370,4,2,1,135,146,143,119,8,3,1,1,1,1,1,1,15,30,10,1,29,55,11,3,104,95,59,109,0,0,3,1,12,0,0,0,200,0,0,0,0,0,0,1,550,.249,19,4,12,50,113,4,0,0,0,0,0,0,0,0,0,0,0,0,0,0,0,0,0,0,0,0,0,123,114,87,125,104,45,1,.9302,1,3,0,0,0,0,0,0,0,0,0,0,0,1,0,0,0,0,0,0,0,0,0,0,0,0,274,hollija01,hollija01,hollid000jac,,0,11,eol
20610,0,2,Baltimore Orioles,Major League Baseball,Strowd,Kade,,57,17,9,1997,206,The United States,25145,Fort Worth,4,188,201,1,1,12,0,0,4,0,93,188,48,234,91,89,92,186,48,233,90,89,92,187,48,233,90,89,5,0,0,9,6,11,10,6,115,519,269,528,275,525,274,6,6,1,35,109,55,12,3,51,40,44,43,0,0,14,1,14,200,0,0,0,0,0,0,0,0,0,1,550,.244,0,0,4,79,114,6,0,0,0,0,0,0,0,0,0,0,0,0,0,0,0,0,0,0,0,0,0,200,106,110,115,61,120,409,1.0067,413,0,334,377,413,198,283,0,0,0,0,0,0,0,336,379,415,199,285,0,0,0,0,0,0,0,400,strowka01,strowka01,strowd000kad,,0,12,eol
21091,0,2,Baltimore Orioles,Major League Baseball,Bowman,Matt,,51,31,5,1991,206,The United States,13114,Chevy Chase,4,183,185,1,1,12,910,1151,9,1,92,187,48,235,90,89,92,187,48,232,90,89,89,187,48,231,92,79,5,0,0,10,9,11,10,9,114,368,408,379,431,469,396,10,3,0,37,115,45,9,3,51,40,44,43,0,0,5,1,13,200,0,0,0,0,0,0,0,0,0,1,550,.277,0,0,17,40,79,10,0,0,0,0,0,0,0,0,0,0,0,0,0,0,0,0,0,0,0,0,0,92,96,124,118,86,129,285,1.1702,337,266,189,0,0,189,151,227,0,0,0,0,0,323,229,0,0,229,171,287,0,0,0,0,0,0,404,bowmama01,bowmama01,bowman002mat,,0,9,eol
19417,0,2,Baltimore Orioles,Major League Baseball,Bradish,Kyle,,38,12,9,1996,206,The United States,63646,Peoria,4,193,220,1,1,11,374,552,6,1,95,189,49,240,94,91,92,186,47,230,89,88,92,187,48,233,90,89,5,1,1,31,10,11,53,6,9,449,363,464,380,421,389,7,3,0,138,166,50,11,4,51,40,44,42,0,0,4,16,7,200,0,0,0,0,0,0,0,0,0,1,550,.215,0,0,9,51,167,7,0,0,0,0,0,0,0,0,0,0,0,0,0,0,0,0,0,0,0,0,0,71,106,113,106,125,187,508,.9806,427,0,430,483,0,483,366,0,0,0,0,0,0,0,362,409,0,444,310,0,0,0,0,0,0,0,417,bradiky01,bradiky01,bradis000kyl,,0,11,eol
19426,0,2,Baltimore Orioles,Major League Baseball,Cowser,Colton,,17,20,3,2000,206,The United States,32688,Houston,4,188,220,2,1,7,282,282,4,0,298,470,430,342,230,340,334,436,431,407,267,391,332,438,425,417,275,382,7,2,0,111,130,176,116,9,11,1,1,1,1,1,1,15,30,10,1,37,56,12,4,5,9,19,11,0,0,100,93,113,0,0,0,0,0,0,200,200,0,0,1,550,.233,27,2,21,48,164,7,0,0,0,0,0,0,0,0,0,0,0,0,0,0,0,0,0,0,0,0,0,106,196,47,92,92,95,1,.9756,1,3,0,0,0,0,0,0,0,0,0,0,0,1,0,0,0,0,0,0,0,0,0,0,0,0,276,cowseco01,cowseco01,cowser000col,,0,12,eol
19442,0,2,Baltimore Orioles,Major League Baseball,Henderson,Gunnar,,2,29,6,2001,206,The United States,72681,Selma,4,191,220,2,1,6,516,739,5,1,431,404,396,436,351,483,437,456,415,422,413,451,427,433,457,455,399,447,5,2,2,141,141,169,125,9,170,1,1,1,1,1,1,15,30,10,1,30,59,14,3,153,119,134,130,0,0,7,8,1,0,0,0,0,50,200,0,0,0,0,1,550,.291,31,7,17,58,107,5,0,0,0,0,0,0,0,0,0,0,0,0,0,0,0,0,0,0,0,0,0,97,75,77,119,113,100,1,.9302,1,3,0,0,0,0,0,0,0,0,0,0,0,1,0,0,0,0,0,0,0,0,0,0,0,0,280,hendegu01,hendegu01,hender000gun,,0,14,eol
19448,0,2,Baltimore Orioles,Major League Baseball,Jackson,Jeremiah,,82,26,3,2000,206,The United States,50908,Mobile,1,180,165,1,1,5,0,0,3,0,447,472,380,335,361,502,440,465,365,330,348,500,412,430,369,342,351,452,5,0,0,104,89,60,83,39,7,1,1,1,1,1,1,15,30,10,1,26,59,13,4,104,91,133,71,0,0,104,100,128,0,0,0,0,200,0,0,0,200,0,1,550,.291,33,9,12,36,129,5,0,0,0,0,0,0,0,0,0,0,0,0,0,0,0,0,0,0,0,0,0,66,183,94,182,79,101,1,.9756,1,3,0,0,0,0,0,0,0,0,0,0,0,1,0,0,0,0,0,0,0,0,0,0,0,0,277,jacksje02,jacksje02,jackso009jer,,0,13,eol
19452,0,2,Baltimore Orioles,Major League Baseball,Kittredge,Andrew,,39,17,3,1990,206,The United States,75641,Spokane,4,185,229,1,1,12,1339,1402,10,0,95,189,49,239,93,91,92,186,47,231,89,89,92,187,48,232,89,88,5,0,0,9,8,11,10,15,51,336,472,367,456,367,466,1,2,0,33,106,54,12,3,50,37,43,42,0,0,5,9,13,200,0,0,0,0,0,0,0,0,0,1,550,.242,0,0,16,32,128,1,0,0,0,0,0,0,0,0,0,0,0,0,0,0,0,0,0,0,0,0,0,3,126,50,104,95,125,437,.9405,425,0,218,0,0,447,364,0,0,0,0,0,0,0,210,0,0,433,352,0,0,0,0,0,0,0,423,kittran01,kittran01,kittre001and,,0,12,eol
19465,0,2,Baltimore Orioles,Major League Baseball,Rutschman,Adley,Clutchman,35,6,2,1998,206,The United States,73495,Sherwood,4,188,229,3,1,2,452,646,5,2,382,425,392,393,438,314,370,368,370,445,455,246,426,342,393,460,457,392,1,2,2,66,6,31,73,7,10,1,1,1,1,1,1,15,30,10,1,42,58,12,3,9,8,5,9,143,106,20,9,9,0,200,0,0,0,0,0,0,0,0,1,550,.241,24,3,13,61,79,1,0,0,0,0,0,0,0,0,0,0,0,0,0,0,0,0,0,0,0,0,0,25,130,82,177,77,118,1,.9302,1,3,0,0,0,0,0,0,0,0,0,0,0,1,0,0,0,0,0,0,0,0,0,0,0,0,279,rutscad01,rutscad01,rutsch000adl,,107,12,eol
19820,0,2,Baltimore Orioles,Major League Baseball,Suarez,Albert,Chiguire,49,8,10,1989,210,Venezuela,69935,San Felipe,5,191,234,1,1,11,359,673,4,3,93,188,48,233,91,89,92,187,48,232,90,88,111,322,49,214,95,127,5,0,0,21,7,11,34,7,51,442,402,468,432,433,400,5,6,1,124,112,38,10,3,51,42,45,43,0,0,1,7,4,200,0,0,0,0,0,0,0,0,0,1,550,.266,0,0,12,41,92,5,0,0,0,0,0,0,0,0,0,0,0,0,0,0,0,0,0,0,0,0,0,100,103,85,74,64,86,329,1.0778,322,183,254,313,313,0,0,0,0,0,313,313,0,178,244,305,305,0,0,0,0,0,305,305,0,0,400,suareal01,suareal01,suarez001alb,,0,10,eol
19843,0,2,Baltimore Orioles,Major League Baseball,Vavra,Terrin,,54,12,5,1997,206,The United States,49649,Menomonie,4,178,185,2,1,4,173,401,5,2,171,280,312,305,239,73,180,290,325,311,259,78,393,237,280,424,400,390,5,1,1,35,9,21,56,114,11,1,1,1,1,1,1,15,30,10,1,30,58,12,4,110,115,64,121,0,0,15,10,14,0,0,0,200,0,0,0,0,0,0,1,550,.146,10,0,9,31,165,5,0,0,0,0,0,0,0,0,0,0,0,0,0,0,0,0,0,0,0,0,0,72,143,124,82,112,78,1,.9756,1,3,0,0,0,0,0,0,0,0,0,0,0,1,0,0,0,0,0,0,0,0,0,0,0,0,276,vavrate01,vavrate01,vavra-000ter,,0,12,eol
19860,0,2,Baltimore Orioles,Major League Baseball,Hummel,Cooper,,16,28,11,1994,206,The United States,60505,Portland,4,178,198,3,1,7,388,388,4,0,247,116,414,423,312,185,230,85,366,470,312,155,226,454,321,466,281,186,8,2,2,93,43,172,79,120,12,341,322,335,319,143,35,15,30,10,34,41,33,16,4,17,14,8,7,0,0,89,93,113,0,0,0,0,0,0,200,0,0,0,1,550,.188,4,0,13,70,145,8,0,0,0,0,0,0,0,0,0,0,0,0,0,0,0,0,0,0,0,0,0,92,90,82,122,75,26,226,.9991,3,212,0,0,0,0,0,0,0,0,162,0,0,4,0,0,0,0,0,0,0,0,2,0,0,0,391,hummeco01,hummeco01,hummel000coo,,0,16,eol
19879,0,2,Baltimore Orioles,Major League Baseball,Allen,Greg,,25,15,3,1993,206,The United States,69896,San Diego,1,178,187,3,1,8,1040,1386,9,3,165,230,326,233,212,103,200,303,264,265,265,152,383,389,258,319,387,383,4,0,0,123,135,138,111,151,18,1,1,1,1,1,1,15,30,10,1,6,58,12,3,9,5,18,20,0,0,142,109,118,0,0,0,0,0,0,45,200,0,0,1,550,.165,11,1,7,24,165,4,0,0,0,0,0,0,0,0,0,0,0,0,0,0,0,0,0,0,0,0,0,91,198,77,104,80,93,1,.9302,1,3,0,0,0,0,0,0,0,0,0,0,0,1,0,0,0,0,0,0,0,0,0,0,0,0,276,allengr01,allengr01,allen-002gre,,0,12,eol
19941,0,2,Baltimore Orioles,Major League Baseball,Morton,Charlie,Ground Chuck,50,12,11,1983,206,The United States,25755,Flemington,4,196,216,1,1,12,2902,2961,18,0,95,190,51,240,95,90,91,187,47,230,88,88,91,304,59,43,96,80,5,0,0,27,7,11,45,10,99,354,277,322,343,408,361,12,2,2,138,110,54,11,3,44,20,35,41,0,0,6,5,13,200,0,0,0,0,0,0,0,0,0,1,550,.272,0,0,17,65,121,12,0,0,0,0,0,0,0,0,0,0,0,0,0,0,0,0,0,0,0,0,0,124,172,200,124,117,87,424,.6660,428,0,388,0,423,0,343,0,0,0,0,204,0,0,391,0,425,0,345,0,0,0,0,205,0,0,328,mortoch02,mortoch02,morton001cha,,0,11,eol
20004,0,2,Baltimore Orioles,Major League Baseball,Ragsdale,Carson,,83,25,5,1998,206,The United States,86205,Wesley Chapel,4,203,236,1,1,12,0,0,3,0,94,188,49,234,92,90,92,187,48,233,90,89,92,187,48,233,90,89,5,0,0,10,10,11,10,6,58,440,395,438,394,405,318,6,6,5,48,109,30,16,3,51,43,46,44,0,0,10,20,10,200,0,0,0,0,0,0,0,0,0,1,550,.276,0,0,17,46,85,6,0,0,0,0,0,0,0,0,0,0,0,0,0,0,0,0,0,0,0,0,0,111,110,99,101,123,101,300,.9933,264,228,0,0,286,0,0,0,0,0,0,0,0,210,0,0,258,0,0,0,0,0,0,0,0,0,400,ragsdca01,ragsdca01,ragsda000car,,0,16,eol
20045,0,2,Baltimore Orioles,Major League Baseball,Adams,Jordyn,,80,18,10,1999,206,The United States,17663,Cary,1,183,181,1,1,8,184,328,6,2,188,168,336,328,271,101,180,164,323,318,252,96,286,234,331,321,319,245,3,0,0,87,46,139,82,53,3,1,1,1,1,1,1,15,30,10,1,16,59,13,4,11,17,15,11,0,0,142,113,118,0,0,0,0,0,0,0,200,62,0,1,550,.153,6,0,9,34,164,3,0,0,0,0,0,0,0,0,0,0,0,0,0,0,0,0,0,0,0,0,0,60,103,52,49,2,80,1,.9756,1,3,0,0,0,0,0,0,0,0,0,0,0,1,0,0,0,0,0,0,0,0,0,0,0,0,278,adamsjo03,adamsjo03,adams-002jor,,0,13,eol
20822,0,2,Baltimore Orioles,Major League Baseball,Perez,Cionel,,58,21,4,1996,49,Cuba,48818,Matanzas,5,183,174,2,2,12,1080,1151,10,2,89,183,46,230,85,87,94,188,49,234,92,89,89,187,48,232,93,80,5,0,0,10,10,11,10,6,89,503,249,461,237,477,281,12,6,3,32,113,61,9,3,51,41,45,43,0,0,16,5,11,200,0,0,0,0,0,0,0,0,0,1,550,.267,0,0,6,89,99,12,0,0,0,0,0,0,0,0,0,0,0,0,0,0,0,0,0,0,0,0,0,80,118,192,106,98,103,359,1.0678,372,404,326,0,0,0,192,0,0,0,0,0,0,415,336,0,0,0,199,0,0,0,0,0,0,0,348,perezci01,perezci01,perez-000cio,,0,9,eol
20864,0,2,Baltimore Orioles,Major League Baseball,Carlson,Dylan,,15,23,10,1998,206,The United States,23398,Elk Grove,4,188,205,3,2,7,788,924,7,3,312,407,352,440,384,216,326,361,316,394,368,279,424,454,360,416,395,446,6,2,2,101,117,119,89,9,20,1,1,1,1,1,1,15,30,10,1,14,57,11,4,19,6,16,19,0,0,92,170,126,0,0,0,0,0,0,200,200,200,0,1,550,.215,21,2,9,52,121,6,0,0,0,0,0,0,0,0,0,0,0,0,0,0,0,0,0,0,0,0,0,108,85,48,87,114,164,1,1.0250,1,3,0,0,0,0,0,0,0,0,0,0,0,1,0,0,0,0,0,0,0,0,0,0,0,0,273,carlsdy01,carlsdy01,carlso000dyl,,0,11,eol
19008,0,2,Baltimore Orioles,Major League Baseball,Gibson,Kyle,Gibby,48,23,10,1987,206,The United States,29735,Greenfield,4,198,216,1,1,12,1912,1912,15,0,95,189,50,239,94,91,92,187,48,231,89,89,113,123,162,236,108,116,5,0,0,11,6,11,15,10,17,282,322,309,370,389,380,3,5,1,145,114,52,9,3,52,61,53,47,0,0,17,8,17,200,0,0,0,0,0,0,0,0,0,1,550,.285,0,0,20,57,97,3,0,0,0,0,0,0,0,0,0,0,0,0,0,0,0,0,0,0,0,0,0,123,87,128,83,108,76,351,1.0639,346,306,306,306,306,306,306,0,0,0,0,0,0,298,298,298,298,298,298,0,0,0,0,0,0,0,347,gibsoky01,gibsoky01,gibson002kyl,,0,9,eol
18398,0,2,Baltimore Orioles,Major League Baseball,Banuelos,David,,91,1,10,1996,206,The United States,57383,Ontario,5,178,205,1,1,10,1,49,3,1,180,290,324,309,233,138,178,287,320,307,229,138,172,288,322,309,239,81,15,0,0,15,9,11,21,66,2,4,1,4,1,8,1,15,30,10,1,28,53,11,3,19,16,19,14,0,0,17,20,20,0,0,0,0,0,0,0,0,0,0,1,550,.163,11,0,9,31,173,15,0,0,0,0,0,0,0,0,0,0,0,0,0,0,0,0,0,0,0,0,0,184,37,112,85,95,60,1,.9302,1,3,0,0,0,0,0,0,0,0,0,0,0,1,0,0,0,0,0,0,0,0,0,0,0,0,272,banueda01,banueda01,banuel000dav,,0,11,eol
18595,0,2,Baltimore Orioles,Major League Baseball,Rivera,Emmanuel,,26,29,6,1996,151,Puerto Rico,49061,Mayagüez,5,188,225,1,1,5,568,568,8,0,394,301,209,399,404,386,417,303,211,346,414,419,410,357,323,374,410,410,6,2,2,109,27,170,110,66,5,291,289,320,304,323,316,12,1,0,34,19,40,11,3,104,91,133,71,0,0,4,16,6,0,0,116,0,200,0,0,0,0,0,1,550,.256,18,3,4,41,102,6,0,0,0,0,0,0,0,0,0,0,0,0,0,0,0,0,0,0,0,0,0,122,117,83,99,123,65,191,.9972,208,177,155,0,0,0,0,0,0,0,0,0,0,202,160,0,0,0,0,0,0,0,0,0,0,0,386,riverem01,riverem01,rivera000emm,,0,11,eol
19400,0,2,Baltimore Orioles,Major League Baseball,Basallo,Samuel,,29,13,8,2004,56,Dominican Republic,71432,Santo Domingo,1,193,179,2,1,2,0,0,1,0,264,548,399,298,360,137,279,550,407,308,374,145,268,470,392,332,362,143,12,2,2,16,9,11,55,61,19,4,1,4,1,8,1,15,30,10,1,43,53,12,3,59,56,58,59,74,99,6,9,10,0,200,200,0,0,0,0,0,0,0,1,550,.195,36,0,16,31,121,12,0,0,0,0,0,0,0,0,0,0,0,0,0,0,0,0,0,0,0,0,0,198,124,39,176,65,40,1,.9302,1,3,0,0,0,0,0,0,0,0,0,0,0,1,0,0,0,0,0,0,0,0,0,0,0,0,276,basalsa01,basalsa01,basall000sam,,104,12,eol
19408,0,2,Baltimore Orioles,Major League Baseball,Bautista,Felix,,74,20,6,1995,56,Dominican Republic,71432,Santo Domingo,1,203,284,1,1,13,260,349,6,2,95,190,51,238,95,91,92,186,47,231,89,88,92,187,48,233,90,89,5,0,0,12,9,11,15,12,37,424,181,425,192,422,297,1,5,0,34,109,53,15,3,51,39,44,42,0,0,8,4,4,200,0,0,0,0,0,0,0,0,0,1,550,.215,0,0,11,107,181,1,0,0,0,0,0,0,0,0,0,0,0,0,0,0,0,0,0,0,0,0,0,73,51,116,100,120,112,522,.9822,534,467,0,467,0,0,353,418,0,0,0,0,0,452,0,497,0,0,342,407,0,0,0,0,0,0,400,bautife01,bautife01,bautis002fel,,0,15,eol
20043,0,2,Baltimore Orioles,Major League Baseball,Selby,Colin,,60,24,10,1997,206,The United States,19312,Chesapeake,4,188,220,1,1,12,200,413,3,2,95,189,50,229,95,91,92,186,47,234,89,88,92,187,48,233,90,89,5,0,0,27,10,11,44,13,81,368,459,390,466,355,330,4,4,1,42,109,60,12,3,51,42,45,43,0,0,17,17,14,200,0,0,0,0,0,0,0,0,0,1,550,.260,0,0,12,32,103,4,0,0,0,0,0,0,0,0,0,0,0,0,0,0,0,0,0,0,0,0,0,121,78,102,76,106,75,372,1.0032,418,348,282,319,0,0,169,0,0,0,0,0,0,419,340,385,0,0,202,0,0,0,0,0,0,0,400,selbyco01,selbyco01,selby-000col,,0,12,eol
20070,0,2,Baltimore Orioles,Major League Baseball,Young,Brandon,,63,19,8,1998,206,The United States,41367,Lumberton,4,198,209,1,1,11,0,0,4,0,94,188,50,236,92,90,92,186,48,231,90,89,92,187,48,233,90,89,5,2,2,10,7,11,11,10,9,277,364,285,377,310,358,1,1,0,129,109,53,10,3,50,36,42,42,0,0,1,20,17,200,0,0,0,0,0,0,0,0,0,1,550,.280,0,0,22,52,87,1,0,0,0,0,0,0,0,0,0,0,0,0,0,0,0,0,0,0,0,0,0,190,64,74,196,90,11,311,1.0620,327,174,296,328,235,0,0,0,0,0,0,0,0,186,317,354,260,0,0,0,0,0,0,0,0,0,400,youngbr01,youngbr01,young-004bra,,0,10,eol
20077,0,2,Baltimore Orioles,Major League Baseball,McDermott,Chayce,,59,22,8,1998,206,The United States,2932,Anderson,4,191,196,2,1,11,13,220,3,2,88,184,45,229,84,86,94,188,49,234,92,91,92,187,48,233,90,89,5,1,2,9,8,11,10,12,19,272,172,279,173,293,229,11,6,5,71,109,44,11,3,51,43,46,44,0,0,16,7,17,200,0,0,0,0,0,0,0,0,0,1,550,.291,0,0,27,112,81,11,0,0,0,0,0,0,0,0,0,0,0,0,0,0,0,0,0,0,0,0,0,75,123,123,120,76,106,289,1.0005,277,210,210,258,0,258,0,210,0,0,0,0,0,160,207,254,0,254,0,207,0,0,0,0,0,0,400,mcderch01,mcderch01,mcderm000cha,,0,11,eol
20084,0,2,Baltimore Orioles,Major League Baseball,Hiraldo,Yaramil,,76,31,12,1995,56,Dominican Republic,71389,Santiago,1,185,181,1,1,12,0,0,4,0,96,192,51,237,97,92,91,186,47,231,88,88,92,187,48,233,90,89,5,0,0,19,10,11,28,9,23,338,310,358,316,377,331,1,6,1,36,109,38,13,3,51,41,45,43,0,0,12,11,16,200,0,0,0,0,0,0,0,0,0,1,550,.263,0,0,23,66,121,1,0,0,0,0,0,0,0,0,0,0,0,0,0,0,0,0,0,0,0,0,0,43,123,92,182,107,113,423,1.0301,391,208,349,0,0,0,0,430,0,0,0,0,0,191,324,0,0,0,0,402,0,0,0,0,0,0,400,hiralya01,hiralya01,hirald000yar,,0,13,eol
19484,0,2,Baltimore Orioles,Major League Baseball,Sugano,Tomoyuki,,19,11,10,1989,98,Japan,67822,Sagamihara,2,185,198,1,1,11,0,0,3,0,96,191,51,238,96,93,91,186,47,231,88,88,92,187,48,233,90,89,5,0,0,24,7,11,39,15,23,302,467,328,479,321,475,7,3,1,141,109,44,8,3,50,35,42,41,0,0,18,9,3,200,0,0,0,0,0,0,0,0,0,1,550,.287,0,0,22,30,72,7,0,0,0,0,0,0,0,0,0,0,0,0,0,0,0,0,0,0,0,0,0,116,97,115,81,47,103,264,.9794,271,250,250,250,0,250,250,250,0,0,0,0,0,256,256,256,0,256,256,256,0,0,0,0,0,0,407,suganto01,suganto01,sugano001tom,,0,8,eol
20521,0,2,Baltimore Orioles,Major League Baseball,Dominguez,Seranthony,Sir Anthony,48,25,11,1994,56,Dominican Republic,24086,Esperanza,1,185,185,1,1,12,1028,1128,10,1,93,187,49,235,91,89,92,187,48,233,90,89,91,187,48,256,88,87,5,0,0,10,10,11,10,12,109,404,301,435,279,431,318,5,6,1,32,92,42,14,3,50,36,42,41,0,0,20,9,19,200,0,0,0,0,0,0,0,0,0,1,550,.234,0,0,14,73,145,5,0,0,0,0,0,0,0,0,0,0,0,0,0,0,0,0,0,0,0,0,0,126,82,111,92,12,92,471,1.2265,459,215,359,0,441,0,407,0,0,0,0,0,0,209,352,0,433,0,400,0,0,0,0,0,0,0,415,dominse01,dominse01,doming000ser,,0,14,eol
20849,0,2,Baltimore Orioles,Major League Baseball,Kjerstad,Heston,,13,12,2,1999,206,The United States,2539,Amarillo,4,191,205,2,1,7,237,534,4,2,313,377,357,267,335,292,322,387,372,284,348,300,340,345,402,330,338,345,13,3,2,126,29,170,78,25,9,1,1,1,1,1,1,15,30,10,1,15,58,13,3,13,9,13,16,0,0,89,93,113,0,0,0,0,0,0,200,0,200,0,1,550,.222,17,7,12,27,132,13,0,0,0,0,0,0,0,0,0,0,0,0,0,0,0,0,0,0,0,0,0,194,44,111,94,113,165,1,.9302,1,3,0,0,0,0,0,0,0,0,0,0,0,1,0,0,0,0,0,0,0,0,0,0,0,0,279,kjershe01,kjershe01,kjerst000hes,,0,13,eol
20694,0,2,Baltimore Orioles,Major League Baseball,Rogers,Trevor,,28,13,11,1997,206,The United States,17468,Carlsbad,4,196,216,2,2,11,778,1115,8,3,85,184,46,225,82,82,89,188,49,232,87,85,92,148,50,221,89,88,5,1,1,23,6,11,38,42,47,504,348,451,397,448,372,3,1,1,148,110,50,8,3,50,35,42,41,0,0,9,6,20,200,0,0,0,0,0,0,0,0,0,1,550,.256,0,0,8,48,102,3,0,0,0,0,0,0,0,0,0,0,0,0,0,0,0,0,0,0,0,0,0,118,12,82,103,184,105,371,.8109,405,313,414,0,367,0,414,0,0,0,0,0,0,317,419,0,373,0,456,0,0,0,0,0,0,0,398,rogertr01,rogertr01,rogers001tre,,0,8,eol
19876,0,2,Baltimore Orioles,Major League Baseball,O'Hearn,Ryan,BroHearn,32,26,7,1993,206,The United States,24713,Frisco,4,191,220,2,2,3,1204,1484,11,3,449,371,407,411,391,487,438,338,401,436,443,425,437,379,410,409,439,428,6,2,2,95,21,143,107,8,4,1,1,1,1,1,1,15,30,10,1,2,54,12,3,53,43,49,53,0,0,104,100,128,0,0,200,0,0,0,0,0,200,0,1,550,.289,25,2,15,60,91,6,0,0,0,0,0,0,0,0,0,0,0,0,0,0,0,0,0,0,0,0,0,78,107,124,84,125,78,1,1.0750,1,3,0,0,0,0,0,0,0,0,0,0,0,1,0,0,0,0,0,0,0,0,0,0,0,0,271,ohearry01,ohearry01,ohearn000rya,,0,12,eol
20244,0,2,Baltimore Orioles,Major League Baseball,Mayo,Coby,,16,10,12,2001,206,The United States,15008,Coral Springs,4,196,229,1,1,3,102,102,4,0,321,423,429,441,325,320,286,390,403,412,292,283,300,380,404,418,293,307,7,2,2,62,31,172,102,10,6,1,1,1,1,1,1,15,30,10,1,43,58,12,3,51,43,81,58,0,0,18,17,1,0,0,200,0,200,0,0,0,0,0,1,550,.219,24,0,16,56,148,7,0,0,0,0,0,0,0,0,0,0,0,0,0,0,0,0,0,0,0,0,0,140,143,118,119,103,120,1,.9302,1,3,0,0,0,0,0,0,0,0,0,0,0,1,0,0,0,0,0,0,0,0,0,0,0,0,281,mayoco01,mayoco01,mayo--000cob,,0,12,eol
20257,0,2,Baltimore Orioles,Major League Baseball,Wolfram,Grant,,86,12,12,1996,206,The United States,29499,Grand Rapids,4,201,240,2,2,12,0,0,1,0,89,184,46,229,86,87,94,188,49,234,92,90,92,187,48,233,90,89,5,2,2,18,6,11,29,14,10,490,314,478,310,482,300,5,6,0,40,109,51,13,3,51,40,44,43,0,0,15,9,1,200,0,0,0,0,0,0,0,0,0,1,550,.246,0,0,7,67,115,5,0,0,0,0,0,0,0,0,0,0,0,0,0,0,0,0,0,0,0,0,0,130,117,37,126,103,112,412,.9820,416,331,196,410,0,0,0,0,0,0,0,0,0,334,198,413,0,0,0,0,0,0,0,0,0,0,400,wolfrgr01,wolfrgr01,wolfra000gra,,0,13,eol
20264,0,2,Baltimore Orioles,Major League Baseball,Handley,Maverick,,98,10,3,1998,206,The United States,43340,Lakewood,4,175,209,1,1,2,0,0,4,0,200,291,305,343,301,91,190,279,289,330,281,87,160,214,269,305,221,54,7,2,2,26,6,11,44,178,18,1,1,1,1,1,1,15,30,10,1,8,58,11,3,5,16,9,1,74,99,4,18,13,0,200,0,0,0,0,0,0,0,0,1,550,.151,10,0,7,36,154,7,0,0,0,0,0,0,0,0,0,0,0,0,0,0,0,0,0,0,0,0,0,83,74,13,48,85,82,1,.9302,1,3,0,0,0,0,0,0,0,0,0,0,0,1,0,0,0,0,0,0,0,0,0,0,0,0,275,handlma01,handlma01,handle000mav,,104,11,eol
20818,0,2,Baltimore Orioles,Major League Baseball,O'Neill,Tyler,,9,22,6,1995,36,Canada,89962,Burnaby,4,180,201,1,1,9,1097,1349,9,2,310,420,509,484,300,321,275,424,445,427,301,256,417,411,476,398,290,497,7,3,2,92,41,172,94,6,14,1,1,1,1,1,1,15,30,10,1,15,58,14,3,14,20,8,20,0,0,98,76,146,0,0,0,0,0,0,200,0,200,0,1,550,.229,23,2,27,64,149,7,0,0,0,0,0,0,0,0,0,0,0,0,0,0,0,0,0,0,0,0,0,87,96,119,168,114,124,1,.9302,1,3,0,0,0,0,0,0,0,0,0,0,0,1,0,0,0,0,0,0,0,0,0,0,0,0,276,oneilty01,oneilty01,oneill000tyl,,0,14,eol
19296,0,2,Baltimore Orioles,Major League Baseball,Wells,Tyler,,68,26,8,1994,206,The United States,81568,Tulsa,4,203,258,1,1,11,536,536,7,0,95,189,50,238,95,91,92,186,47,231,89,88,92,187,48,233,90,89,5,0,0,9,7,11,10,11,29,390,426,381,414,372,436,1,1,0,143,112,38,11,3,51,41,45,43,0,0,19,11,17,200,0,0,0,0,0,0,0,0,0,1,550,.282,0,0,19,41,93,1,0,0,0,0,0,0,0,0,0,0,0,0,0,0,0,0,0,0,0,0,0,113,104,115,101,123,25,333,.8076,382,159,323,253,206,300,0,0,0,0,0,0,0,192,403,325,271,365,0,0,0,0,0,0,0,0,366,wellsty01,wellsty01,wells-002tyl,,0,11,eol
19312,0,2,Baltimore Orioles,Major League Baseball,Westburg,Jordan,,11,18,2,1999,206,The United States,55059,New Braunfels,4,188,209,1,1,4,274,274,5,0,365,423,425,294,381,354,415,370,437,290,413,416,417,443,413,312,405,427,8,2,2,109,88,119,89,31,7,1,1,1,1,1,1,15,30,10,1,22,58,13,3,104,91,133,78,0,0,11,5,14,0,0,0,200,200,0,0,0,0,0,1,550,.273,24,5,21,28,105,8,0,0,0,0,0,0,0,0,0,0,0,0,0,0,0,0,0,0,0,0,0,94,94,82,90,54,88,1,.9302,1,3,0,0,0,0,0,0,0,0,0,0,0,1,0,0,0,0,0,0,0,0,0,0,0,0,279,westbjo01,westbjo01,westbu000jor,,0,13,eol
19740,0,2,Baltimore Orioles,Major League Baseball,Baker,Bryan,,43,2,12,1994,206,The United States,34379,Immokalee,4,198,236,1,1,12,688,878,8,1,94,187,49,235,91,90,92,187,48,232,89,89,92,187,48,233,90,89,5,0,0,10,9,11,10,9,113,340,424,334,442,427,368,1,4,0,34,105,44,15,4,50,35,42,41,0,0,2,20,16,200,0,0,0,0,0,0,0,0,0,1,550,.250,0,0,21,38,137,1,0,0,0,0,0,0,0,0,0,0,0,0,0,0,0,0,0,0,0,0,0,63,71,101,121,96,117,454,1.0185,449,317,373,419,419,0,0,0,0,0,0,0,0,301,348,428,395,0,0,0,0,0,0,0,0,0,407,bakerbr01,bakerbr01,baker-000bry,,0,15,eol
20099,0,2,Baltimore Orioles,Major League Baseball,Contreras,Roansy,,59,7,11,1999,56,Dominican Republic,88232,Yamasa,1,185,205,1,1,12,529,561,6,1,95,188,50,235,94,91,92,186,48,233,89,89,92,187,48,233,90,89,5,0,0,10,10,11,10,7,96,315,396,319,396,363,335,9,5,0,41,98,48,9,4,51,42,45,43,0,0,9,13,19,200,0,0,0,0,0,0,0,0,0,1,550,.279,0,0,21,46,84,9,0,0,0,0,0,0,0,0,0,0,0,0,0,0,0,0,0,0,0,0,0,76,94,75,79,96,99,297,1.0968,344,255,255,255,255,255,255,0,0,0,0,0,0,296,296,296,296,296,296,0,0,0,0,0,0,0,404,contrro01,contrro01,contre000roa,,0,9,eol
// Boston Red Sox, ID = 3
19089,0,3,Boston Red Sox,Major League Baseball,Wilson,Justin,J Willy,32,18,8,1987,206,The United States,2845,Anaheim,4,188,205,2,2,12,2045,2130,15,0,90,184,46,229,86,88,94,188,49,235,92,90,86,187,48,227,82,84,5,1,1,29,9,11,48,14,94,430,402,431,392,455,320,6,6,1,29,99,45,11,3,50,37,43,42,0,0,7,13,9,200,0,0,0,0,0,0,0,0,0,1,550,.257,0,0,12,46,128,6,0,0,0,0,0,0,0,0,0,0,0,0,0,0,0,0,0,0,0,0,0,101,95,88,109,119,114,437,1.0316,452,316,417,417,0,371,0,0,0,0,0,0,0,308,406,440,0,358,0,0,0,0,0,0,0,0,352,wilsoju10,wilsoju10,wilson002jus,,0,11,eol
19361,0,3,Boston Red Sox,Major League Baseball,Crochet,Garrett,,35,21,6,1999,206,The United States,56721,Ocean Springs,4,198,245,2,2,11,676,807,8,1,87,182,44,227,82,86,94,189,49,236,92,91,92,187,48,233,90,89,5,0,0,9,7,11,10,15,68,436,479,359,451,408,432,3,4,2,149,99,51,13,3,50,35,42,41,0,0,6,11,13,200,0,0,0,0,0,0,0,0,0,1,550,.240,0,0,14,33,149,3,0,0,0,0,0,0,0,0,0,0,0,0,0,0,0,0,0,0,0,0,0,126,123,167,162,50,119,479,1.0535,477,232,386,0,431,326,471,0,0,0,0,0,0,232,385,0,430,326,470,0,0,0,0,0,0,0,384,crochga01,crochga01,croche000gar,,0,13,eol
20468,0,3,Boston Red Sox,Major League Baseball,Gonzalez,Romy,,23,6,9,1996,206,The United States,31718,Hialeah,4,183,216,1,1,4,631,775,5,1,458,488,392,303,369,511,480,425,356,303,385,533,443,445,357,273,346,504,4,2,2,134,156,143,131,6,13,1,1,1,1,1,6,15,30,10,1,7,64,13,4,67,43,81,70,0,0,16,20,12,0,0,200,200,200,200,0,0,0,0,1,550,.316,37,6,12,30,117,4,0,0,0,0,0,0,0,0,0,0,0,0,0,0,0,0,0,0,0,0,0,190,11,192,71,128,12,1,.9756,1,3,0,0,0,0,0,0,0,0,0,0,0,1,0,0,0,0,0,0,0,0,0,0,0,0,281,gonzaro01,gonzaro01,gonzal002rom,,0,13,eol
20475,0,3,Boston Red Sox,Major League Baseball,Sabol,Blake,,18,7,1,1998,206,The United States,1644,Aliso Viejo,4,193,225,2,1,2,182,466,5,3,326,379,306,364,320,335,336,386,315,381,332,343,389,309,402,378,271,463,6,1,1,83,44,115,87,106,16,1,1,1,1,1,1,15,30,10,1,29,54,10,4,2,8,16,4,89,103,9,10,20,0,200,0,0,0,0,0,0,0,0,1,550,.223,23,2,8,45,138,6,0,0,0,0,0,0,0,0,0,0,0,0,0,0,0,0,0,0,0,0,0,179,18,170,111,90,13,1,.9756,1,3,0,0,0,0,0,0,0,0,0,0,0,1,0,0,0,0,0,0,0,0,0,0,0,0,275,sabolbl01,sabolbl01,sabol-000bla,,102,10,eol
20507,0,3,Boston Red Sox,Major League Baseball,Guerrero,Luis,,99,5,8,2000,56,Dominican Republic,6729,Baní,1,183,214,1,1,12,33,33,3,0,95,188,50,239,94,90,91,186,47,231,88,88,92,187,48,233,90,89,5,0,0,26,8,11,44,9,77,597,176,618,180,620,223,1,1,0,40,109,45,12,3,51,42,45,43,0,0,15,6,1,200,0,0,0,0,0,0,0,0,0,1,550,.257,0,0,2,110,84,1,0,0,0,0,0,0,0,0,0,0,0,0,0,0,0,0,0,0,0,0,0,29,107,29,113,98,111,298,1.0043,325,196,154,0,0,0,0,280,0,0,0,0,0,227,170,0,0,0,0,320,0,0,0,0,0,0,400,guerrlu01,guerrlu01,guerre004lui,,0,12,eol
20254,0,3,Boston Red Sox,Major League Baseball,Anthony,Roman,,19,13,5,2004,206,The United States,56177,North Palm Beach,5,191,201,2,1,9,0,0,4,0,476,388,347,481,262,577,467,441,390,505,325,542,474,441,380,500,316,555,8,2,2,96,67,148,117,10,9,1,1,1,1,1,1,15,30,10,1,35,58,11,3,6,10,20,15,0,0,104,100,128,0,0,0,0,0,0,134,0,200,0,1,550,.314,38,3,13,85,144,8,0,0,0,0,0,0,0,0,0,0,0,0,0,0,0,0,0,0,0,0,0,193,129,33,99,130,189,1,.9302,1,3,0,0,0,0,0,0,0,0,0,0,0,1,0,0,0,0,0,0,0,0,0,0,0,0,279,anthoro01,anthoro01,anthon000rom,,0,11,eol
20712,0,3,Boston Red Sox,Major League Baseball,Hendriks,Liam,,31,10,2,1989,12,Australia,58379,Perth,4,183,236,1,1,12,2099,2375,17,3,95,188,50,236,93,91,92,187,47,232,89,88,90,187,48,232,90,84,5,0,0,25,6,11,42,14,114,439,278,452,284,474,452,11,1,0,33,99,30,13,3,51,42,45,43,0,0,10,12,19,200,0,0,0,0,0,0,0,0,0,1,550,.283,0,0,17,76,102,11,0,0,0,0,0,0,0,0,0,0,0,0,0,0,0,0,0,0,0,0,0,46,120,85,161,35,90,369,.9944,446,276,329,370,0,0,0,0,0,0,0,0,0,310,361,443,0,0,0,0,0,0,0,0,0,0,326,hendrli01,hendrli01,hendri001lia,,0,13,eol
20769,0,3,Boston Red Sox,Major League Baseball,Eaton,Nate,,40,22,12,1996,206,The United States,69896,San Diego,4,180,185,1,1,9,221,221,6,0,436,308,260,357,372,478,437,323,307,359,400,462,406,360,207,362,357,438,5,2,2,183,220,192,160,122,8,175,32,177,32,59,39,15,30,10,34,8,50,18,3,104,91,133,71,0,0,104,100,128,0,0,0,0,200,0,75,200,200,0,1,550,.280,20,4,8,41,112,5,0,0,0,0,0,0,0,0,0,0,0,0,0,0,0,0,0,0,0,0,0,79,114,124,72,118,108,2,.9816,25,3,0,1,0,0,0,0,0,0,0,0,0,25,0,15,0,0,0,0,0,0,0,0,0,0,330,eatonna01,eatonna01,eaton-000nat,,0,18,eol
20956,0,3,Boston Red Sox,Major League Baseball,Abreu,Wilyer,,52,24,6,1999,210,Venezuela,47987,Maracaibo,5,183,181,2,2,9,310,310,5,0,383,462,403,394,316,433,374,471,454,413,374,377,403,484,426,415,354,437,1,0,0,84,111,136,111,55,17,1,1,1,1,1,1,15,30,10,1,35,56,12,4,14,12,14,5,0,0,104,100,128,0,0,0,0,0,0,0,0,200,0,1,550,.261,33,1,23,53,126,1,0,0,0,0,0,0,0,0,0,0,0,0,0,0,0,0,0,0,0,0,0,99,55,197,74,191,112,1,1.0250,1,3,0,0,0,0,0,0,0,0,0,0,0,1,0,0,0,0,0,0,0,0,0,0,0,0,271,abreuwi02,abreuwi02,abreu-002wil,,0,12,eol
20295,0,3,Boston Red Sox,Major League Baseball,Stock,Robert,Cretch,78,21,11,1989,206,The United States,8366,Bellevue,4,185,214,2,1,12,521,861,7,3,87,184,45,222,84,85,94,188,49,236,92,90,88,187,48,230,91,78,5,0,0,10,10,11,10,12,106,343,197,354,201,502,272,6,6,5,42,109,33,12,4,51,44,46,44,0,0,15,20,16,200,0,0,0,0,0,0,0,0,0,1,550,.302,0,0,26,103,63,6,0,0,0,0,0,0,0,0,0,0,0,0,0,0,0,0,0,0,0,0,0,95,144,200,90,130,114,237,1.0088,406,172,232,202,0,0,0,0,0,0,0,0,0,310,409,361,0,0,0,0,0,0,0,0,0,0,390,stockro01,stockro01,stock-001rob,,0,12,eol
20472,0,3,Boston Red Sox,Major League Baseball,Story,Trevor,Trev,10,15,11,1992,206,The United States,33714,Irving,4,188,209,1,1,6,1548,1870,10,3,416,341,434,279,356,456,419,360,407,307,351,464,439,485,453,378,363,488,5,2,2,97,157,206,128,50,10,1,1,1,1,1,1,15,30,10,1,25,57,12,4,124,143,134,136,0,0,3,4,5,0,0,0,0,0,200,0,0,0,0,1,550,.279,27,0,17,30,129,5,0,0,0,0,0,0,0,0,0,0,0,0,0,0,0,0,0,0,0,0,0,90,122,79,75,130,88,1,.9756,1,3,0,0,0,0,0,0,0,0,0,0,0,1,0,0,0,0,0,0,0,0,0,0,0,0,277,storytr01,storytr01,story-000tre,,0,12,eol
20585,0,3,Boston Red Sox,Major League Baseball,Fitts,Richard,,80,17,12,1999,206,The United States,31317,Helena,4,191,229,1,1,11,53,179,5,2,92,188,48,234,89,90,92,187,48,233,90,89,92,187,48,233,90,89,5,0,0,12,6,11,17,13,78,323,367,337,386,373,362,8,4,3,121,109,43,7,3,50,38,43,42,0,0,13,9,7,200,0,0,0,0,0,0,0,0,0,1,550,.279,0,0,22,50,90,8,0,0,0,0,0,0,0,0,0,0,0,0,0,0,0,0,0,0,0,0,0,160,72,99,125,110,146,321,.9686,319,194,276,0,0,370,407,329,0,0,0,0,0,193,273,0,0,367,405,327,0,0,0,0,0,0,400,fittsri01,fittsri01,fitts-000ric,,0,7,eol
20794,0,3,Boston Red Sox,Major League Baseball,Buehler,Walker,Ferris,18,28,7,1994,206,The United States,45184,Lexington,4,188,185,1,1,11,1157,1459,8,3,94,188,48,233,91,90,92,187,47,233,90,89,194,274,251,340,145,251,5,0,0,9,8,11,10,10,49,317,309,309,332,400,416,11,1,0,133,98,49,11,3,50,35,42,41,0,0,11,19,17,200,0,0,0,0,0,0,0,0,0,1,550,.276,0,0,20,64,82,11,0,0,0,0,0,0,0,0,0,0,0,0,0,0,0,0,0,0,0,0,0,115,125,91,177,80,91,293,.8553,409,236,236,236,236,236,236,0,0,0,0,0,0,380,380,380,380,380,380,0,0,0,0,0,0,0,414,buehlwa01,buehlwa01,buehle000wal,,0,11,eol
20785,0,3,Boston Red Sox,Major League Baseball,Devers,Rafael,Carita,11,24,10,1996,56,Dominican Republic,71432,Santo Domingo,5,183,234,2,1,3,1376,1376,9,0,360,476,412,451,300,415,406,445,468,502,350,443,444,472,439,371,423,453,4,2,2,43,19,25,55,7,18,4,1,4,1,8,1,15,30,10,1,48,53,10,4,105,109,133,74,0,0,20,9,2,0,0,137,0,200,0,0,0,0,0,1,550,.275,33,2,25,81,134,4,0,0,0,0,0,0,0,0,0,0,0,0,0,0,0,0,0,0,0,0,0,122,113,61,176,180,84,1,.9756,1,3,0,0,0,0,0,0,0,0,0,0,0,1,0,0,0,0,0,0,0,0,0,0,0,0,273,deverra01,deverra01,devers000raf,,0,10,eol
20308,0,3,Boston Red Sox,Major League Baseball,Mayer,Marcelo,,39,12,12,2002,206,The United States,13641,Chula Vista,5,191,187,2,1,5,0,0,1,0,365,518,369,319,312,413,373,521,386,329,323,417,344,471,376,341,333,358,0,2,2,108,125,82,101,55,18,1,1,1,1,1,1,15,30,10,1,22,54,13,4,104,91,133,76,0,0,12,1,17,0,0,0,173,200,0,0,0,0,0,1,550,.247,36,6,13,35,141,0,0,0,0,0,0,0,0,0,0,0,0,0,0,0,0,0,0,0,0,0,0,133,96,11,102,20,118,1,.9756,1,3,0,0,0,0,0,0,0,0,0,0,0,1,0,0,0,0,0,0,0,0,0,0,0,0,275,mayerma01,mayerma01,mayer-000mar,,0,13,eol
19543,0,3,Boston Red Sox,Major League Baseball,Bernardino,Brennan,,83,15,1,1992,206,The United States,69896,San Diego,5,193,181,2,2,12,489,807,4,2,89,185,46,227,86,87,94,188,49,235,92,90,92,187,48,233,90,89,5,0,0,9,8,11,10,8,50,513,379,490,346,464,342,11,6,0,26,109,53,11,2,50,37,43,42,0,0,17,20,6,200,0,0,0,0,0,0,0,0,0,1,550,.255,0,0,6,56,107,11,0,0,0,0,0,0,0,0,0,0,0,0,0,0,0,0,0,0,0,0,0,16,103,47,114,87,149,391,.9449,419,303,351,0,0,400,0,0,0,0,0,0,0,305,355,0,0,436,0,0,0,0,0,0,0,0,377,bernabr01,bernabr01,bernar000bre,,0,11,eol
19880,0,3,Boston Red Sox,Major League Baseball,Refsnyder,Rob,Ref,30,26,3,1991,206,The United States,0,,2,183,201,1,1,9,1460,1509,10,2,466,447,461,477,394,509,422,431,412,423,336,479,420,389,346,446,384,444,5,1,1,75,46,148,116,8,4,1,1,1,1,1,1,15,30,10,1,13,56,12,4,12,13,18,5,0,0,104,100,190,0,0,0,0,0,0,200,0,200,0,1,550,.293,36,1,19,62,129,5,0,0,0,0,0,0,0,0,0,0,0,0,0,0,0,0,0,0,0,0,0,4,104,26,112,130,71,1,.9756,1,3,0,0,0,0,0,0,0,0,0,0,0,1,0,0,0,0,0,0,0,0,0,0,0,0,275,refsnro01,refsnro01,refsny000rob,,0,12,eol
20128,0,3,Boston Red Sox,Major League Baseball,Campbell,Isaiah,,48,15,8,1997,240,Azores,3060,Angra,4,193,225,1,1,12,187,408,5,2,95,189,50,235,93,91,92,187,47,233,89,89,92,187,48,233,90,89,5,0,0,9,8,11,10,13,106,211,422,254,437,299,381,11,6,0,35,109,72,11,3,51,43,46,44,0,0,8,19,10,200,0,0,0,0,0,0,0,0,0,1,550,.312,0,0,19,38,69,11,0,0,0,0,0,0,0,0,0,0,0,0,0,0,0,0,0,0,0,0,0,90,72,181,118,109,111,255,1.0416,382,0,261,0,0,118,201,0,0,0,0,0,0,0,402,0,0,191,324,0,0,0,0,0,0,0,300,campbis01,campbis01,campbe000isa,,0,11,eol
19427,0,3,Boston Red Sox,Major League Baseball,Narvaez,Carlos,,75,26,11,1998,210,Venezuela,47991,Maracay,5,180,190,1,1,2,142,266,4,2,409,497,410,434,373,434,376,458,403,398,365,391,386,473,403,409,365,407,1,0,1,22,24,21,61,114,17,1,1,1,1,1,1,15,30,10,1,24,55,10,3,1,13,3,12,74,99,7,19,4,0,200,0,0,0,0,0,0,0,0,1,550,.255,36,0,16,52,123,1,0,0,0,0,0,0,0,0,0,0,0,0,0,0,0,0,0,0,0,0,0,121,107,125,129,71,149,1,.9302,1,3,0,0,0,0,0,0,0,0,0,0,0,1,0,0,0,0,0,0,0,0,0,0,0,0,273,narvaca01,narvaca01,narvae002car,,145,10,eol
19437,0,3,Boston Red Sox,Major League Baseball,Rafaela,Ceddanne,,3,18,9,2000,231,Curaçao,87084,Willemstad,1,178,165,1,1,8,344,560,5,2,406,503,408,262,412,403,405,437,346,250,409,403,407,441,363,241,398,416,6,1,1,145,174,164,134,115,9,1,1,1,1,1,1,15,30,10,1,22,56,11,3,119,92,113,129,0,0,140,100,118,0,0,0,160,0,200,0,200,0,0,1,550,.261,30,6,12,23,103,6,0,0,0,0,0,0,0,0,0,0,0,0,0,0,0,0,0,0,0,0,0,32,125,111,90,129,108,1,.9302,1,3,0,0,0,0,0,0,0,0,0,0,0,1,0,0,0,0,0,0,0,0,0,0,0,0,273,rafaece01,rafaece01,rafael001ced,,0,11,eol
19443,0,3,Boston Red Sox,Major League Baseball,Slaten,Justin,,63,15,9,1997,206,The United States,41831,Longview,4,193,223,1,1,12,90,360,5,3,95,190,50,235,94,91,92,186,47,232,88,89,92,187,48,233,90,89,5,0,0,9,8,11,10,9,112,453,460,460,483,461,470,2,6,0,37,109,50,15,3,51,39,44,42,0,0,3,8,10,200,0,0,0,0,0,0,0,0,0,1,550,.257,0,0,9,30,101,2,0,0,0,0,0,0,0,0,0,0,0,0,0,0,0,0,0,0,0,0,0,180,134,74,93,115,93,365,.9165,391,281,225,319,0,169,0,0,0,0,0,0,0,303,241,335,0,177,0,0,0,0,0,0,0,0,400,slateju01,slateju01,slaten000jus,,0,15,eol
19449,0,3,Boston Red Sox,Major League Baseball,Weissert,Greg,,57,4,2,1995,206,The United States,7727,Bay Shore,4,188,216,1,1,12,516,788,4,3,94,188,49,233,91,90,92,186,48,233,90,89,92,187,48,233,90,89,5,2,2,20,7,11,31,15,44,435,400,461,427,434,397,4,3,0,33,109,45,11,3,50,35,42,41,0,0,8,17,17,200,0,0,0,0,0,0,0,0,0,1,550,.263,0,0,11,41,100,4,0,0,0,0,0,0,0,0,0,0,0,0,0,0,0,0,0,0,0,0,0,122,112,85,123,71,118,361,1.0250,382,307,180,0,375,0,0,0,0,0,0,0,0,325,192,0,403,0,0,0,0,0,0,0,0,0,385,weissgr01,weissgr01,weisse000gre,,0,11,eol
20503,0,3,Boston Red Sox,Major League Baseball,Winckowski,Josh,,25,28,6,1998,206,The United States,25182,Fort Myers,4,193,216,1,1,12,359,359,6,0,93,189,49,233,91,89,92,187,48,233,89,89,92,187,48,233,90,89,5,0,0,22,8,11,36,9,70,400,392,414,394,365,385,8,1,0,46,116,58,10,4,51,42,45,43,0,0,15,14,12,200,0,0,0,0,0,0,0,0,0,1,550,.278,0,0,11,46,85,8,0,0,0,0,0,0,0,0,0,0,0,0,0,0,0,0,0,0,0,0,0,86,180,91,181,113,93,304,.9050,315,269,217,0,269,217,217,0,0,0,0,0,0,283,226,0,283,226,226,0,0,0,0,0,0,0,356,winckjo01,winckjo01,wincko000jos,,0,10,eol
20567,0,3,Boston Red Sox,Major League Baseball,Dobbins,Hunter,,73,30,8,1999,206,The United States,12059,Bryan,4,188,185,1,1,11,0,0,2,0,95,190,50,236,94,92,91,186,47,232,88,88,92,187,48,233,90,89,5,0,0,10,10,11,10,13,77,420,436,426,433,376,382,5,1,1,137,109,53,10,3,50,36,42,41,0,0,17,3,10,200,0,0,0,0,0,0,0,0,0,1,550,.269,0,0,11,38,83,5,0,0,0,0,0,0,0,0,0,0,0,0,0,0,0,0,0,0,0,0,0,83,65,108,93,94,72,295,1.0472,317,161,209,257,0,0,0,303,0,0,0,0,0,174,236,298,0,0,0,330,0,0,0,0,0,0,400,dobbihu01,dobbihu01,dobbin000hun,,0,10,eol
20650,0,3,Boston Red Sox,Major League Baseball,Campbell,Kristian,,28,28,6,2002,206,The United States,48242,Marietta,1,191,209,1,1,4,0,0,3,0,360,406,381,502,367,357,367,346,339,441,315,414,366,364,350,456,329,405,7,0,0,58,49,133,99,12,20,1,1,1,1,1,1,15,30,10,1,9,57,13,3,104,95,59,109,0,0,140,103,118,0,0,0,200,0,0,0,200,0,0,1,550,.241,25,0,11,69,138,7,0,0,0,0,0,0,0,0,0,0,0,0,0,0,0,0,0,0,0,0,0,107,109,82,114,94,79,1,.9302,1,3,0,0,0,0,0,0,0,0,0,0,0,1,0,0,0,0,0,0,0,0,0,0,0,0,278,campbkr01,campbkr01,campbe000kri,,0,13,eol
18409,0,3,Boston Red Sox,Major League Baseball,Toro,Abraham,,29,20,12,1996,36,Canada,89961,Longueuil,5,183,223,3,1,3,952,1010,8,2,414,401,369,234,477,333,375,382,318,306,450,274,380,377,339,347,457,275,8,2,2,77,66,133,123,76,18,404,278,402,277,161,19,15,30,10,34,42,33,15,3,66,43,86,65,0,0,4,1,13,0,0,200,200,200,0,0,0,0,0,1,550,.246,27,0,10,29,75,8,0,0,0,0,0,0,0,0,0,0,0,0,0,0,0,0,0,0,0,0,0,84,96,157,165,180,107,230,.9995,3,191,0,191,0,0,0,0,0,0,0,0,0,3,0,3,0,0,0,0,0,0,0,0,0,0,394,toroab01,toroab01,toro-h000abr,,0,15,eol
19396,0,3,Boston Red Sox,Major League Baseball,Houck,Tanner,,89,29,6,1996,206,The United States,14468,Collinsville,4,196,227,1,1,11,733,733,7,0,96,192,51,240,97,92,91,186,46,231,88,88,92,187,48,232,89,88,5,2,2,32,8,11,55,11,43,346,364,382,427,435,397,12,3,0,155,112,62,13,2,51,38,43,42,0,0,1,2,16,200,0,0,0,0,0,0,0,0,0,1,550,.270,0,0,13,43,90,12,0,0,0,0,0,0,0,0,0,0,0,0,0,0,0,0,0,0,0,0,0,116,31,92,101,74,102,324,1.3212,394,195,154,0,0,309,195,236,0,0,0,0,0,269,191,0,0,401,269,323,0,0,0,0,0,0,388,houckta01,houckta01,houck-000tan,,0,13,eol
20180,0,3,Boston Red Sox,Major League Baseball,Murphy,Chris,,72,5,6,1998,206,The United States,41955,Los Angeles,4,185,174,2,2,12,58,242,2,2,88,183,45,222,84,86,94,188,49,237,93,89,92,187,48,233,90,89,5,0,0,9,7,11,10,12,81,363,241,351,254,386,326,12,4,1,46,109,60,9,3,51,39,44,42,0,0,10,1,14,200,0,0,0,0,0,0,0,0,0,1,550,.260,0,0,14,86,106,12,0,0,0,0,0,0,0,0,0,0,0,0,0,0,0,0,0,0,0,0,0,102,106,102,116,38,72,388,1.0406,396,195,408,370,329,277,0,0,0,0,0,0,0,197,412,375,333,281,0,0,0,0,0,0,0,0,400,murphch01,murphch01,murphy007chr,,0,9,eol
20565,0,3,Boston Red Sox,Major League Baseball,Chapman,Aroldis,The Missile,44,28,2,1988,49,Cuba,32267,Holguín,1,193,236,2,2,13,2576,2869,18,3,86,181,43,226,81,85,94,189,49,235,93,90,90,187,48,232,90,84,5,0,0,9,8,11,10,9,59,520,340,510,344,510,305,2,6,2,32,89,40,18,4,50,36,42,41,0,0,11,11,10,200,0,0,0,0,0,0,0,0,0,1,550,.202,0,0,7,59,178,2,0,0,0,0,0,0,0,0,0,0,0,0,0,0,0,0,0,0,0,0,0,78,200,122,120,112,133,519,1.0606,572,346,458,0,0,0,0,458,0,0,0,0,0,362,479,0,0,0,0,522,0,0,0,0,0,0,430,chapmar01,chapmar01,chapma001aro,,0,18,eol
20659,0,3,Boston Red Sox,Major League Baseball,Bregman,Alex,A-Breg,2,30,3,1994,206,The United States,1405,Albuquerque,4,183,190,1,1,5,1513,1786,11,2,402,372,408,439,475,305,418,429,421,399,466,358,422,479,454,524,477,354,7,3,2,36,26,23,75,8,17,1,1,1,1,1,1,15,30,10,1,46,57,14,4,118,129,145,87,0,0,19,8,18,0,0,0,0,200,0,0,0,0,0,1,550,.272,32,1,18,53,69,7,0,0,0,0,0,0,0,0,0,0,0,0,0,0,0,0,0,0,0,0,0,200,72,87,104,110,123,1,.9756,1,3,0,0,0,0,0,0,0,0,0,0,0,1,0,0,0,0,0,0,0,0,0,0,0,0,275,bregmal01,bregmal01,bregma001ale,,0,14,eol
20789,0,3,Boston Red Sox,Major League Baseball,Kelly,Zack,,76,3,3,1995,206,The United States,66567,Roanoke,4,191,205,1,1,12,414,623,5,1,94,187,49,236,91,91,92,187,47,233,89,89,92,187,48,233,90,89,5,0,0,26,6,11,45,8,11,375,359,389,374,370,324,9,4,1,35,109,51,12,4,51,39,44,42,0,0,1,20,7,200,0,0,0,0,0,0,0,0,0,1,550,.248,0,0,14,53,117,9,0,0,0,0,0,0,0,0,0,0,0,0,0,0,0,0,0,0,0,0,0,58,184,124,195,112,74,416,1.1095,410,198,334,0,413,376,0,0,0,0,0,0,0,195,330,0,409,372,0,0,0,0,0,0,0,0,416,kellyza01,kellyza01,kelly-001zac,,0,12,eol
19948,0,3,Boston Red Sox,Major League Baseball,Moran,Jovani,,47,24,4,1997,151,Puerto Rico,67616,Sabana Grande,5,185,168,2,2,12,349,532,6,2,89,184,45,230,86,87,94,188,49,234,92,90,92,187,48,233,90,89,5,0,0,10,9,11,10,13,97,406,269,379,256,566,254,6,6,5,49,109,43,15,3,51,43,46,44,0,0,3,5,6,200,0,0,0,0,0,0,0,0,0,1,550,.274,0,0,16,83,86,6,0,0,0,0,0,0,0,0,0,0,0,0,0,0,0,0,0,0,0,0,0,116,57,93,129,73,96,307,.9742,470,184,290,0,219,0,0,0,0,0,0,0,0,320,460,0,377,0,0,0,0,0,0,0,0,0,400,moranjo01,moranjo01,moran-000jov,,0,15,eol
18763,0,3,Boston Red Sox,Major League Baseball,Fulmer,Michael,The Plumber,49,15,3,1993,206,The United States,57035,Oklahoma City,4,191,223,1,1,12,1040,1179,11,1,96,191,52,244,96,93,91,185,47,230,88,88,80,187,49,221,89,61,5,0,0,10,10,11,10,53,51,267,350,298,352,379,398,1,1,0,47,112,62,11,3,51,43,46,44,0,0,4,17,9,200,0,0,0,0,0,0,0,0,0,1,550,.306,0,0,18,57,81,1,0,0,0,0,0,0,0,0,0,0,0,0,0,0,0,0,0,0,0,0,0,124,99,128,71,108,100,291,.9265,361,247,157,247,247,0,202,0,0,0,0,0,0,305,179,338,305,0,245,0,0,0,0,0,0,0,276,fulmemi01,fulmemi01,fulmer002mic,,0,11,eol
19079,0,3,Boston Red Sox,Major League Baseball,De Leon,Jose,Pulpito,78,7,8,1992,151,Puerto Rico,33700,Isabela,5,185,220,1,1,11,865,865,7,0,96,191,52,243,96,92,91,185,47,230,88,88,96,174,48,226,95,92,5,0,0,32,9,11,55,6,96,320,279,338,291,358,295,1,1,1,182,109,44,11,3,51,43,46,44,0,0,20,14,1,200,0,0,0,0,0,0,0,0,0,1,550,.280,0,0,21,74,86,1,0,0,0,0,0,0,0,0,0,0,0,0,0,0,0,0,0,0,0,0,0,5,185,109,151,31,146,308,1.0102,410,237,330,0,299,0,0,0,0,0,0,0,0,310,444,0,362,0,0,0,0,0,0,0,0,0,400,deleojo03,deleojo03,deleon008jos,,0,11,eol
18886,0,3,Boston Red Sox,Major League Baseball,Burdi,Nick,,68,19,1,1993,206,The United States,21432,Downers Grove,4,191,225,1,1,12,698,1039,7,2,93,187,48,235,91,89,92,187,48,232,89,89,92,187,48,233,90,89,5,0,0,32,8,11,55,6,32,437,272,450,277,462,218,12,6,1,33,109,42,12,3,51,43,46,44,0,0,12,2,12,200,0,0,0,0,0,0,0,0,0,1,550,.256,0,0,12,78,110,12,0,0,0,0,0,0,0,0,0,0,0,0,0,0,0,0,0,0,0,0,0,19,126,7,111,87,95,401,1.0103,500,284,335,0,414,0,0,0,0,0,0,0,0,338,402,0,490,0,0,0,0,0,0,0,0,0,400,burdini01,burdini01,burdi-000nic,,0,12,eol
19454,0,3,Boston Red Sox,Major League Baseball,Whitlock,Garrett,,22,11,6,1996,206,The United States,74727,Snellville,4,196,223,1,1,12,671,876,6,2,96,190,51,243,96,91,91,186,47,229,88,88,102,175,48,232,91,111,5,0,0,9,6,11,10,15,7,546,392,575,383,458,436,10,6,0,37,94,50,15,3,50,35,42,41,0,0,2,3,18,200,0,0,0,0,0,0,0,0,0,1,550,.235,0,0,3,48,146,10,0,0,0,0,0,0,0,0,0,0,0,0,0,0,0,0,0,0,0,0,0,157,105,120,89,135,113,472,1.0589,443,0,223,0,455,0,372,0,0,0,0,0,0,0,209,0,431,0,350,0,0,0,0,0,0,0,356,whitlga01,whitlga01,whitlo000gar,,0,15,eol
19463,0,3,Boston Red Sox,Major League Baseball,Wong,Connor,,12,19,5,1996,206,The United States,63363,Pearland,4,178,190,1,1,2,592,852,8,2,389,419,271,405,398,385,415,359,283,340,394,431,437,400,361,319,364,485,6,0,0,83,120,123,117,106,2,1,1,1,1,1,1,15,30,10,1,24,56,14,4,2,7,1,15,87,102,6,12,5,0,200,0,0,0,0,0,0,0,0,1,550,.258,29,0,7,41,112,6,0,0,0,0,0,0,0,0,0,0,0,0,0,0,0,0,0,0,0,0,0,50,198,83,172,135,73,1,.9756,1,3,0,0,0,0,0,0,0,0,0,0,0,1,0,0,0,0,0,0,0,0,0,0,0,0,273,wongco01,wongco01,wong--000con,,94,14,eol
19471,0,3,Boston Red Sox,Major League Baseball,Yoshida,Masataka,,7,15,7,1993,98,Japan,24595,Fukui,2,173,192,2,1,7,238,404,5,2,409,380,375,363,463,339,451,372,321,309,492,404,452,382,349,329,479,416,11,0,0,66,39,171,109,9,2,1,1,1,1,1,1,15,30,10,1,3,58,12,4,1,9,12,10,0,0,90,103,113,0,0,0,0,0,0,200,0,134,0,1,550,.279,30,0,10,34,58,11,0,0,0,0,0,0,0,0,0,0,0,0,0,0,0,0,0,0,0,0,0,99,179,77,194,127,130,1,.9756,1,3,0,0,0,0,0,0,0,0,0,0,0,1,0,0,0,0,0,0,0,0,0,0,0,0,274,yoshima02,yoshima02,yoshid002mas,,0,12,eol
19836,0,3,Boston Red Sox,Major League Baseball,Giolito,Lucas,Big Foot,54,14,7,1994,206,The United States,71222,Santa Monica,4,198,245,1,1,11,1334,1633,10,2,94,189,50,236,92,91,92,187,48,232,89,89,115,148,49,218,90,141,5,0,0,9,7,11,10,8,25,421,350,424,358,402,365,1,4,0,152,101,42,12,4,50,35,42,41,0,0,9,9,1,200,0,0,0,0,0,0,0,0,0,1,550,.262,0,0,14,56,94,1,0,0,0,0,0,0,0,0,0,0,0,0,0,0,0,0,0,0,0,0,0,83,118,83,114,107,80,337,.8143,421,159,253,299,253,0,323,0,0,0,0,0,0,236,330,392,330,0,436,0,0,0,0,0,0,0,412,giolilu01,giolilu01,giolit000luc,,0,12,eol
20001,0,3,Boston Red Sox,Major League Baseball,Criswell,Cooper,,64,24,7,1996,206,The United States,17605,Carrollton,4,198,201,1,1,11,536,799,8,3,95,191,51,241,95,91,92,186,47,230,88,89,92,187,48,233,90,89,5,0,0,9,6,11,10,7,86,392,400,398,419,384,405,7,2,0,98,109,53,9,3,51,42,45,43,0,0,1,3,2,200,0,0,0,0,0,0,0,0,0,1,550,.286,0,0,13,42,73,7,0,0,0,0,0,0,0,0,0,0,0,0,0,0,0,0,0,0,0,0,0,86,120,21,90,103,109,265,.8819,283,0,218,0,271,271,218,0,0,0,0,0,0,0,208,0,256,302,208,0,0,0,0,0,0,0,362,criswco01,criswco01,criswe000coo,,0,9,eol
19334,0,3,Boston Red Sox,Major League Baseball,Casas,Triston,,36,15,1,2000,206,The United States,63535,Pembroke Pines,5,193,245,2,1,3,379,379,5,0,255,306,447,410,276,242,316,358,418,432,334,302,361,369,444,494,339,387,5,3,2,24,14,11,78,22,16,1,1,1,1,1,1,15,30,10,1,43,54,14,3,54,43,51,58,0,0,10,8,2,0,0,200,0,0,0,0,0,0,0,1,550,.225,20,0,20,59,140,5,0,0,0,0,0,0,0,0,0,0,0,0,0,0,0,0,0,0,0,0,0,62,139,106,198,97,52,1,.9302,1,3,0,0,0,0,0,0,0,0,0,0,0,1,0,0,0,0,0,0,0,0,0,0,0,0,275,casastr01,casastr01,casas-000tri,,0,14,eol
19378,0,3,Boston Red Sox,Major League Baseball,Duran,Jarren,,16,5,9,1996,206,The United States,12257,Buena Park,4,188,201,2,1,7,688,987,8,3,431,540,319,343,347,485,433,539,379,407,400,456,448,531,374,387,401,479,7,0,0,161,160,164,126,50,10,4,1,4,1,8,1,15,30,10,1,8,53,9,3,9,8,1,17,0,0,100,71,151,0,0,0,0,0,0,200,200,0,0,1,550,.282,38,16,12,49,115,7,0,0,0,0,0,0,0,0,0,0,0,0,0,0,0,0,0,0,0,0,0,129,188,147,95,125,116,1,.9302,1,3,0,0,0,0,0,0,0,0,0,0,0,1,0,0,0,0,0,0,0,0,0,0,0,0,275,duranja01,duranja01,duran-000jar,,0,9,eol
20724,0,3,Boston Red Sox,Major League Baseball,Garcia,Jhostynxon,,51,11,12,2002,210,Venezuela,69953,San Fernando,5,183,163,1,1,7,0,0,3,0,160,503,313,406,190,123,155,501,304,396,181,119,167,410,315,360,210,121,4,0,0,14,9,11,18,65,17,1,1,1,1,1,1,15,30,10,1,9,55,12,3,13,13,20,10,0,0,105,115,129,0,0,0,0,0,0,72,0,200,0,1,550,.150,22,0,8,50,189,4,0,0,0,0,0,0,0,0,0,0,0,0,0,0,0,0,0,0,0,0,0,75,108,117,71,161,94,1,.9302,1,3,0,0,0,0,0,0,0,0,0,0,0,1,0,0,0,0,0,0,0,0,0,0,0,0,274,garcijh01,garcijh01,garcia004jho,,0,12,eol
20545,0,3,Boston Red Sox,Major League Baseball,Sogard,Nick,,20,9,9,1997,206,The United States,67700,Sacramento,4,183,190,3,1,3,36,36,2,0,488,406,100,341,407,532,444,441,83,322,362,497,421,393,215,352,361,461,9,1,1,85,115,159,135,51,78,1,1,1,1,1,1,15,30,10,1,5,59,11,3,104,96,81,109,0,0,17,19,9,0,0,141,200,200,200,0,0,0,0,1,550,.288,41,0,1,35,120,9,0,0,0,0,0,0,0,0,0,0,0,0,0,0,0,0,0,0,0,0,0,26,122,142,116,110,94,1,.9302,1,3,0,0,0,0,0,0,0,0,0,0,0,1,0,0,0,0,0,0,0,0,0,0,0,0,278,sogarni01,sogarni01,sogard000nic,,0,11,eol
19321,0,3,Boston Red Sox,Major League Baseball,Bello,Brayan,,66,17,5,1999,56,Dominican Republic,69606,Samana,1,185,194,1,1,11,487,557,5,0,94,188,49,234,93,90,92,187,47,233,89,89,92,187,48,233,90,89,5,0,0,10,10,11,10,15,112,350,325,412,397,389,375,11,5,1,153,110,58,12,3,50,35,42,41,0,0,15,20,16,200,0,0,0,0,0,0,0,0,0,1,550,.269,0,0,12,54,92,11,0,0,0,0,0,0,0,0,0,0,0,0,0,0,0,0,0,0,0,0,0,74,113,190,110,11,116,329,1.4473,346,326,232,0,292,0,232,0,0,0,0,0,0,353,259,0,316,0,259,0,0,0,0,0,0,0,384,bellobr01,bellobr01,bello-001bra,,0,12,eol
19388,0,3,Boston Red Sox,Major League Baseball,Early,Connelly,,71,3,4,2002,206,The United States,92336,Midlothian,4,191,194,2,2,11,0,0,3,0,86,181,43,226,82,85,94,190,49,236,92,91,92,187,48,233,90,89,5,2,1,9,6,11,10,13,59,481,391,480,389,407,340,8,1,0,130,109,43,15,3,51,41,45,43,0,0,14,14,12,200,0,0,0,0,0,0,0,0,0,1,550,.239,0,0,9,47,132,8,0,0,0,0,0,0,0,0,0,0,0,0,0,0,0,0,0,0,0,0,0,88,94,122,111,116,130,445,.9838,391,401,0,401,401,0,0,401,0,0,0,401,0,304,0,304,304,0,0,304,0,0,0,304,0,0,400,earlyco01,earlyco01,early-000con,,0,15,eol
19486,0,3,Boston Red Sox,Major League Baseball,Newcomb,Sean,Newk,19,12,6,1993,206,The United States,11820,Brockton,4,196,256,2,2,12,1337,1391,9,1,86,181,43,218,81,84,95,188,49,239,93,91,74,250,50,235,79,59,5,2,2,18,10,11,26,8,66,504,380,485,386,447,302,8,3,0,49,110,50,11,3,50,35,42,41,0,0,4,6,9,200,0,0,0,0,0,0,0,0,0,1,550,.269,0,0,7,49,110,8,0,0,0,0,0,0,0,0,0,0,0,0,0,0,0,0,0,0,0,0,0,41,162,75,152,81,58,401,1.0200,417,365,365,365,365,365,365,0,0,0,0,0,0,401,401,401,401,401,401,0,0,0,0,0,0,0,316,newcose01,newcose01,newcom000sea,,0,11,eol
20634,0,3,Boston Red Sox,Major League Baseball,Hamilton,David,,17,29,9,1997,206,The United States,70363,San Marcos,5,178,187,2,1,4,281,382,5,2,329,331,418,321,329,333,351,396,357,366,393,313,359,406,363,378,378,344,2,1,1,170,250,211,160,150,81,1,1,1,1,1,1,15,30,10,1,49,55,12,3,104,95,70,109,0,0,13,16,10,0,0,0,200,0,200,0,0,0,0,1,550,.234,22,3,13,41,118,2,0,0,0,0,0,0,0,0,0,0,0,0,0,0,0,0,0,0,0,0,0,158,16,196,109,86,50,1,.9302,1,3,0,0,0,0,0,0,0,0,0,0,0,1,0,0,0,0,0,0,0,0,0,0,0,0,273,hamilda03,hamilda03,hamilt004dav,,0,12,eol
20802,0,3,Boston Red Sox,Major League Baseball,Tolle,Payton,,70,1,11,2002,206,The United States,88543,Yukon,4,198,249,2,2,11,0,0,3,0,86,181,43,225,82,85,94,189,49,236,93,90,92,187,48,233,90,89,5,3,2,9,8,11,10,15,106,322,308,281,290,323,290,1,6,0,72,109,38,18,2,51,42,45,43,0,0,15,11,18,200,0,0,0,0,0,0,0,0,0,1,550,.281,0,0,28,70,101,1,0,0,0,0,0,0,0,0,0,0,0,0,0,0,0,0,0,0,0,0,0,163,55,115,101,71,9,365,.9594,311,294,294,0,294,0,0,0,0,0,0,0,0,248,248,0,248,0,0,0,0,0,0,0,0,0,400,tollepa01,tollepa01,tolle-000pay,,0,18,eol
// New York Yankees, ID = 11
19884,0,11,New York Yankees,Major League Baseball,Winans,Allan,,62,10,8,1995,206,The United States,6327,Bakersfield,4,188,165,1,1,11,182,466,5,2,94,188,49,235,91,90,92,187,47,232,89,89,92,187,48,233,90,89,5,0,0,17,8,11,26,10,74,208,342,254,342,295,377,12,1,0,98,109,59,12,3,51,42,45,44,0,0,16,16,7,200,0,0,0,0,0,0,0,0,0,1,550,.297,0,0,24,59,63,12,0,0,0,0,0,0,0,0,0,0,0,0,0,0,0,0,0,0,0,0,0,115,104,83,90,56,14,235,1.0493,331,0,253,140,0,0,218,0,0,0,0,0,0,0,347,183,0,0,312,0,0,0,0,0,0,0,400,winanal01,winanal01,winans000all,,0,12,eol
19989,0,11,New York Yankees,Major League Baseball,Beeter,Clayton,,29,9,10,1998,206,The United States,25145,Fort Worth,4,188,218,1,1,12,65,380,4,2,95,190,50,241,94,91,92,186,47,230,89,88,92,187,48,233,90,89,5,2,2,10,10,11,10,8,81,410,177,419,181,429,198,1,6,1,34,109,44,14,4,51,40,44,43,0,0,20,13,2,200,0,0,0,0,0,0,0,0,0,1,550,.228,0,0,14,110,165,1,0,0,0,0,0,0,0,0,0,0,0,0,0,0,0,0,0,0,0,0,0,126,77,184,71,126,88,505,1.0038,507,338,402,0,490,0,0,0,0,0,0,0,0,339,404,0,492,0,0,0,0,0,0,0,0,0,400,beetecl01,beetecl01,beeter000cla,,0,14,eol
20340,0,11,New York Yankees,Major League Baseball,Grisham,Trent,,12,1,11,1996,206,The United States,12708,Burleson,1,180,218,2,2,8,1032,1032,7,1,345,316,471,515,395,300,297,249,458,499,349,225,341,332,448,490,379,308,4,1,1,91,39,124,100,26,3,1,1,1,1,1,1,15,30,10,1,11,59,14,4,5,1,2,8,0,0,132,115,213,0,0,0,0,0,0,0,200,0,0,1,550,.232,13,1,27,87,125,4,0,0,0,0,0,0,0,0,0,0,0,0,0,0,0,0,0,0,0,0,0,127,71,81,169,93,86,1,1.0250,1,3,0,0,0,0,0,0,0,0,0,0,0,1,0,0,0,0,0,0,0,0,0,0,0,0,273,grishtr01,grishtr01,clark-000tre,,0,14,eol
20971,0,11,New York Yankees,Major League Baseball,Loáisiga,Jonathan,Johnny Lasagna,43,2,11,1994,136,Nicaragua,47484,Managua,5,180,165,1,1,12,1107,1238,11,2,96,190,51,244,97,92,91,186,47,229,88,88,91,187,48,232,88,87,5,0,0,10,10,11,10,8,63,254,462,228,461,393,382,12,4,0,34,115,59,12,3,51,40,44,43,0,0,11,20,15,200,0,0,0,0,0,0,0,0,0,1,550,.278,0,0,23,32,89,12,0,0,0,0,0,0,0,0,0,0,0,0,0,0,0,0,0,0,0,0,0,116,56,116,95,103,87,319,.7931,402,0,276,0,343,0,167,0,0,0,0,0,0,0,337,0,417,0,200,0,0,0,0,0,0,0,409,loaisjo01,loaisjo01,loaisi002jon,,0,12,eol
20260,0,11,New York Yankees,Major League Baseball,Yarbrough,Ryan,Yarbitron,33,31,12,1991,206,The United States,43308,Lakeland,4,196,216,1,2,12,1100,1285,11,2,95,191,50,238,94,92,91,186,47,231,88,88,86,187,48,227,91,72,5,0,0,20,9,11,31,11,26,365,420,349,389,396,464,10,1,1,49,100,47,10,3,66,35,47,41,0,0,11,8,9,200,0,0,0,0,0,0,0,0,0,1,550,.241,0,0,18,44,90,10,0,0,0,0,0,0,0,0,0,0,0,0,0,0,0,0,0,0,0,0,0,125,32,121,109,72,90,324,.8016,316,238,238,0,300,300,0,0,0,0,0,0,0,212,212,0,262,306,0,0,0,0,0,0,0,0,481,yarbrry01,yarbrry01,yarbro000rya,,0,10,eol
20586,0,11,New York Yankees,Major League Baseball,Dominguez,Jasson,El Marciano,24,7,2,2003,56,Dominican Republic,24086,Esperanza,1,180,216,3,1,7,320,320,4,0,370,311,311,451,300,428,436,366,366,427,350,492,404,353,396,436,342,445,3,2,2,122,176,187,128,9,18,1,1,1,1,1,1,15,30,10,1,16,59,12,4,19,1,16,9,0,0,89,93,113,0,0,0,0,0,0,200,0,0,0,1,550,.275,26,1,11,61,134,3,0,0,0,0,0,0,0,0,0,0,0,0,0,0,0,0,0,0,0,0,0,153,26,22,78,144,71,1,.9756,1,3,0,0,0,0,0,0,0,0,0,0,0,1,0,0,0,0,0,0,0,0,0,0,0,0,277,dominja01,dominja01,doming002jas,,0,12,eol
20597,0,11,New York Yankees,Major League Baseball,De Los Santos,Yerry,,73,12,12,1997,56,Dominican Republic,69606,Samana,1,188,209,1,1,12,235,235,3,0,94,188,49,237,92,90,92,187,47,231,89,89,92,187,48,233,90,89,5,0,0,9,6,11,10,8,80,533,289,577,328,469,309,4,6,0,44,109,62,9,3,51,39,44,42,0,0,3,5,5,200,0,0,0,0,0,0,0,0,0,1,550,.257,0,0,3,66,85,4,0,0,0,0,0,0,0,0,0,0,0,0,0,0,0,0,0,0,0,0,0,91,24,130,110,78,71,303,1.2785,347,0,264,0,333,0,163,0,0,0,0,0,0,0,315,0,387,0,185,0,0,0,0,0,0,0,400,delosye01,delosye01,deloss000yer,,0,9,eol
20620,0,11,New York Yankees,Major League Baseball,Hamilton,Ian,,71,16,6,1995,206,The United States,84103,Vancouver,4,185,201,1,1,12,781,834,8,0,94,187,48,235,91,90,92,187,47,232,89,89,92,187,48,233,90,89,5,1,1,21,8,11,33,8,54,416,288,451,297,491,309,6,5,1,35,109,45,11,3,51,38,43,42,0,0,8,7,12,200,0,0,0,0,0,0,0,0,0,1,550,.252,0,0,12,72,125,6,0,0,0,0,0,0,0,0,0,0,0,0,0,0,0,0,0,0,0,0,0,132,96,199,89,100,120,432,1.0814,446,363,311,0,0,0,445,0,0,0,0,0,0,380,322,0,0,0,464,0,0,0,0,0,0,0,378,hamilia01,hamilia01,hamilt000ian,,0,11,eol
20224,0,11,New York Yankees,Major League Baseball,Gómez,Yoendrys,,94,15,10,1999,210,Venezuela,55693,Nirgua,1,191,212,1,1,12,247,374,4,1,92,188,49,232,90,89,92,187,48,233,90,88,92,187,48,233,90,89,5,0,0,10,9,11,10,11,88,354,332,363,325,367,329,9,5,0,49,109,40,12,3,50,36,42,41,0,0,9,18,18,200,0,0,0,0,0,0,0,0,0,1,550,.271,0,0,21,62,101,9,0,0,0,0,0,0,0,0,0,0,0,0,0,0,0,0,0,0,0,0,0,110,83,22,184,108,88,367,1.0270,385,171,229,323,288,352,0,0,0,0,0,0,0,182,252,346,311,380,0,0,0,0,0,0,0,0,400,gomezyo01,gomezyo01,gomez-000yoe,,0,12,eol
20768,0,11,New York Yankees,Major League Baseball,Vivas,Jorbit,,90,9,3,2001,210,Venezuela,61321,Puerto Cabello,5,175,172,2,1,4,0,0,1,0,268,364,317,372,369,126,287,378,335,385,394,135,296,362,349,372,370,192,15,1,1,36,9,11,62,12,5,1,1,1,1,1,1,15,30,10,1,9,58,12,3,104,95,86,109,0,0,11,8,11,0,0,0,200,200,0,0,0,0,0,1,550,.186,19,0,10,46,114,15,0,0,0,0,0,0,0,0,0,0,0,0,0,0,0,0,0,0,0,0,0,126,77,165,184,196,83,1,.9302,1,3,0,0,0,0,0,0,0,0,0,0,0,1,0,0,0,0,0,0,0,0,0,0,0,0,275,vivasjo01,vivasjo01,vivas-001jor,,0,12,eol
21022,0,11,New York Yankees,Major League Baseball,Gil,Luis,,81,3,6,1998,56,Dominican Republic,5185,Azua,1,191,176,1,1,11,399,552,6,2,94,189,49,236,93,90,92,186,47,232,90,88,92,187,48,233,90,89,5,0,0,31,7,11,54,12,7,444,246,471,279,448,265,6,6,3,141,127,37,13,3,50,36,42,42,0,0,15,16,17,200,0,0,0,0,0,0,0,0,0,1,550,.233,0,0,12,82,112,6,0,0,0,0,0,0,0,0,0,0,0,0,0,0,0,0,0,0,0,0,0,66,86,127,10,46,60,406,1.3369,429,319,375,0,421,0,0,0,0,0,0,0,0,311,364,0,446,0,0,0,0,0,0,0,0,0,455,gillu01,gillu01,gil---003lui,,0,13,eol
20835,0,11,New York Yankees,Major League Baseball,Sandridge,Jayvien,,88,11,2,1999,206,The United States,30250,Hagerstown,1,196,220,2,2,12,0,0,4,0,87,182,44,226,83,85,94,189,49,235,92,91,92,187,48,233,90,89,5,0,0,10,9,11,10,12,107,191,226,178,218,219,250,6,6,5,26,109,56,12,3,51,44,46,44,0,0,5,16,10,200,0,0,0,0,0,0,0,0,0,1,550,.299,0,0,30,96,85,6,0,0,0,0,0,0,0,0,0,0,0,0,0,0,0,0,0,0,0,0,0,73,97,100,85,103,104,300,.9921,283,175,237,0,331,0,0,0,0,0,0,0,0,169,225,0,319,0,0,0,0,0,0,0,0,0,374,sandrja01,sandrja01,sandri000jay,,0,12,eol
21029,0,11,New York Yankees,Major League Baseball,Warren,Will,,98,16,6,1999,206,The United States,11376,Brandon,4,188,194,1,1,11,165,312,3,2,93,188,49,233,91,89,92,186,48,233,89,88,92,187,48,233,90,89,5,1,2,10,9,11,10,14,54,382,325,388,376,375,356,4,2,2,129,109,49,11,3,50,35,42,41,0,0,11,8,14,200,0,0,0,0,0,0,0,0,0,1,550,.268,0,0,14,56,116,4,0,0,0,0,0,0,0,0,0,0,0,0,0,0,0,0,0,0,0,0,0,120,82,109,103,54,71,413,1.3705,418,348,301,0,395,428,207,0,0,0,0,0,0,352,304,0,401,433,210,0,0,0,0,0,0,0,346,warrewi01,warrewi01,warren004wil,,0,11,eol
20283,0,11,New York Yankees,Major League Baseball,Wells,Austin,,28,12,7,1999,206,The United States,31397,Henderson,4,188,194,2,1,2,323,323,5,0,332,526,382,439,346,322,321,466,436,385,372,258,332,486,425,413,383,279,6,2,2,79,61,141,87,27,2,1,1,1,1,1,1,15,30,10,1,21,56,13,3,17,10,1,17,74,99,1,4,7,0,200,0,0,0,0,0,0,0,0,1,550,.231,31,2,20,51,124,6,0,0,0,0,0,0,0,0,0,0,0,0,0,0,0,0,0,0,0,0,0,25,156,114,198,88,149,1,.9302,1,3,0,0,0,0,0,0,0,0,0,0,0,1,0,0,0,0,0,0,0,0,0,0,0,0,276,wellsau01,wellsau01,wells-001aus,,112,13,eol
20564,0,11,New York Yankees,Major League Baseball,Williams,Devin,,38,21,9,1994,206,The United States,25868,Florissant,1,191,165,1,1,13,1028,1236,9,1,93,188,48,235,91,89,92,186,48,232,90,89,92,187,48,232,89,88,5,0,0,9,7,11,10,10,41,457,331,459,343,477,296,10,6,0,33,87,52,16,4,50,36,42,41,0,0,8,19,11,200,0,0,0,0,0,0,0,0,0,1,550,.200,0,0,9,60,178,10,0,0,0,0,0,0,0,0,0,0,0,0,0,0,0,0,0,0,0,0,0,154,85,127,88,79,24,519,1.0995,536,415,0,0,415,508,0,0,0,0,0,0,0,429,0,0,364,524,0,0,0,0,0,0,0,0,442,willide03,willide03,willia002dev,,0,16,eol
19718,0,11,New York Yankees,Major League Baseball,Brubaker,JT,,34,17,11,1993,206,The United States,75722,Springfield,4,191,185,1,1,12,389,630,5,1,94,188,49,236,92,91,92,186,48,232,89,89,90,153,50,283,108,64,5,0,0,10,9,11,10,7,105,598,341,607,343,351,392,5,6,0,46,114,51,10,3,51,40,44,43,0,0,11,19,5,200,0,0,0,0,0,0,0,0,0,1,550,.266,0,0,1,59,92,5,0,0,0,0,0,0,0,0,0,0,0,0,0,0,0,0,0,0,0,0,0,90,81,76,88,89,129,332,1.0240,401,168,280,318,346,0,0,0,0,0,0,0,0,197,332,374,411,0,0,0,0,0,0,0,0,0,342,brubajt01,brubajt01,brubak000jt-,,0,10,eol
18716,0,11,New York Yankees,Major League Baseball,Hartlieb,Geoff,,64,9,12,1993,206,The United States,31821,Highland,4,196,236,1,1,12,698,813,6,1,93,188,48,235,91,89,92,186,48,233,90,89,92,187,48,233,90,89,5,0,0,10,9,11,10,14,92,329,252,345,263,422,224,1,6,5,43,109,40,8,4,51,43,46,44,0,0,13,9,1,200,0,0,0,0,0,0,0,0,0,1,550,.355,0,0,23,83,95,1,0,0,0,0,0,0,0,0,0,0,0,0,0,0,0,0,0,0,0,0,0,76,113,122,123,82,94,340,1.0050,369,324,172,0,0,354,289,0,0,0,0,0,0,375,197,0,0,412,333,0,0,0,0,0,0,0,6,hartlge01,hartlge01,hartli000geo,,0,8,eol
18858,0,11,New York Yankees,Major League Baseball,Stroman,Marcus,Stro-Show,21,1,5,1991,206,The United States,49309,Medford,1,170,181,1,1,11,1593,1865,14,3,95,190,50,235,94,91,92,186,48,233,89,88,98,322,144,241,108,82,5,0,0,9,8,11,10,9,72,348,355,388,359,425,408,7,2,1,136,101,54,11,3,60,60,54,42,0,0,15,19,20,200,0,0,0,0,0,0,0,0,0,1,550,.283,0,0,14,55,78,7,0,0,0,0,0,0,0,0,0,0,0,0,0,0,0,0,0,0,0,0,0,96,95,72,176,100,16,279,1.2558,344,225,225,225,225,225,225,0,0,0,0,0,0,281,281,281,281,281,281,0,0,0,0,0,0,0,373,stromma01,stromma01,stroma001mar,,0,11,eol
20469,0,11,New York Yankees,Major League Baseball,Escarra,J.C.,,25,24,4,1995,206,The United States,31718,Hialeah,5,188,220,2,1,2,0,0,4,0,323,440,339,427,421,181,332,446,349,436,430,185,321,410,355,413,405,207,5,3,2,115,40,172,124,15,1,1,1,1,1,1,1,15,30,10,1,8,54,12,4,2,9,20,12,74,99,19,12,13,0,200,0,0,0,0,0,0,0,0,1,550,.211,25,3,11,61,93,5,0,0,0,0,0,0,0,0,0,0,0,0,0,0,0,0,0,0,0,0,0,77,83,169,120,80,86,1,.9756,1,3,0,0,0,0,0,0,0,0,0,0,0,1,0,0,0,0,0,0,0,0,0,0,0,0,274,escarjc01,escarjc01,escarr000jua,,104,12,eol
19206,0,11,New York Yankees,Major League Baseball,Carrasco,Carlos,Cookie,59,21,3,1987,210,Venezuela,7279,Barquisimeto,5,193,225,1,1,12,2458,2458,19,0,92,187,48,235,90,89,92,188,48,233,90,89,84,166,50,229,91,68,5,1,1,10,10,11,10,7,3,301,363,295,409,380,435,3,5,1,130,103,51,13,3,51,57,50,42,0,0,15,20,9,200,0,0,0,0,0,0,0,0,0,1,550,.306,0,0,21,46,88,3,0,0,0,0,0,0,0,0,0,0,0,0,0,0,0,0,0,0,0,0,0,109,113,121,90,83,102,315,.9766,439,182,139,287,217,0,252,0,0,0,0,0,0,293,203,422,342,0,387,0,0,0,0,0,0,0,273,carraca01,carraca01,carras002car,,0,13,eol
19485,0,11,New York Yankees,Major League Baseball,Goldschmidt,Paul,Goldy,48,10,9,1987,206,The United States,87008,Wilmington,4,191,225,1,1,3,2408,2582,15,3,447,400,369,334,445,437,429,414,334,339,393,454,453,427,468,499,367,506,3,0,0,68,47,161,77,9,20,1,1,1,1,1,1,15,30,10,1,17,59,12,3,54,96,70,62,0,0,5,14,3,0,0,200,0,0,0,0,0,0,0,1,550,.281,34,1,11,37,104,3,0,0,0,0,0,0,0,0,0,0,0,0,0,0,0,0,0,0,0,0,0,111,112,77,89,102,111,1,.9302,1,3,0,0,0,0,0,0,0,0,0,0,0,1,0,0,0,0,0,0,0,0,0,0,0,0,280,goldspa01,goldspa01,goldsc001pau,,0,12,eol
19498,0,11,New York Yankees,Major League Baseball,Headrick,Brent,,47,17,12,1997,206,The United States,35587,Joliet,4,198,236,2,2,12,215,447,4,1,86,181,44,218,82,85,94,189,50,238,93,90,92,187,48,233,90,89,5,1,1,9,6,11,10,13,109,384,410,357,402,331,372,6,6,0,45,109,37,8,3,51,41,45,43,0,0,7,4,20,200,0,0,0,0,0,0,0,0,0,1,550,.242,0,0,22,44,159,6,0,0,0,0,0,0,0,0,0,0,0,0,0,0,0,0,0,0,0,0,0,11,81,122,80,92,189,498,.9744,469,423,423,0,0,0,0,517,0,0,0,0,0,348,413,0,0,0,0,505,0,0,0,0,0,0,400,headrbr01,headrbr01,headri000bre,,0,8,eol
19504,0,11,New York Yankees,Major League Baseball,Hill,Tim,,41,10,2,1990,206,The United States,69945,San Fernando,4,193,209,1,2,12,1204,1237,9,0,95,190,50,239,93,91,92,185,47,231,89,89,91,187,48,232,88,87,5,2,2,14,10,11,18,13,9,433,479,360,464,379,414,1,1,0,34,156,71,9,1,50,35,42,41,0,0,6,8,15,200,0,0,0,0,0,0,0,0,0,1,550,.277,0,0,10,31,59,1,0,0,0,0,0,0,0,0,0,0,0,0,0,0,0,0,0,0,0,0,0,113,112,86,121,83,21,224,.9038,286,176,239,0,0,0,126,0,0,0,0,0,0,207,300,0,0,0,160,0,0,0,0,0,0,0,409,hillti01,hillti01,hill--005tim,,0,9,eol
19517,0,11,New York Yankees,Major League Baseball,Rodón,Carlos,LOS,55,10,12,1992,206,The United States,50031,Miami,5,191,236,2,2,11,1713,1848,12,1,86,181,43,218,81,85,95,188,49,238,93,91,99,260,49,222,94,100,5,0,0,9,7,11,10,9,11,440,389,384,353,414,360,7,3,1,155,92,43,11,3,50,35,42,41,0,0,1,5,18,200,0,0,0,0,0,0,0,0,0,1,550,.233,0,0,15,54,125,7,0,0,0,0,0,0,0,0,0,0,0,0,0,0,0,0,0,0,0,0,0,58,120,109,127,156,106,432,.8552,440,218,312,411,364,446,0,0,0,0,0,0,0,221,315,416,369,452,0,0,0,0,0,0,0,0,447,rodonca01,rodonca01,rodon-000car,,0,11,eol
19541,0,11,New York Yankees,Major League Baseball,Schlittler,Cam,,31,5,2,2001,206,The United States,87604,Walpole,4,198,225,1,1,11,0,0,1,0,94,188,49,233,91,91,92,187,48,233,90,89,92,187,48,233,90,89,5,2,2,22,10,11,35,15,39,440,317,446,329,420,335,10,6,1,141,109,40,13,3,50,35,42,41,0,0,8,1,11,200,0,0,0,0,0,0,0,0,0,1,550,.243,0,0,13,64,135,10,0,0,0,0,0,0,0,0,0,0,0,0,0,0,0,0,0,0,0,0,0,36,109,27,25,22,64,451,.9642,414,0,359,407,441,214,308,0,0,0,0,0,0,0,338,382,418,201,289,0,0,0,0,0,0,0,400,schlica01,schlica01,schlit001cam,,0,13,eol
19545,0,11,New York Yankees,Major League Baseball,Schmidt,Clarke,,36,20,2,1996,206,The United States,2185,Acworth,4,185,198,1,1,11,758,758,6,1,95,189,50,234,93,91,92,186,48,233,89,88,92,187,48,256,89,88,5,0,0,10,9,11,10,15,58,425,329,455,372,431,384,7,4,2,148,111,41,11,3,50,35,42,41,0,0,9,13,4,200,0,0,0,0,0,0,0,0,0,1,550,.242,0,0,12,56,117,7,0,0,0,0,0,0,0,0,0,0,0,0,0,0,0,0,0,0,0,0,0,104,93,86,176,124,108,415,.7999,402,393,393,393,393,393,393,0,0,0,0,0,0,363,363,363,363,363,363,0,0,0,0,0,0,0,428,schmicl01,schmicl01,schmid001cla,,0,11,eol
19555,0,11,New York Yankees,Major League Baseball,Stanton,Giancarlo,Cruz,27,8,11,1989,206,The United States,12590,Burbank,5,198,245,1,1,9,2500,2506,17,1,349,321,493,420,302,399,372,382,501,405,249,449,394,446,512,459,310,452,2,2,2,16,9,11,55,7,3,1,1,1,1,1,1,15,30,10,1,6,59,12,3,8,8,4,2,0,0,119,87,138,0,0,0,0,0,0,89,0,200,0,1,550,.270,23,0,34,53,162,2,0,0,0,0,0,0,0,0,0,0,0,0,0,0,0,0,0,0,0,0,0,72,176,66,89,107,75,1,.9302,1,3,0,0,0,0,0,0,0,0,0,0,0,1,0,0,0,0,0,0,0,0,0,0,0,0,282,stantmi03,stantmi03,stanto003mic,,0,12,eol
19613,0,11,New York Yankees,Major League Baseball,Leiter Jr.,Mark,,56,13,3,1991,206,The United States,25202,Fort Lauderdale,4,183,209,1,1,12,836,836,9,0,96,191,52,244,96,92,92,186,47,230,88,89,88,164,49,210,96,73,5,0,0,23,6,11,38,12,47,413,383,412,385,366,375,10,6,1,31,96,50,15,3,50,37,43,42,0,0,9,4,1,200,0,0,0,0,0,0,0,0,0,1,550,.255,0,0,12,49,135,10,0,0,0,0,0,0,0,0,0,0,0,0,0,0,0,0,0,0,0,0,0,98,104,79,78,110,94,450,.8642,440,290,419,340,0,384,0,201,0,0,0,0,0,281,412,333,0,375,0,197,0,0,0,0,0,0,342,leitema02,leitema02,leiter002mar,,0,15,eol
20216,0,11,New York Yankees,Major League Baseball,Effross,Scott,,57,28,12,1993,206,The United States,81825,Twinsburg,4,188,203,1,1,12,372,474,7,1,96,191,52,244,96,93,91,185,47,230,88,88,92,187,48,233,90,89,5,0,0,14,8,11,19,12,109,322,402,342,408,436,460,1,6,1,34,109,64,11,3,51,42,45,43,0,0,1,8,16,200,0,0,0,0,0,0,0,0,0,1,550,.304,0,0,14,43,72,1,0,0,0,0,0,0,0,0,0,0,0,0,0,0,0,0,0,0,0,0,0,92,22,91,92,73,124,263,1.0163,421,0,226,0,301,0,150,0,0,0,0,0,0,0,349,0,430,0,208,0,0,0,0,0,0,0,300,effrosc01,effrosc01,effros000sco,,0,11,eol
20356,0,11,New York Yankees,Major League Baseball,Volpe,Anthony,,11,28,4,2001,206,The United States,85405,Watchung,4,178,196,1,1,6,344,683,4,2,392,507,316,403,402,385,346,488,374,337,372,323,352,458,373,369,374,333,3,2,2,148,178,162,135,113,17,1,1,1,1,1,1,15,30,10,1,12,55,15,3,115,104,109,108,0,0,15,19,10,0,0,0,0,0,200,0,0,0,0,1,550,.237,30,6,12,41,117,3,0,0,0,0,0,0,0,0,0,0,0,0,0,0,0,0,0,0,0,0,0,145,98,98,106,114,52,1,.9302,1,3,0,0,0,0,0,0,0,0,0,0,0,1,0,0,0,0,0,0,0,0,0,0,0,0,273,volpean01,volpean01,volpe-000ant,,0,15,eol
20369,0,11,New York Yankees,Major League Baseball,Chisholm Jr.,Jazz,,13,1,2,1998,15,Bahamas,54308,Nassau,1,180,165,2,1,4,844,915,9,2,393,359,413,406,333,436,361,345,460,439,344,381,369,347,447,423,332,406,5,2,2,153,200,178,152,42,2,1,1,1,1,1,1,15,30,10,1,50,56,12,4,107,80,87,112,0,0,120,119,111,0,0,0,200,200,0,0,200,0,0,1,550,.259,20,3,24,60,133,5,0,0,0,0,0,0,0,0,0,0,0,0,0,0,0,0,0,0,0,0,0,112,89,119,99,108,84,1,.9756,1,3,0,0,0,0,0,0,0,0,0,0,0,1,0,0,0,0,0,0,0,0,0,0,0,0,274,chishja01,chishja01,chisho000jas,,0,12,eol
20592,0,11,New York Yankees,Major League Baseball,Bellinger,Cody,Belli,35,13,7,1995,206,The United States,72398,Scottsdale,4,193,203,2,2,7,1376,1376,12,0,441,370,375,343,467,409,413,384,431,407,466,345,409,451,483,454,418,402,2,3,2,129,82,155,125,9,8,1,1,1,1,1,1,15,30,10,1,24,56,9,3,59,53,59,66,0,0,111,131,137,0,0,200,0,0,0,200,200,200,0,1,550,.277,24,5,19,49,70,2,0,0,0,0,0,0,0,0,0,0,0,0,0,0,0,0,0,0,0,0,0,75,91,92,91,16,130,1,1.0750,1,3,0,0,0,0,0,0,0,0,0,0,0,1,0,0,0,0,0,0,0,0,0,0,0,0,274,bellico01,bellico01,bellin000cod,,0,9,eol
20605,0,11,New York Yankees,Major League Baseball,Fried,Max,Maximus,54,18,1,1994,206,The United States,71222,Santa Monica,4,193,190,2,2,11,1364,1364,12,0,88,184,45,236,84,86,94,188,49,232,91,90,196,329,52,304,144,256,5,0,0,10,9,11,10,12,62,415,404,460,420,422,441,7,6,1,165,114,63,13,3,67,42,50,41,0,0,1,18,20,200,0,0,0,0,0,0,0,0,0,1,550,.245,0,0,8,41,110,7,0,0,0,0,0,0,0,0,0,0,0,0,0,0,0,0,0,0,0,0,0,97,73,34,99,37,72,402,.6772,403,323,323,323,323,323,323,0,0,0,0,0,0,325,325,325,325,325,325,0,0,0,0,0,0,0,413,friedma01,friedma01,fried-001max,,0,13,eol
21050,0,11,New York Yankees,Major League Baseball,Peraza,Oswald,,10,15,6,2000,210,Venezuela,7279,Barquisimeto,5,183,176,1,1,5,471,671,7,1,205,335,365,393,309,86,222,277,310,329,316,129,305,343,307,365,350,243,3,0,0,90,140,191,121,10,15,195,353,190,351,204,320,15,30,10,38,25,67,17,3,104,91,133,78,0,0,12,7,16,0,0,138,188,200,0,0,0,0,0,1,550,.168,13,0,9,38,144,3,0,0,0,0,0,0,0,0,0,0,0,0,0,0,0,0,0,0,0,0,0,72,86,167,81,78,117,204,.9981,232,0,0,115,0,199,0,0,0,0,0,0,0,0,0,156,0,219,0,0,0,0,0,0,0,0,366,perazos02,perazos02,peraza002osw,,0,17,eol
19793,0,11,New York Yankees,Major League Baseball,Cruz,Fernando,,63,28,3,1990,151,Puerto Rico,7740,Bayamón,5,188,238,1,1,12,467,770,4,2,94,189,49,236,93,90,92,186,47,233,90,88,92,187,48,233,90,89,5,2,2,12,6,11,16,12,65,408,277,432,288,433,298,6,6,0,31,107,43,18,4,50,38,43,42,0,0,20,17,2,200,0,0,0,0,0,0,0,0,0,1,550,.226,0,0,13,75,183,6,0,0,0,0,0,0,0,0,0,0,0,0,0,0,0,0,0,0,0,0,0,82,125,73,76,75,93,524,1.0712,520,408,499,0,0,0,0,343,0,0,0,0,0,405,494,0,0,0,0,340,0,0,0,0,0,0,354,cruzfe01,cruzfe01,cruz--003fer,,0,18,eol
18617,0,11,New York Yankees,Major League Baseball,Reyes,Pablo,,19,5,9,1993,56,Dominican Republic,71432,Santo Domingo,1,173,174,1,1,5,890,890,10,0,323,367,294,293,353,295,316,311,221,345,329,305,411,354,260,384,433,386,4,1,1,143,167,143,132,124,152,348,307,345,306,388,257,15,30,10,34,33,33,20,3,107,108,135,74,0,0,105,113,129,0,0,0,126,200,200,0,0,200,0,1,550,.211,17,2,5,36,136,4,0,0,0,0,0,0,0,0,0,0,0,0,0,0,0,0,0,0,0,0,0,192,125,164,81,122,73,219,.9982,218,168,0,168,0,0,0,0,0,0,0,0,0,172,0,160,0,0,0,0,0,0,0,0,0,0,389,reyespa01,reyespa01,reyes-004pab,,0,20,eol
18527,0,11,New York Yankees,Major League Baseball,LeMahieu,DJ,,26,13,7,1988,206,The United States,82987,Visalia,4,193,216,1,1,4,2290,2290,16,0,435,170,213,432,438,426,399,200,256,415,406,393,508,352,348,424,472,515,1,1,1,25,14,11,79,74,10,1,1,1,1,1,1,15,30,10,1,32,58,11,3,112,168,81,118,0,0,5,3,3,0,0,152,200,200,0,0,0,0,0,1,550,.254,13,0,5,56,101,1,0,0,0,0,0,0,0,0,0,0,0,0,0,0,0,0,0,0,0,0,0,166,35,155,100,126,55,1,.9302,1,3,0,0,0,0,0,0,0,0,0,0,0,1,0,0,0,0,0,0,0,0,0,0,0,0,280,lemahdj01,lemahdj01,lemahi001dj-,,0,11,eol
19683,0,11,New York Yankees,Major League Baseball,Weaver,Luke,Dream,30,21,8,1993,206,The United States,22260,DeLand,4,188,183,1,1,12,1536,1776,11,2,94,189,49,236,92,91,92,186,48,232,89,89,153,77,142,220,113,180,5,0,0,28,10,11,47,11,21,429,388,413,403,443,401,4,2,0,39,133,36,13,3,50,35,42,41,0,0,9,4,20,200,0,0,0,0,0,0,0,0,0,1,550,.227,0,0,16,45,137,4,0,0,0,0,0,0,0,0,0,0,0,0,0,0,0,0,0,0,0,0,0,87,110,126,105,57,121,455,.9750,418,211,0,435,354,402,0,0,0,0,0,0,0,195,0,409,330,372,0,0,0,0,0,0,0,0,455,weavelu01,weavelu01,weaver000luk,,0,13,eol
18990,0,11,New York Yankees,Major League Baseball,Matzek,Tyler,,68,19,10,1990,206,The United States,50722,Mission Viejo,4,191,229,2,2,12,878,1039,8,1,89,184,46,231,86,86,94,189,49,234,92,90,136,254,51,245,115,153,5,0,0,9,6,11,10,8,112,505,334,455,317,525,278,1,6,0,32,110,29,11,3,51,43,46,44,0,0,8,14,9,200,0,0,0,0,0,0,0,0,0,1,550,.268,0,0,14,64,96,1,0,0,0,0,0,0,0,0,0,0,0,0,0,0,0,0,0,0,0,0,0,91,89,114,77,46,39,345,.9728,414,254,383,0,0,0,0,0,0,0,0,0,0,302,430,0,0,0,0,0,0,0,0,0,0,0,394,matzety01,matzety01,matzek001tyl,,0,11,eol
20739,0,11,New York Yankees,Major League Baseball,Cabrera,Oswaldo,,95,1,3,1999,210,Venezuela,26928,Guarenas,5,178,194,3,1,5,385,694,6,2,383,329,344,365,414,351,419,268,291,387,424,413,386,329,337,380,410,363,4,1,1,59,70,115,103,135,13,114,1,138,1,130,1,15,30,10,14,16,35,16,4,104,91,133,73,0,0,17,9,17,0,0,78,150,200,0,0,0,0,0,1,550,.260,20,0,8,46,97,4,0,0,0,0,0,0,0,0,0,0,0,0,0,0,0,0,0,0,0,0,0,120,138,37,92,76,80,1,.8421,1,1,1,0,0,0,0,0,0,0,0,0,0,1,1,0,0,0,0,0,0,0,0,0,0,0,289,cabreos01,cabreos01,cabrer000osw,,0,16,eol
19004,0,11,New York Yankees,Major League Baseball,Ottavino,Adam,,58,22,11,1985,206,The United States,55211,New York,4,196,240,3,1,12,2244,2506,16,2,96,190,51,244,97,92,91,186,47,229,87,89,95,162,50,235,79,106,5,1,1,9,8,11,10,7,13,428,265,451,302,435,323,12,6,1,32,107,45,12,3,51,44,46,44,0,0,1,2,15,200,0,0,0,0,0,0,0,0,0,1,550,.239,0,0,11,74,147,12,0,0,0,0,0,0,0,0,0,0,0,0,0,0,0,0,0,0,0,0,0,110,128,72,94,58,87,474,.9372,463,375,225,0,421,459,319,0,0,0,0,0,0,368,221,0,415,451,314,0,0,0,0,0,0,0,381,ottavad01,ottavad01,ottavi001ada,,0,12,eol
20696,0,11,New York Yankees,Major League Baseball,Judge,Aaron,All Rise,99,26,4,1992,206,The United States,45588,Linden,5,201,282,1,1,9,1548,1563,12,1,452,441,554,512,318,527,471,416,504,515,350,536,440,424,526,523,321,512,6,2,2,94,63,145,124,9,3,4,1,4,1,8,1,15,30,10,1,45,53,14,3,2,10,20,17,0,0,134,119,156,0,0,0,0,0,0,0,200,200,0,1,550,.342,35,2,41,97,133,6,0,0,0,0,0,0,0,0,0,0,0,0,0,0,0,0,0,0,0,0,0,129,99,99,129,35,72,1,.9302,1,3,0,0,0,0,0,0,0,0,0,0,0,1,0,0,0,0,0,0,0,0,0,0,0,0,278,judgeaa01,judgeaa01,judge-001aar,,0,14,eol
20955,0,11,New York Yankees,Major League Baseball,Rice,Ben,,22,22,2,1999,206,The United States,14345,Cohasset,4,188,205,2,1,2,166,452,3,2,335,498,401,422,410,240,363,512,452,436,415,310,343,507,441,436,408,269,7,2,2,104,41,120,109,8,1,1,1,1,1,1,1,15,30,10,1,33,57,10,4,59,43,52,56,74,99,19,8,20,0,200,200,0,0,0,0,0,0,0,1,550,.251,32,5,22,61,101,7,0,0,0,0,0,0,0,0,0,0,0,0,0,0,0,0,0,0,0,0,0,107,92,156,92,193,107,1,.9756,1,3,0,0,0,0,0,0,0,0,0,0,0,1,0,0,0,0,0,0,0,0,0,0,0,0,277,ricebe01,ricebe01,rice--000ben,,104,10,eol
// Tampa Bay Rays, ID = 13
19933,0,13,Tampa Bay Rays,Major League Baseball,Sulser,Cole,,71,12,3,1990,206,The United States,69896,San Diego,4,185,190,1,1,12,905,1003,9,1,96,190,51,237,96,91,92,186,47,232,88,89,92,187,48,233,90,89,5,0,0,10,10,11,10,7,26,516,373,529,380,446,326,1,1,0,37,109,45,11,3,51,41,45,43,0,0,15,3,10,200,0,0,0,0,0,0,0,0,0,1,550,.242,0,0,6,50,116,1,0,0,0,0,0,0,0,0,0,0,0,0,0,0,0,0,0,0,0,0,0,68,157,141,190,75,89,413,1.0238,426,199,415,0,336,379,0,0,0,0,0,0,0,205,425,0,345,391,0,0,0,0,0,0,0,0,405,sulseco01,sulseco01,sulser000col,,0,11,eol
19949,0,13,Tampa Bay Rays,Major League Baseball,Rodriguez,Manuel,,39,6,8,1996,124,Mexico,82213,Uman,5,180,209,1,1,12,422,422,5,0,93,187,48,235,91,89,92,187,48,232,89,89,92,187,48,232,89,88,5,0,0,9,6,11,10,13,67,437,446,465,467,415,355,10,6,0,33,109,59,10,3,51,40,44,42,0,0,4,19,15,200,0,0,0,0,0,0,0,0,0,1,550,.257,0,0,8,33,99,10,0,0,0,0,0,0,0,0,0,0,0,0,0,0,0,0,0,0,0,0,0,116,179,112,105,83,72,356,1.0657,351,338,178,0,0,0,305,0,0,0,0,0,0,328,173,0,0,0,295,0,0,0,0,0,0,0,400,rodrima01,rodrima01,rodrig015man,,0,10,eol
20499,0,13,Tampa Bay Rays,Major League Baseball,Seymour,Ian,,61,13,12,1998,206,The United States,85934,Westborough,4,183,216,2,2,12,0,0,1,0,89,184,45,230,84,87,94,187,48,234,91,90,92,187,48,233,90,89,5,2,2,17,8,11,25,10,10,472,411,456,388,461,392,7,1,0,49,109,46,11,2,50,36,42,42,0,0,5,16,5,200,0,0,0,0,0,0,0,0,0,1,550,.244,0,0,10,46,126,7,0,0,0,0,0,0,0,0,0,0,0,0,0,0,0,0,0,0,0,0,0,120,123,122,73,116,93,433,1.0185,438,208,398,430,302,350,0,0,0,0,0,0,0,210,401,433,304,352,0,0,0,0,0,0,0,0,400,seymoia01,seymoia01,seymou000ian,,0,11,eol
20504,0,13,Tampa Bay Rays,Major League Baseball,Van Belle,Brian,,67,3,9,1996,206,The United States,63535,Pembroke Pines,4,191,185,1,1,12,0,0,3,0,94,189,49,236,92,91,92,186,47,232,89,89,92,187,48,233,90,89,5,0,0,29,6,11,51,6,31,414,462,427,470,400,366,1,6,0,49,109,29,9,3,51,43,46,44,0,0,9,11,5,200,0,0,0,0,0,0,0,0,0,1,550,.281,0,0,20,31,82,1,0,0,0,0,0,0,0,0,0,0,0,0,0,0,0,0,0,0,0,0,0,124,12,74,128,17,30,294,1.0097,263,263,213,263,213,0,213,0,0,0,0,0,0,240,197,240,155,0,197,0,0,0,0,0,0,0,400,vanbebr01,vanbebr01,vanbel000bri,,0,9,eol
20518,0,13,Tampa Bay Rays,Major League Baseball,Misner,Kameron,,26,9,1,1998,206,The United States,2931,Anderson,4,193,218,2,2,8,85,284,3,1,342,425,333,364,264,405,346,428,341,367,275,407,338,419,335,360,262,401,2,2,2,136,147,175,132,111,13,1,1,1,1,1,1,15,30,10,1,21,54,11,4,19,8,8,4,0,0,140,100,118,0,0,0,0,0,0,62,200,126,0,1,550,.229,26,3,10,43,159,2,0,0,0,0,0,0,0,0,0,0,0,0,0,0,0,0,0,0,0,0,0,103,74,117,104,120,99,1,1.0250,1,3,0,0,0,0,0,0,0,0,0,0,0,1,0,0,0,0,0,0,0,0,0,0,0,0,271,misneka01,misneka01,misner000kam,,0,11,eol
20654,0,13,Tampa Bay Rays,Major League Baseball,Walls,Taylor,,6,10,7,1996,206,The United States,15051,Cordele,4,178,185,3,1,6,637,673,5,0,349,465,204,382,347,355,345,410,232,436,393,303,313,432,322,457,360,253,0,0,0,154,201,171,145,135,2,4,1,4,1,8,1,15,30,10,1,2,53,12,4,217,143,179,178,0,0,4,7,19,0,0,0,94,0,200,0,0,0,0,1,550,.223,25,4,5,58,117,0,0,0,0,0,0,0,0,0,0,0,0,0,0,0,0,0,0,0,0,0,0,190,50,102,111,77,79,1,.9756,1,3,0,0,0,0,0,0,0,0,0,0,0,1,0,0,0,0,0,0,0,0,0,0,0,0,272,wallsta01,wallsta01,walls-000tay,,0,12,eol
20758,0,13,Tampa Bay Rays,Major League Baseball,Wilcox,Cole,,73,14,7,1999,206,The United States,13200,Chickamauga,4,196,231,1,1,12,0,0,3,0,96,191,51,237,95,92,91,186,47,232,88,88,92,187,48,233,90,89,5,0,0,9,7,11,10,15,13,316,217,336,227,308,250,6,6,5,34,109,50,13,3,51,44,46,44,0,0,19,1,9,200,0,0,0,0,0,0,0,0,0,1,550,.292,0,0,19,96,66,6,0,0,0,0,0,0,0,0,0,0,0,0,0,0,0,0,0,0,0,0,0,42,111,37,110,94,108,246,1.0158,254,190,190,0,228,0,190,0,0,0,0,0,0,197,197,0,239,0,197,0,0,0,0,0,0,0,384,wilcoco01,wilcoco01,wilcox000col,,0,13,eol
20303,0,13,Tampa Bay Rays,Major League Baseball,Uceta,Edwin,,63,9,1,1998,56,Dominican Republic,83400,Villa Los Almacigos,1,183,154,1,1,12,688,796,5,1,94,189,49,235,91,91,92,186,47,233,89,89,98,175,48,229,93,100,5,0,0,10,9,11,10,11,3,409,392,430,414,434,384,12,1,5,38,109,41,16,2,50,35,42,41,0,0,7,17,6,200,0,0,0,0,0,0,0,0,0,1,550,.227,0,0,14,43,159,12,0,0,0,0,0,0,0,0,0,0,0,0,0,0,0,0,0,0,0,0,0,168,44,172,130,178,7,499,1.0207,495,345,0,0,409,501,0,0,0,0,0,0,0,341,0,0,406,496,0,0,0,0,0,0,0,0,415,ucetaed01,ucetaed01,uceta-000edw,,0,16,eol
20407,0,13,Tampa Bay Rays,Major League Baseball,Orze,Eric,,17,21,8,1997,206,The United States,23397,Elk Grove Village,4,193,194,1,1,12,83,422,5,3,95,190,51,231,94,91,92,186,47,234,89,89,92,187,48,233,90,89,5,0,0,10,9,11,10,6,44,445,310,470,317,448,300,12,1,0,40,109,38,11,3,51,38,43,42,0,0,12,5,20,200,0,0,0,0,0,0,0,0,0,1,550,.256,0,0,12,66,110,12,0,0,0,0,0,0,0,0,0,0,0,0,0,0,0,0,0,0,0,0,0,109,74,125,75,100,113,401,1.0181,403,422,342,0,0,0,0,203,0,0,0,0,0,425,345,0,0,0,0,205,0,0,0,0,0,0,400,orzeer01,orzeer01,orze--000eri,,0,11,eol
20998,0,13,Tampa Bay Rays,Major League Baseball,Mead,Curtis,,25,26,10,2000,12,Australia,2254,Adelaide,4,188,201,1,1,3,280,280,3,0,405,357,196,344,416,396,401,319,238,307,372,423,409,319,233,327,394,422,13,0,0,115,86,155,122,9,1,1,1,1,1,1,1,15,30,10,1,37,57,12,4,104,91,133,78,0,0,1,11,7,0,0,132,188,200,0,0,0,0,0,1,550,.252,21,2,5,33,114,13,0,0,0,0,0,0,0,0,0,0,0,0,0,0,0,0,0,0,0,0,0,107,59,87,80,61,102,1,.9756,1,3,0,0,0,0,0,0,0,0,0,0,0,1,0,0,0,0,0,0,0,0,0,0,0,0,277,meadcu01,meadcu01,mead--000cur,,0,12,eol
20672,0,13,Tampa Bay Rays,Major League Baseball,Jansen,Danny,,19,15,4,1995,206,The United States,3602,Appleton,4,188,216,1,1,2,1150,1356,10,2,265,420,429,526,329,192,325,370,415,466,387,250,332,392,445,423,412,223,5,1,1,23,6,11,78,71,2,1,1,1,1,1,1,15,30,10,1,10,56,15,3,9,15,1,10,126,78,1,14,17,0,200,0,0,0,0,0,0,0,0,1,550,.221,23,0,18,80,120,5,0,0,0,0,0,0,0,0,0,0,0,0,0,0,0,0,0,0,0,0,0,84,110,30,118,77,33,1,.9302,1,3,0,0,0,0,0,0,0,0,0,0,0,1,0,0,0,0,0,0,0,0,0,0,0,0,276,janseda01,janseda01,jansen000dan,,103,15,eol
20688,0,13,Tampa Bay Rays,Major League Baseball,Rock,Joe,,68,29,7,2000,206,The United States,1642,Aliquippa,4,198,220,2,2,12,0,0,3,0,86,180,43,226,81,84,95,189,49,236,94,91,92,187,48,233,90,89,5,0,0,19,6,11,30,10,26,306,389,286,379,237,317,12,1,0,49,109,69,10,4,51,43,46,44,0,0,9,9,13,200,0,0,0,0,0,0,0,0,0,1,550,.279,0,0,16,49,117,12,0,0,0,0,0,0,0,0,0,0,0,0,0,0,0,0,0,0,0,0,0,112,111,89,101,97,97,416,1.0037,337,224,317,0,419,0,373,0,0,0,0,0,0,177,241,0,335,0,303,0,0,0,0,0,0,0,300,rockjo01,rockjo01,rock--001joe,,0,10,eol
20692,0,13,Tampa Bay Rays,Major League Baseball,Scholtens,Jesse,,65,6,4,1994,206,The United States,26243,Fairfield,4,193,229,1,1,12,5,348,3,2,96,190,50,238,95,92,91,186,47,231,88,88,92,187,48,233,90,89,5,1,1,9,8,11,10,13,11,406,355,402,371,380,396,6,6,5,47,109,43,10,4,51,43,46,44,0,0,4,10,4,200,0,0,0,0,0,0,0,0,0,1,550,.255,0,0,15,54,117,6,0,0,0,0,0,0,0,0,0,0,0,0,0,0,0,0,0,0,0,0,0,2,122,11,124,136,108,415,.8953,289,358,358,358,0,0,0,423,0,0,0,0,0,218,218,218,0,0,0,271,0,0,0,0,0,0,400,scholje01,scholje01,scholt000jes,,0,10,eol
18464,0,13,Tampa Bay Rays,Major League Baseball,Montes,Coco,,10,7,10,1996,206,The United States,50031,Miami,5,185,201,1,1,4,6,6,2,0,196,206,303,276,269,137,192,203,298,269,262,134,201,332,321,293,281,134,4,1,1,20,8,11,32,58,1,4,1,4,1,8,1,15,30,10,1,7,53,13,4,108,111,81,118,0,0,90,113,113,0,0,0,200,200,0,200,0,0,0,1,550,.165,8,0,8,26,162,4,0,0,0,0,0,0,0,0,0,0,0,0,0,0,0,0,0,0,0,0,0,120,133,102,125,112,156,1,.9756,1,3,0,0,0,0,0,0,0,0,0,0,0,1,0,0,0,0,0,0,0,0,0,0,0,0,274,monteco01,monteco01,montes000coc,,0,13,eol
19698,0,13,Tampa Bay Rays,Major League Baseball,Fairbanks,Pete,,29,16,12,1993,206,The United States,69095,St. Louis,4,198,225,1,1,13,1013,1129,10,3,96,191,52,245,96,92,91,185,47,229,88,88,92,187,48,233,90,89,5,0,0,30,8,11,51,8,40,401,378,418,404,463,358,2,5,1,34,85,50,14,3,50,36,42,42,0,0,14,18,3,200,0,0,0,0,0,0,0,0,0,1,550,.238,0,0,12,46,113,2,0,0,0,0,0,0,0,0,0,0,0,0,0,0,0,0,0,0,0,0,0,130,94,64,118,122,112,408,.9101,472,308,358,0,406,0,0,0,0,0,0,0,0,319,375,0,458,0,0,0,0,0,0,0,0,0,442,fairbpe01,fairbpe01,fairba000pet,,0,14,eol
20013,0,13,Tampa Bay Rays,Major League Baseball,Montgomery,Mason,,48,17,6,2000,206,The United States,44516,Leander,4,188,194,2,2,12,143,306,3,2,89,184,45,222,85,86,94,187,49,236,91,90,92,187,48,233,90,89,5,0,0,11,10,11,12,12,50,398,256,368,261,389,261,3,3,0,30,109,58,11,3,50,38,43,42,0,0,1,9,8,200,0,0,0,0,0,0,0,0,0,1,550,.231,0,0,13,83,156,3,0,0,0,0,0,0,0,0,0,0,0,0,0,0,0,0,0,0,0,0,0,10,154,79,161,95,97,494,1.0216,505,336,401,0,487,0,0,0,0,0,0,0,0,341,406,0,496,0,0,0,0,0,0,0,0,0,400,montgma01,montgma01,montgo000mas,,0,11,eol
20319,0,13,Tampa Bay Rays,Major League Baseball,Baz,Shane,,11,17,6,1999,206,The United States,21777,Dallas,4,188,190,1,1,11,499,499,7,0,95,190,50,236,93,91,92,187,48,232,89,88,92,187,48,233,90,89,5,3,2,30,10,11,50,13,13,377,355,357,361,361,365,8,3,1,148,107,49,12,4,50,35,42,41,0,0,13,9,5,200,0,0,0,0,0,0,0,0,0,1,550,.253,0,0,16,55,117,8,0,0,0,0,0,0,0,0,0,0,0,0,0,0,0,0,0,0,0,0,0,126,103,105,122,36,73,414,.7798,415,205,345,391,425,0,0,0,0,0,0,0,0,205,346,392,426,0,0,0,0,0,0,0,0,0,412,bazsh01,bazsh01,baz---000sha,,0,12,eol
20162,0,13,Tampa Bay Rays,Major League Baseball,Peters,Tristan,,25,28,2,2000,36,Canada,86876,Winkler,4,183,190,2,1,8,0,0,3,0,149,279,272,247,176,95,156,291,300,270,191,101,155,288,309,288,211,49,4,2,2,31,6,11,54,65,3,1,1,1,1,1,1,15,30,10,1,38,55,11,3,20,13,14,11,0,0,142,111,118,0,0,0,0,0,0,0,200,0,0,1,550,.143,10,0,7,25,187,4,0,0,0,0,0,0,0,0,0,0,0,0,0,0,0,0,0,0,0,0,0,189,79,123,126,6,105,1,.9302,1,3,0,0,0,0,0,0,0,0,0,0,0,1,0,0,0,0,0,0,0,0,0,0,0,0,274,petertr01,petertr01,peters001tri,,0,11,eol
20385,0,13,Tampa Bay Rays,Major League Baseball,Bradley,Taj,,26,20,3,2001,206,The United States,41955,Los Angeles,1,188,190,1,1,11,307,307,6,0,95,189,51,240,94,91,92,186,47,230,89,89,92,187,48,233,90,89,5,0,0,9,6,11,10,10,108,358,337,379,378,346,371,4,6,1,146,133,49,12,4,50,35,42,41,0,0,17,13,4,200,0,0,0,0,0,0,0,0,0,1,550,.259,0,0,16,54,109,4,0,0,0,0,0,0,0,0,0,0,0,0,0,0,0,0,0,0,0,0,0,196,2,179,107,138,56,398,.8934,420,199,0,414,0,285,0,378,0,0,0,0,0,208,0,430,0,302,0,397,0,0,0,0,0,0,405,bradlta01,bradlta01,bradle000taj,,0,12,eol
20438,0,13,Tampa Bay Rays,Major League Baseball,Simpson,Chandler,,14,18,11,2000,206,The United States,22518,East Point,1,180,170,2,1,8,0,0,1,0,449,235,172,221,478,411,505,307,129,293,521,466,492,281,27,279,509,456,0,2,2,173,226,201,158,135,128,4,1,4,1,8,1,15,30,10,1,1,53,13,3,20,16,16,9,0,0,140,100,118,0,0,0,0,0,0,200,200,0,0,1,550,.306,20,5,1,26,46,0,0,0,0,0,0,0,0,0,0,0,0,0,0,0,0,0,0,0,0,0,0,101,130,123,89,83,82,1,.9302,1,3,0,0,0,0,0,0,0,0,0,0,0,1,0,0,0,0,0,0,0,0,0,0,0,0,272,simpsch01,simpsch01,simpso006cha,,0,13,eol
20448,0,13,Tampa Bay Rays,Major League Baseball,Englert,Mason,,59,1,11,1999,206,The United States,26056,Forney,4,193,205,3,1,12,245,480,6,1,89,183,45,225,85,87,94,188,49,236,92,90,92,187,48,233,90,89,5,0,0,9,6,11,10,9,105,429,446,442,464,374,442,4,6,1,47,109,45,7,3,50,38,43,42,0,0,3,3,10,200,0,0,0,0,0,0,0,0,0,1,550,.264,0,0,12,33,104,4,0,0,0,0,0,0,0,0,0,0,0,0,0,0,0,0,0,0,0,0,0,127,24,130,186,84,99,378,1.0758,320,327,387,387,233,0,432,0,0,0,0,0,0,263,319,319,188,0,357,0,0,0,0,0,0,0,377,englema01,englema01,engler000mas,,0,7,eol
20774,0,13,Tampa Bay Rays,Major League Baseball,Morel,Christopher,,24,24,6,1999,56,Dominican Republic,71389,Santiago,1,180,174,1,1,7,470,597,7,1,332,455,422,405,290,373,305,403,407,416,292,315,341,419,448,419,314,372,5,2,2,112,128,147,123,9,19,1,1,1,1,1,1,15,30,10,1,3,55,11,4,110,115,81,121,0,0,89,93,113,0,0,0,200,200,0,200,0,0,0,1,550,.224,24,2,17,54,153,5,0,0,0,0,0,0,0,0,0,0,0,0,0,0,0,0,0,0,0,0,0,114,116,167,3,11,57,1,.9756,1,3,0,0,0,0,0,0,0,0,0,0,0,1,0,0,0,0,0,0,0,0,0,0,0,0,273,morelch01,morelch01,morel-000chr,,0,11,eol
20782,0,13,Tampa Bay Rays,Major League Baseball,Gervase,Paul,,54,23,5,2000,206,The United States,24539,Fuquay-Varina,4,208,229,1,1,12,0,0,3,0,94,187,49,235,92,89,92,187,48,232,89,89,92,187,48,233,90,89,5,0,0,10,10,11,10,12,101,222,274,238,279,228,260,1,1,1,43,109,53,11,3,51,43,46,44,0,0,9,12,12,200,0,0,0,0,0,0,0,0,0,1,550,.305,0,0,27,77,97,1,0,0,0,0,0,0,0,0,0,0,0,0,0,0,0,0,0,0,0,0,0,79,99,122,94,198,84,351,.9799,290,199,286,0,0,0,0,380,0,0,0,0,0,157,201,0,0,0,0,289,0,0,0,0,0,0,300,gervapa01,gervapa01,gervas000pau,,0,11,eol
20834,0,13,Tampa Bay Rays,Major League Baseball,Pepiot,Ryan,,44,21,8,1997,206,The United States,17489,Carmel,4,191,216,1,1,11,499,499,6,0,95,191,50,237,95,91,91,186,47,232,88,88,92,187,48,233,90,89,5,0,0,9,7,11,10,11,75,408,324,373,384,387,352,6,5,0,141,101,41,13,3,50,35,42,41,0,0,4,18,10,200,0,0,0,0,0,0,0,0,0,1,550,.243,0,0,17,55,120,6,0,0,0,0,0,0,0,0,0,0,0,0,0,0,0,0,0,0,0,0,0,106,63,92,107,81,95,422,.6837,428,207,0,428,348,395,0,0,0,0,0,0,0,209,0,433,352,400,0,0,0,0,0,0,0,0,434,pepiory01,pepiory01,pepiot000rya,,0,13,eol
20841,0,13,Tampa Bay Rays,Major League Baseball,Bigge,Hunter,,43,12,6,1998,206,The United States,41977,Los Gatos,4,185,205,1,1,12,33,290,2,1,97,190,51,238,97,93,91,186,47,232,88,88,92,187,48,233,90,89,5,2,2,9,6,11,10,6,89,283,387,301,393,327,396,6,6,0,31,109,45,13,3,51,42,45,43,0,0,20,4,5,200,0,0,0,0,0,0,0,0,0,1,550,.267,0,0,24,47,118,6,0,0,0,0,0,0,0,0,0,0,0,0,0,0,0,0,0,0,0,0,0,54,110,84,87,114,115,417,1.0102,438,313,366,413,0,0,0,0,0,0,0,0,0,304,353,434,0,0,0,0,0,0,0,0,0,0,400,biggehu01,biggehu01,bigge-000hun,,0,13,eol
20846,0,13,Tampa Bay Rays,Major League Baseball,Boyle,Joe,,36,14,8,1999,206,The United States,56846,O'Fallon,4,201,240,1,1,11,227,446,6,2,96,190,51,243,96,92,91,186,47,230,88,88,92,187,48,233,90,89,5,1,1,9,8,11,10,8,117,437,227,445,244,454,233,10,6,1,118,109,43,13,3,50,37,43,42,0,0,13,17,4,200,0,0,0,0,0,0,0,0,0,1,550,.245,0,0,12,91,129,10,0,0,0,0,0,0,0,0,0,0,0,0,0,0,0,0,0,0,0,0,0,73,64,94,73,72,90,439,.9893,441,322,380,464,0,0,0,0,0,0,0,0,0,323,381,465,0,0,0,0,0,0,0,0,0,0,400,boylejo01,boylejo01,boyle-000joe,,0,13,eol
20853,0,13,Tampa Bay Rays,Major League Baseball,Williams,Carson,,7,25,6,2003,206,The United States,69896,San Diego,4,188,185,1,1,10,0,0,4,0,224,382,422,333,229,229,222,380,419,333,224,229,246,371,411,342,267,235,1,2,2,134,169,148,110,121,149,1,1,1,1,1,1,15,30,10,1,25,58,15,3,1,20,2,15,0,0,12,18,19,0,0,0,0,0,0,0,0,0,0,1,550,.196,17,2,19,36,175,1,0,0,0,0,0,0,0,0,0,0,0,0,0,0,0,0,0,0,0,0,0,116,77,102,169,124,115,1,.9302,1,3,0,0,0,0,0,0,0,0,0,0,0,1,0,0,0,0,0,0,0,0,0,0,0,0,279,willica02,willica02,willia017car,,0,15,eol
20858,0,13,Tampa Bay Rays,Major League Baseball,Palacios,Richie,,1,16,5,1997,206,The United States,12985,Brooklyn,1,178,181,2,1,4,364,364,4,0,412,294,306,486,394,426,420,301,314,500,405,430,398,344,334,451,429,359,6,1,1,138,149,210,135,31,19,4,1,4,1,8,1,15,30,10,1,1,53,10,4,107,106,62,115,0,0,105,116,129,0,0,0,200,0,0,100,0,200,0,1,550,.266,19,2,8,83,108,6,0,0,0,0,0,0,0,0,0,0,0,0,0,0,0,0,0,0,0,0,0,74,76,96,124,122,150,1,.9756,1,3,0,0,0,0,0,0,0,0,0,0,0,1,0,0,0,0,0,0,0,0,0,0,0,0,272,palacri01,palacri01,palaci000ric,,0,10,eol
20992,0,13,Tampa Bay Rays,Major League Baseball,Caminero,Junior,,13,5,7,2003,56,Dominican Republic,71432,Santo Domingo,1,185,220,1,1,5,344,344,5,0,382,360,461,288,442,309,362,420,479,342,424,291,374,397,466,328,426,315,2,0,0,73,62,159,115,8,3,4,1,4,1,8,1,15,30,10,1,22,53,12,4,104,91,133,71,0,0,3,18,17,0,0,0,0,200,0,0,0,0,0,1,550,.263,27,0,29,36,93,2,0,0,0,0,0,0,0,0,0,0,0,0,0,0,0,0,0,0,0,0,0,99,108,83,190,101,120,1,.9756,1,3,0,0,0,0,0,0,0,0,0,0,0,1,0,0,0,0,0,0,0,0,0,0,0,0,274,caminju01,caminju01,camine000jun,,0,12,eol
20997,0,13,Tampa Bay Rays,Major League Baseball,Aranda,Jonathan,,62,23,5,1998,124,Mexico,79944,Tijuana,5,183,209,2,1,3,471,516,7,0,503,327,360,429,338,586,467,390,420,413,369,522,442,384,405,426,356,498,9,0,0,18,24,11,55,7,11,1,1,1,1,1,1,15,30,10,1,23,55,13,3,67,43,71,103,0,0,13,5,15,0,0,200,0,0,0,0,0,0,0,1,550,.323,34,0,17,55,125,9,0,0,0,0,0,0,0,0,0,0,0,0,0,0,0,0,0,0,0,0,0,124,130,122,93,81,72,1,.9302,1,3,0,0,0,0,0,0,0,0,0,0,0,1,0,0,0,0,0,0,0,0,0,0,0,0,274,arandjo01,arandjo01,aranda000jon,,0,13,eol
21004,0,13,Tampa Bay Rays,Major League Baseball,Díaz,Yandy,,2,8,8,1991,49,Cuba,67852,Sagua la Grande,1,188,216,1,1,3,1376,1708,12,3,465,403,430,407,479,435,458,337,387,396,459,443,484,355,415,431,458,489,4,0,0,34,13,26,58,9,1,1,1,1,1,1,1,15,30,10,1,5,54,11,3,56,65,65,74,0,0,16,6,6,0,0,200,0,0,0,0,0,0,0,1,550,.301,29,1,15,50,71,4,0,0,0,0,0,0,0,0,0,0,0,0,0,0,0,0,0,0,0,0,0,117,117,147,129,31,34,1,.9302,1,3,0,0,0,0,0,0,0,0,0,0,0,1,0,0,0,0,0,0,0,0,0,0,0,0,274,diazya01,diazya01,diaz--000yan,,0,11,eol
19770,0,13,Tampa Bay Rays,Major League Baseball,Caballero,Jose,,72,30,8,1996,145,Panama,62478,Panama,5,175,185,1,1,4,323,523,3,2,407,440,329,480,294,479,386,447,268,420,346,419,387,410,303,418,346,420,6,1,1,146,250,207,160,154,128,106,276,116,284,1,23,15,30,10,34,30,67,16,2,134,101,118,120,0,0,104,100,128,0,0,0,200,200,200,0,0,200,0,1,550,.250,33,2,7,62,136,6,0,0,0,0,0,0,0,0,0,0,0,0,0,0,0,0,0,0,0,0,0,105,121,124,107,194,109,225,1.0285,3,0,0,0,200,200,0,0,0,0,0,0,0,0,0,0,3,3,0,0,0,0,0,0,0,0,359,cabaljo01,cabaljo01,caball003jos,,0,16,eol
19571,0,13,Tampa Bay Rays,Major League Baseball,Lowe,Josh,,15,2,2,1998,206,The United States,48242,Marietta,4,193,205,2,1,9,646,704,7,1,377,427,316,367,347,408,360,491,374,374,345,379,423,448,403,344,365,462,2,2,2,146,178,197,146,56,8,1,1,1,1,1,1,15,30,10,1,44,55,10,4,20,10,7,8,0,0,104,100,107,0,0,0,0,0,0,101,0,200,0,1,550,.241,31,4,12,44,132,2,0,0,0,0,0,0,0,0,0,0,0,0,0,0,0,0,0,0,0,0,0,87,129,128,114,105,115,1,.9756,1,3,0,0,0,0,0,0,0,0,0,0,0,1,0,0,0,0,0,0,0,0,0,0,0,0,277,lowejo01,lowejo01,lowe--000jos,,0,10,eol
19447,0,13,Tampa Bay Rays,Major League Baseball,Kim,Ha-seong,,7,17,10,1995,177,South Korea,61249,Bucheon,2,175,168,1,1,6,574,675,7,2,364,266,317,457,442,258,377,327,376,434,426,322,411,353,361,456,429,393,3,0,0,139,159,161,135,116,168,1,1,1,1,1,1,15,30,10,1,26,55,11,4,164,169,164,161,0,0,13,10,5,0,0,0,50,0,200,0,0,0,0,1,550,.244,18,3,12,64,91,3,0,0,0,0,0,0,0,0,0,0,0,0,0,0,0,0,0,0,0,0,0,175,105,105,119,72,111,1,.9756,1,3,0,0,0,0,0,0,0,0,0,0,0,1,0,0,0,0,0,0,0,0,0,0,0,0,272,kimha01,kimha01,kim---001ha-,,0,11,eol
19931,0,13,Tampa Bay Rays,Major League Baseball,Rasmussen,Drew,,57,27,7,1995,206,The United States,61642,Puyallup,4,185,209,1,1,11,843,962,9,2,95,190,50,236,94,91,92,186,48,232,89,89,97,177,48,230,94,97,5,0,0,28,9,11,47,12,8,375,435,407,449,421,452,5,3,1,117,91,55,13,3,50,35,42,41,0,0,13,6,20,200,0,0,0,0,0,0,0,0,0,1,550,.235,0,0,12,36,104,5,0,0,0,0,0,0,0,0,0,0,0,0,0,0,0,0,0,0,0,0,0,55,94,117,79,124,93,379,.7822,369,191,324,324,0,270,363,0,0,0,0,0,0,184,313,313,0,255,349,0,0,0,0,0,0,0,460,rasmudr01,rasmudr01,rasmus000dre,,0,13,eol
20392,0,13,Tampa Bay Rays,Major League Baseball,Lowe,Brandon,,8,6,7,1994,206,The United States,55288,Newport News,4,178,185,2,1,4,1193,1404,10,2,346,419,465,321,329,367,383,359,446,371,357,409,357,426,460,421,347,371,3,3,2,75,45,136,82,8,4,1,1,1,1,1,1,15,30,10,1,26,58,12,3,122,117,73,180,0,0,14,18,8,0,0,97,200,0,0,0,0,0,0,1,550,.262,24,1,25,41,130,3,0,0,0,0,0,0,0,0,0,0,0,0,0,0,0,0,0,0,0,0,0,108,60,176,103,88,81,1,.9302,1,3,0,0,0,0,0,0,0,0,0,0,0,1,0,0,0,0,0,0,0,0,0,0,0,0,276,lowebr01,lowebr01,lowe--001bra,,0,12,eol
19986,0,13,Tampa Bay Rays,Major League Baseball,Seymour,Bob,,41,7,10,1998,206,The United States,69070,St. John,4,191,249,2,1,3,0,0,3,0,339,305,290,310,250,407,348,311,307,322,269,412,325,325,330,337,304,348,5,3,2,93,41,172,81,7,16,1,1,1,1,1,1,15,30,10,1,18,54,12,3,56,43,51,56,0,0,15,12,8,0,0,200,0,0,0,0,0,0,0,1,550,.227,17,1,8,33,162,5,0,0,0,0,0,0,0,0,0,0,0,0,0,0,0,0,0,0,0,0,0,98,107,107,81,87,101,1,.9302,1,3,0,0,0,0,0,0,0,0,0,0,0,1,0,0,0,0,0,0,0,0,0,0,0,0,275,seymobo01,seymobo01,seymou000bob,,0,12,eol
20561,0,13,Tampa Bay Rays,Major League Baseball,Gerber,Joey,,55,3,5,1997,206,The United States,47925,Maple Grove,4,193,212,1,1,12,5,278,3,2,94,190,50,237,92,90,92,186,48,231,89,88,92,187,48,233,90,89,5,0,0,18,7,11,27,9,107,231,339,301,362,384,387,6,6,5,47,109,50,12,2,51,43,46,44,0,0,10,4,6,200,0,0,0,0,0,0,0,0,0,1,550,.287,0,0,24,57,82,6,0,0,0,0,0,0,0,0,0,0,0,0,0,0,0,0,0,0,0,0,0,200,59,126,72,106,85,292,1.0496,281,164,310,0,0,0,0,0,0,0,0,0,0,159,299,0,0,0,0,0,0,0,0,0,0,0,400,gerbejo01,gerbejo01,gerber000joe,,0,12,eol
20656,0,13,Tampa Bay Rays,Major League Baseball,Acton,Garrett,,54,15,6,1998,206,The United States,44759,Lemont,4,188,209,2,1,12,3,199,5,2,90,184,46,230,86,88,94,188,48,234,92,90,92,187,48,233,90,89,5,1,1,9,7,11,10,10,4,381,221,376,219,316,235,6,6,5,34,109,35,17,3,51,44,46,44,0,0,4,18,10,200,0,0,0,0,0,0,0,0,0,1,550,.294,0,0,21,96,66,6,0,0,0,0,0,0,0,0,0,0,0,0,0,0,0,0,0,0,0,0,0,186,97,103,90,65,114,243,1.0000,267,182,0,216,0,0,0,0,0,0,0,0,0,199,0,241,0,0,0,0,0,0,0,0,0,0,391,actonga01,actonga01,acton-000gar,,0,17,eol
19764,0,13,Tampa Bay Rays,Major League Baseball,Cleavinger,Garrett,,60,23,4,1994,206,The United States,44160,Lawrence,4,185,218,1,2,12,856,981,7,3,96,190,51,242,96,92,91,187,47,230,88,87,102,284,48,232,91,111,5,1,1,34,10,11,58,12,21,407,360,372,354,395,334,12,3,0,32,109,47,14,2,50,36,42,41,0,0,15,3,15,200,0,0,0,0,0,0,0,0,0,1,550,.227,0,0,15,56,153,12,0,0,0,0,0,0,0,0,0,0,0,0,0,0,0,0,0,0,0,0,0,84,89,79,87,99,91,487,1.0190,482,390,329,435,0,0,435,0,0,0,0,0,0,365,312,448,0,0,412,0,0,0,0,0,0,0,428,cleavga01,cleavga01,cleavi000gar,,0,14,eol
19783,0,13,Tampa Bay Rays,Major League Baseball,DeLuca,Jonny,,21,10,7,1998,206,The United States,469,Agoura Hills,4,183,201,1,1,8,196,371,6,2,394,411,211,283,400,392,427,416,263,328,417,432,399,389,306,335,417,378,4,1,1,182,195,184,138,109,12,1,1,1,1,1,1,15,30,10,1,34,56,14,4,4,10,12,2,0,0,140,100,118,0,0,0,0,0,0,68,200,200,0,1,550,.263,22,12,6,33,102,4,0,0,0,0,0,0,0,0,0,0,0,0,0,0,0,0,0,0,0,0,0,89,104,72,71,118,89,1,.9756,1,3,0,0,0,0,0,0,0,0,0,0,0,1,0,0,0,0,0,0,0,0,0,0,0,0,275,delucjo01,delucjo01,deluca000jon,,0,14,eol
19847,0,13,Tampa Bay Rays,Major League Baseball,Mangum,Jake,,28,8,3,1996,206,The United States,63362,Pearl,4,183,190,3,2,7,0,0,4,0,459,252,215,217,472,432,492,318,168,288,465,498,485,297,186,273,465,485,2,1,1,129,186,182,148,82,10,1,1,1,1,1,1,15,30,10,1,38,58,14,3,2,9,12,20,0,0,100,93,113,0,0,0,0,0,0,200,200,200,0,1,550,.309,25,1,3,26,69,2,0,0,0,0,0,0,0,0,0,0,0,0,0,0,0,0,0,0,0,0,0,8,149,82,159,143,110,1,1.0750,1,3,0,0,0,0,0,0,0,0,0,0,0,1,0,0,0,0,0,0,0,0,0,0,0,0,274,manguja01,manguja01,mangum000jak,,0,14,eol
20457,0,13,Tampa Bay Rays,Major League Baseball,Kelly,Kevin,,49,28,11,1997,206,The United States,75719,Springfield,4,188,201,1,1,12,275,378,4,2,95,189,50,236,94,91,91,186,47,232,88,88,92,187,48,233,90,89,5,0,0,9,6,11,10,11,68,231,508,296,512,381,494,5,3,2,34,109,58,10,2,51,38,43,42,0,0,4,17,13,200,0,0,0,0,0,0,0,0,0,1,550,.269,0,0,21,22,98,5,0,0,0,0,0,0,0,0,0,0,0,0,0,0,0,0,0,0,0,0,0,86,104,89,108,101,80,355,.9226,360,0,311,0,0,382,183,0,0,0,0,0,0,0,317,0,0,390,186,0,0,0,0,0,0,0,413,kellyke02,kellyke02,kelly-004kev,,0,10,eol
20495,0,13,Tampa Bay Rays,Major League Baseball,Littell,Zack,,52,5,10,1995,206,The United States,49265,Mebane,4,193,220,1,1,11,1192,1390,9,1,96,191,51,242,96,91,91,186,47,230,88,88,105,170,48,230,89,119,5,0,0,13,6,11,18,7,84,376,472,359,511,388,487,5,2,0,153,117,42,11,3,50,35,42,41,0,0,5,15,4,200,0,0,0,0,0,0,0,0,0,1,550,.268,0,0,19,25,85,5,0,0,0,0,0,0,0,0,0,0,0,0,0,0,0,0,0,0,0,0,0,121,100,91,12,18,75,300,.9350,324,168,223,0,0,0,0,345,0,0,0,0,0,198,284,0,0,0,0,377,0,0,0,0,0,0,424,litteza01,litteza01,littel000zac,,0,11,eol
20063,0,13,Tampa Bay Rays,Major League Baseball,Pereira,Everson,,45,10,4,2001,210,Venezuela,16306,Cabudare,5,180,192,1,1,8,28,28,4,0,193,327,400,398,231,169,200,305,366,411,262,153,233,364,304,393,253,222,2,0,0,146,119,190,139,11,17,1,1,1,1,1,1,15,30,10,1,34,59,13,3,13,14,9,7,0,0,140,100,118,0,0,0,0,0,0,0,200,75,0,1,550,.177,12,2,13,52,165,2,0,0,0,0,0,0,0,0,0,0,0,0,0,0,0,0,0,0,0,0,0,88,96,141,73,75,91,1,.9302,1,3,0,0,0,0,0,0,0,0,0,0,0,1,0,0,0,0,0,0,0,0,0,0,0,0,277,pereiev01,pereiev01,pereir000eve,,0,13,eol
20439,0,13,Tampa Bay Rays,Major League Baseball,Gray,Tristan,,10,22,3,1996,206,The United States,50731,Missouri City,4,185,214,2,1,4,208,329,6,1,315,446,372,364,345,282,322,452,385,375,355,289,312,418,390,370,341,277,2,2,2,31,7,11,53,121,17,1,1,1,1,1,1,15,30,10,1,5,54,13,4,104,95,81,109,0,0,1,14,2,0,0,84,200,200,0,0,0,0,0,1,550,.222,29,1,13,44,129,2,0,0,0,0,0,0,0,0,0,0,0,0,0,0,0,0,0,0,0,0,0,36,124,22,119,75,119,1,.9756,1,3,0,0,0,0,0,0,0,0,0,0,0,1,0,0,0,0,0,0,0,0,0,0,0,0,273,graytr01,graytr01,gray--000tri,,0,13,eol
20847,0,13,Tampa Bay Rays,Major League Baseball,Seabold,Connor,,41,24,1,1996,206,The United States,43103,Laguna Hills,4,188,190,1,1,12,362,610,4,2,96,192,51,239,96,93,91,186,46,231,88,88,92,187,48,233,90,89,5,0,0,29,8,11,50,14,73,464,282,479,310,403,415,1,6,1,45,109,30,9,3,51,42,45,43,0,0,10,20,7,200,0,0,0,0,0,0,0,0,0,1,550,.285,0,0,14,69,97,1,0,0,0,0,0,0,0,0,0,0,0,0,0,0,0,0,0,0,0,0,0,122,147,120,108,172,101,350,.9274,292,299,299,346,346,0,0,0,0,0,0,0,0,210,210,304,258,0,0,0,0,0,0,0,0,0,315,seaboco01,seaboco01,seabol000con,,0,9,eol
20933,0,13,Tampa Bay Rays,Major League Baseball,Rortvedt,Ben,,30,25,9,1997,206,The United States,85133,Verona,4,175,192,2,1,2,397,552,4,2,317,329,197,423,368,253,332,339,212,431,392,263,316,319,279,433,367,249,7,2,2,25,6,31,75,164,4,256,12,287,13,131,15,15,30,10,49,8,35,18,4,11,9,6,4,74,99,14,13,14,0,200,0,0,0,0,0,0,0,0,1,550,.210,20,0,4,60,115,7,0,0,0,0,0,0,0,0,0,0,0,0,0,0,0,0,0,0,0,0,0,123,71,97,89,88,120,23,.9926,24,22,14,0,0,0,0,0,0,0,0,0,0,21,17,0,0,0,0,0,0,0,0,0,0,0,342,rortvbe01,rortvbe01,rortve000ben,,104,18,eol
// Toronto Blue Jays, ID = 15
18949,0,15,Toronto Blue Jays,Major League Baseball,Gausman,Kevin,Gausy,34,6,1,1991,206,The United States,18170,Centennial,4,188,205,2,1,11,2052,2323,15,2,86,181,43,218,82,85,95,189,49,238,93,91,120,87,52,274,93,150,5,0,0,9,7,11,10,7,81,454,415,435,435,433,423,2,1,2,161,104,41,11,3,50,54,48,41,0,0,1,11,8,200,0,0,0,0,0,0,0,0,0,1,550,.253,0,0,12,39,110,2,0,0,0,0,0,0,0,0,0,0,0,0,0,0,0,0,0,0,0,0,0,158,15,195,129,118,21,400,1.1623,413,200,338,0,382,0,417,288,0,0,0,0,0,208,350,0,398,0,430,302,0,0,0,0,0,0,407,gausmke01,gausmke01,gausma001kev,,0,11,eol
20150,0,15,Toronto Blue Jays,Major League Baseball,Lucas,Easton,,62,23,9,1996,206,The United States,79767,Thousand Oaks,4,193,179,2,2,12,200,288,6,2,91,185,46,226,87,88,94,188,48,235,91,90,92,187,48,233,90,89,5,2,2,10,9,11,10,6,38,369,291,356,284,385,279,2,5,0,42,109,43,13,3,51,40,44,43,0,0,15,7,20,200,0,0,0,0,0,0,0,0,0,1,550,.270,0,0,19,74,100,2,0,0,0,0,0,0,0,0,0,0,0,0,0,0,0,0,0,0,0,0,0,125,59,197,130,118,106,361,.9682,359,169,226,0,0,283,0,320,0,0,0,0,0,168,224,0,0,280,0,318,0,0,0,0,0,0,400,lucasea01,lucasea01,lucas-000eas,,0,13,eol
20431,0,15,Toronto Blue Jays,Major League Baseball,Barger,Addison,,47,12,11,1999,206,The United States,79724,Thonotosassa,4,183,205,2,1,5,162,213,4,1,376,463,464,318,367,389,352,524,409,349,383,326,349,509,417,343,377,325,3,0,0,74,49,152,107,10,9,1,1,1,1,1,1,15,30,10,1,45,58,11,3,104,91,133,71,0,0,104,100,128,0,0,0,0,200,0,0,0,200,0,1,550,.247,38,1,19,38,118,3,0,0,0,0,0,0,0,0,0,0,0,0,0,0,0,0,0,0,0,0,0,76,110,35,118,86,100,1,.9302,1,3,0,0,0,0,0,0,0,0,0,0,0,1,0,0,0,0,0,0,0,0,0,0,0,0,277,bargead01,bargead01,barger000add,,0,11,eol
20436,0,15,Toronto Blue Jays,Major League Baseball,Schneider,Davis,,36,26,1,1999,206,The United States,8811,Berlin,4,175,190,1,1,4,270,383,6,1,253,395,418,500,236,276,320,374,424,499,307,334,327,471,424,490,291,362,5,2,2,89,66,155,129,8,9,1,1,1,1,1,1,15,30,10,1,2,55,11,3,104,95,59,109,0,0,89,93,113,0,0,0,200,0,0,200,0,0,0,1,550,.226,22,1,19,85,151,5,0,0,0,0,0,0,0,0,0,0,0,0,0,0,0,0,0,0,0,0,0,83,99,100,99,99,101,1,.9302,1,3,0,0,0,0,0,0,0,0,0,0,0,1,0,0,0,0,0,0,0,0,0,0,0,0,272,schneda03,schneda03,schnei000dav,,0,11,eol
20441,0,15,Toronto Blue Jays,Major League Baseball,Lukes,Nathan,,38,12,7,1994,206,The United States,60505,Portland,4,180,185,2,1,9,334,461,6,1,423,434,322,359,444,401,417,384,383,419,482,335,420,415,353,418,465,367,2,1,1,104,81,102,90,190,11,1,1,1,1,1,1,15,30,10,1,27,54,15,3,19,18,9,3,0,0,104,100,128,0,0,0,0,0,0,200,200,200,0,1,550,.267,27,5,12,53,66,2,0,0,0,0,0,0,0,0,0,0,0,0,0,0,0,0,0,0,0,0,0,30,118,34,107,120,113,1,.9302,1,3,0,0,0,0,0,0,0,0,0,0,0,1,0,0,0,0,0,0,0,0,0,0,0,0,272,lukesna01,lukesna01,lukes-000nat,,0,15,eol
20515,0,15,Toronto Blue Jays,Major League Baseball,Fluharty,Mason,,68,13,8,2001,206,The United States,50415,Milton,4,188,216,1,2,12,0,0,3,0,94,187,49,234,92,90,92,187,48,233,89,89,92,187,48,233,90,89,5,0,0,17,7,11,26,7,71,430,347,408,336,416,310,6,3,1,33,109,44,11,4,50,37,43,42,0,0,14,4,3,200,0,0,0,0,0,0,0,0,0,1,550,.247,0,0,14,60,130,6,0,0,0,0,0,0,0,0,0,0,0,0,0,0,0,0,0,0,0,0,0,85,96,199,72,86,85,442,.9908,447,0,467,0,0,324,0,0,0,0,0,0,0,0,474,0,0,328,0,0,0,0,0,0,0,0,400,fluhama01,fluhama01,fluhar000mas,,0,11,eol
20801,0,15,Toronto Blue Jays,Major League Baseball,Estrada,Lazaro,,60,24,4,1999,49,Cuba,31031,Havana,5,178,181,1,1,12,0,0,2,0,95,189,50,237,94,91,92,186,48,232,89,88,92,187,48,233,90,89,5,0,0,21,6,11,34,9,6,284,417,304,421,278,337,6,6,5,48,109,50,12,3,51,43,46,44,0,0,9,16,7,200,0,0,0,0,0,0,0,0,0,1,550,.268,0,0,21,41,110,6,0,0,0,0,0,0,0,0,0,0,0,0,0,0,0,0,0,0,0,0,0,123,100,90,81,104,114,401,.9894,319,223,316,0,0,0,0,418,0,0,0,0,0,171,229,0,0,0,0,323,0,0,0,0,0,0,400,estrala01,estrala01,estrad001laz,,0,12,eol
20966,0,15,Toronto Blue Jays,Major League Baseball,Wagner,Will,,7,29,7,1998,206,The United States,15774,Crozet,4,180,209,2,1,5,66,336,5,2,414,385,164,437,417,411,425,394,174,432,429,417,436,394,219,415,429,434,5,2,2,25,13,31,71,113,18,1,1,1,1,1,1,15,30,10,1,50,57,12,3,109,112,86,119,0,0,13,2,4,0,0,150,200,200,0,0,0,0,0,1,550,.260,32,0,2,61,94,5,0,0,0,0,0,0,0,0,0,0,0,0,0,0,0,0,0,0,0,0,0,133,117,121,127,86,96,1,.9302,1,3,0,0,0,0,0,0,0,0,0,0,0,1,0,0,0,0,0,0,0,0,0,0,0,0,274,wagnewi01,wagnewi01,wagner008wil,,0,12,eol
20337,0,15,Toronto Blue Jays,Major League Baseball,Gimenez,Andres,,17,4,9,1998,210,Venezuela,7279,Barquisimeto,5,180,161,2,1,4,809,1156,6,3,400,343,298,291,469,309,374,309,302,324,440,290,449,380,393,312,424,459,13,1,1,121,152,170,121,107,6,1,1,1,1,1,1,15,30,10,1,34,59,12,4,187,159,124,152,0,0,13,17,5,0,0,0,200,0,0,0,0,0,0,1,550,.240,19,1,8,33,81,13,0,0,0,0,0,0,0,0,0,0,0,0,0,0,0,0,0,0,0,0,0,113,104,33,104,102,61,1,.9756,1,3,0,0,0,0,0,0,0,0,0,0,0,1,0,0,0,0,0,0,0,0,0,0,0,0,277,gimenan01,gimenan01,gimene000and,,0,12,eol
20775,0,15,Toronto Blue Jays,Major League Baseball,Roden,Alan,,18,22,12,1999,206,The United States,50114,Middleton,4,180,216,2,1,7,0,0,2,0,308,456,252,310,362,238,319,464,270,317,378,245,313,419,315,332,366,245,19,2,2,116,81,115,111,49,14,1,1,1,1,1,1,15,30,10,1,2,58,10,3,6,14,18,4,0,0,89,93,113,0,0,0,0,0,0,200,0,200,0,1,550,.207,25,5,6,33,120,19,0,0,0,0,0,0,0,0,0,0,0,0,0,0,0,0,0,0,0,0,0,128,94,106,105,84,75,1,.9302,1,3,0,0,0,0,0,0,0,0,0,0,0,1,0,0,0,0,0,0,0,0,0,0,0,0,276,rodenal01,rodenal01,roden-000ala,,0,10,eol
21019,0,15,Toronto Blue Jays,Major League Baseball,Jimenez,Leo,,49,17,5,2001,145,Panama,13457,Chitré,5,178,216,1,1,4,22,172,4,1,295,469,311,377,294,300,294,421,356,326,337,235,337,437,341,343,325,353,29,2,2,23,7,11,78,118,5,1,1,1,1,1,1,15,30,10,1,33,54,13,4,138,122,129,128,0,0,9,19,5,0,0,0,144,0,200,0,0,0,0,1,550,.206,26,0,11,37,139,29,0,0,0,0,0,0,0,0,0,0,0,0,0,0,0,0,0,0,0,0,0,112,120,115,174,106,78,1,.9756,1,3,0,0,0,0,0,0,0,0,0,0,0,1,0,0,0,0,0,0,0,0,0,0,0,0,271,jimenle01,jimenle01,jimene003leo,,0,13,eol
20681,0,15,Toronto Blue Jays,Major League Baseball,Santander,Anthony,Agua Blanca,25,19,10,1994,210,Venezuela,92926,Agua Blanca,5,188,229,3,1,9,1269,1269,11,0,271,429,437,448,360,153,303,372,454,415,402,165,342,455,469,404,416,248,4,3,2,45,6,31,55,6,3,1,1,1,1,1,1,15,30,10,1,37,58,11,3,15,7,14,9,0,0,119,149,122,0,0,0,0,0,0,0,0,200,0,1,550,.216,20,1,24,58,113,4,0,0,0,0,0,0,0,0,0,0,0,0,0,0,0,0,0,0,0,0,0,119,14,113,102,78,120,1,.9302,1,3,0,0,0,0,0,0,0,0,0,0,0,1,0,0,0,0,0,0,0,0,0,0,0,0,279,santaan02,santaan02,santan000ant,,0,11,eol
19946,0,15,Toronto Blue Jays,Major League Baseball,Hoffman,Jeff,,23,8,1,1993,206,The United States,92751,Latham,4,196,227,1,1,13,1548,1862,12,2,94,188,49,236,92,90,92,186,47,233,89,89,108,184,51,196,110,105,5,0,0,9,8,11,10,15,120,338,395,360,372,389,341,8,6,0,33,107,42,13,3,50,35,42,41,0,0,10,1,7,200,0,0,0,0,0,0,0,0,0,1,550,.238,0,0,20,49,147,8,0,0,0,0,0,0,0,0,0,0,0,0,0,0,0,0,0,0,0,0,0,92,116,74,124,73,78,476,.9402,426,224,373,318,420,0,0,457,0,0,0,0,0,205,345,297,391,0,0,425,0,0,0,0,0,0,424,hoffmje02,hoffmje02,hoffma002jef,,0,13,eol
19958,0,15,Toronto Blue Jays,Major League Baseball,Kirk,Alejandro,,30,6,11,1998,124,Mexico,79944,Tijuana,5,175,245,1,1,2,844,1072,8,2,451,360,318,445,472,420,435,307,375,409,486,373,453,280,388,451,490,409,1,2,2,25,10,31,55,6,2,4,1,4,1,8,1,15,30,10,1,39,53,14,3,17,15,2,15,116,120,10,9,5,0,200,0,0,0,0,0,0,0,0,1,550,.280,24,0,12,56,60,1,0,0,0,0,0,0,0,0,0,0,0,0,0,0,0,0,0,0,0,0,0,94,122,110,122,32,120,1,.9302,1,3,0,0,0,0,0,0,0,0,0,0,0,1,0,0,0,0,0,0,0,0,0,0,0,0,271,kirkal01,kirkal01,kirk--000ale,,105,14,eol
18962,0,15,Toronto Blue Jays,Major League Baseball,Sandlin,Nick,,52,10,1,1997,206,The United States,24308,Evans,4,180,174,1,1,12,564,831,8,2,95,190,49,237,94,90,92,186,47,232,89,88,92,187,48,233,90,89,5,0,0,21,9,11,33,7,14,317,300,351,305,376,295,12,5,0,29,101,44,15,2,51,42,45,43,0,0,9,13,7,200,0,0,0,0,0,0,0,0,0,1,550,.229,0,0,21,69,131,12,0,0,0,0,0,0,0,0,0,0,0,0,0,0,0,0,0,0,0,0,0,72,95,126,87,192,113,443,.9516,459,0,355,0,436,0,305,0,0,0,0,0,0,0,367,0,450,0,314,0,0,0,0,0,0,0,474,sandlni01,sandlni01,sandli000nic,,0,15,eol
19757,0,15,Toronto Blue Jays,Major League Baseball,Rodriguez,Yariel,,29,10,3,1997,49,Cuba,16758,Camagüey,4,185,214,1,1,12,168,168,3,0,94,188,49,233,92,90,92,187,48,233,89,89,92,187,48,233,90,89,5,0,0,9,6,11,10,14,96,412,281,417,319,411,301,10,3,4,51,109,44,12,3,50,35,42,41,0,0,16,5,2,200,0,0,0,0,0,0,0,0,0,1,550,.241,0,0,14,68,112,10,0,0,0,0,0,0,0,0,0,0,0,0,0,0,0,0,0,0,0,0,0,26,171,4,189,62,73,406,1.2900,409,323,269,362,0,191,0,401,0,0,0,0,0,326,272,366,0,192,0,404,0,0,0,0,0,0,440,rodriya01,rodriya01,rodrig000yar,,0,12,eol
20483,0,15,Toronto Blue Jays,Major League Baseball,Francis,Bowden,,44,22,4,1996,206,The United States,78226,Tallahassee,4,196,225,1,1,11,414,654,6,1,96,190,51,237,97,92,91,186,47,232,88,87,92,187,48,233,90,89,5,1,1,11,10,11,13,8,86,296,358,325,407,348,416,12,4,1,133,109,38,12,3,50,35,42,41,0,0,3,3,5,200,0,0,0,0,0,0,0,0,0,1,550,.260,0,0,27,47,97,12,0,0,0,0,0,0,0,0,0,0,0,0,0,0,0,0,0,0,0,0,0,89,121,101,113,112,121,349,1.3170,370,177,368,242,0,0,0,335,0,0,0,0,0,191,401,269,0,0,0,362,0,0,0,0,0,0,455,francbo01,francbo01,franci000bow,,0,12,eol
20558,0,15,Toronto Blue Jays,Major League Baseball,Lovelady,Richard,,57,7,7,1995,206,The United States,31964,Hinesville,4,183,185,2,2,12,713,795,8,0,88,184,45,222,84,86,94,188,49,236,92,90,92,187,48,233,90,89,5,0,0,22,7,11,35,15,78,330,371,304,361,392,378,12,2,1,35,109,60,10,3,51,42,45,43,0,0,15,15,19,200,0,0,0,0,0,0,0,0,0,1,550,.273,0,0,17,54,95,12,0,0,0,0,0,0,0,0,0,0,0,0,0,0,0,0,0,0,0,0,0,100,126,88,112,83,40,343,1.0514,372,342,167,0,0,0,275,0,0,0,0,0,0,395,188,0,0,0,319,0,0,0,0,0,0,0,385,lovelri01,lovelri01,lovela000ric,,0,10,eol
18856,0,15,Toronto Blue Jays,Major League Baseball,Burr,Ryan,,43,28,5,1994,206,The United States,31823,Highlands Ranch,4,193,220,1,1,12,693,1040,8,3,96,192,51,244,97,92,91,186,47,229,88,88,92,187,48,233,90,89,5,0,0,27,9,11,44,14,41,443,357,450,360,398,302,4,1,1,22,109,41,13,4,51,44,46,44,0,0,2,17,2,200,0,0,0,0,0,0,0,0,0,1,550,.246,0,0,12,55,161,4,0,0,0,0,0,0,0,0,0,0,0,0,0,0,0,0,0,0,0,0,0,85,71,77,113,145,110,502,.9780,423,412,254,0,0,0,0,505,0,0,0,0,0,337,200,0,0,0,0,417,0,0,0,0,0,0,310,burrry01,burrry01,burr--000rya,,0,13,eol
20259,0,15,Toronto Blue Jays,Major League Baseball,Loperfido,Joey,Mario,10,11,5,1999,206,The United States,30196,Haddonfield,4,191,220,2,1,7,49,282,4,1,412,379,315,320,303,483,453,405,372,255,292,539,423,442,337,294,283,507,10,3,2,123,128,128,90,125,179,4,1,4,1,8,1,15,30,10,1,31,53,13,3,16,1,1,12,0,0,89,93,113,0,0,0,0,0,0,200,200,200,0,1,550,.292,28,7,12,27,150,10,0,0,0,0,0,0,0,0,0,0,0,0,0,0,0,0,0,0,0,0,0,115,112,131,87,108,133,1,.9302,1,3,0,0,0,0,0,0,0,0,0,0,0,1,0,0,0,0,0,0,0,0,0,0,0,0,276,loperjo01,loperjo01,loperf000joe,,0,13,eol
20528,0,15,Toronto Blue Jays,Major League Baseball,Yesavage,Trey,,39,28,7,2003,206,The United States,11188,Boyertown,4,193,225,1,1,11,0,0,2,0,94,187,48,233,91,90,92,187,48,233,90,89,92,187,48,233,90,89,5,2,0,23,9,11,37,13,1,428,288,435,291,356,286,1,1,0,125,109,50,13,3,51,42,45,43,0,0,7,10,15,200,0,0,0,0,0,0,0,0,0,1,550,.260,0,0,11,73,100,1,0,0,0,0,0,0,0,0,0,0,0,0,0,0,0,0,0,0,0,0,0,113,186,118,121,110,81,362,1.0215,308,282,282,333,0,0,0,333,0,0,0,0,0,209,209,303,0,0,0,257,0,0,0,0,0,0,400,yesavtr01,yesavtr01,yesava000tre,,0,13,eol
20742,0,15,Toronto Blue Jays,Major League Baseball,Berrios,Jose,La Maquina,17,27,5,1994,151,Puerto Rico,7740,Bayamón,5,183,205,1,1,11,1529,1529,12,0,94,189,49,237,93,90,92,186,47,231,89,89,95,167,49,241,91,94,5,0,0,32,6,11,57,14,79,370,353,324,418,380,412,7,1,1,156,112,49,10,3,67,47,51,41,0,0,14,14,9,200,0,0,0,0,0,0,0,0,0,1,550,.261,0,0,18,45,93,7,0,0,0,0,0,0,0,0,0,0,0,0,0,0,0,0,0,0,0,0,0,62,130,100,166,104,93,335,.6660,389,298,252,0,298,298,159,0,0,0,0,0,0,363,311,0,363,410,217,0,0,0,0,0,0,0,427,berrijo01,berrijo01,berrio000jos,,0,10,eol
21015,0,15,Toronto Blue Jays,Major League Baseball,Scherzer,Max,Blue Eye,31,27,7,1984,206,The United States,69095,St. Louis,4,191,207,1,1,11,2837,2837,18,0,94,158,63,281,73,111,91,196,43,217,95,81,251,133,119,201,276,236,5,2,2,9,6,11,10,12,91,363,419,374,449,447,430,3,4,0,133,106,34,15,3,47,46,44,41,0,0,8,18,17,200,0,0,0,0,0,0,0,0,0,1,550,.263,0,0,23,37,106,3,0,0,0,0,0,0,0,0,0,0,0,0,0,0,0,0,0,0,0,0,0,126,106,130,24,12,86,386,1.2495,478,180,247,341,307,374,0,0,0,0,0,0,0,230,324,428,383,467,0,0,0,0,0,0,0,0,422,scherma01,scherma01,scherz001max,,0,15,eol
19907,0,15,Toronto Blue Jays,Major League Baseball,Fisher,Braydon,,63,26,7,2000,206,The United States,44514,League City,4,193,181,1,1,12,0,0,1,0,93,187,48,233,91,89,92,187,48,233,90,89,92,187,48,233,90,89,5,2,2,15,9,11,21,9,40,474,354,484,357,481,350,9,1,0,31,109,40,11,4,50,37,43,42,0,0,15,7,17,200,0,0,0,0,0,0,0,0,0,1,550,.231,0,0,9,55,150,9,0,0,0,0,0,0,0,0,0,0,0,0,0,0,0,0,0,0,0,0,0,179,96,95,94,83,97,480,1.0236,487,509,416,416,0,0,0,0,0,0,0,0,0,514,356,420,0,0,0,0,0,0,0,0,0,0,400,fishebr02,fishebr02,fisher003bra,,0,11,eol
19911,0,15,Toronto Blue Jays,Major League Baseball,Garcia,Yimi,,93,18,8,1990,56,Dominican Republic,50912,Moca,5,185,225,1,1,12,1603,1898,13,3,94,189,49,236,93,90,92,186,48,232,89,89,89,187,48,231,92,79,5,1,1,9,7,11,10,7,106,416,323,438,354,406,441,7,6,1,34,110,38,11,3,51,41,45,43,0,0,11,12,13,200,0,0,0,0,0,0,0,0,0,1,550,.224,0,0,15,59,148,7,0,0,0,0,0,0,0,0,0,0,0,0,0,0,0,0,0,0,0,0,0,175,26,128,74,100,24,477,.8510,442,222,371,0,454,417,0,0,0,0,0,0,0,209,350,0,431,398,0,0,0,0,0,0,0,0,440,garciyi01,garciyi01,garcia001yim,,0,11,eol
19928,0,15,Toronto Blue Jays,Major League Baseball,Guerrero Jr.,Vladimir,,27,16,3,1999,36,Canada,51650,Montreal,1,188,245,1,1,3,1032,1223,9,1,436,426,419,446,448,419,476,368,416,436,472,461,464,371,470,444,460,450,4,2,2,55,39,130,98,8,19,1,1,1,1,1,1,15,30,10,1,39,58,11,4,56,28,50,67,0,0,7,5,3,0,0,200,0,0,0,0,0,0,0,1,550,.310,34,0,18,63,70,4,0,0,0,0,0,0,0,0,0,0,0,0,0,0,0,0,0,0,0,0,0,21,132,17,118,86,96,1,.9756,1,3,0,0,0,0,0,0,0,0,0,0,0,1,0,0,0,0,0,0,0,0,0,0,0,0,279,guerrvl02,guerrvl02,guerre002vla,,0,11,eol
19936,0,15,Toronto Blue Jays,Major League Baseball,Heineman,Tyler,,55,19,6,1991,206,The United States,41955,Los Angeles,4,178,205,3,1,2,765,765,6,0,479,327,252,427,457,480,454,390,318,369,409,480,411,369,215,385,453,360,18,0,0,100,35,171,77,200,5,410,391,412,392,412,358,12,1,1,36,17,31,14,3,8,11,13,6,74,99,11,1,3,0,200,0,0,0,0,0,0,0,0,1,550,.297,28,4,8,48,97,18,0,0,0,0,0,0,0,0,0,0,0,0,0,0,0,0,0,0,0,0,0,111,123,105,79,27,91,179,.9972,207,142,0,0,0,0,0,142,0,0,0,0,0,165,0,0,0,0,0,166,0,0,0,0,0,0,397,heinety01,heinety01,heinem000tyl,,184,14,eol
19073,0,15,Toronto Blue Jays,Major League Baseball,Turnbull,Spencer,,12,18,9,1992,206,The United States,20104,Demopolis,4,191,216,1,1,11,870,1198,9,3,93,187,49,234,91,89,92,187,48,232,90,89,83,187,48,224,86,72,5,1,1,34,10,11,59,8,59,341,338,357,342,461,361,11,4,0,70,104,56,10,3,51,43,46,44,0,0,6,3,8,200,0,0,0,0,0,0,0,0,0,1,550,.274,0,0,15,59,99,11,0,0,0,0,0,0,0,0,0,0,0,0,0,0,0,0,0,0,0,0,0,106,123,120,96,128,118,359,.9882,395,302,302,302,302,302,302,0,0,0,0,0,0,368,368,368,368,368,368,0,0,0,0,0,0,0,366,turnbsp01,turnbsp01,turnbu000spe,,0,10,eol
19169,0,15,Toronto Blue Jays,Major League Baseball,Swanson,Erik,,50,4,9,1993,206,The United States,79329,Terrace Park,4,191,225,1,1,12,875,875,8,0,94,189,49,234,92,90,92,187,47,233,90,88,90,187,48,232,91,83,5,0,0,29,9,11,48,9,41,222,300,242,326,353,433,8,5,3,31,107,46,13,3,51,43,46,44,0,0,3,3,12,200,0,0,0,0,0,0,0,0,0,1,550,.282,0,0,31,66,92,8,0,0,0,0,0,0,0,0,0,0,0,0,0,0,0,0,0,0,0,0,0,98,83,114,84,90,45,332,.9628,425,161,327,0,0,0,0,258,0,0,0,0,0,207,429,0,0,0,0,348,0,0,0,0,0,0,418,swanser01,swanser01,swanso004eri,,0,13,eol
19678,0,15,Toronto Blue Jays,Major League Baseball,Lauer,Eric,Gomer,56,3,6,1995,206,The United States,23558,Elyria,4,191,209,1,2,11,968,970,8,1,95,189,49,238,93,91,91,187,47,232,88,88,104,308,146,253,99,107,5,0,0,9,7,11,10,13,15,452,459,439,444,447,387,3,1,0,97,115,32,12,3,50,35,42,41,0,0,11,19,13,200,0,0,0,0,0,0,0,0,0,1,550,.254,0,0,16,35,109,3,0,0,0,0,0,0,0,0,0,0,0,0,0,0,0,0,0,0,0,0,0,47,153,71,165,48,97,399,1.1221,389,197,412,334,376,282,0,0,0,0,0,0,0,194,407,329,370,276,0,0,0,0,0,0,0,0,419,lauerer01,lauerer01,lauer-000eri,,0,12,eol
19693,0,15,Toronto Blue Jays,Major League Baseball,Springer,George,,4,19,9,1989,206,The United States,55064,New Britain,1,191,216,1,1,9,1888,1902,14,1,388,327,444,444,406,373,432,390,441,458,428,430,445,370,467,468,417,459,6,2,2,119,104,180,134,6,10,4,1,4,1,8,1,15,30,10,1,11,53,13,4,3,18,11,12,0,0,94,160,97,0,0,0,0,0,0,131,200,200,0,1,550,.286,26,2,23,68,96,6,0,0,0,0,0,0,0,0,0,0,0,0,0,0,0,0,0,0,0,0,0,81,108,68,88,102,122,1,.9756,1,3,0,0,0,0,0,0,0,0,0,0,0,1,0,0,0,0,0,0,0,0,0,0,0,0,276,springe01,springe01,spring001geo,,0,13,eol
19706,0,15,Toronto Blue Jays,Major League Baseball,Straw,Myles,,3,17,10,1994,206,The United States,11283,Bradenton,4,173,179,1,1,8,1196,1214,11,0,450,403,277,354,439,447,436,364,258,344,449,417,422,344,169,403,444,400,2,1,1,126,138,181,133,196,179,1,1,1,1,1,1,15,30,10,1,36,57,13,4,15,4,15,15,0,0,135,216,202,0,0,0,0,0,0,160,200,103,0,1,550,.275,28,2,6,39,82,2,0,0,0,0,0,0,0,0,0,0,0,0,0,0,0,0,0,0,0,0,0,183,46,125,93,93,20,1,.9756,1,3,0,0,0,0,0,0,0,0,0,0,0,1,0,0,0,0,0,0,0,0,0,0,0,0,272,strawmy01,strawmy01,straw-000myl,,0,13,eol
19717,0,15,Toronto Blue Jays,Major League Baseball,Varsho,Daulton,,5,2,7,1996,206,The United States,48522,Marshfield,4,173,207,2,1,7,773,934,8,2,343,489,425,390,366,324,300,544,473,374,329,261,340,453,435,405,367,317,3,2,2,126,86,157,89,33,19,1,1,1,1,1,1,15,30,10,1,25,54,13,3,10,6,12,20,0,0,181,180,168,0,0,0,0,0,0,200,200,0,0,1,550,.237,28,9,27,45,134,3,0,0,0,0,0,0,0,0,0,0,0,0,0,0,0,0,0,0,0,0,0,86,163,100,94,87,101,1,.9302,1,3,0,0,0,0,0,0,0,0,0,0,0,1,0,0,0,0,0,0,0,0,0,0,0,0,270,varshda01,varshda01,varsho000dau,,0,13,eol
18851,0,15,Toronto Blue Jays,Major League Baseball,Tate,Dillon,,9,1,5,1994,206,The United States,13943,Claremont,1,188,190,1,1,12,703,773,9,0,96,189,50,238,95,92,92,186,47,232,88,89,92,187,48,233,90,89,5,2,2,18,10,11,26,14,19,438,313,460,318,423,415,12,1,0,36,110,57,10,3,51,43,46,44,0,0,17,7,14,200,0,0,0,0,0,0,0,0,0,1,550,.259,0,0,8,66,92,12,0,0,0,0,0,0,0,0,0,0,0,0,0,0,0,0,0,0,0,0,0,122,88,119,100,124,71,330,.9811,318,0,311,0,346,0,182,0,0,0,0,0,0,0,298,0,330,0,174,0,0,0,0,0,0,0,404,tatedi01,tatedi01,tate--000dil,,0,10,eol
18862,0,15,Toronto Blue Jays,Major League Baseball,Barnes,Jacob,King Cobra,67,14,4,1990,206,The United States,69137,St. Petersburg,4,188,231,1,1,12,1391,1391,13,1,94,188,49,235,93,89,92,187,48,233,89,88,92,187,48,233,90,89,5,0,0,13,8,11,18,12,113,367,407,404,424,421,366,1,5,0,36,109,44,9,3,51,43,46,44,0,0,13,6,6,200,0,0,0,0,0,0,0,0,0,1,550,.280,0,0,16,41,88,1,0,0,0,0,0,0,0,0,0,0,0,0,0,0,0,0,0,0,0,0,0,87,89,125,97,39,75,313,1.0356,404,254,324,0,0,160,0,0,0,0,0,0,0,345,425,0,0,205,0,0,0,0,0,0,0,0,370,barneja01,barneja01,barnes002jac,,0,9,eol
18915,0,15,Toronto Blue Jays,Major League Baseball,Green,Chad,Greeny,57,24,5,1991,206,The United States,29773,Greenville,4,191,216,2,1,12,1489,1651,12,2,87,183,44,221,84,85,94,189,49,236,92,90,88,187,48,229,85,85,5,0,0,9,8,11,10,14,24,303,448,322,456,408,440,6,1,0,34,88,35,16,3,51,38,43,42,0,0,18,3,11,200,0,0,0,0,0,0,0,0,0,1,550,.274,0,0,29,34,94,6,0,0,0,0,0,0,0,0,0,0,0,0,0,0,0,0,0,0,0,0,0,176,59,197,116,143,49,336,.9040,464,205,251,0,0,0,0,297,0,0,0,0,0,311,363,0,0,0,0,445,0,0,0,0,0,0,432,greench03,greench03,green-006cha,,0,16,eol
19945,0,15,Toronto Blue Jays,Major League Baseball,Nance,Tommy,,45,19,3,1991,206,The United States,41750,Long Beach,4,198,236,1,1,12,419,454,4,1,96,191,52,244,97,92,92,185,47,230,88,89,90,187,48,232,91,83,5,0,0,9,8,11,10,10,62,560,435,581,442,402,352,5,6,1,36,109,59,12,4,51,40,44,42,0,0,7,12,10,200,0,0,0,0,0,0,0,0,0,1,550,.247,0,0,2,37,113,5,0,0,0,0,0,0,0,0,0,0,0,0,0,0,0,0,0,0,0,0,0,92,119,84,92,109,88,407,.9863,432,0,366,413,0,0,313,0,0,0,0,0,0,0,356,437,0,0,306,0,0,0,0,0,0,0,378,nanceto01,nanceto01,nance-000tom,,0,12,eol
19959,0,15,Toronto Blue Jays,Major League Baseball,Bruihl,Justin,,58,26,6,1997,206,The United States,58480,Petaluma,4,188,216,2,2,12,554,554,8,0,87,183,44,225,84,85,94,189,50,235,93,90,92,187,48,233,90,89,5,0,0,10,10,11,10,8,82,317,470,274,451,341,380,11,4,1,31,109,68,8,3,51,42,45,43,0,0,11,8,7,200,0,0,0,0,0,0,0,0,0,1,550,.248,0,0,16,33,134,11,0,0,0,0,0,0,0,0,0,0,0,0,0,0,0,0,0,0,0,0,0,176,41,189,81,116,4,449,.9702,320,0,426,0,0,268,478,0,0,0,0,0,0,0,302,0,0,176,334,0,0,0,0,0,0,0,400,bruihju01,bruihju01,bruihl000jus,,0,8,eol
20096,0,15,Toronto Blue Jays,Major League Baseball,Walker,Josh,,21,1,12,1994,206,The United States,57943,Otisville,4,198,225,2,2,12,180,361,4,2,88,183,45,222,84,86,94,188,49,236,92,90,92,187,48,233,90,89,5,0,0,10,10,11,10,7,51,450,354,411,336,409,307,12,6,5,42,109,55,12,3,51,43,46,44,0,0,7,13,12,200,0,0,0,0,0,0,0,0,0,1,550,.254,0,0,10,59,109,12,0,0,0,0,0,0,0,0,0,0,0,0,0,0,0,0,0,0,0,0,0,183,13,106,91,116,10,399,.9506,419,197,333,0,0,0,411,0,0,0,0,0,0,211,353,0,0,0,434,0,0,0,0,0,0,0,400,walkejo03,walkejo03,walker009jos,,0,12,eol
20476,0,15,Toronto Blue Jays,Major League Baseball,Little,Brendon,,54,11,8,1996,206,The United States,47388,Malvern,4,185,194,2,2,12,344,475,6,1,87,183,44,227,83,86,94,188,49,235,92,90,92,187,48,233,90,89,5,0,0,10,9,11,10,9,76,440,269,433,255,369,261,4,6,2,31,109,75,10,4,50,35,42,41,0,0,6,5,6,200,0,0,0,0,0,0,0,0,0,1,550,.231,0,0,7,83,144,4,0,0,0,0,0,0,0,0,0,0,0,0,0,0,0,0,0,0,0,0,0,87,95,75,90,154,123,469,.9389,448,0,0,410,0,502,345,0,0,0,0,0,0,0,0,398,0,484,334,0,0,0,0,0,0,0,400,littlbr02,littlbr02,little000bre,,0,10,eol
20428,0,15,Toronto Blue Jays,Major League Baseball,Bassitt,Chris,,40,22,2,1989,206,The United States,80442,Toledo,4,196,216,1,1,12,1706,1706,11,0,93,187,48,235,90,90,92,187,48,232,90,89,85,187,48,226,90,71,5,0,0,16,8,11,23,11,108,351,346,420,412,411,403,11,3,2,148,106,50,12,3,48,35,41,41,0,0,19,7,4,200,0,0,0,0,0,0,0,0,0,1,550,.272,0,0,13,47,105,11,0,0,0,0,0,0,0,0,0,0,0,0,0,0,0,0,0,0,0,0,0,49,84,19,93,182,124,382,1.3808,382,295,343,295,343,295,295,343,0,0,0,0,0,295,343,295,343,295,295,343,0,0,0,0,0,0,347,bassich01,bassich01,bassit000chr,,0,12,eol
20494,0,15,Toronto Blue Jays,Major League Baseball,Sanchez,Ali,,18,20,1,1997,210,Venezuela,17560,Carora,5,185,201,1,1,2,358,358,4,0,325,384,245,290,374,267,316,377,230,280,359,260,316,384,241,307,366,253,4,2,2,138,130,147,138,182,11,314,309,312,308,49,27,15,30,10,34,42,50,18,3,13,3,3,1,83,101,20,15,15,0,200,0,0,0,0,0,0,0,0,1,550,.207,20,3,5,27,124,4,0,0,0,0,0,0,0,0,0,0,0,0,0,0,0,0,0,0,0,0,0,13,144,82,188,95,107,257,.9812,26,213,0,179,0,0,0,0,0,0,0,0,0,23,0,19,0,0,0,0,0,0,0,0,0,0,383,sanchal04,sanchal04,sanche002ali,,104,18,eol
20536,0,15,Toronto Blue Jays,Major League Baseball,Bichette,Bo,,11,5,3,1998,206,The United States,57649,Orlando,4,183,190,1,1,6,1027,1158,8,3,442,441,387,304,466,413,474,416,343,335,458,470,475,387,403,318,442,485,3,1,0,77,70,132,113,9,14,4,1,4,1,8,1,15,30,10,1,3,53,13,3,107,96,107,120,0,0,12,16,2,0,0,0,0,0,200,0,0,0,0,1,550,.303,38,1,11,35,73,3,0,0,0,0,0,0,0,0,0,0,0,0,0,0,0,0,0,0,0,0,0,124,74,114,110,190,153,1,.9302,1,3,0,0,0,0,0,0,0,0,0,0,0,1,0,0,0,0,0,0,0,0,0,0,0,0,273,bichebo01,bichebo01,bichet000bo-,,0,13,eol
20706,0,15,Toronto Blue Jays,Major League Baseball,Clase,Jonatan,,8,23,5,2002,56,Dominican Republic,71432,Santo Domingo,1,173,150,3,1,7,41,135,2,1,341,239,270,417,354,333,371,290,314,381,371,375,350,304,328,371,363,342,7,0,0,88,142,156,132,117,18,1,1,1,1,1,1,15,30,10,1,50,57,13,4,10,14,18,18,0,0,89,93,113,0,0,0,0,0,0,200,200,0,0,1,550,.235,17,0,8,48,123,7,0,0,0,0,0,0,0,0,0,0,0,0,0,0,0,0,0,0,0,0,0,114,147,92,102,93,174,1,.9756,1,3,0,0,0,0,0,0,0,0,0,0,0,1,0,0,0,0,0,0,0,0,0,0,0,0,272,clasejo01,clasejo01,clase-000jon,,0,13,eol
18476,0,15,Toronto Blue Jays,Major League Baseball,Stefanic,Michael,,16,24,2,1996,206,The United States,10388,Boise,4,175,179,1,1,4,355,579,6,2,338,312,241,392,426,212,354,260,216,409,426,264,401,283,55,419,458,325,7,2,2,29,9,11,49,107,7,388,304,384,302,145,31,15,30,10,38,50,35,19,3,105,98,60,111,0,0,13,17,10,0,0,0,200,0,0,0,0,0,0,1,550,.218,16,0,4,52,94,7,0,0,0,0,0,0,0,0,0,0,0,0,0,0,0,0,0,0,0,0,0,149,18,93,50,180,13,235,.9819,4,208,0,0,160,0,0,0,0,0,0,0,0,4,0,0,2,0,0,0,0,0,0,0,0,0,391,stefami01,stefami01,stefan003mic,,0,19,eol
19844,0,15,Toronto Blue Jays,Major League Baseball,Bieber,Shane,Not Justin,57,31,5,1995,206,The United States,57495,Orange,4,191,201,1,1,11,1067,1107,11,1,95,190,51,243,95,91,92,186,47,230,88,89,89,283,49,243,93,78,5,1,1,10,9,11,10,9,28,288,423,304,466,397,463,3,1,0,158,110,56,12,3,51,38,43,42,0,0,14,5,15,200,0,0,0,0,0,0,0,0,0,1,550,.263,0,0,19,35,109,3,0,0,0,0,0,0,0,0,0,0,0,0,0,0,0,0,0,0,0,0,0,124,98,81,126,143,75,398,.8334,434,195,277,329,408,370,0,0,0,0,0,0,0,209,302,351,431,399,0,0,0,0,0,0,0,0,405,biebesh01,biebesh01,bieber000sha,,0,12,eol
19892,0,15,Toronto Blue Jays,Major League Baseball,Clement,Ernie,,22,22,3,1996,206,The United States,66478,Rochester,4,183,170,1,1,5,688,970,8,3,470,439,344,271,506,419,443,385,291,236,510,359,451,407,311,247,507,384,3,0,0,114,118,131,124,162,1,84,18,114,20,166,337,15,30,10,34,20,67,13,3,104,91,133,78,0,0,18,13,1,0,0,0,200,200,200,0,0,0,0,1,550,.279,31,3,8,22,47,3,0,0,0,0,0,0,0,0,0,0,0,0,0,0,0,0,0,0,0,0,0,116,118,89,82,92,92,2,1.1111,220,0,2,0,0,0,2,0,0,0,0,0,0,0,188,0,0,0,192,0,0,0,0,0,0,0,313,clemeer01,clemeer01,clemen000ern,,0,13,eol
20316,0,15,Toronto Blue Jays,Major League Baseball,Robertson,Will,,37,26,12,1997,206,The United States,35188,Jefferson City,4,185,216,2,2,7,0,0,2,0,216,276,221,269,281,168,223,280,231,276,291,171,265,315,308,319,318,209,10,2,2,28,10,11,47,10,16,4,1,4,1,8,1,15,30,10,1,6,53,9,4,16,8,20,10,0,0,89,93,113,0,0,0,0,0,0,200,0,190,0,1,550,.174,12,0,5,26,153,10,0,0,0,0,0,0,0,0,0,0,0,0,0,0,0,0,0,0,0,0,0,141,130,69,73,91,33,1,1.0250,1,3,0,0,0,0,0,0,0,0,0,0,0,1,0,0,0,0,0,0,0,0,0,0,0,0,270,roberwi02,roberwi02,robert001jon,,0,9,eol
20810,0,15,Toronto Blue Jays,Major League Baseball,Schultz,Paxton,,65,5,1,1998,206,The United States,57580,Orem,4,191,205,2,1,12,0,0,3,0,86,181,43,225,82,85,94,189,49,236,92,90,92,187,48,233,90,89,5,0,0,18,10,11,26,8,102,372,402,391,406,382,378,5,1,0,43,109,43,14,3,51,40,44,43,0,0,11,4,7,200,0,0,0,0,0,0,0,0,0,1,550,.257,0,0,17,44,120,5,0,0,0,0,0,0,0,0,0,0,0,0,0,0,0,0,0,0,0,0,0,34,127,8,107,118,132,420,1.0216,399,202,419,0,384,291,0,0,0,0,0,0,0,193,404,0,366,273,0,0,0,0,0,0,0,0,400,schulpa01,schulpa01,schult000pax,,0,14,eol
// Chicago White Sox, ID = 4
20717,0,4,Chicago White Sox,Major League Baseball,Vasil,Mike,,61,19,3,2000,206,The United States,85738,Wellesley,4,196,225,2,1,12,0,0,2,0,89,184,45,222,85,87,94,188,49,237,92,90,92,187,48,233,90,89,5,0,0,10,10,11,10,12,1,431,296,449,286,442,285,12,6,3,48,109,54,10,3,50,35,42,41,0,0,17,11,14,200,0,0,0,0,0,0,0,0,0,1,550,.258,0,0,9,73,99,12,0,0,0,0,0,0,0,0,0,0,0,0,0,0,0,0,0,0,0,0,0,24,129,64,128,94,105,358,.9975,366,297,174,360,297,0,235,0,0,0,0,0,0,307,179,374,307,0,246,0,0,0,0,0,0,0,400,vasilmi01,vasilmi01,vasil-000mik,,0,10,eol
20346,0,4,Chicago White Sox,Major League Baseball,Castro,Miguel,Villa Hermosa,60,24,12,1994,56,Dominican Republic,42625,La Romana,5,201,205,1,1,12,1563,1593,12,0,96,189,51,241,96,92,90,186,46,230,87,87,92,187,48,233,90,89,5,0,0,26,7,11,43,11,96,280,287,302,308,401,288,12,1,0,38,104,53,11,3,51,43,46,44,0,0,10,10,18,200,0,0,0,0,0,0,0,0,0,1,550,.276,0,0,20,69,67,12,0,0,0,0,0,0,0,0,0,0,0,0,0,0,0,0,0,0,0,0,0,65,107,86,122,102,71,247,1.0052,365,0,214,0,282,0,135,0,0,0,0,0,0,0,324,0,402,0,191,0,0,0,0,0,0,0,433,castrmi01,castrmi01,castro000mig,,0,11,eol
20527,0,4,Chicago White Sox,Major League Baseball,Freeman,Caleb,,68,23,2,1998,206,The United States,1969,Abilene,4,185,194,1,1,12,0,0,2,0,96,190,51,239,96,91,91,187,47,231,88,88,92,187,48,233,90,89,5,0,0,32,7,11,56,7,25,382,311,394,313,396,297,1,1,0,26,109,29,12,3,51,43,46,44,0,0,15,19,14,200,0,0,0,0,0,0,0,0,0,1,550,.291,0,0,24,67,74,1,0,0,0,0,0,0,0,0,0,0,0,0,0,0,0,0,0,0,0,0,0,18,114,9,102,121,146,269,1.0000,268,156,200,288,0,0,0,0,0,0,0,0,0,156,200,287,0,0,0,0,0,0,0,0,0,0,400,freemca01,freemca01,freema000cal,,0,12,eol
20866,0,4,Chicago White Sox,Major League Baseball,Booser,Cam,,71,4,5,1992,206,The United States,72460,Seattle,4,191,225,2,2,12,98,176,5,1,86,182,44,218,82,85,94,188,50,238,93,90,92,187,48,233,90,89,5,0,0,10,10,11,10,8,43,409,303,380,302,411,312,5,6,0,32,109,32,11,3,51,40,44,42,0,0,5,10,20,200,0,0,0,0,0,0,0,0,0,1,550,.263,0,0,22,69,120,5,0,0,0,0,0,0,0,0,0,0,0,0,0,0,0,0,0,0,0,0,0,178,98,107,73,108,101,420,1.0048,419,209,431,0,0,350,0,0,0,0,0,0,0,208,430,0,0,349,0,0,0,0,0,0,0,0,400,booseca01,booseca01,booser000cam,,0,11,eol
20825,0,4,Chicago White Sox,Major League Baseball,Eisert,Brandon,,53,19,1,1998,206,The United States,8009,Beaverton,4,188,205,2,2,12,172,427,2,2,88,183,44,222,84,86,94,188,49,236,91,90,92,187,48,233,90,89,5,0,0,23,10,11,37,15,4,360,422,358,414,368,383,9,6,2,30,109,45,12,3,50,35,42,41,0,0,1,5,9,200,0,0,0,0,0,0,0,0,0,1,550,.260,0,0,18,41,116,9,0,0,0,0,0,0,0,0,0,0,0,0,0,0,0,0,0,0,0,0,0,103,121,119,92,76,112,413,1.1015,411,337,0,0,417,200,0,0,0,0,0,0,0,336,0,0,415,199,0,0,0,0,0,0,0,0,400,eiserbr01,eiserbr01,eisert000bra,,0,12,eol
20987,0,4,Chicago White Sox,Major League Baseball,Ramos,Bryan,El Bero,44,12,3,2002,49,Cuba,31031,Havana,1,188,225,1,1,5,5,88,3,0,315,470,355,334,387,219,312,466,350,332,382,218,314,417,364,345,388,217,2,2,2,106,143,91,96,15,2,4,1,4,1,8,1,15,30,10,1,44,53,10,4,106,105,134,74,0,0,16,8,2,0,0,0,0,200,0,0,0,0,0,1,550,.209,27,3,11,36,116,2,0,0,0,0,0,0,0,0,0,0,0,0,0,0,0,0,0,0,0,0,0,93,129,132,80,125,71,1,.9756,1,3,0,0,0,0,0,0,0,0,0,0,0,1,0,0,0,0,0,0,0,0,0,0,0,0,275,ramosbr01,ramosbr01,ramos-000bry,,0,10,eol
21005,0,4,Chicago White Sox,Major League Baseball,Lee,Korey,,26,25,7,1998,206,The United States,82961,Vista,4,188,205,1,1,2,375,484,7,1,346,361,338,335,307,388,340,413,393,292,350,334,301,399,365,303,333,258,0,2,2,93,120,133,101,110,20,412,268,408,266,391,274,15,30,10,46,26,35,15,4,19,15,14,6,74,99,16,5,11,0,200,0,0,0,0,0,0,0,0,1,550,.233,26,1,13,31,134,0,0,0,0,0,0,0,0,0,0,0,0,0,0,0,0,0,0,0,0,0,0,17,121,80,87,129,75,212,.9810,236,185,0,0,185,0,0,0,0,0,0,0,0,197,0,0,223,0,0,0,0,0,0,0,0,0,393,leeko01,leeko01,lee---000kor,,105,15,eol
20727,0,4,Chicago White Sox,Major League Baseball,Tauchman,Mike,,18,3,12,1990,206,The United States,62220,Palatine,4,185,220,2,2,9,1144,1382,10,2,396,375,342,432,388,405,435,373,348,498,401,458,421,393,378,483,396,439,5,0,0,74,23,143,69,9,16,134,1,123,1,142,27,15,30,10,1,12,35,16,3,15,14,3,9,0,0,116,146,122,0,0,0,0,0,0,86,200,200,0,1,550,.274,28,2,11,78,110,5,0,0,0,0,0,0,0,0,0,0,0,0,0,0,0,0,0,0,0,0,0,68,104,76,157,181,130,1,1.0750,1,3,0,0,0,0,0,0,0,0,0,0,0,1,0,0,0,0,0,0,0,0,0,0,0,0,287,tauchmi01,tauchmi01,tauchm000mic,,0,16,eol
20626,0,4,Chicago White Sox,Major League Baseball,Houser,Adrian,,37,2,2,1993,206,The United States,40922,Locust Grove,4,191,236,1,1,12,1309,1338,11,0,96,190,51,237,97,92,91,186,47,232,88,88,81,258,174,253,82,72,5,0,0,10,8,11,11,10,66,417,349,448,405,419,366,9,5,3,150,96,55,10,3,50,35,42,41,0,0,15,18,19,200,0,0,0,0,0,0,0,0,0,1,550,.277,0,0,10,49,84,9,0,0,0,0,0,0,0,0,0,0,0,0,0,0,0,0,0,0,0,0,0,71,171,124,104,116,125,297,.9795,320,210,210,304,259,0,161,0,0,0,0,0,0,240,240,334,302,0,176,0,0,0,0,0,0,0,360,housead01,housead01,houser000adr,,0,10,eol
18872,0,4,Chicago White Sox,Major League Baseball,Clevinger,Mike,Sunshine,52,21,12,1990,206,The United States,34776,Jacksonville,4,193,216,1,1,12,1224,1522,9,2,94,188,49,232,91,90,92,187,48,233,90,89,82,187,48,224,90,67,5,0,0,12,9,11,15,12,6,392,160,411,160,419,363,1,6,1,11,104,43,10,3,51,43,46,44,0,0,9,9,10,200,0,0,0,0,0,0,0,0,0,1,550,.267,0,0,15,116,81,1,0,0,0,0,0,0,0,0,0,0,0,0,0,0,0,0,0,0,0,0,0,100,198,114,110,158,130,288,1.2955,421,135,180,282,214,248,0,0,0,0,0,0,0,204,295,423,343,389,0,0,0,0,0,0,0,0,421,clevimi01,clevimi01,clevin000mic,,0,10,eol
19376,0,4,Chicago White Sox,Major League Baseball,Benintendi,Andrew,Benny,23,6,7,1994,206,The United States,13776,Cincinnati,4,175,181,2,2,7,1515,1778,11,3,345,394,431,341,399,293,364,375,418,406,449,240,434,419,378,424,436,426,2,2,2,89,22,139,97,6,20,1,1,1,1,1,1,15,30,10,1,45,54,12,4,12,17,3,18,0,0,84,120,93,0,0,0,0,0,0,200,0,0,0,1,550,.241,23,2,19,48,87,2,0,0,0,0,0,0,0,0,0,0,0,0,0,0,0,0,0,0,0,0,0,57,113,119,77,108,135,1,1.0250,1,3,0,0,0,0,0,0,0,0,0,0,0,1,0,0,0,0,0,0,0,0,0,0,0,0,266,beninan01,beninan01,benint000and,,0,12,eol
19619,0,4,Chicago White Sox,Major League Baseball,Robert Jr.,Luis,,88,3,8,1997,49,Cuba,13746,Ciego de Avila,1,188,229,1,1,8,820,1084,8,3,328,307,411,426,333,328,356,360,406,368,323,392,406,443,452,261,365,434,2,0,0,110,214,186,147,55,10,4,1,4,1,8,1,15,30,10,1,22,53,12,4,8,8,16,13,0,0,175,122,106,0,0,0,0,0,0,0,200,0,0,1,550,.240,22,0,16,47,139,2,0,0,0,0,0,0,0,0,0,0,0,0,0,0,0,0,0,0,0,0,0,37,109,100,157,96,133,1,.9756,1,3,0,0,0,0,0,0,0,0,0,0,0,1,0,0,0,0,0,0,0,0,0,0,0,0,275,roberlu01,roberlu01,robert001lui,,0,12,eol
20031,0,4,Chicago White Sox,Major League Baseball,Fletcher,Dominic,,5,2,9,1997,206,The United States,16140,Cypress,4,168,194,2,2,9,186,328,4,1,346,450,181,320,379,318,357,480,234,261,434,252,401,389,233,305,412,392,4,0,0,68,29,170,123,117,18,1,1,1,1,1,1,15,30,10,1,44,54,10,3,14,5,17,11,0,0,104,100,128,0,0,0,0,0,0,0,200,200,0,1,550,.223,34,0,4,27,96,4,0,0,0,0,0,0,0,0,0,0,0,0,0,0,0,0,0,0,0,0,0,121,101,98,118,117,120,1,1.0750,1,3,0,0,0,0,0,0,0,0,0,0,0,1,0,0,0,0,0,0,0,0,0,0,0,0,264,fletcdo01,fletcdo01,fletch000dom,,0,10,eol
18435,0,4,Chicago White Sox,Major League Baseball,Amaya,Jacob,,16,3,9,1998,206,The United States,65486,Rosemead,5,183,181,1,1,6,216,564,3,3,218,191,47,287,322,103,237,220,44,288,352,81,271,257,229,318,340,184,0,1,1,141,116,190,130,68,21,381,293,375,293,135,15,6,6,5,42,109,35,18,4,134,101,118,120,0,0,7,7,2,0,0,0,0,0,200,0,0,0,0,1,550,.147,7,1,0,28,132,0,0,0,0,0,0,0,0,0,0,0,0,0,0,0,0,0,0,0,0,0,0,198,45,117,87,74,35,243,1.0025,2,179,0,213,0,0,0,0,0,0,0,0,0,2,0,3,0,0,0,0,0,0,0,0,0,0,393,amayaja01,amayaja01,amaya-000jac,,0,18,eol
19023,0,4,Chicago White Sox,Major League Baseball,Ellard,Fraser,,55,6,11,1997,206,The United States,65592,Roswell,4,193,220,2,2,12,53,53,3,0,86,181,44,218,82,85,94,189,50,237,93,90,92,187,48,233,90,89,5,1,2,10,8,11,12,11,96,470,119,430,107,420,149,8,6,0,26,109,47,11,2,51,42,45,43,0,0,13,13,4,200,0,0,0,0,0,0,0,0,0,1,550,.229,0,0,11,140,157,8,0,0,0,0,0,0,0,0,0,0,0,0,0,0,0,0,0,0,0,0,0,78,113,101,126,113,116,495,.9519,482,229,322,0,464,380,426,0,0,0,0,0,0,223,317,0,456,373,419,0,0,0,0,0,0,0,400,ellarfr01,ellarfr01,ellard000fra,,0,11,eol
19074,0,4,Chicago White Sox,Major League Baseball,Jankowski,Travis,Fred,20,15,6,1991,206,The United States,43532,Lancaster,4,188,185,2,1,9,1579,1775,12,1,349,221,127,288,351,350,381,294,85,342,413,349,422,317,181,444,419,421,8,1,1,100,160,206,134,117,41,174,8,177,8,42,7,15,30,10,34,22,50,16,3,7,5,19,11,0,0,114,170,92,0,0,0,0,0,0,128,200,200,0,1,550,.231,18,0,1,36,107,8,0,0,0,0,0,0,0,0,0,0,0,0,0,0,0,0,0,0,0,0,0,74,83,55,105,100,98,2,.9816,3,3,0,1,0,0,0,0,0,0,0,0,0,4,0,2,0,0,0,0,0,0,0,0,0,0,326,jankotr01,jankotr01,jankow000tra,,0,16,eol
18537,0,4,Chicago White Sox,Major League Baseball,Rojas,Josh,,5,30,6,1994,206,The United States,45785,Litchfield Park,5,185,207,2,1,4,943,943,9,0,319,379,260,393,365,263,342,418,264,429,401,280,443,425,321,442,393,477,2,2,2,97,111,156,101,105,14,111,1,147,1,244,272,15,30,10,34,6,59,13,3,161,86,180,109,0,0,8,9,13,0,0,0,200,200,0,0,0,0,0,1,550,.218,26,1,6,57,112,2,0,0,0,0,0,0,0,0,0,0,0,0,0,0,0,0,0,0,0,0,0,97,85,11,121,128,116,2,1.1111,237,0,2,0,0,0,2,0,0,0,0,0,0,0,206,0,0,0,204,0,0,0,0,0,0,0,315,rojasjo01,rojasjo01,rojas-009jos,,0,13,eol
18545,0,4,Chicago White Sox,Major League Baseball,Palacios,Josh,,47,30,7,1995,206,The United States,12985,Brooklyn,1,185,194,2,1,9,577,577,8,0,325,244,384,446,339,315,332,313,327,416,402,247,353,322,362,352,403,308,12,1,1,23,6,31,67,114,16,1,1,1,1,1,1,15,30,10,1,3,58,13,4,4,2,15,10,0,0,104,100,128,0,0,0,0,0,0,131,0,200,0,1,550,.221,17,0,10,58,115,12,0,0,0,0,0,0,0,0,0,0,0,0,0,0,0,0,0,0,0,0,0,177,86,83,101,110,125,1,.9756,1,3,0,0,0,0,0,0,0,0,0,0,0,1,0,0,0,0,0,0,0,0,0,0,0,0,278,palacjo01,palacjo01,palaci002jos,,0,13,eol
18789,0,4,Chicago White Sox,Major League Baseball,Palisch,Jake,,60,19,8,1998,206,The United States,67117,Richardson,4,193,216,2,2,12,0,0,1,0,88,184,45,222,84,86,94,189,50,236,92,90,92,187,48,233,90,89,5,0,0,18,10,11,26,15,118,410,315,391,306,391,295,6,6,5,34,109,33,12,3,51,44,46,44,0,0,6,12,1,200,0,0,0,0,0,0,0,0,0,1,550,.293,0,0,20,67,62,6,0,0,0,0,0,0,0,0,0,0,0,0,0,0,0,0,0,0,0,0,0,76,45,73,84,101,96,232,.9654,247,151,190,0,267,0,0,0,0,0,0,0,0,156,200,0,288,0,0,0,0,0,0,0,0,0,396,palisja01,palisja01,palisc000jac,,0,12,eol
18793,0,4,Chicago White Sox,Major League Baseball,Wilson,Bryse,,46,20,12,1997,206,The United States,31893,Hillsborough,4,185,225,1,1,12,1095,1136,8,0,95,188,49,237,93,91,92,187,47,232,89,88,98,150,50,208,101,91,5,0,0,10,9,11,10,15,60,341,364,346,406,371,411,5,2,1,48,110,40,8,3,50,38,43,42,0,0,1,18,19,200,0,0,0,0,0,0,0,0,0,1,550,.287,0,0,22,47,73,5,0,0,0,0,0,0,0,0,0,0,0,0,0,0,0,0,0,0,0,0,0,81,90,117,124,35,141,267,1.0828,282,218,0,271,271,218,0,0,0,0,0,0,0,212,0,262,306,212,0,0,0,0,0,0,0,0,403,wilsobr02,wilsobr02,wilson004bry,,0,8,eol
20148,0,4,Chicago White Sox,Major League Baseball,Elko,Tim,,30,27,12,1998,206,The United States,41209,Lutz,4,191,249,1,1,3,0,0,1,0,184,352,439,371,251,123,178,343,425,356,237,118,219,349,410,361,296,157,2,3,2,139,104,188,132,12,12,1,1,1,1,1,1,15,30,10,1,18,58,11,3,56,43,51,56,0,0,5,20,8,0,0,200,0,0,0,0,0,0,0,1,550,.174,12,2,20,42,169,2,0,0,0,0,0,0,0,0,0,0,0,0,0,0,0,0,0,0,0,0,0,81,98,119,74,108,93,1,.9302,1,3,0,0,0,0,0,0,0,0,0,0,0,1,0,0,0,0,0,0,0,0,0,0,0,0,279,elkoti01,elkoti01,elko--000tim,,0,11,eol
20187,0,4,Chicago White Sox,Major League Baseball,Gonzalez,Wikelman,,66,25,3,2002,210,Venezuela,47991,Maracay,5,183,220,1,1,12,0,0,3,0,96,191,50,238,96,91,92,186,47,231,88,89,92,187,48,233,90,89,5,0,0,14,6,11,21,15,63,543,237,578,249,482,292,1,1,0,41,109,32,18,3,51,41,45,43,0,0,15,18,12,200,0,0,0,0,0,0,0,0,0,1,550,.229,0,0,5,88,144,1,0,0,0,0,0,0,0,0,0,0,0,0,0,0,0,0,0,0,0,0,0,117,78,109,120,95,102,468,.9912,418,415,415,0,0,0,0,0,0,0,0,0,0,343,343,0,0,0,0,0,0,0,0,0,0,0,400,gonzawi02,gonzawi02,gonzal007wil,,0,18,eol
20776,0,4,Chicago White Sox,Major League Baseball,Cannon,Jonathan,,48,19,7,2000,206,The United States,1819,Alpharetta,4,198,225,1,1,11,98,98,4,0,95,190,50,236,95,91,92,187,47,233,88,89,92,187,48,233,90,89,5,0,0,27,9,11,44,8,110,356,392,380,383,375,388,7,2,1,150,98,43,9,3,50,35,42,41,0,0,11,20,13,200,0,0,0,0,0,0,0,0,0,1,550,.280,0,0,18,48,85,7,0,0,0,0,0,0,0,0,0,0,0,0,0,0,0,0,0,0,0,0,0,93,95,82,77,84,95,304,.8664,308,315,221,0,275,221,167,0,0,0,0,0,0,323,229,0,287,229,171,0,0,0,0,0,0,0,388,cannojo02,cannojo02,cannon002jon,,0,9,eol
21038,0,4,Chicago White Sox,Major League Baseball,Slater,Austin,Mayor,15,13,12,1992,206,The United States,34776,Jacksonville,4,185,205,1,1,9,1282,1408,11,2,336,322,375,390,306,369,353,360,334,424,291,410,428,367,353,445,328,493,4,2,2,100,65,139,76,107,7,274,24,273,24,137,7,15,30,10,26,43,35,15,3,3,16,8,17,0,0,135,88,143,0,0,0,0,0,0,200,110,200,0,1,550,.233,20,3,11,55,151,4,0,0,0,0,0,0,0,0,0,0,0,0,0,0,0,0,0,0,0,0,0,112,125,72,83,118,48,2,1.0063,2,2,0,0,2,0,0,0,0,0,0,0,0,2,0,0,2,0,0,0,0,0,0,0,0,0,342,slateau01,slateau01,slater000aus,,0,15,eol
18790,0,4,Chicago White Sox,Major League Baseball,Altavilla,Dan,Buzzy,58,8,9,1992,206,The United States,46434,McKeesport,4,180,220,1,1,12,1102,1341,11,2,95,190,51,236,95,91,91,186,48,232,88,88,92,187,48,233,90,89,5,0,0,9,6,11,10,14,57,305,251,322,265,334,256,12,5,0,31,109,57,13,3,51,40,44,43,0,0,10,9,17,200,0,0,0,0,0,0,0,0,0,1,550,.258,0,0,17,83,93,12,0,0,0,0,0,0,0,0,0,0,0,0,0,0,0,0,0,0,0,0,0,36,178,79,153,83,128,333,1.0232,433,240,302,0,334,0,0,0,0,0,0,0,0,301,349,0,429,0,0,0,0,0,0,0,0,0,436,altavda01,altavda01,altavi000dan,,0,13,eol
19155,0,4,Chicago White Sox,Major League Baseball,Taylor,Michael A.,Miggy,21,26,3,1991,206,The United States,25202,Fort Lauderdale,1,193,212,1,1,8,1881,2152,15,3,340,565,316,321,226,417,314,508,363,382,254,356,402,361,406,348,323,454,1,0,0,117,165,162,123,186,7,121,1,127,1,350,272,15,30,10,1,2,35,16,4,13,6,14,16,0,0,172,124,149,0,0,0,0,0,0,184,200,168,0,1,550,.218,35,2,11,43,167,1,0,0,0,0,0,0,0,0,0,0,0,0,0,0,0,0,0,0,0,0,0,89,18,106,190,111,88,1,.9756,1,3,0,0,0,0,0,0,0,0,0,0,0,1,0,0,0,0,0,0,0,0,0,0,0,0,293,taylomi02,taylomi02,taylor011mic,,0,16,eol
19416,0,4,Chicago White Sox,Major League Baseball,Gilbert,Tyler,,40,22,12,1993,206,The United States,71078,Santa Cruz,4,191,190,2,2,12,644,869,7,2,90,185,46,231,86,88,94,187,48,234,91,90,84,187,48,225,89,70,5,1,1,12,9,11,15,15,103,501,349,456,336,422,362,7,6,1,28,109,37,9,2,50,37,43,42,0,0,12,15,13,200,0,0,0,0,0,0,0,0,0,1,550,.251,0,0,11,60,108,7,0,0,0,0,0,0,0,0,0,0,0,0,0,0,0,0,0,0,0,0,0,50,87,44,195,160,82,395,.9612,320,220,414,0,367,313,0,0,0,0,0,313,0,175,332,0,301,238,0,0,0,0,0,238,0,0,412,gilbety01,gilbety01,gilber000tyl,,0,9,eol
19453,0,4,Chicago White Sox,Major League Baseball,Leasure,Jordan,,49,15,8,1998,206,The United States,11380,Brandon,4,191,220,1,1,13,172,172,5,0,93,187,48,233,91,89,93,187,48,233,90,90,92,187,48,233,90,89,5,1,2,9,8,11,10,15,117,372,284,391,304,383,290,3,6,0,32,109,34,14,3,50,35,42,41,0,0,14,6,20,200,0,0,0,0,0,0,0,0,0,1,550,.253,0,0,21,70,137,3,0,0,0,0,0,0,0,0,0,0,0,0,0,0,0,0,0,0,0,0,0,71,91,78,193,122,111,454,1.0152,442,212,356,404,437,0,0,0,0,0,0,0,0,209,350,398,431,0,0,0,0,0,0,0,0,0,400,leasujo01,leasujo01,leasur000jor,,0,14,eol
18585,0,4,Chicago White Sox,Major League Baseball,Narvaez,Omar,Narvy,22,10,2,1992,210,Venezuela,47991,Maracay,5,180,220,2,1,2,1381,1544,13,1,291,273,239,417,350,208,321,332,309,356,408,200,430,317,399,437,423,432,3,2,2,31,10,11,52,121,16,1,1,1,1,1,1,15,30,10,1,18,55,15,3,17,12,8,1,99,93,13,11,6,0,200,0,0,0,0,0,0,0,0,1,550,.204,17,0,8,45,110,3,0,0,0,0,0,0,0,0,0,0,0,0,0,0,0,0,0,0,0,0,0,178,97,126,10,88,68,1,.9302,1,3,0,0,0,0,0,0,0,0,0,0,0,1,0,0,0,0,0,0,0,0,0,0,0,0,273,narvaom01,narvaom01,narvae001---,,107,15,eol
18633,0,4,Chicago White Sox,Major League Baseball,Perez,Martin,El de las Matas,54,4,4,1991,210,Venezuela,26970,Guanare,5,183,201,2,2,11,2117,2242,14,2,87,181,44,219,83,86,95,188,49,237,93,91,80,176,50,212,75,77,5,0,0,24,7,11,39,13,70,402,394,371,349,422,379,5,1,1,141,121,48,8,3,48,48,46,42,0,0,8,9,13,200,0,0,0,0,0,0,0,0,0,1,550,.272,0,0,15,54,89,5,0,0,0,0,0,0,0,0,0,0,0,0,0,0,0,0,0,0,0,0,0,20,77,82,82,88,102,319,.9380,289,310,310,310,0,310,310,0,0,0,310,0,0,273,273,273,0,273,273,0,0,0,273,0,0,0,398,perezma02,perezma02,perez-011mar,,0,8,eol
19742,0,4,Chicago White Sox,Major League Baseball,Thaiss,Matt,,29,6,5,1995,206,The United States,56711,Ocean City,4,183,214,2,1,2,932,1042,7,2,364,408,162,534,363,369,374,384,205,513,309,427,334,337,352,494,317,356,5,0,0,99,48,139,98,106,13,1,1,1,1,1,1,15,30,10,1,33,55,13,3,10,7,8,1,75,99,6,15,4,0,200,0,0,0,0,0,0,0,0,1,550,.235,25,3,3,101,141,5,0,0,0,0,0,0,0,0,0,0,0,0,0,0,0,0,0,0,0,0,0,86,46,33,119,87,71,1,.9302,1,3,0,0,0,0,0,0,0,0,0,0,0,1,0,0,0,0,0,0,0,0,0,0,0,0,274,thaisma01,thaisma01,thaiss000mat,,89,13,eol
20131,0,4,Chicago White Sox,Major League Baseball,Montgomery,Colson,,12,27,2,2002,206,The United States,92488,Holland,4,191,229,2,1,5,0,0,1,0,333,423,442,354,337,333,290,402,507,416,306,274,308,407,500,406,317,301,3,2,2,60,6,11,58,7,10,4,1,4,1,8,1,15,30,10,1,49,53,11,3,104,91,133,71,0,0,2,14,12,0,0,0,0,200,0,0,0,0,0,1,550,.244,21,3,33,52,144,3,0,0,0,0,0,0,0,0,0,0,0,0,0,0,0,0,0,0,0,0,0,96,85,108,77,152,94,1,.9302,1,3,0,0,0,0,0,0,0,0,0,0,0,1,0,0,0,0,0,0,0,0,0,0,0,0,276,montgco01,montgco01,montgo001col,,0,11,eol
20136,0,4,Chicago White Sox,Major League Baseball,Burke,Sean,,59,18,12,1999,206,The United States,77103,Sutton,4,198,229,1,1,11,125,367,5,1,94,188,49,237,91,91,92,187,47,232,89,89,92,187,48,233,90,89,5,1,1,26,9,11,43,9,74,382,296,389,329,392,322,6,2,1,147,109,39,14,3,50,35,42,41,0,0,9,7,12,200,0,0,0,0,0,0,0,0,0,1,550,.261,0,0,18,66,110,6,0,0,0,0,0,0,0,0,0,0,0,0,0,0,0,0,0,0,0,0,0,72,102,118,127,127,111,401,.8143,409,198,335,378,414,0,0,0,0,0,0,0,0,201,339,384,419,0,0,0,0,0,0,0,0,0,407,burkese01,burkese01,burke-000sea,,0,14,eol
19920,0,4,Chicago White Sox,Major League Baseball,Vaughn,Andrew,,25,3,4,1998,206,The United States,71263,Santa Rosa,4,183,214,1,1,3,650,650,8,0,401,409,394,400,454,330,405,389,398,333,418,394,412,391,402,342,427,399,4,2,2,25,6,31,66,47,4,1,1,1,1,1,1,15,30,10,1,20,57,11,3,62,73,61,48,0,0,4,7,12,0,0,200,0,0,0,0,0,0,0,1,550,.262,30,0,14,40,93,4,0,0,0,0,0,0,0,0,0,0,0,0,0,0,0,0,0,0,0,0,0,78,85,118,169,81,130,1,.9302,1,3,0,0,0,0,0,0,0,0,0,0,0,1,0,0,0,0,0,0,0,0,0,0,0,0,275,vaughan01,vaughan01,vaughn000and,,0,11,eol
19997,0,4,Chicago White Sox,Major League Baseball,Dalbec,Bobby,,31,29,6,1995,206,The United States,62911,Parker,4,193,225,1,1,3,696,696,9,0,308,338,291,436,250,346,266,366,291,409,230,303,358,423,427,381,234,437,4,2,2,109,89,174,88,109,6,1,1,1,1,1,1,15,30,10,1,10,56,11,3,56,55,81,57,0,0,103,119,127,0,0,200,0,200,0,0,0,200,0,1,550,.199,18,2,7,55,171,4,0,0,0,0,0,0,0,0,0,0,0,0,0,0,0,0,0,0,0,0,0,104,109,124,73,87,91,1,.9302,1,3,0,0,0,0,0,0,0,0,0,0,0,1,0,0,0,0,0,0,0,0,0,0,0,0,277,dalbebo01,dalbebo01,dalbec000bob,,0,11,eol
20169,0,4,Chicago White Sox,Major League Baseball,Julks,Corey,,32,27,2,1996,206,The United States,24728,Friendswood,1,180,216,1,1,7,179,433,4,2,338,401,253,318,340,339,354,407,319,377,366,346,394,355,303,362,388,403,1,2,2,133,145,152,118,64,1,1,1,1,1,1,1,15,30,10,1,11,59,12,4,1,5,16,17,0,0,90,104,113,0,0,0,0,0,0,200,0,192,0,1,550,.229,24,3,8,42,126,1,0,0,0,0,0,0,0,0,0,0,0,0,0,0,0,0,0,0,0,0,0,158,14,125,101,24,28,1,.9756,1,3,0,0,0,0,0,0,0,0,0,0,0,1,0,0,0,0,0,0,0,0,0,0,0,0,277,julksco01,julksco01,julks-000cor,,0,12,eol
20877,0,4,Chicago White Sox,Major League Baseball,Wilson,Steven,,36,24,8,1994,206,The United States,45840,Littleton,4,191,220,1,1,12,492,549,7,0,95,190,51,236,94,91,92,186,48,232,89,89,92,187,48,233,90,89,5,0,0,11,6,11,15,11,39,444,329,462,347,450,296,9,5,1,32,114,28,12,3,50,36,42,42,0,0,12,16,19,200,0,0,0,0,0,0,0,0,0,1,550,.247,0,0,17,60,106,9,0,0,0,0,0,0,0,0,0,0,0,0,0,0,0,0,0,0,0,0,0,87,126,112,72,89,92,385,.9981,418,324,191,0,402,0,0,0,0,0,0,0,0,340,202,0,420,0,0,0,0,0,0,0,0,0,444,wilsost02,wilsost02,wilson007ste,,0,12,eol
19464,0,4,Chicago White Sox,Major League Baseball,Martin,Davis,,65,4,1,1997,206,The United States,69748,San Angelo,4,188,216,2,1,11,300,523,3,1,89,184,46,226,86,87,94,187,48,236,92,89,92,187,48,233,90,89,5,0,0,11,7,11,13,12,50,365,348,380,399,379,379,7,3,2,145,103,51,10,3,50,35,42,41,0,0,15,10,14,200,0,0,0,0,0,0,0,0,0,1,550,.271,0,0,15,51,85,7,0,0,0,0,0,0,0,0,0,0,0,0,0,0,0,0,0,0,0,0,0,106,129,72,93,90,80,304,1.3092,318,168,224,318,280,224,0,0,0,0,0,0,0,178,244,337,305,244,0,0,0,0,0,0,0,0,405,martida03,martida03,martin023dav,,0,10,eol
19479,0,4,Chicago White Sox,Major League Baseball,Meidroth,Chase,,10,23,7,2001,206,The United States,47691,Manhattan Beach,4,178,190,1,1,4,0,0,1,0,414,214,264,419,439,385,435,276,206,414,473,393,430,247,224,415,464,391,6,2,2,78,111,159,117,127,17,1,1,1,1,1,1,15,30,10,1,20,58,14,4,103,95,59,109,0,0,11,11,7,0,0,0,200,0,0,0,0,0,0,1,550,.265,19,0,4,55,71,6,0,0,0,0,0,0,0,0,0,0,0,0,0,0,0,0,0,0,0,0,0,125,116,92,87,96,119,1,.9756,1,3,0,0,0,0,0,0,0,0,0,0,0,1,0,0,0,0,0,0,0,0,0,0,0,0,276,meidrch01,meidrch01,meidro000cha,,0,14,eol
19558,0,4,Chicago White Sox,Major League Baseball,Vargas,Miguel,,20,17,11,1999,49,Cuba,31031,Havana,5,188,205,1,1,5,510,829,4,3,379,545,335,396,443,302,340,490,401,447,421,228,359,512,377,442,431,267,5,2,2,86,45,164,96,6,2,4,1,4,1,8,1,15,30,10,1,27,53,12,4,104,91,133,71,0,0,90,113,113,0,0,200,0,200,0,200,0,0,0,1,550,.230,34,2,13,62,93,5,0,0,0,0,0,0,0,0,0,0,0,0,0,0,0,0,0,0,0,0,0,28,162,117,174,121,87,1,.9756,1,3,0,0,0,0,0,0,0,0,0,0,0,1,0,0,0,0,0,0,0,0,0,0,0,0,275,vargami01,vargami01,vargas005mig,,0,12,eol
19521,0,4,Chicago White Sox,Major League Baseball,Sosa,Lenyn,,50,25,1,2000,210,Venezuela,61321,Puerto Cabello,1,183,209,1,1,4,512,851,6,3,414,360,401,248,375,441,418,307,411,204,414,420,418,313,407,220,408,425,3,3,2,68,33,137,90,97,6,4,1,4,1,8,1,15,30,10,1,18,53,14,3,103,95,81,109,0,0,15,2,7,0,0,176,200,200,0,0,0,0,0,1,550,.275,22,1,16,18,105,3,0,0,0,0,0,0,0,0,0,0,0,0,0,0,0,0,0,0,0,0,0,99,90,108,113,99,79,1,.9302,1,3,0,0,0,0,0,0,0,0,0,0,0,1,0,0,0,0,0,0,0,0,0,0,0,0,273,sosale01,sosale01,sosa--000len,,0,14,eol
19534,0,4,Chicago White Sox,Major League Baseball,Taylor,Grant,,31,20,5,2002,206,The United States,25831,Florence,4,191,229,1,1,12,0,0,2,0,96,191,51,243,95,92,92,186,47,229,89,88,92,187,48,233,90,89,5,1,1,16,7,11,24,14,20,595,357,609,360,617,349,1,6,0,29,109,51,11,3,51,39,44,42,0,0,8,10,1,200,0,0,0,0,0,0,0,0,0,1,550,.212,0,0,1,55,165,1,0,0,0,0,0,0,0,0,0,0,0,0,0,0,0,0,0,0,0,0,0,97,60,95,168,101,63,506,1.0089,509,353,467,418,0,467,0,0,0,0,0,0,0,338,491,403,0,447,0,0,0,0,0,0,0,0,400,taylogr02,taylogr02,taylor005gra,,0,11,eol
20017,0,4,Chicago White Sox,Major League Baseball,Jones,Greg,,30,7,3,1998,206,The United States,17663,Cary,1,183,174,3,1,9,4,165,5,2,151,290,381,328,182,90,149,288,376,325,179,89,155,288,383,331,197,78,5,1,1,20,19,31,16,65,17,4,1,4,1,8,1,15,30,10,1,13,53,11,4,15,20,2,17,0,0,105,118,129,0,0,0,0,0,0,0,0,200,0,1,550,.147,9,0,13,35,189,5,0,0,0,0,0,0,0,0,0,0,0,0,0,0,0,0,0,0,0,0,0,70,149,119,80,35,122,1,.9756,1,3,0,0,0,0,0,0,0,0,0,0,0,1,0,0,0,0,0,0,0,0,0,0,0,0,273,jonesgr02,jonesgr02,jones-004gre,,0,11,eol
20177,0,4,Chicago White Sox,Major League Baseball,Shuster,Jared,,51,3,8,1998,206,The United States,55049,New Bedford,4,191,220,2,2,12,207,530,4,2,87,184,45,228,83,86,94,189,50,234,92,90,92,187,48,233,90,89,5,2,2,23,6,11,39,15,109,501,398,482,373,447,331,5,6,1,42,109,41,9,3,51,42,45,43,0,0,16,15,1,200,0,0,0,0,0,0,0,0,0,1,550,.275,0,0,9,50,80,5,0,0,0,0,0,0,0,0,0,0,0,0,0,0,0,0,0,0,0,0,0,127,74,74,75,81,100,286,1.0896,275,167,316,0,222,0,0,0,0,0,0,0,0,162,306,0,212,0,0,0,0,0,0,0,0,0,372,shustja01,shustja01,shuste000jar,,0,9,eol
20291,0,4,Chicago White Sox,Major League Baseball,Noda,Ryan,,29,30,3,1996,206,The United States,92701,Volo,4,185,216,2,2,3,200,418,6,1,202,392,349,452,259,161,164,328,298,485,198,129,337,431,385,516,204,421,3,3,2,107,35,171,111,135,8,1,1,1,1,1,1,15,30,10,1,45,54,10,3,64,43,61,77,0,0,104,109,129,0,0,200,0,0,0,0,0,200,0,1,550,.161,13,1,8,76,179,3,0,0,0,0,0,0,0,0,0,0,0,0,0,0,0,0,0,0,0,0,0,83,44,40,109,76,101,1,1.0750,1,3,0,0,0,0,0,0,0,0,0,0,0,1,0,0,0,0,0,0,0,0,0,0,0,0,269,nodary01,nodary01,noda--000rya,,0,10,eol
20855,0,4,Chicago White Sox,Major League Baseball,Teel,Kyle,,8,15,2,2002,206,The United States,67718,Saddle River,4,183,209,2,1,2,0,0,3,0,440,328,369,481,329,508,447,335,387,491,340,511,444,316,383,486,340,508,8,0,0,57,42,143,95,105,6,1,1,1,1,1,1,15,30,10,1,9,55,10,3,12,2,4,2,74,99,5,4,9,0,200,0,0,0,0,0,0,0,0,1,550,.294,27,0,13,80,134,8,0,0,0,0,0,0,0,0,0,0,0,0,0,0,0,0,0,0,0,0,0,3,126,20,116,130,81,1,.9302,1,3,0,0,0,0,0,0,0,0,0,0,0,1,0,0,0,0,0,0,0,0,0,0,0,0,274,teelky01,teelky01,teel--000kyl,,144,10,eol
20871,0,4,Chicago White Sox,Major League Baseball,Baldwin,Brooks,,27,15,8,2000,206,The United States,85809,Whiteville,4,183,174,3,1,6,124,128,4,0,376,396,341,327,407,347,377,447,406,338,343,410,376,418,383,334,364,392,1,0,0,94,85,174,97,177,10,1,1,1,1,1,1,15,30,10,1,25,55,13,4,136,109,122,123,0,0,100,93,113,0,0,0,136,183,200,200,200,200,0,1,550,.250,30,2,14,37,125,1,0,0,0,0,0,0,0,0,0,0,0,0,0,0,0,0,0,0,0,0,0,121,91,95,49,33,82,1,.9756,1,3,0,0,0,0,0,0,0,0,0,0,0,1,0,0,0,0,0,0,0,0,0,0,0,0,274,baldwbr01,baldwbr01,baldwi000bro,,0,13,eol
18536,0,4,Chicago White Sox,Major League Baseball,Maton,Nick,,12,18,2,1997,206,The United States,19017,Chatham,4,185,179,2,1,3,546,835,7,3,231,387,377,439,307,165,242,396,393,454,318,168,306,411,398,462,325,283,2,0,0,97,119,60,105,7,8,1,1,1,1,35,39,15,30,10,1,14,54,13,3,66,55,81,61,0,0,10,4,4,0,0,200,200,200,0,0,0,0,0,1,550,.190,19,2,14,67,143,2,0,0,0,0,0,0,0,0,0,0,0,0,0,0,0,0,0,0,0,0,0,45,166,4,135,120,59,1,.9302,1,3,0,0,0,0,0,0,0,0,0,0,0,1,0,0,0,0,0,0,0,0,0,0,0,0,273,matonni01,matonni01,maton-000nic,,0,13,eol
18773,0,4,Chicago White Sox,Major League Baseball,Murfee,Penn,,63,2,5,1994,206,The United States,54298,Nashville,4,188,194,1,1,12,210,545,5,3,96,191,51,239,97,91,91,186,47,231,88,88,92,187,48,233,90,89,5,2,2,9,7,11,10,7,30,315,370,360,396,431,374,10,1,1,30,109,40,17,2,51,42,45,43,0,0,7,17,8,200,0,0,0,0,0,0,0,0,0,1,550,.275,0,0,22,49,99,10,0,0,0,0,0,0,0,0,0,0,0,0,0,0,0,0,0,0,0,0,0,134,105,96,99,118,123,357,1.0328,442,314,199,0,0,0,0,0,0,0,0,0,0,452,315,0,0,0,0,0,0,0,0,0,0,0,400,murfepe01,murfepe01,murfee000pen,,0,17,eol
19502,0,4,Chicago White Sox,Major League Baseball,Quero,Edgar,,7,6,4,2003,49,Cuba,13749,Cienfuegos,1,178,209,3,1,2,0,0,1,0,482,359,212,409,465,479,437,319,261,385,432,433,448,318,254,393,439,444,5,2,2,20,16,11,65,10,7,1,1,1,1,1,1,15,30,10,1,47,57,10,3,11,4,18,8,75,99,10,6,15,0,200,0,0,0,0,0,0,0,0,1,550,.283,27,0,5,48,85,5,0,0,0,0,0,0,0,0,0,0,0,0,0,0,0,0,0,0,0,0,0,109,128,87,90,15,105,1,.9302,1,3,0,0,0,0,0,0,0,0,0,0,0,1,0,0,0,0,0,0,0,0,0,0,0,0,274,queroed01,queroed01,quero-000edg,,137,10,eol
19510,0,4,Chicago White Sox,Major League Baseball,Smith,Shane,,64,4,4,2000,206,The United States,21950,Danvers,4,191,240,1,1,11,0,0,3,0,94,187,49,231,92,89,92,187,48,233,90,88,92,187,48,233,90,89,5,1,1,10,10,11,10,12,119,409,343,438,349,427,350,12,6,1,136,109,43,13,3,50,35,42,41,0,0,9,2,19,200,0,0,0,0,0,0,0,0,0,1,550,.242,0,0,13,58,115,12,0,0,0,0,0,0,0,0,0,0,0,0,0,0,0,0,0,0,0,0,0,114,122,108,91,84,84,411,1.0110,415,201,338,382,289,0,418,0,0,0,0,0,0,203,342,387,293,0,422,0,0,0,0,0,0,0,433,smithsh02,smithsh02,smith-012sha,,0,13,eol
20671,0,4,Chicago White Sox,Major League Baseball,White,Owen,,67,9,8,1999,206,The United States,13314,China Grove,4,191,198,1,1,12,180,453,3,2,94,190,50,235,93,89,92,187,48,232,89,88,92,187,48,233,90,89,5,2,2,31,9,11,53,6,116,312,364,318,364,265,361,1,1,0,49,109,60,12,3,51,43,46,44,0,0,19,16,9,200,0,0,0,0,0,0,0,0,0,1,550,.304,0,0,16,54,78,1,0,0,0,0,0,0,0,0,0,0,0,0,0,0,0,0,0,0,0,0,0,35,172,165,192,110,126,280,.9972,294,222,222,222,222,222,222,0,0,0,0,0,0,232,232,232,232,232,232,0,0,0,0,0,0,0,300,whiteow01,whiteow01,white-000owe,,0,12,eol
// Cleveland Guardians, ID = 5
19456,0,5,Cleveland Guardians,Major League Baseball,Kayfus,CJ,,63,28,10,2001,206,The United States,86085,Wellington,4,183,192,2,2,9,0,0,2,0,337,584,372,379,324,355,351,589,394,401,339,367,327,526,380,383,342,316,7,2,2,130,129,190,121,118,19,1,1,1,1,1,1,15,30,10,1,45,54,11,3,57,43,52,56,0,0,104,100,128,0,0,200,0,0,0,0,0,200,0,1,550,.236,46,6,14,49,136,7,0,0,0,0,0,0,0,0,0,0,0,0,0,0,0,0,0,0,0,0,0,36,113,89,153,73,73,1,1.0750,1,3,0,0,0,0,0,0,0,0,0,0,0,1,0,0,0,0,0,0,0,0,0,0,0,0,269,kayfucj01,kayfucj01,kayfus000cj-,,0,11,eol
19460,0,5,Cleveland Guardians,Major League Baseball,Messick,Parker,,77,26,10,2000,206,The United States,59478,Plant City,4,183,225,2,2,11,0,0,3,0,86,181,43,226,82,85,94,190,49,235,93,90,92,187,48,233,90,89,5,2,2,24,10,11,38,15,110,417,458,383,444,376,421,1,6,4,154,109,51,16,2,51,38,43,42,0,0,13,8,2,200,0,0,0,0,0,0,0,0,0,1,550,.263,0,0,13,35,99,1,0,0,0,0,0,0,0,0,0,0,0,0,0,0,0,0,0,0,0,0,0,111,16,74,94,85,85,359,.9833,337,0,347,0,300,300,0,0,0,0,0,0,0,0,326,0,272,272,0,0,0,0,0,0,0,0,400,messipa01,messipa01,messic000par,,0,16,eol
19468,0,5,Cleveland Guardians,Major League Baseball,Naylor,Bo,,23,21,2,2000,36,Canada,89954,Mississauga,1,183,205,2,1,2,492,524,4,1,326,547,422,450,392,243,261,492,396,425,328,187,302,477,415,432,344,244,2,2,2,100,85,119,109,133,12,1,1,1,1,1,1,15,30,10,1,13,57,12,4,5,7,10,1,95,103,15,1,2,0,200,0,0,0,0,0,0,0,0,1,550,.204,29,2,15,60,132,2,0,0,0,0,0,0,0,0,0,0,0,0,0,0,0,0,0,0,0,0,0,102,68,41,124,103,91,1,.9756,1,3,0,0,0,0,0,0,0,0,0,0,0,1,0,0,0,0,0,0,0,0,0,0,0,0,275,naylobo01,naylobo01,naylor000noa,,107,12,eol
19472,0,5,Cleveland Guardians,Major League Baseball,Ramirez,Jose,Enriquito,11,17,9,1992,56,Dominican Republic,6729,Baní,5,175,190,3,1,5,2064,2064,13,1,425,472,435,315,496,334,419,434,448,360,487,331,428,503,446,405,486,356,4,3,2,144,191,194,149,6,18,1,1,1,1,1,1,15,30,10,1,36,57,10,3,137,115,160,71,0,0,17,18,18,0,0,0,0,200,0,0,0,0,0,1,550,.282,32,3,23,39,56,4,0,0,0,0,0,0,0,0,0,0,0,0,0,0,0,0,0,0,0,0,0,118,97,96,123,88,105,1,.9302,1,3,0,0,0,0,0,0,0,0,0,0,0,1,0,0,0,0,0,0,0,0,0,0,0,0,273,ramirjo01,ramirjo01,ramire014jos,,0,10,eol
19488,0,5,Cleveland Guardians,Major League Baseball,Sabrowski,Erik,,62,31,10,1997,36,Canada,22795,Edmonton,4,193,229,1,2,12,83,380,3,2,94,187,49,233,91,90,92,187,48,232,90,89,92,187,48,233,90,89,5,2,2,32,9,11,54,14,51,570,191,553,186,568,215,12,2,0,35,109,27,12,3,51,40,44,43,0,0,11,17,14,200,0,0,0,0,0,0,0,0,0,1,550,.207,0,0,7,107,188,12,0,0,0,0,0,0,0,0,0,0,0,0,0,0,0,0,0,0,0,0,0,34,147,81,75,109,88,528,.9644,532,420,420,513,0,0,0,0,0,0,0,0,0,357,422,516,0,0,0,0,0,0,0,0,0,0,400,sabroer01,sabroer01,sabrow000eri,,0,12,eol
19492,0,5,Cleveland Guardians,Major League Baseball,Schneemann,Daniel,,10,23,1,1997,206,The United States,13641,Chula Vista,4,185,181,2,1,6,157,157,5,0,294,511,318,413,317,265,323,447,377,426,321,327,332,463,373,429,317,351,3,0,0,126,121,153,140,66,19,4,1,4,1,8,1,15,30,10,1,8,53,12,3,103,95,86,109,0,0,140,100,118,0,0,0,200,200,200,0,200,118,0,1,550,.220,28,3,12,57,141,3,0,0,0,0,0,0,0,0,0,0,0,0,0,0,0,0,0,0,0,0,0,193,39,158,100,92,10,1,.9302,1,3,0,0,0,0,0,0,0,0,0,0,0,1,0,0,0,0,0,0,0,0,0,0,0,0,274,schneda04,schneda04,schnee000dan,,0,12,eol
19712,0,5,Cleveland Guardians,Major League Baseball,Junis,Jakob,June Bug,16,16,9,1992,206,The United States,66463,Rock Falls,4,188,225,1,1,12,1347,1655,10,2,95,191,50,241,95,91,92,186,47,231,88,89,85,187,48,226,90,72,5,0,0,10,8,11,11,10,55,441,465,463,481,383,448,8,1,0,43,110,46,9,3,50,35,42,41,0,0,13,13,13,200,0,0,0,0,0,0,0,0,0,1,550,.256,0,0,10,30,94,8,0,0,0,0,0,0,0,0,0,0,0,0,0,0,0,0,0,0,0,0,0,111,73,157,72,115,98,337,1.2435,364,228,170,0,321,350,0,0,0,0,0,0,0,264,188,0,357,395,0,0,0,0,0,0,0,0,414,junisja01,junisja01,junis-000jak,,0,9,eol
19994,0,5,Cleveland Guardians,Major League Baseball,McKenzie,Triston,Dr. Sticks,24,2,8,1997,206,The United States,65722,Royal Palm Beach,1,196,165,1,1,11,698,806,7,3,93,187,48,232,91,89,92,186,48,233,89,88,99,177,48,232,93,102,5,1,1,9,6,11,10,9,7,337,252,346,242,377,345,2,6,1,120,107,38,14,4,51,43,46,44,0,0,3,18,4,200,0,0,0,0,0,0,0,0,0,1,550,.280,0,0,23,87,100,2,0,0,0,0,0,0,0,0,0,0,0,0,0,0,0,0,0,0,0,0,0,112,76,127,185,105,113,362,1.1201,424,263,394,319,0,0,0,0,0,0,0,0,0,308,441,359,0,0,0,0,0,0,0,0,0,0,382,mckentr01,mckentr01,mckenz000tri,,0,14,eol
20328,0,5,Cleveland Guardians,Major League Baseball,Kwan,Steven,,38,5,9,1997,206,The United States,24811,Fremont,2,175,174,2,2,7,516,516,5,0,451,268,344,417,530,348,458,329,291,396,519,384,448,406,182,421,499,389,3,1,1,116,111,159,135,112,18,1,1,1,1,1,1,15,30,10,1,48,59,10,4,10,20,3,9,0,0,122,106,173,0,0,0,0,0,0,200,0,0,0,1,550,.280,23,2,8,51,43,3,0,0,0,0,0,0,0,0,0,0,0,0,0,0,0,0,0,0,0,0,0,83,109,164,94,73,78,1,1.0250,1,3,0,0,0,0,0,0,0,0,0,0,0,1,0,0,0,0,0,0,0,0,0,0,0,0,272,kwanst01,kwanst01,kwan--000ste,,0,10,eol
20335,0,5,Cleveland Guardians,Major League Baseball,Manzardo,Kyle,,9,18,7,2000,206,The United States,14316,Coeur d'Alene,4,180,205,2,1,3,170,421,3,2,331,487,398,353,313,353,334,425,448,415,370,303,345,453,438,399,360,334,7,2,2,59,20,31,55,6,4,1,1,1,1,1,1,15,30,10,1,2,57,12,3,71,43,56,56,0,0,9,16,4,0,0,200,0,0,0,0,0,0,0,1,550,.240,26,2,22,51,127,7,0,0,0,0,0,0,0,0,0,0,0,0,0,0,0,0,0,0,0,0,0,79,136,124,175,94,99,1,.9302,1,3,0,0,0,0,0,0,0,0,0,0,0,1,0,0,0,0,0,0,0,0,0,0,0,0,274,manzaky01,manzaky01,manzar000kyl,,0,12,eol
20530,0,5,Cleveland Guardians,Major League Baseball,Enright,Nic,,59,8,1,1997,206,The United States,64151,Richmond,4,191,205,1,1,12,0,0,1,0,93,188,49,236,90,90,92,187,48,232,90,88,92,187,48,233,90,89,5,0,0,12,6,11,17,11,70,480,343,479,343,480,346,10,1,5,38,109,34,11,4,51,40,44,42,0,0,20,19,19,200,0,0,0,0,0,0,0,0,0,1,550,.252,0,0,11,59,115,10,0,0,0,0,0,0,0,0,0,0,0,0,0,0,0,0,0,0,0,0,0,78,121,72,130,33,116,411,.9967,416,199,337,380,416,0,0,0,0,0,0,0,0,201,339,384,419,0,0,0,0,0,0,0,0,0,400,enrigni01,enrigni01,enrigh000nic,,0,11,eol
20637,0,5,Cleveland Guardians,Major League Baseball,Gaddis,Hunter,,33,9,4,1998,206,The United States,17175,Canton,4,198,212,1,1,12,516,708,6,2,95,191,50,240,94,90,92,186,47,231,89,88,92,187,48,233,90,89,5,0,0,31,10,11,53,13,45,444,433,462,440,454,429,4,4,1,33,109,42,11,3,50,35,42,41,0,0,18,2,18,200,0,0,0,0,0,0,0,0,0,1,550,.230,0,0,11,37,120,4,0,0,0,0,0,0,0,0,0,0,0,0,0,0,0,0,0,0,0,0,0,96,125,87,95,191,120,422,.8824,387,300,206,427,393,0,0,0,0,0,0,0,0,275,194,406,368,0,0,0,0,0,0,0,0,0,449,gaddihu01,gaddihu01,gaddis000hun,,0,11,eol
20643,0,5,Cleveland Guardians,Major League Baseball,Valera,George,,35,13,11,2000,56,Dominican Republic,70516,San Pedro de Macorís,5,178,194,2,2,9,0,0,3,0,307,382,402,433,336,270,313,389,407,438,344,276,200,353,378,407,272,144,3,1,1,26,8,11,44,59,15,1,1,1,1,1,1,15,30,10,1,23,55,10,2,20,8,11,19,0,0,105,110,129,0,0,0,0,0,0,0,0,200,0,1,550,.221,23,0,16,62,133,3,0,0,0,0,0,0,0,0,0,0,0,0,0,0,0,0,0,0,0,0,0,152,32,114,125,120,12,1,1.2250,1,3,0,0,0,0,0,0,0,0,0,0,0,1,0,0,0,0,0,0,0,0,0,0,0,0,269,valerge01,valerge01,valera000geo,,0,10,eol
20804,0,5,Cleveland Guardians,Major League Baseball,Allen,Logan,,26,5,9,1998,206,The United States,20076,Deltona,4,183,190,1,2,11,320,426,6,2,96,190,52,238,97,92,90,185,47,232,87,87,92,187,48,233,90,89,5,0,0,9,6,11,10,9,73,376,369,374,347,369,358,5,4,0,139,118,49,7,3,50,35,42,41,0,0,10,7,1,200,0,0,0,0,0,0,0,0,0,1,550,.287,0,0,15,57,87,5,0,0,0,0,0,0,0,0,0,0,0,0,0,0,0,0,0,0,0,0,0,63,195,112,174,100,76,310,.6829,339,188,320,0,0,396,0,358,0,0,0,0,0,209,350,0,0,431,0,398,0,0,0,0,0,0,341,allenlo02,allenlo02,allen-001log,,0,7,eol
20991,0,5,Cleveland Guardians,Major League Baseball,Rodriguez,Johnathan,,30,4,11,1999,151,Puerto Rico,80321,Toa Baja,5,188,223,1,1,9,37,335,2,2,300,508,354,433,330,261,291,505,340,422,319,254,290,455,339,435,321,250,2,2,2,108,50,172,106,12,19,4,1,4,1,8,1,15,30,10,1,45,53,12,4,11,7,3,10,0,0,104,100,128,0,0,0,0,0,0,0,0,200,0,1,550,.206,30,3,11,58,141,2,0,0,0,0,0,0,0,0,0,0,0,0,0,0,0,0,0,0,0,0,0,197,106,99,95,71,98,1,.9756,1,3,0,0,0,0,0,0,0,0,0,0,0,1,0,0,0,0,0,0,0,0,0,0,0,0,275,rodrijo10,rodrijo10,rodrig007jon,,0,12,eol
20226,0,5,Cleveland Guardians,Major League Baseball,Herrin,Tim,,29,8,10,1996,206,The United States,79340,Terre Haute,4,196,225,2,2,12,307,471,6,1,89,185,46,225,86,87,94,188,49,236,92,90,92,187,48,233,90,89,5,0,0,15,9,11,20,9,9,472,267,435,260,457,286,12,6,1,30,109,53,10,3,51,38,43,42,0,0,1,9,16,200,0,0,0,0,0,0,0,0,0,1,550,.241,0,0,9,82,127,12,0,0,0,0,0,0,0,0,0,0,0,0,0,0,0,0,0,0,0,0,0,99,198,100,43,48,111,435,1.0274,439,0,441,0,0,334,397,0,0,0,0,0,0,0,453,0,0,316,370,0,0,0,0,0,0,0,405,herriti01,herriti01,herrin000tim,,0,10,eol
20231,0,5,Cleveland Guardians,Major League Baseball,Walters,Andrew,,91,8,12,2000,206,The United States,62310,Palm Bay,4,193,223,1,1,12,5,244,3,2,95,189,50,239,94,91,92,186,47,230,88,89,92,187,48,233,90,89,5,1,2,34,10,11,58,8,34,435,325,452,330,435,272,1,6,0,24,109,27,12,3,51,44,46,44,0,0,6,7,3,200,0,0,0,0,0,0,0,0,0,1,550,.288,0,0,19,62,97,1,0,0,0,0,0,0,0,0,0,0,0,0,0,0,0,0,0,0,0,0,0,11,191,16,165,82,142,351,1.0070,289,195,278,0,0,0,0,372,0,0,0,0,0,155,197,0,0,0,0,282,0,0,0,0,0,0,331,waltean01,waltean01,walter003and,,0,12,eol
20236,0,5,Cleveland Guardians,Major League Baseball,Ortiz,Luis,,45,27,1,1999,56,Dominican Republic,70516,San Pedro de Macorís,1,188,234,1,1,11,424,495,7,1,92,188,49,233,90,89,92,186,48,233,90,89,92,187,48,233,90,89,5,0,0,10,10,11,10,7,89,362,317,407,371,390,342,5,1,1,133,116,48,9,3,50,35,42,41,0,0,12,19,1,200,0,0,0,0,0,0,0,0,0,1,550,.248,0,0,14,58,108,5,0,0,0,0,0,0,0,0,0,0,0,0,0,0,0,0,0,0,0,0,0,118,193,121,115,126,102,396,.8985,344,339,289,0,418,339,201,0,0,0,0,0,0,307,246,0,374,307,179,0,0,0,0,0,0,0,430,ortizlu03,ortizlu03,ortiz-010lui,,0,9,eol
20246,0,5,Cleveland Guardians,Major League Baseball,Nuñez,Dom,,46,17,1,1995,206,The United States,67700,Sacramento,5,180,212,2,1,2,346,663,6,3,211,191,298,268,200,232,220,197,308,288,212,238,255,552,404,453,249,268,4,0,0,19,10,11,29,59,15,1,1,1,1,1,1,15,30,10,1,34,59,13,4,10,14,2,19,101,107,14,8,20,0,200,0,0,0,0,0,0,0,0,1,550,.180,9,0,8,27,180,4,0,0,0,0,0,0,0,0,0,0,0,0,0,0,0,0,0,0,0,0,0,118,79,119,83,40,115,1,.9756,1,3,0,0,0,0,0,0,0,0,0,0,0,1,0,0,0,0,0,0,0,0,0,0,0,0,277,nunezdo01,nunezdo01,nunez-003dom,,111,13,eol
20311,0,5,Cleveland Guardians,Major League Baseball,Arias,Gabriel,,13,27,2,2000,210,Venezuela,47991,Maracay,1,185,201,1,1,4,499,771,7,2,404,533,384,269,257,489,358,475,323,315,257,428,358,459,350,349,276,421,6,2,1,118,141,148,110,64,20,1,1,1,1,1,1,15,30,10,1,9,54,13,4,104,95,81,109,0,0,7,10,20,0,0,0,200,200,200,0,0,0,0,1,550,.242,34,4,10,31,164,6,0,0,0,0,0,0,0,0,0,0,0,0,0,0,0,0,0,0,0,0,0,106,124,75,125,13,93,1,.9756,1,3,0,0,0,0,0,0,0,0,0,0,0,1,0,0,0,0,0,0,0,0,0,0,0,0,273,ariasga01,ariasga01,arias-002gab,,0,13,eol
18511,0,5,Cleveland Guardians,Major League Baseball,Fry,David,,6,20,11,1995,206,The United States,14454,Colleyville,4,183,216,1,1,2,251,321,6,1,325,432,470,407,288,361,318,379,415,391,331,309,362,407,423,409,353,374,9,2,2,80,43,154,108,8,11,121,1,128,1,318,321,15,30,10,1,3,35,16,3,39,36,45,61,61,84,73,114,110,0,200,200,0,0,0,200,0,0,0,1,550,.233,24,1,20,49,141,9,0,0,0,0,0,0,0,0,0,0,0,0,0,0,0,0,0,0,0,0,0,36,132,37,163,49,92,1,.9302,1,3,0,0,0,0,0,0,0,0,0,0,0,1,0,0,0,0,0,0,0,0,0,0,0,0,290,fryda01,fryda01,fry---002dav,,81,16,eol
19394,0,5,Cleveland Guardians,Major League Baseball,Bibee,Tanner,,28,5,3,1999,206,The United States,50722,Mission Viejo,4,188,190,1,1,11,327,330,5,1,95,189,50,239,94,91,91,186,47,231,88,88,92,187,48,233,90,89,5,0,0,9,6,11,10,7,32,374,388,397,443,409,417,7,2,1,156,110,45,12,3,50,35,42,41,0,0,7,14,11,200,0,0,0,0,0,0,0,0,0,1,550,.256,0,0,16,40,108,7,0,0,0,0,0,0,0,0,0,0,0,0,0,0,0,0,0,0,0,0,0,35,159,23,115,105,53,392,.9378,407,198,335,414,378,0,0,0,0,0,0,0,0,204,343,423,389,0,0,0,0,0,0,0,0,0,414,bibeeta01,bibeeta01,bibee-000tan,,0,12,eol
19496,0,5,Cleveland Guardians,Major League Baseball,Williams,Gavin,,32,26,7,1999,206,The United States,25324,Fayetteville,4,198,249,2,1,11,327,463,3,1,86,181,43,226,82,85,95,189,49,235,93,91,92,187,48,233,90,89,5,0,0,21,6,11,34,6,113,373,253,383,311,400,308,3,6,1,140,113,50,12,3,50,35,42,41,0,0,11,17,19,200,0,0,0,0,0,0,0,0,0,1,550,.246,0,0,15,72,120,3,0,0,0,0,0,0,0,0,0,0,0,0,0,0,0,0,0,0,0,0,0,33,109,60,167,125,80,421,.7780,419,208,429,301,396,349,0,0,0,0,0,0,0,206,427,300,394,347,0,0,0,0,0,0,0,0,420,williga01,williga01,willia001gav,,0,12,eol
19741,0,5,Cleveland Guardians,Major League Baseball,Smith,Cade,,36,9,5,1999,36,Canada,84104,Vancouver,4,196,229,1,1,12,172,473,3,2,95,190,50,230,94,90,92,186,47,234,89,89,92,187,48,233,90,89,5,0,0,14,6,11,20,9,36,531,447,558,465,561,446,7,4,3,34,109,46,18,3,50,35,42,41,0,0,16,18,12,200,0,0,0,0,0,0,0,0,0,1,550,.220,0,0,4,33,165,7,0,0,0,0,0,0,0,0,0,0,0,0,0,0,0,0,0,0,0,0,0,83,79,82,95,83,97,505,.8186,507,332,481,0,0,0,0,395,0,0,0,0,0,334,484,0,0,0,0,398,0,0,0,0,0,0,380,smithca06,smithca06,smith-000cad,,0,18,eol
20086,0,5,Cleveland Guardians,Major League Baseball,Nikhazy,Doug,,65,11,8,1999,206,The United States,56754,Ocoee,4,183,209,2,2,12,0,0,4,0,86,182,44,227,82,85,94,189,49,234,92,90,92,187,48,233,90,89,5,0,0,33,7,11,58,7,17,456,179,452,179,432,222,1,6,0,70,109,29,10,3,51,43,46,44,0,0,14,13,17,200,0,0,0,0,0,0,0,0,0,1,550,.274,0,0,16,110,86,1,0,0,0,0,0,0,0,0,0,0,0,0,0,0,0,0,0,0,0,0,0,125,174,97,31,46,47,306,.9793,289,237,237,299,299,0,0,0,0,0,0,0,0,213,213,264,307,0,0,0,0,0,0,0,0,0,400,nikhado01,nikhado01,nikhaz000dou,,0,10,eol
20459,0,5,Cleveland Guardians,Major League Baseball,Kent,Zak,,61,24,2,1998,206,The United States,91270,Heathsville,4,191,205,1,1,12,0,0,3,0,95,190,50,237,93,91,92,187,48,232,89,89,92,187,48,233,90,89,5,0,0,9,8,11,10,10,119,517,312,530,316,444,332,8,6,5,45,109,41,11,3,51,42,45,43,0,0,5,15,2,200,0,0,0,0,0,0,0,0,0,1,550,.252,0,0,6,66,103,8,0,0,0,0,0,0,0,0,0,0,0,0,0,0,0,0,0,0,0,0,0,82,75,200,188,108,88,375,1.0133,356,0,200,338,0,288,382,0,0,0,0,0,0,0,185,315,0,257,351,0,0,0,0,0,0,0,400,kentza01,kentza01,kent--000zak,,0,11,eol
20519,0,5,Cleveland Guardians,Major League Baseball,Rocchio,Brayan,The Professor,4,13,1,2001,210,Venezuela,17321,Caracas,5,178,150,3,1,4,310,310,3,0,334,461,323,386,394,268,377,407,259,371,421,329,371,416,284,390,408,336,10,1,1,118,144,145,121,148,11,4,1,4,1,8,1,15,30,10,1,12,53,11,3,134,101,118,120,0,0,9,15,8,0,0,0,200,0,200,0,0,0,0,1,550,.234,28,2,7,45,100,10,0,0,0,0,0,0,0,0,0,0,0,0,0,0,0,0,0,0,0,0,0,39,139,123,166,197,77,1,.9302,1,3,0,0,0,0,0,0,0,0,0,0,0,1,0,0,0,0,0,0,0,0,0,0,0,0,272,rocchbr01,rocchbr01,rocchi000bra,,0,11,eol
20618,0,5,Cleveland Guardians,Major League Baseball,Jones,Nolan,Nonie,22,7,5,1998,206,The United States,43669,Langhorne,4,193,194,2,1,9,507,507,5,0,353,340,199,399,341,369,368,405,261,449,302,424,426,423,401,456,308,502,5,2,2,126,120,148,123,96,12,1,1,1,1,1,1,15,30,10,1,10,59,13,3,13,16,6,1,0,0,104,100,214,0,0,0,0,0,0,200,200,200,0,1,550,.234,24,4,5,62,145,5,0,0,0,0,0,0,0,0,0,0,0,0,0,0,0,0,0,0,0,0,0,87,80,127,74,149,58,1,.9302,1,3,0,0,0,0,0,0,0,0,0,0,0,1,0,0,0,0,0,0,0,0,0,0,0,0,280,jonesno01,jonesno01,jones-000nol,,0,13,eol
20624,0,5,Cleveland Guardians,Major League Baseball,Halpin,Petey,,17,26,5,2002,206,The United States,70404,San Mateo,4,180,201,2,1,8,0,0,2,0,202,201,299,396,237,181,215,207,312,405,255,188,184,239,316,362,247,133,4,2,0,34,7,11,59,65,15,1,1,1,1,1,1,15,30,10,1,10,56,11,4,4,5,10,10,0,0,142,115,118,0,0,0,0,0,0,0,200,0,0,1,550,.176,9,0,8,51,166,4,0,0,0,0,0,0,0,0,0,0,0,0,0,0,0,0,0,0,0,0,0,88,173,99,168,90,113,1,.9756,1,3,0,0,0,0,0,0,0,0,0,0,0,1,0,0,0,0,0,0,0,0,0,0,0,0,274,halpipe01,halpipe01,halpin000pet,,0,11,eol
20149,0,5,Cleveland Guardians,Major League Baseball,Bolton,Cody,,58,19,6,1998,206,The United States,80924,Tracy,4,188,209,1,1,12,175,409,5,1,95,191,52,229,95,91,91,186,47,235,88,88,92,187,48,233,90,89,5,0,0,9,6,11,10,7,25,384,350,405,358,409,285,1,1,0,38,109,43,11,3,51,44,46,44,0,0,15,8,15,200,0,0,0,0,0,0,0,0,0,1,550,.299,0,0,15,56,89,1,0,0,0,0,0,0,0,0,0,0,0,0,0,0,0,0,0,0,0,0,0,53,100,86,116,44,103,319,.9949,359,161,210,0,258,210,303,0,0,0,0,0,0,191,270,0,324,270,363,0,0,0,0,0,0,0,264,boltoco01,boltoco01,bolton000cod,,0,11,eol
18801,0,5,Cleveland Guardians,Major League Baseball,Allard,Kolby,,49,13,8,1997,206,The United States,69878,San Clemente,4,185,190,2,2,12,1120,1234,11,3,86,182,44,218,83,84,94,188,50,238,93,90,96,177,48,229,95,92,5,0,0,18,6,11,29,8,79,472,484,463,487,406,417,2,1,0,48,119,41,7,3,50,35,42,41,0,0,15,17,6,200,0,0,0,0,0,0,0,0,0,1,550,.288,0,0,10,27,77,2,0,0,0,0,0,0,0,0,0,0,0,0,0,0,0,0,0,0,0,0,0,167,109,129,76,116,118,277,.9392,304,161,0,259,210,210,304,0,0,0,0,0,0,175,0,299,237,237,331,0,0,0,0,0,0,0,337,allarko01,allarko01,allard000kol,,0,7,eol
20398,0,5,Cleveland Guardians,Major League Baseball,Wilson,Will,,7,21,7,1998,206,The United States,38576,Kings Mountain,4,178,183,1,1,4,0,0,2,0,347,397,222,389,245,418,346,394,220,385,242,418,324,379,301,376,292,356,5,0,0,111,84,174,93,183,6,310,316,335,324,129,35,15,30,10,49,45,35,17,3,103,95,86,109,0,0,18,1,1,0,0,0,200,200,0,0,0,0,0,1,550,.221,24,3,4,47,168,5,0,0,0,0,0,0,0,0,0,0,0,0,0,0,0,0,0,0,0,0,0,124,101,31,125,114,101,225,.9898,3,168,186,0,0,0,0,0,0,0,0,0,0,3,4,0,0,0,0,0,0,0,0,0,0,0,389,wilsowi03,wilsowi03,wilson039wil,,0,17,eol
19487,0,5,Cleveland Guardians,Major League Baseball,Thomas,Lane,,8,23,8,1995,206,The United States,39092,Knoxville,4,183,194,1,1,8,907,907,8,0,352,364,414,451,345,364,316,423,367,401,325,309,418,421,419,305,372,449,5,2,2,143,203,170,134,6,15,123,1,127,1,125,27,15,30,10,1,28,35,17,4,8,3,8,5,0,0,107,116,187,0,0,0,0,0,0,0,200,200,0,1,550,.226,24,3,13,54,137,5,0,0,0,0,0,0,0,0,0,0,0,0,0,0,0,0,0,0,0,0,0,151,71,90,180,107,87,1,.9756,1,3,0,0,0,0,0,0,0,0,0,0,0,1,0,0,0,0,0,0,0,0,0,0,0,0,290,thomala02,thomala02,thomas000lan,,0,17,eol
19298,0,5,Cleveland Guardians,Major League Baseball,Santana,Carlos,Slamtana,41,8,4,1986,56,Dominican Republic,71432,Santo Domingo,5,180,209,3,1,3,2557,2695,18,1,381,270,400,409,448,297,347,330,389,462,424,243,388,461,434,510,427,341,4,3,2,63,33,172,104,10,20,1,1,1,1,1,1,15,30,10,1,34,57,10,3,159,78,101,67,0,0,12,9,17,0,0,200,0,0,0,0,0,0,0,1,550,.234,19,0,14,67,91,4,0,0,0,0,0,0,0,0,0,0,0,0,0,0,0,0,0,0,0,0,0,116,111,115,71,92,79,1,.9302,1,3,0,0,0,0,0,0,0,0,0,0,0,1,0,0,0,0,0,0,0,0,0,0,0,0,274,santaca01,santaca01,santan001car,,0,10,eol
19311,0,5,Cleveland Guardians,Major League Baseball,Sewald,Paul,Paulie,34,26,5,1990,206,The United States,43942,Las Vegas,4,191,218,1,1,12,1259,1380,12,1,94,190,49,236,92,90,92,187,47,232,90,89,84,187,48,226,94,65,5,0,0,10,10,11,10,9,32,264,420,304,438,339,394,5,1,1,32,112,56,13,2,51,41,45,43,0,0,16,2,4,200,0,0,0,0,0,0,0,0,0,1,550,.239,0,0,20,38,119,5,0,0,0,0,0,0,0,0,0,0,0,0,0,0,0,0,0,0,0,0,0,122,108,106,127,16,88,419,.9623,463,294,342,0,422,0,0,0,0,0,0,0,0,317,372,0,455,0,0,0,0,0,0,0,0,0,457,sewalpa01,sewalpa01,sewald000pau,,0,13,eol
19992,0,5,Cleveland Guardians,Major League Baseball,Cantillo,Joey,,54,18,12,1999,206,The United States,36391,Kailua,2,193,220,2,2,12,118,291,5,2,87,183,44,221,83,85,94,189,49,237,92,91,92,187,48,233,90,89,5,2,2,9,6,11,10,8,120,406,313,409,330,399,332,1,5,0,78,109,49,13,3,50,35,42,41,0,0,4,19,18,200,0,0,0,0,0,0,0,0,0,1,550,.241,0,0,13,63,135,1,0,0,0,0,0,0,0,0,0,0,0,0,0,0,0,0,0,0,0,0,0,122,110,103,92,114,111,452,1.0987,454,318,420,420,374,0,0,0,0,0,0,0,0,307,439,405,357,0,0,0,0,0,0,0,0,0,405,cantijo01,cantijo01,cantil000joe,,0,13,eol
19407,0,5,Cleveland Guardians,Major League Baseball,Festa,Matt,,52,11,3,1993,206,The United States,55211,New York,4,185,194,1,1,12,846,972,9,3,92,187,48,234,90,89,92,187,48,232,90,89,92,187,48,233,90,89,5,1,1,22,9,11,34,10,4,474,435,496,442,413,399,12,2,2,33,109,42,11,3,50,36,42,42,0,0,3,1,8,200,0,0,0,0,0,0,0,0,0,1,550,.239,0,0,8,37,118,12,0,0,0,0,0,0,0,0,0,0,0,0,0,0,0,0,0,0,0,0,0,116,107,119,168,119,112,417,1.0795,438,374,318,0,0,420,0,0,0,0,0,0,0,369,315,0,0,452,0,0,0,0,0,0,0,0,419,festama01,festama01,festa-000mat,,0,11,eol
19432,0,5,Cleveland Guardians,Major League Baseball,Hedges,Austin,Hedgey,27,18,8,1992,206,The United States,70219,San Juan Capistrano,4,185,220,1,1,2,1632,1632,13,1,225,244,331,424,331,100,225,289,363,402,336,79,299,382,412,316,334,252,5,2,2,66,110,115,104,187,20,401,301,420,308,379,326,1,1,1,40,7,38,19,4,4,13,3,20,121,125,8,10,3,0,200,0,0,0,0,0,0,0,0,1,550,.162,11,0,11,52,136,5,0,0,0,0,0,0,0,0,0,0,0,0,0,0,0,0,0,0,0,0,0,88,109,118,173,95,137,216,1.0313,222,172,152,0,0,0,0,0,0,0,0,0,0,180,152,0,0,0,0,0,0,0,0,0,0,0,393,hedgeau01,hedgeau01,hedges000aus,,135,19,eol
20781,0,5,Cleveland Guardians,Major League Baseball,Brennan,Will,,17,2,2,1998,206,The United States,14578,Colorado Springs,4,183,201,2,2,9,351,520,5,1,392,376,300,322,464,296,422,317,337,289,481,347,441,337,293,253,484,391,6,1,1,126,114,115,129,37,13,1,1,1,1,1,1,15,30,10,1,19,57,10,3,6,2,12,2,0,0,105,110,129,0,0,0,0,0,0,100,200,200,0,1,550,.261,20,4,9,30,63,6,0,0,0,0,0,0,0,0,0,0,0,0,0,0,0,0,0,0,0,0,0,12,80,91,117,108,119,1,1.0750,1,3,0,0,0,0,0,0,0,0,0,0,0,1,0,0,0,0,0,0,0,0,0,0,0,0,272,brennwi02,brennwi02,brenna008wil,,0,10,eol
19220,0,5,Cleveland Guardians,Major League Baseball,Lively,Ben,Bee-bo,39,5,3,1992,206,The United States,26710,Gulf Breeze,4,193,190,1,1,11,733,959,8,2,95,191,50,241,94,91,91,186,47,231,88,88,103,147,214,207,109,92,5,0,0,15,10,11,21,12,99,366,351,406,406,376,407,3,1,1,139,105,42,10,3,50,38,43,42,0,0,11,2,2,200,0,0,0,0,0,0,0,0,0,1,550,.257,0,0,16,48,84,3,0,0,0,0,0,0,0,0,0,0,0,0,0,0,0,0,0,0,0,0,0,146,17,89,59,77,3,299,.8261,302,220,220,274,314,0,220,0,0,0,0,0,0,169,226,283,320,0,226,0,0,0,0,0,0,0,444,livelbe01,livelbe01,lively001edw,,0,10,eol
19520,0,5,Cleveland Guardians,Major League Baseball,Clase,Emmanuel,,48,18,3,1998,56,Dominican Republic,70230,San Juan de la Maguana,1,188,205,1,1,13,808,900,7,1,94,189,48,235,92,89,92,187,47,232,90,89,92,187,48,233,90,89,5,2,2,12,9,11,15,6,4,530,503,541,487,519,489,9,6,1,35,109,58,14,4,50,38,43,42,0,0,10,15,2,200,0,0,0,0,0,0,0,0,0,1,550,.228,0,0,4,26,111,9,0,0,0,0,0,0,0,0,0,0,0,0,0,0,0,0,0,0,0,0,0,75,97,112,78,54,81,404,1.1345,408,0,413,0,0,283,0,0,0,0,0,0,0,0,416,0,0,287,0,0,0,0,0,0,0,0,441,claseem01,claseem01,clase-000emm,,0,14,eol
20196,0,5,Cleveland Guardians,Major League Baseball,Martinez,Angel,,1,27,1,2002,56,Dominican Republic,71432,Santo Domingo,1,180,201,3,1,8,167,232,2,0,365,446,379,349,371,363,359,429,319,298,410,309,369,420,334,329,407,334,5,0,0,113,110,147,121,160,2,1,1,1,1,1,1,15,30,10,1,32,56,10,3,103,95,59,109,0,0,140,100,118,0,0,0,200,0,0,60,200,0,0,1,550,.236,28,2,10,32,107,5,0,0,0,0,0,0,0,0,0,0,0,0,0,0,0,0,0,0,0,0,0,90,92,118,104,123,101,1,.9302,1,3,0,0,0,0,0,0,0,0,0,0,0,1,0,0,0,0,0,0,0,0,0,0,0,0,274,martian02,martian02,martin012ang,,0,10,eol
20217,0,5,Cleveland Guardians,Major League Baseball,Cecconi,Slade,,44,24,6,1999,206,The United States,58149,Oviedo,4,193,218,1,1,11,287,382,3,2,96,190,51,239,97,91,91,186,47,231,88,88,92,187,48,233,90,89,5,0,0,10,10,11,10,8,93,340,433,345,486,349,468,4,3,1,144,115,43,10,3,50,35,42,41,0,0,9,5,14,200,0,0,0,0,0,0,0,0,0,1,550,.276,0,0,21,32,91,4,0,0,0,0,0,0,0,0,0,0,0,0,0,0,0,0,0,0,0,0,0,92,45,120,34,73,85,326,.8849,326,181,250,379,310,0,0,0,0,0,0,0,0,181,250,379,310,0,0,0,0,0,0,0,0,0,402,ceccosl01,ceccosl01,ceccon000sla,,0,10,eol
20306,0,5,Cleveland Guardians,Major League Baseball,Noel,Jhonkensy,,43,15,7,2001,56,Dominican Republic,70516,San Pedro de Macorís,1,191,249,1,1,9,83,83,3,0,204,311,468,300,301,114,190,346,429,247,279,87,230,376,452,301,291,183,4,2,2,56,9,11,55,16,4,1,1,1,1,1,1,15,30,10,1,9,58,12,3,58,48,54,57,0,0,104,100,128,0,0,200,0,0,0,0,0,200,0,1,550,.175,12,1,22,24,155,4,0,0,0,0,0,0,0,0,0,0,0,0,0,0,0,0,0,0,0,0,0,99,104,14,98,93,71,1,.9302,1,3,0,0,0,0,0,0,0,0,0,0,0,1,0,0,0,0,0,0,0,0,0,0,0,0,279,noeljh01,noeljh01,noel--001jho,,0,12,eol
// Detroit Tigers, ID = 6
19106,0,6,Detroit Tigers,Major League Baseball,Nido,Tomás,,2,12,4,1994,151,Puerto Rico,26887,Guaynabo,5,180,212,1,1,2,1217,1266,11,0,447,174,351,226,385,487,401,165,301,176,367,425,357,327,301,247,373,344,4,2,2,31,6,11,55,165,19,344,298,372,306,109,23,15,30,10,47,36,40,16,4,9,5,5,7,81,83,3,3,8,0,200,0,0,0,0,0,0,0,0,1,550,.264,11,0,8,15,121,4,0,0,0,0,0,0,0,0,0,0,0,0,0,0,0,0,0,0,0,0,0,81,90,104,114,186,89,235,1.0175,2,187,187,0,0,0,0,0,0,0,0,0,0,2,2,0,0,0,0,0,0,0,0,0,0,0,388,nidoto01,nidoto01,nido--000tom,,105,16,eol
19508,0,6,Detroit Tigers,Major League Baseball,Carpenter,Kerry,,30,2,9,1997,206,The United States,24297,Eustis,4,188,220,2,1,9,500,645,7,2,341,432,429,255,350,336,401,498,466,296,404,402,412,368,435,314,387,430,7,2,2,115,33,97,93,10,20,1,1,1,1,1,1,15,30,10,1,47,56,14,3,8,15,5,18,0,0,104,100,128,0,0,0,0,0,0,134,0,200,0,1,550,.269,26,10,26,27,112,7,0,0,0,0,0,0,0,0,0,0,0,0,0,0,0,0,0,0,0,0,0,97,117,85,114,86,103,1,.9302,1,3,0,0,0,0,0,0,0,0,0,0,0,1,0,0,0,0,0,0,0,0,0,0,0,0,276,carpeke01,carpeke01,carpen000ker,,0,14,eol
19514,0,6,Detroit Tigers,Major League Baseball,Dingler,Dillon,,13,17,9,1998,206,The United States,48759,Massillon,4,188,209,1,1,2,151,396,2,2,450,422,388,289,348,511,438,363,370,263,397,465,427,406,355,272,378,460,8,3,2,62,9,11,55,10,2,1,1,1,1,1,1,15,30,10,1,7,55,11,3,6,11,11,13,75,99,20,6,8,0,200,0,0,0,0,0,0,0,0,1,550,.289,28,4,13,26,115,8,0,0,0,0,0,0,0,0,0,0,0,0,0,0,0,0,0,0,0,0,0,87,71,72,88,97,103,1,.9302,1,3,0,0,0,0,0,0,0,0,0,0,0,1,0,0,0,0,0,0,0,0,0,0,0,0,276,dingldi01,dingldi01,dingle000dil,,112,11,eol
19519,0,6,Detroit Tigers,Major League Baseball,Flaherty,Jack,Flare,9,15,10,1995,206,The United States,12590,Burbank,4,193,205,1,1,11,1359,1381,10,0,94,188,50,238,92,90,92,187,48,232,90,88,132,229,151,295,133,132,5,0,0,16,7,11,23,10,28,394,351,364,414,396,383,4,4,0,149,123,46,14,3,50,35,42,41,0,0,5,19,1,200,0,0,0,0,0,0,0,0,0,1,550,.247,0,0,16,46,134,4,0,0,0,0,0,0,0,0,0,0,0,0,0,0,0,0,0,0,0,0,0,134,95,114,94,124,110,449,1.2357,449,218,312,365,412,447,0,0,0,0,0,0,0,218,312,365,412,447,0,0,0,0,0,0,0,0,402,flaheja01,flaheja01,flaher000jac,,0,14,eol
20879,0,6,Detroit Tigers,Major League Baseball,Baddoo,Akil,,60,16,8,1998,206,The United States,74078,Silver Spring,1,185,209,2,2,7,524,584,8,1,198,465,296,357,291,109,218,525,347,396,330,73,401,413,360,433,359,430,2,2,2,149,139,191,133,9,136,1,1,1,1,1,1,15,30,10,1,5,59,11,3,19,8,14,18,0,0,90,104,100,0,0,0,0,0,0,200,0,144,0,1,550,.157,22,3,10,47,141,2,0,0,0,0,0,0,0,0,0,0,0,0,0,0,0,0,0,0,0,0,0,102,156,102,117,80,119,1,1.0750,1,3,0,0,0,0,0,0,0,0,0,0,0,1,0,0,0,0,0,0,0,0,0,0,0,0,274,baddoak01,baddoak01,baddoo000aki,,0,11,eol
20897,0,6,Detroit Tigers,Major League Baseball,Gipson-Long,Sawyer,,66,12,12,1997,206,The United States,45797,Lithia Springs,4,193,225,1,1,12,28,205,4,1,94,187,48,233,91,90,92,187,48,234,90,89,92,187,48,233,90,89,5,1,1,9,6,11,10,15,76,259,482,282,492,330,432,9,6,0,49,109,45,12,3,51,40,44,42,0,0,8,3,3,200,0,0,0,0,0,0,0,0,0,1,550,.285,0,0,27,27,90,9,0,0,0,0,0,0,0,0,0,0,0,0,0,0,0,0,0,0,0,0,0,26,87,92,99,100,127,324,1.0352,408,146,185,0,258,295,222,0,0,0,0,0,0,193,274,0,368,406,328,0,0,0,0,0,0,0,400,gipsosa01,gipsosa01,gipson000ale,,0,12,eol
20387,0,6,Detroit Tigers,Major League Baseball,Torres,Gleyber,GT,25,13,12,1996,210,Venezuela,47991,Maracay,5,185,201,1,1,4,1204,1471,8,3,398,333,413,495,430,359,428,313,351,478,432,419,410,351,439,402,432,385,3,2,2,60,32,138,111,37,13,1,1,1,1,1,1,15,30,10,1,26,57,12,3,85,84,45,122,0,0,6,6,4,0,0,0,200,0,0,0,0,0,0,1,550,.271,23,0,12,78,90,3,0,0,0,0,0,0,0,0,0,0,0,0,0,0,0,0,0,0,0,0,0,75,83,125,184,101,94,1,.9302,1,3,0,0,0,0,0,0,0,0,0,0,0,1,0,0,0,0,0,0,0,0,0,0,0,0,276,torregl01,torregl01,torres000gle,,0,12,eol
20405,0,6,Detroit Tigers,Major League Baseball,Montero,Keider,,54,6,7,2000,210,Venezuela,71287,Santa Teresa,1,185,174,1,1,11,80,254,5,1,92,188,48,234,90,88,93,187,48,232,91,89,92,187,48,233,90,89,5,0,0,32,10,11,55,12,21,315,356,339,408,325,391,4,3,0,157,109,47,9,3,50,35,42,41,0,0,12,17,20,200,0,0,0,0,0,0,0,0,0,1,550,.277,0,0,20,47,87,4,0,0,0,0,0,0,0,0,0,0,0,0,0,0,0,0,0,0,0,0,0,83,85,78,84,93,100,309,1.3279,317,179,246,306,340,0,0,0,0,0,0,0,0,185,257,315,351,0,0,0,0,0,0,0,0,0,403,monteke01,monteke01,monter000kei,,0,9,eol
20578,0,6,Detroit Tigers,Major League Baseball,Malloy,Justyn-Henry,,44,19,2,2000,206,The United States,8746,Bergenfield,1,185,212,1,1,9,62,388,5,3,403,451,384,534,315,460,338,401,323,476,248,407,348,404,375,479,253,417,5,2,2,49,25,21,69,19,10,1,1,1,1,1,1,15,30,10,1,33,55,13,4,13,12,5,20,0,0,90,112,113,0,0,0,0,0,0,200,0,200,0,1,550,.234,27,1,10,84,160,5,0,0,0,0,0,0,0,0,0,0,0,0,0,0,0,0,0,0,0,0,0,86,102,107,74,87,80,1,.9756,1,3,0,0,0,0,0,0,0,0,0,0,0,1,0,0,0,0,0,0,0,0,0,0,0,0,275,malloju02,malloju02,malloy000jus,,0,13,eol
20856,0,6,Detroit Tigers,Major League Baseball,Hanifee,Brenan,,75,29,5,1998,206,The United States,30771,Harrisonburg,4,196,216,1,1,12,307,307,5,0,95,189,50,239,94,91,91,186,47,231,88,88,92,187,48,233,90,89,5,1,1,17,6,11,26,12,67,472,471,501,495,469,483,4,4,0,35,109,62,9,3,50,36,42,42,0,0,12,17,5,200,0,0,0,0,0,0,0,0,0,1,550,.271,0,0,5,28,75,4,0,0,0,0,0,0,0,0,0,0,0,0,0,0,0,0,0,0,0,0,0,107,81,118,162,72,79,270,1.0280,278,238,196,0,196,238,196,0,0,0,0,0,0,246,202,0,202,246,157,0,0,0,0,0,0,0,381,hanifbr01,hanifbr01,hanife000bre,,0,9,eol
20878,0,6,Detroit Tigers,Major League Baseball,Lee,Chase,,53,13,8,1998,206,The United States,92348,McCalla,4,183,170,1,1,12,0,0,2,0,95,189,51,236,94,91,92,186,47,232,89,89,92,187,48,233,90,89,5,0,0,9,6,11,10,15,34,300,451,330,468,320,446,8,1,1,38,109,45,11,2,51,39,44,42,0,0,16,7,20,200,0,0,0,0,0,0,0,0,0,1,550,.266,0,0,22,32,115,8,0,0,0,0,0,0,0,0,0,0,0,0,0,0,0,0,0,0,0,0,0,99,85,109,112,118,125,410,1.0256,415,373,196,0,410,0,332,0,0,0,0,0,0,376,198,0,413,0,334,0,0,0,0,0,0,0,400,leech02,leech02,lee---016cha,,0,11,eol
20378,0,6,Detroit Tigers,Major League Baseball,McKinstry,Zach,,39,29,4,1995,206,The United States,80442,Toledo,4,183,179,2,1,5,860,1124,9,2,446,550,373,416,415,464,403,496,315,404,400,409,406,489,324,407,406,407,6,0,0,169,162,169,124,52,6,226,24,217,23,276,294,1,1,0,24,45,43,11,4,104,91,133,71,0,0,104,100,128,0,0,0,137,200,200,134,0,200,0,1,550,.265,29,16,10,52,107,6,0,0,0,0,0,0,0,0,0,0,0,0,0,0,0,0,0,0,0,0,0,119,74,78,76,44,100,1,1.0458,234,1,0,1,0,0,0,0,0,0,0,0,0,225,0,194,0,0,0,0,0,0,0,0,0,0,334,mckinza01,mckinza01,mckins000zac,,0,11,eol
20549,0,6,Detroit Tigers,Major League Baseball,Kahnle,Tommy,,43,7,8,1989,206,The United States,1337,Albany,4,185,229,1,1,12,1713,1845,11,2,96,190,51,237,97,92,91,185,47,231,87,88,89,187,48,231,92,80,5,2,2,17,10,11,24,7,15,329,292,366,300,371,292,3,6,0,32,124,60,13,3,50,36,42,41,0,0,20,13,15,200,0,0,0,0,0,0,0,0,0,1,550,.233,0,0,14,70,100,3,0,0,0,0,0,0,0,0,0,0,0,0,0,0,0,0,0,0,0,0,0,112,17,123,184,65,118,364,1.0306,459,0,331,0,238,0,300,0,0,0,0,0,0,0,458,0,319,0,375,0,0,0,0,0,0,0,478,kahnlto01,kahnlto01,kahnle001tho,,0,13,eol
20831,0,6,Detroit Tigers,Major League Baseball,Brebbia,John,,49,30,5,1990,206,The United States,73297,Sharon,4,185,205,2,1,12,1087,1087,11,0,86,181,43,225,82,85,95,190,49,236,93,91,96,177,48,229,93,95,5,0,0,10,10,11,10,7,97,359,335,406,364,463,403,12,6,0,33,110,33,14,3,51,41,45,43,0,0,3,4,17,200,0,0,0,0,0,0,0,0,0,1,550,.266,0,0,21,57,124,12,0,0,0,0,0,0,0,0,0,0,0,0,0,0,0,0,0,0,0,0,0,80,83,46,105,102,130,428,.9249,425,297,425,0,0,0,0,0,0,0,0,0,0,295,423,0,0,0,0,0,0,0,0,0,0,0,372,brebbjo01,brebbjo01,brebbi000joh,,0,14,eol
20898,0,6,Detroit Tigers,Major League Baseball,Kreidler,Ryan,,32,12,11,1997,206,The United States,22173,Davis,4,193,207,1,1,8,364,364,6,0,199,163,273,423,294,106,176,187,280,395,249,84,222,184,291,381,308,146,2,2,2,186,225,196,162,152,18,1,1,1,1,1,1,15,30,10,1,50,55,13,3,107,92,109,129,0,0,140,100,118,0,0,0,0,200,200,0,200,0,0,1,550,.147,5,1,7,51,163,2,0,0,0,0,0,0,0,0,0,0,0,0,0,0,0,0,0,0,0,0,0,107,113,73,115,123,101,1,.9302,1,3,0,0,0,0,0,0,0,0,0,0,0,1,0,0,0,0,0,0,0,0,0,0,0,0,277,kreidry01,kreidry01,kreidl000rya,,0,13,eol
20994,0,6,Detroit Tigers,Major League Baseball,Smith,Dylan,,58,28,5,2000,206,The United States,75850,Stafford,1,188,181,1,1,12,0,0,2,0,92,187,48,234,90,89,92,187,48,232,90,89,92,187,48,233,90,89,5,0,0,30,8,11,52,15,18,588,299,604,304,393,332,12,1,1,49,109,57,12,3,51,42,45,43,0,0,8,6,6,200,0,0,0,0,0,0,0,0,0,1,550,.278,0,0,2,69,45,12,0,0,0,0,0,0,0,0,0,0,0,0,0,0,0,0,0,0,0,0,0,124,134,71,91,34,115,181,.9911,279,141,141,166,0,0,0,141,0,0,0,0,0,214,214,266,0,0,0,214,0,0,0,0,0,0,400,smithdy01,smithdy01,smith-002dyl,,0,12,eol
20320,0,6,Detroit Tigers,Major League Baseball,Enns,Dietrich,,51,16,5,1991,206,The United States,24969,Frankfort,4,185,209,2,2,12,240,569,6,3,86,182,43,225,81,85,94,189,50,236,93,90,102,175,48,232,91,109,5,0,0,9,6,11,10,14,69,390,457,382,454,397,417,1,3,0,48,109,51,12,3,50,38,43,42,0,0,3,13,1,200,0,0,0,0,0,0,0,0,0,1,550,.254,0,0,14,33,117,1,0,0,0,0,0,0,0,0,0,0,0,0,0,0,0,0,0,0,0,0,0,55,119,71,171,81,129,416,.9860,416,201,339,383,418,0,0,0,0,0,0,0,0,201,339,383,418,0,0,0,0,0,0,0,0,0,400,ennsdi01,ennsdi01,enns--000die,,0,12,eol
19582,0,6,Detroit Tigers,Major League Baseball,Urquidy,Jose,,65,1,5,1995,124,Mexico,49169,Mazatlan,5,183,214,1,1,12,693,867,7,2,96,190,51,245,97,92,91,186,46,229,88,88,101,170,48,226,88,111,5,0,0,9,8,11,10,8,45,322,225,323,236,325,452,6,6,5,38,108,53,11,3,51,44,46,44,0,0,6,3,11,200,0,0,0,0,0,0,0,0,0,1,550,.285,0,0,18,92,80,6,0,0,0,0,0,0,0,0,0,0,0,0,0,0,0,0,0,0,0,0,0,66,137,155,184,118,107,286,.9563,325,187,187,225,187,262,0,0,0,0,0,0,0,163,214,264,214,307,0,0,0,0,0,0,0,0,381,urquijo01,urquijo01,hernan041jos,,0,11,eol
19735,0,6,Detroit Tigers,Major League Baseball,Gage,Matt,,93,11,2,1993,206,The United States,55707,Niskayuna,4,193,240,2,2,12,260,372,6,2,86,182,44,224,82,85,95,189,49,235,93,91,92,187,48,233,90,89,5,0,0,9,8,11,10,9,48,638,392,588,374,516,336,9,6,0,26,109,54,13,3,51,40,44,42,0,0,18,7,17,200,0,0,0,0,0,0,0,0,0,1,550,.250,0,0,2,50,96,9,0,0,0,0,0,0,0,0,0,0,0,0,0,0,0,0,0,0,0,0,0,92,96,173,92,114,107,345,.9904,400,254,324,0,0,160,207,0,0,0,0,0,0,313,384,0,0,184,255,0,0,0,0,0,0,0,400,gagema01,gagema01,gage--002mat,,0,13,eol
19993,0,6,Detroit Tigers,Major League Baseball,Hicklen,Brewer,,50,9,2,1996,206,The United States,33063,Huntsville,4,188,207,1,1,8,173,173,4,0,231,198,312,353,220,250,228,196,309,350,218,247,158,241,309,320,185,126,4,2,2,94,30,146,101,64,9,1,1,1,1,1,1,15,30,10,1,28,57,14,3,12,3,7,9,0,0,101,119,129,0,0,0,0,0,0,0,200,200,0,1,550,.184,8,0,8,40,176,4,0,0,0,0,0,0,0,0,0,0,0,0,0,0,0,0,0,0,0,0,0,127,61,114,76,91,95,1,.9302,1,3,0,0,0,0,0,0,0,0,0,0,0,1,0,0,0,0,0,0,0,0,0,0,0,0,277,hicklbr01,hicklbr01,hickle000bre,,0,14,eol
18625,0,6,Detroit Tigers,Major League Baseball,Margot,Manuel,Yoandry,7,28,9,1994,56,Dominican Republic,69886,San Cristóbal,1,180,181,1,1,7,1383,1714,11,3,444,368,264,332,462,419,411,361,218,311,438,380,424,393,305,350,439,406,4,1,1,90,47,172,97,95,5,1,1,1,1,1,1,15,30,10,1,50,59,12,3,18,13,18,19,0,0,81,114,95,0,0,0,0,0,0,200,200,200,0,1,550,.259,26,2,5,33,83,4,0,0,0,0,0,0,0,0,0,0,0,0,0,0,0,0,0,0,0,0,0,85,68,188,105,92,143,1,.9302,1,3,0,0,0,0,0,0,0,0,0,0,0,1,0,0,0,0,0,0,0,0,0,0,0,0,277,margoma01,margoma01,margot000man,,0,12,eol
19572,0,6,Detroit Tigers,Major League Baseball,Jobe,Jackson,,21,30,7,2002,206,The United States,57035,Oklahoma City,4,188,190,1,1,11,50,89,2,0,94,189,49,237,92,90,92,186,47,232,89,89,92,187,48,233,90,89,5,0,0,28,9,11,46,14,28,386,292,410,268,391,319,6,3,1,129,109,43,13,3,50,37,43,42,0,0,14,2,9,200,0,0,0,0,0,0,0,0,0,1,550,.271,0,0,15,76,88,6,0,0,0,0,0,0,0,0,0,0,0,0,0,0,0,0,0,0,0,0,0,86,76,87,73,97,80,315,1.0519,327,172,292,0,326,232,0,0,0,0,0,0,0,179,306,0,339,245,0,0,0,0,0,0,0,0,400,jobeja01,jobeja01,jobe--000jac,,0,13,eol
19574,0,6,Detroit Tigers,Major League Baseball,Keith,Colt,,33,14,8,2001,206,The United States,9528,Biloxi,4,188,212,2,1,5,164,378,3,1,440,371,350,436,423,446,416,368,371,398,407,422,422,347,363,393,416,424,2,3,2,108,33,142,110,9,18,4,1,4,1,8,1,15,30,10,1,25,53,10,3,104,95,86,109,0,0,8,9,4,0,0,126,200,200,0,0,0,0,0,1,550,.273,24,4,12,52,103,2,0,0,0,0,0,0,0,0,0,0,0,0,0,0,0,0,0,0,0,0,0,103,82,95,109,105,17,1,.9302,1,3,0,0,0,0,0,0,0,0,0,0,0,1,0,0,0,0,0,0,0,0,0,0,0,0,275,keithco01,keithco01,keith-000col,,0,10,eol
19583,0,6,Detroit Tigers,Major League Baseball,Meadows,Parker,,22,2,11,1999,206,The United States,29626,Grayson,4,196,205,2,1,8,242,536,6,2,361,403,371,432,361,364,376,454,340,416,354,401,382,437,359,424,361,405,1,1,1,156,112,163,112,49,123,1,1,1,1,1,1,15,30,10,1,4,57,12,3,15,13,12,3,0,0,140,100,118,0,0,0,0,0,0,0,200,0,0,1,550,.243,21,11,11,57,127,1,0,0,0,0,0,0,0,0,0,0,0,0,0,0,0,0,0,0,0,0,0,172,106,38,113,79,113,1,.9302,1,3,0,0,0,0,0,0,0,0,0,0,0,1,0,0,0,0,0,0,0,0,0,0,0,0,279,meadopa01,meadopa01,meadow000par,,0,12,eol
19591,0,6,Detroit Tigers,Major League Baseball,Mize,Casey,,12,1,5,1997,206,The United States,75734,Springville,4,191,212,1,1,11,656,656,6,0,96,191,51,239,95,92,92,186,47,231,89,88,90,187,48,255,91,83,5,0,0,9,8,11,10,11,65,416,455,362,450,387,439,3,2,1,139,100,48,8,4,50,35,42,41,0,0,19,6,17,200,0,0,0,0,0,0,0,0,0,1,550,.278,0,0,14,34,96,3,0,0,0,0,0,0,0,0,0,0,0,0,0,0,0,0,0,0,0,0,0,188,35,153,126,102,24,348,.6660,333,192,271,403,0,0,365,325,0,0,0,0,0,182,251,379,0,0,345,310,0,0,0,0,0,0,348,mizeca01,mizeca01,mize--000cas,,0,8,eol
19602,0,6,Detroit Tigers,Major League Baseball,Olson,Reese,,45,31,7,1999,206,The United States,41396,Lula,4,185,161,1,1,11,237,409,4,2,92,188,49,235,90,89,92,187,48,232,90,89,92,187,48,233,90,89,5,0,0,31,10,11,52,13,56,449,361,489,408,433,394,8,5,1,140,111,53,12,3,50,35,42,41,0,0,16,9,17,200,0,0,0,0,0,0,0,0,0,1,550,.252,0,0,8,47,107,8,0,0,0,0,0,0,0,0,0,0,0,0,0,0,0,0,0,0,0,0,0,104,136,72,90,96,111,389,.7725,399,362,323,401,269,0,191,0,0,0,0,0,0,368,328,406,274,0,193,0,0,0,0,0,0,0,400,olsonre01,olsonre01,olson-000ree,,0,12,eol
19607,0,6,Detroit Tigers,Major League Baseball,Rogers,Jake,,34,18,4,1995,206,The United States,17196,Canyon,4,185,205,1,1,2,575,575,8,0,258,531,325,431,296,229,300,507,379,385,331,258,282,456,418,395,291,278,4,2,2,77,10,31,60,103,10,393,350,396,353,381,312,12,1,1,32,7,40,14,3,14,17,11,12,112,140,4,2,17,0,200,0,0,0,0,0,0,0,0,1,550,.207,27,7,12,50,140,4,0,0,0,0,0,0,0,0,0,0,0,0,0,0,0,0,0,0,0,0,0,129,104,79,119,99,114,204,.9953,222,190,0,0,164,0,0,0,0,0,0,0,0,211,0,0,175,0,0,0,0,0,0,0,0,0,392,rogerja03,rogerja03,rogers003jak,,109,14,eol
19615,0,6,Detroit Tigers,Major League Baseball,Skubal,Tarik,,29,20,11,1996,206,The United States,38568,Kingman,4,191,240,2,2,11,843,1147,6,3,89,185,45,226,85,86,94,188,48,236,91,90,91,187,48,232,88,87,5,1,1,27,10,11,45,11,98,501,534,420,470,459,475,5,2,1,176,118,49,11,3,50,35,42,41,0,0,12,6,6,200,0,0,0,0,0,0,0,0,0,1,550,.223,0,0,10,26,144,5,0,0,0,0,0,0,0,0,0,0,0,0,0,0,0,0,0,0,0,0,0,40,156,90,167,175,94,469,1.4003,459,322,425,463,228,0,379,0,0,0,0,0,0,317,418,455,223,0,372,0,0,0,0,0,0,0,434,skubata01,skubata01,skubal000tar,,0,11,eol
20104,0,6,Detroit Tigers,Major League Baseball,Hurter,Brant,,48,6,9,1998,206,The United States,17175,Canton,4,198,249,2,2,12,118,130,3,1,89,183,45,224,85,86,94,188,49,237,92,90,92,187,48,233,90,89,5,0,0,9,7,11,10,7,8,485,390,454,393,452,406,12,3,1,48,109,56,11,3,50,36,42,41,0,0,4,14,17,200,0,0,0,0,0,0,0,0,0,1,550,.246,0,0,8,46,117,12,0,0,0,0,0,0,0,0,0,0,0,0,0,0,0,0,0,0,0,0,0,198,31,158,83,95,38,416,.9719,411,378,335,0,414,0,198,0,0,0,0,0,0,374,332,0,411,0,197,0,0,0,0,0,0,0,400,hurtebr01,hurtebr01,hurter000bra,,0,11,eol
20417,0,6,Detroit Tigers,Major League Baseball,Melton,Troy,,52,3,12,2000,206,The United States,55285,Newport Beach,4,193,209,1,1,12,0,0,2,0,96,191,52,242,97,91,91,186,47,230,88,88,92,187,48,233,90,89,5,1,1,9,7,11,10,9,48,353,373,359,378,359,379,3,6,0,47,109,46,10,3,50,38,43,42,0,0,10,15,16,200,0,0,0,0,0,0,0,0,0,1,550,.271,0,0,18,51,95,3,0,0,0,0,0,0,0,0,0,0,0,0,0,0,0,0,0,0,0,0,0,99,181,111,100,117,88,343,.9987,351,176,239,333,239,301,0,0,0,0,0,0,0,183,254,347,254,312,0,0,0,0,0,0,0,0,400,meltotr01,meltotr01,melton000tro,,0,10,eol
19991,0,6,Detroit Tigers,Major League Baseball,Lange,Alex,,55,2,10,1995,206,The United States,66644,Riverside,4,191,203,1,1,12,519,866,7,3,96,190,51,238,96,91,92,186,47,231,89,88,92,187,48,233,90,89,5,0,0,10,9,11,10,14,3,461,218,468,235,455,250,12,6,0,31,109,47,13,3,51,44,46,44,0,0,20,9,8,200,0,0,0,0,0,0,0,0,0,1,550,.294,0,0,9,94,107,12,0,0,0,0,0,0,0,0,0,0,0,0,0,0,0,0,0,0,0,0,0,116,178,39,88,135,42,389,.9510,461,326,0,233,326,0,293,0,0,0,0,0,0,450,0,314,414,0,367,0,0,0,0,0,0,0,147,langeal01,langeal01,lange-000ale,,0,13,eol
20207,0,6,Detroit Tigers,Major League Baseball,Sommers,Drew,,51,14,8,2000,206,The United States,69896,San Diego,4,191,249,2,2,12,0,0,2,0,89,184,45,230,85,86,93,189,49,234,91,89,92,187,48,233,90,89,5,1,2,10,10,11,10,12,22,368,273,307,244,330,264,12,1,0,28,109,40,9,2,51,44,46,44,0,0,10,6,13,200,0,0,0,0,0,0,0,0,0,1,550,.291,0,0,24,86,74,12,0,0,0,0,0,0,0,0,0,0,0,0,0,0,0,0,0,0,0,0,0,61,181,136,188,84,120,269,.9621,268,0,315,0,0,0,167,0,0,0,0,0,0,0,313,0,0,0,166,0,0,0,0,0,0,0,400,sommedr01,sommedr01,sommer000dre,,0,9,eol
20210,0,6,Detroit Tigers,Major League Baseball,Owens,Tyler,,62,9,1,2001,206,The United States,56697,Ocala,4,178,185,1,1,12,0,0,1,0,94,186,48,232,91,90,92,187,48,233,90,89,92,187,48,233,90,89,5,0,0,25,10,11,40,13,90,327,229,353,241,316,258,1,1,1,34,109,50,19,4,51,44,46,44,0,0,17,12,7,200,0,0,0,0,0,0,0,0,0,1,550,.289,0,0,18,91,62,1,0,0,0,0,0,0,0,0,0,0,0,0,0,0,0,0,0,0,0,0,0,32,102,48,135,40,58,233,1.0141,248,177,177,0,0,0,0,0,0,0,0,0,0,188,188,0,0,0,0,0,0,0,0,0,0,0,400,owensty01,owensty01,owens-002tyl,,0,19,eol
20358,0,6,Detroit Tigers,Major League Baseball,Ibanez,Andy,,77,3,4,1993,49,Cuba,31031,Havana,5,178,205,1,1,5,625,815,5,2,405,389,359,374,446,352,394,337,315,326,432,345,425,405,350,328,452,398,8,2,2,94,114,133,124,6,19,1,1,1,1,1,1,15,30,10,1,18,57,10,4,104,91,133,71,0,0,20,9,7,0,0,94,200,200,0,0,0,0,0,1,550,.251,24,1,9,37,88,8,0,0,0,0,0,0,0,0,0,0,0,0,0,0,0,0,0,0,0,0,0,59,90,130,87,101,118,1,.9756,1,3,0,0,0,0,0,0,0,0,0,0,0,1,0,0,0,0,0,0,0,0,0,0,0,0,274,ibanean01,ibanean01,ibanez001and,,0,10,eol
20725,0,6,Detroit Tigers,Major League Baseball,Jones,Jahmai,,18,4,8,1997,206,The United States,65592,Roswell,1,180,205,1,1,4,602,602,7,0,448,495,470,443,349,509,428,541,420,447,391,454,403,498,383,405,334,448,11,0,0,111,68,152,98,100,16,1,1,1,1,1,1,15,30,10,1,43,59,12,3,110,115,64,121,0,0,104,107,128,0,0,0,200,0,0,102,0,200,0,1,550,.294,43,7,21,66,117,11,0,0,0,0,0,0,0,0,0,0,0,0,0,0,0,0,0,0,0,0,0,99,75,50,117,43,109,1,.9302,1,3,0,0,0,0,0,0,0,0,0,0,0,1,0,0,0,0,0,0,0,0,0,0,0,0,277,jonesja08,jonesja08,jones-000jah,,0,12,eol
19198,0,6,Detroit Tigers,Major League Baseball,Maeda,Kenta,Maeken,18,11,4,1988,98,Japan,58281,Osaka,2,185,185,1,1,11,1222,1416,11,2,92,188,48,232,90,88,92,187,48,233,90,89,287,297,254,195,393,137,5,1,1,9,6,11,10,8,35,361,378,365,404,409,425,12,6,0,88,110,41,15,3,53,43,46,44,0,0,1,18,10,200,0,0,0,0,0,0,0,0,0,1,550,.281,0,0,20,46,92,12,0,0,0,0,0,0,0,0,0,0,0,0,0,0,0,0,0,0,0,0,0,115,119,65,124,126,57,330,.8387,426,240,240,240,0,240,240,240,0,0,0,0,0,328,328,328,0,328,328,328,0,0,0,0,0,0,376,maedake01,maedake01,maeda-001ken,,0,15,eol
19548,0,6,Detroit Tigers,Major League Baseball,Greene,Riley,,31,28,9,2000,206,The United States,58149,Oviedo,1,191,201,2,2,7,516,662,4,2,381,457,405,359,315,432,409,432,458,403,313,471,407,451,439,423,328,459,3,2,2,93,36,133,91,8,7,1,1,1,1,1,1,15,30,10,1,25,55,9,3,18,1,20,18,0,0,89,93,91,0,0,0,0,0,0,200,200,0,0,1,550,.277,30,3,23,48,144,3,0,0,0,0,0,0,0,0,0,0,0,0,0,0,0,0,0,0,0,0,0,101,89,125,7,66,94,1,1.0750,1,3,0,0,0,0,0,0,0,0,0,0,0,1,0,0,0,0,0,0,0,0,0,0,0,0,273,greenri03,greenri03,greene000ril,,0,9,eol
20151,0,6,Detroit Tigers,Major League Baseball,Horn,Bailey,,67,15,1,1998,206,The United States,85933,West,4,188,209,2,2,12,25,25,2,0,85,182,44,224,80,84,94,189,50,236,93,90,92,187,48,233,90,89,5,0,0,30,7,11,51,15,83,318,293,308,281,271,275,1,6,0,35,109,55,10,3,51,42,45,43,0,0,9,16,13,200,0,0,0,0,0,0,0,0,0,1,550,.276,0,0,18,75,88,1,0,0,0,0,0,0,0,0,0,0,0,0,0,0,0,0,0,0,0,0,0,36,158,127,153,182,59,315,.9949,301,250,250,309,0,250,0,0,0,0,0,0,0,203,203,293,0,248,0,0,0,0,0,0,0,0,400,hornba01,hornba01,horn--000bai,,0,10,eol
20895,0,6,Detroit Tigers,Major League Baseball,Brieske,Beau,,4,4,4,1998,206,The United States,18763,Chandler,4,191,201,1,1,12,402,402,7,0,94,188,50,237,92,90,92,186,48,232,89,89,92,187,48,233,90,89,5,0,0,26,10,11,42,6,55,409,307,424,330,411,360,3,5,0,22,113,40,11,3,51,41,45,43,0,0,20,7,14,200,0,0,0,0,0,0,0,0,0,1,550,.264,0,0,15,64,102,3,0,0,0,0,0,0,0,0,0,0,0,0,0,0,0,0,0,0,0,0,0,28,196,200,85,83,30,370,.9271,338,194,329,0,276,0,370,0,0,0,0,0,0,169,281,0,225,0,319,0,0,0,0,0,0,0,399,briesbe01,briesbe01,briesk000bea,,0,11,eol
21064,0,6,Detroit Tigers,Major League Baseball,Perez,Wenceel,,46,30,10,1999,56,Dominican Republic,5185,Azua,1,178,203,3,1,9,120,120,4,0,368,461,425,356,396,345,405,457,366,401,402,409,398,446,375,391,404,394,3,0,0,144,130,150,108,59,20,1,1,1,1,1,1,15,30,10,1,28,56,11,3,16,1,2,12,0,0,104,100,128,0,0,0,0,0,0,0,200,200,0,1,550,.258,26,10,14,48,109,3,0,0,0,0,0,0,0,0,0,0,0,0,0,0,0,0,0,0,0,0,0,126,102,183,76,76,106,1,.9302,1,3,0,0,0,0,0,0,0,0,0,0,0,1,0,0,0,0,0,0,0,0,0,0,0,0,273,perezwe01,perezwe01,perez-000wen,,0,11,eol
19630,0,6,Detroit Tigers,Major League Baseball,Torkelson,Spencer,Tork,20,26,8,1999,206,The United States,58480,Petaluma,4,185,205,1,1,3,516,554,7,0,377,487,456,449,388,370,350,425,427,430,325,380,348,436,440,436,352,348,6,2,2,37,18,24,55,6,9,1,1,1,1,1,1,15,30,10,1,11,54,13,4,64,52,62,72,0,0,18,2,8,0,0,200,0,0,0,0,0,0,0,1,550,.250,29,1,21,62,133,6,0,0,0,0,0,0,0,0,0,0,0,0,0,0,0,0,0,0,0,0,0,89,112,95,98,116,196,1,.9756,1,3,0,0,0,0,0,0,0,0,0,0,0,1,0,0,0,0,0,0,0,0,0,0,0,0,273,torkesp01,torkesp01,torkel000spe,,0,13,eol
19659,0,6,Detroit Tigers,Major League Baseball,Vierling,Matt,,8,16,9,1996,206,The United States,69095,St. Louis,4,191,205,1,1,8,553,810,6,1,392,357,334,410,364,415,422,418,351,347,411,428,422,419,362,377,414,425,6,2,2,115,65,161,100,7,17,1,1,1,1,1,1,15,30,10,1,35,58,15,4,107,113,136,76,0,0,140,100,107,0,0,0,0,200,0,76,200,156,0,1,550,.267,27,5,11,42,107,6,0,0,0,0,0,0,0,0,0,0,0,0,0,0,0,0,0,0,0,0,0,32,98,73,123,184,103,1,.9756,1,3,0,0,0,0,0,0,0,0,0,0,0,1,0,0,0,0,0,0,0,0,0,0,0,0,279,vierlma01,vierlma01,vierli000mat,,0,15,eol
20112,0,6,Detroit Tigers,Major League Baseball,Guenther,Sean,,73,29,12,1995,206,The United States,4704,Atlanta,4,180,194,2,2,12,197,205,3,0,87,183,45,228,83,85,94,188,49,235,92,90,92,187,48,233,90,89,5,2,2,10,10,11,10,7,111,625,403,587,391,579,393,8,1,0,37,109,57,14,3,51,42,45,43,0,0,9,8,19,200,0,0,0,0,0,0,0,0,0,1,550,.257,0,0,2,46,84,8,0,0,0,0,0,0,0,0,0,0,0,0,0,0,0,0,0,0,0,0,0,111,129,119,118,130,80,298,.9792,278,237,195,0,195,0,195,0,0,0,0,0,0,225,187,0,187,0,187,0,0,0,0,0,0,0,400,guentse01,guentse01,guenth000sea,,0,14,eol
20885,0,6,Detroit Tigers,Major League Baseball,Sweeney,Trey,,27,24,4,2000,206,The United States,42078,Louisville,4,191,212,2,1,10,142,142,3,0,350,257,283,355,358,345,309,321,339,391,326,292,319,327,342,377,340,301,1,1,2,134,70,148,126,7,12,1,1,1,1,1,1,15,30,10,1,50,54,14,3,133,101,118,120,0,0,9,19,4,0,0,0,0,0,200,0,0,0,0,1,550,.218,14,4,9,46,136,1,0,0,0,0,0,0,0,0,0,0,0,0,0,0,0,0,0,0,0,0,0,84,121,98,187,104,87,1,.9302,1,3,0,0,0,0,0,0,0,0,0,0,0,1,0,0,0,0,0,0,0,0,0,0,0,0,275,sweentr01,sweentr01,sweene000tre,,0,14,eol
21082,0,6,Detroit Tigers,Major League Baseball,Jung,Jace,,17,4,10,2000,206,The United States,69776,San Antonio,4,183,205,2,1,5,25,301,2,2,279,316,203,466,300,264,294,322,216,476,312,273,327,346,237,471,313,343,5,2,2,50,31,11,80,66,16,1,1,1,1,1,1,15,30,10,1,25,59,10,3,104,91,133,71,0,0,17,5,6,0,0,0,0,200,0,0,0,0,0,1,550,.198,17,0,4,75,146,5,0,0,0,0,0,0,0,0,0,0,0,0,0,0,0,0,0,0,0,0,0,54,118,129,165,14,143,1,.9302,1,3,0,0,0,0,0,0,0,0,0,0,0,1,0,0,0,0,0,0,0,0,0,0,0,0,278,jungja01,jungja01,jung--002jac,,0,10,eol
19561,0,6,Detroit Tigers,Major League Baseball,Holton,Tyler,,87,13,6,1996,206,The United States,78226,Tallahassee,4,188,209,2,2,12,516,824,7,3,86,182,43,217,81,84,94,189,49,238,93,90,92,187,48,233,90,89,5,1,1,9,8,11,10,14,59,351,502,331,470,378,475,2,4,0,32,142,53,11,4,50,35,42,41,0,0,11,6,13,200,0,0,0,0,0,0,0,0,0,1,550,.236,0,0,17,29,96,2,0,0,0,0,0,0,0,0,0,0,0,0,0,0,0,0,0,0,0,0,0,101,114,109,74,36,85,347,.8624,366,282,282,282,282,282,282,0,0,0,0,0,0,297,297,297,297,297,297,0,0,0,0,0,0,0,486,holtoty01,holtoty01,holton000tyl,,0,11,eol
19641,0,6,Detroit Tigers,Major League Baseball,Vest,Will,,19,6,6,1995,206,The United States,32688,Houston,4,183,181,1,1,13,676,752,7,0,94,188,50,237,92,90,92,186,48,232,90,88,92,187,48,233,90,89,5,1,1,26,7,11,44,7,112,479,400,503,434,472,411,3,6,0,35,127,56,11,3,50,35,42,41,0,0,6,2,20,200,0,0,0,0,0,0,0,0,0,1,550,.249,0,0,6,41,117,3,0,0,0,0,0,0,0,0,0,0,0,0,0,0,0,0,0,0,0,0,0,71,133,101,101,119,32,415,.8266,415,205,345,0,391,0,425,0,0,0,0,0,0,205,345,0,391,0,425,0,0,0,0,0,0,0,379,vestwi01,vestwi01,vest--000wil,,0,11,eol
20767,0,6,Detroit Tigers,Major League Baseball,Baez,Javier,El Mago,28,1,12,1992,151,Puerto Rico,7740,Bayamón,5,183,190,1,1,6,1871,2202,13,2,431,325,320,159,418,436,382,388,380,201,372,396,436,497,442,237,368,481,5,3,2,123,85,155,125,7,11,1,1,1,1,1,1,15,30,10,1,33,58,12,4,173,94,143,154,0,0,140,100,118,0,0,0,105,192,200,0,200,0,0,1,550,.257,23,4,12,15,114,5,0,0,0,0,0,0,0,0,0,0,0,0,0,0,0,0,0,0,0,0,0,36,128,147,176,79,81,1,.9756,1,3,0,0,0,0,0,0,0,0,0,0,0,1,0,0,0,0,0,0,0,0,0,0,0,0,277,baezja01,baezja01,baez--000jav,,0,12,eol
// Kansas City Royals, ID = 8
18818,0,8,Kansas City Royals,Major League Baseball,Richards,Trevor,Richie,38,15,5,1993,206,The United States,5087,Aviston,4,188,205,1,1,12,1045,1149,10,2,93,187,49,234,90,90,92,187,48,233,90,89,94,151,50,243,93,90,5,2,2,10,10,11,11,10,56,465,284,490,293,418,338,4,6,0,35,110,38,12,3,51,43,46,44,0,0,16,17,14,200,0,0,0,0,0,0,0,0,0,1,550,.252,0,0,10,73,106,4,0,0,0,0,0,0,0,0,0,0,0,0,0,0,0,0,0,0,0,0,0,127,110,28,90,127,113,385,1.0741,429,315,388,0,185,0,0,0,0,0,0,0,0,349,430,0,208,0,0,0,0,0,0,0,0,0,409,richatr01,richatr01,richar001tre,,0,12,eol
18857,0,8,Kansas City Royals,Major League Baseball,Stratton,Chris,,35,22,8,1990,206,The United States,81649,Tupelo,4,188,205,1,1,12,1414,1460,12,0,95,189,51,242,94,91,92,187,47,230,89,88,108,199,50,203,97,118,5,0,0,19,10,11,29,11,71,387,284,387,303,415,351,4,1,0,36,117,52,11,3,51,41,45,43,0,0,15,1,14,200,0,0,0,0,0,0,0,0,0,1,550,.281,0,0,13,70,93,4,0,0,0,0,0,0,0,0,0,0,0,0,0,0,0,0,0,0,0,0,0,122,72,39,99,87,91,335,.9329,368,163,265,214,265,333,0,0,0,0,0,0,0,181,309,249,309,377,0,0,0,0,0,0,0,0,339,stratch01,stratch01,stratt000chr,,0,11,eol
19367,0,8,Kansas City Royals,Major League Baseball,Caglianone,Jac,Jactani,14,9,2,2003,206,The United States,78373,Tampa,4,196,245,2,2,9,0,0,4,0,281,443,397,371,387,129,294,450,410,391,404,136,267,434,393,388,401,59,8,3,2,115,25,170,109,23,6,1,1,1,1,1,1,15,30,10,1,45,58,9,3,59,54,57,58,0,0,104,100,128,0,0,200,0,0,0,0,0,200,0,1,550,.197,20,4,16,47,109,8,0,0,0,0,0,0,0,0,0,0,0,0,0,0,0,0,0,0,0,0,0,18,104,71,92,141,126,1,1.0750,1,3,0,0,0,0,0,0,0,0,0,0,0,1,0,0,0,0,0,0,0,0,0,0,0,0,277,caglija01,caglija01,caglia000jac,,0,9,eol
19422,0,8,Kansas City Royals,Major League Baseball,Loftin,Nick,,12,25,9,1998,206,The United States,15185,Corpus Christi,4,185,181,1,1,7,252,348,3,2,342,420,336,379,441,192,351,480,279,418,471,153,375,428,254,413,459,255,6,2,2,104,44,126,79,121,11,274,11,273,11,135,15,15,30,10,34,4,35,17,3,104,95,86,109,0,0,89,93,113,0,0,0,200,200,0,200,0,0,0,1,550,.211,25,6,8,53,71,6,0,0,0,0,0,0,0,0,0,0,0,0,0,0,0,0,0,0,0,0,0,14,100,111,109,83,99,1,1.0063,3,1,0,0,1,0,0,0,0,0,0,0,0,3,0,0,2,0,0,0,0,0,0,0,0,0,338,loftini01,loftini01,loftin000nic,,0,17,eol
19431,0,8,Kansas City Royals,Major League Baseball,Lynch IV,Daniel,,41,17,11,1996,206,The United States,64151,Richmond,4,198,201,2,2,12,664,664,5,0,86,181,44,218,82,84,95,189,50,239,93,91,92,187,48,233,90,89,5,0,0,15,9,11,21,15,57,399,370,375,364,358,369,12,2,0,40,114,52,9,3,50,35,42,41,0,0,19,10,1,200,0,0,0,0,0,0,0,0,0,1,550,.262,0,0,14,53,84,12,0,0,0,0,0,0,0,0,0,0,0,0,0,0,0,0,0,0,0,0,0,77,42,17,114,114,154,297,.8947,321,255,255,255,255,255,255,0,0,0,0,0,0,276,276,276,276,276,276,0,0,0,0,0,0,0,426,lynchda02,lynchda02,lynch-005dan,,0,9,eol
19450,0,8,Kansas City Royals,Major League Baseball,Pasquantino,Vinnie,,9,10,10,1997,206,The United States,64151,Richmond,4,193,245,2,2,3,516,534,7,1,391,415,457,346,434,337,394,426,426,354,473,280,404,418,430,354,462,328,4,3,2,39,9,31,58,18,11,1,1,1,1,1,1,15,30,10,1,15,55,9,3,54,43,62,89,0,0,7,19,6,0,0,200,0,0,0,0,0,0,0,1,550,.264,30,1,21,40,72,4,0,0,0,0,0,0,0,0,0,0,0,0,0,0,0,0,0,0,0,0,0,183,14,143,114,100,25,1,1.0750,1,3,0,0,0,0,0,0,0,0,0,0,0,1,0,0,0,0,0,0,0,0,0,0,0,0,273,pasquvi01,pasquvi01,pasqua000vin,,0,9,eol
19916,0,8,Kansas City Royals,Major League Baseball,Bowlan,Jonathan,,62,1,12,1996,206,The United States,4076,Arlington,4,198,238,1,1,12,260,375,3,1,95,190,51,237,93,92,92,186,48,232,89,88,92,187,48,233,90,89,5,0,0,21,10,11,33,12,115,280,335,297,339,254,349,1,3,1,37,109,59,13,3,50,38,43,42,0,0,6,7,13,200,0,0,0,0,0,0,0,0,0,1,550,.259,0,0,19,60,120,1,0,0,0,0,0,0,0,0,0,0,0,0,0,0,0,0,0,0,0,0,0,116,120,122,91,56,91,422,.9816,421,366,366,366,366,366,366,0,0,0,0,0,0,364,364,364,364,364,364,0,0,0,0,0,0,0,400,bowlajo01,bowlajo01,bowlan000jon,,0,13,eol
20529,0,8,Kansas City Royals,Major League Baseball,Rave,John,,16,30,12,1997,206,The United States,10076,Bloomington,4,180,194,2,2,9,0,0,3,0,290,335,340,439,338,223,297,339,351,443,346,228,307,337,356,419,347,256,3,0,0,96,172,171,133,144,19,1,1,1,1,1,1,15,30,10,1,16,58,12,4,7,10,2,17,0,0,104,100,128,0,0,0,0,0,0,134,200,200,0,1,550,.204,18,0,11,64,132,3,0,0,0,0,0,0,0,0,0,0,0,0,0,0,0,0,0,0,0,0,0,122,71,100,101,72,115,1,1.0250,1,3,0,0,0,0,0,0,0,0,0,0,0,1,0,0,0,0,0,0,0,0,0,0,0,0,273,ravejo01,ravejo01,rave--000joh,,0,12,eol
20800,0,8,Kansas City Royals,Major League Baseball,Sisk,Evan,,47,23,4,1997,206,The United States,19340,Chester,4,188,209,2,2,12,0,0,2,0,86,182,44,219,82,85,94,188,49,237,92,90,92,187,48,233,90,89,5,0,0,10,10,11,10,7,59,516,273,502,262,418,305,12,6,5,32,109,48,9,3,51,42,45,43,0,0,13,12,20,200,0,0,0,0,0,0,0,0,0,1,550,.221,0,0,6,81,159,12,0,0,0,0,0,0,0,0,0,0,0,0,0,0,0,0,0,0,0,0,0,64,60,106,109,80,149,499,.9816,429,0,416,464,0,464,351,0,0,0,0,0,0,0,360,407,0,442,309,0,0,0,0,0,0,0,400,siskev01,siskev01,sisk--000eva,,0,9,eol
20300,0,8,Kansas City Royals,Major League Baseball,Long,Sam,,73,8,7,1995,206,The United States,64992,Rancho Cordova,4,185,185,2,2,12,614,772,5,1,87,182,44,227,83,85,94,189,49,234,92,90,94,174,48,224,95,86,5,2,2,10,9,11,10,10,57,374,322,366,311,380,345,6,6,1,34,129,47,9,3,51,38,43,42,0,0,11,17,2,200,0,0,0,0,0,0,0,0,0,1,550,.274,0,0,17,66,98,6,0,0,0,0,0,0,0,0,0,0,0,0,0,0,0,0,0,0,0,0,0,40,129,49,113,63,137,354,1.0208,344,197,282,333,0,0,0,376,0,0,0,0,0,188,264,320,0,0,0,357,0,0,0,0,0,0,375,longsa01,longsa01,long--003sam,,0,9,eol
20420,0,8,Kansas City Royals,Major League Baseball,Garcia,Maikel,,11,3,3,2000,210,Venezuela,70228,San Juan de Colón,1,183,181,1,1,5,516,718,7,1,431,476,348,417,475,379,438,417,314,402,468,405,458,418,321,411,458,443,0,1,1,141,166,163,137,120,158,1,1,1,1,1,1,15,30,10,1,37,54,13,3,105,137,134,80,0,0,15,18,3,0,0,0,192,200,0,0,0,0,0,1,550,.276,32,5,9,52,68,0,0,0,0,0,0,0,0,0,0,0,0,0,0,0,0,0,0,0,0,0,0,72,15,114,110,22,183,1,.9302,1,3,0,0,0,0,0,0,0,0,0,0,0,1,0,0,0,0,0,0,0,0,0,0,0,0,272,garcima01,garcima01,garcia000mai,,0,13,eol
20664,0,8,Kansas City Royals,Major League Baseball,Melendez,MJ,,1,29,11,1998,206,The United States,51547,Montgomery,1,185,190,2,1,7,372,649,4,3,274,501,383,353,368,143,228,554,407,360,337,95,337,478,409,449,356,321,6,1,1,109,104,115,104,8,2,1,1,1,1,1,1,15,30,10,1,43,55,11,3,17,15,19,1,0,0,89,93,129,0,0,0,0,0,0,200,0,0,0,1,550,.177,27,4,15,41,132,6,0,0,0,0,0,0,0,0,0,0,0,0,0,0,0,0,0,0,0,0,0,108,21,120,126,125,80,1,.9302,1,3,0,0,0,0,0,0,0,0,0,0,0,1,0,0,0,0,0,0,0,0,0,0,0,0,275,melenmj01,melenmj01,melend000mj-,,0,11,eol
20372,0,8,Kansas City Royals,Major League Baseball,Zerpa,Angel,,61,27,9,1999,210,Venezuela,83974,Valle de la Pascua,1,183,220,2,2,12,688,688,5,0,86,182,44,226,82,85,94,188,49,235,92,90,92,187,48,233,90,89,5,0,0,10,9,11,10,11,115,381,402,354,385,339,413,5,4,2,30,141,68,8,3,50,35,42,41,0,0,1,1,11,200,0,0,0,0,0,0,0,0,0,1,550,.275,0,0,12,47,99,5,0,0,0,0,0,0,0,0,0,0,0,0,0,0,0,0,0,0,0,0,0,79,130,127,73,90,89,359,.9473,355,256,350,314,385,0,184,0,0,0,0,0,0,252,346,311,380,0,182,0,0,0,0,0,0,0,343,zerpaan01,zerpaan01,zerpa-000ang,,0,8,eol
20844,0,8,Kansas City Royals,Major League Baseball,Waters,Drew,,8,30,12,1998,206,The United States,86067,Woodstock,4,185,185,3,1,7,429,713,4,3,438,310,118,340,379,477,407,327,164,292,340,452,396,417,330,381,303,458,5,0,0,152,136,142,123,24,3,1,1,1,1,1,1,15,30,10,1,24,56,13,4,20,15,16,3,0,0,89,93,113,0,0,0,0,0,0,200,200,200,0,1,550,.258,17,7,2,31,130,5,0,0,0,0,0,0,0,0,0,0,0,0,0,0,0,0,0,0,0,0,0,198,36,109,119,74,37,1,.9756,1,3,0,0,0,0,0,0,0,0,0,0,0,1,0,0,0,0,0,0,0,0,0,0,0,0,275,waterdr01,waterdr01,waters002dre,,0,13,eol
20859,0,8,Kansas City Royals,Major League Baseball,Blanco,Dairon,,44,26,4,1993,49,Cuba,25863,Florida,1,180,201,1,1,7,355,414,6,0,374,385,408,342,329,414,370,336,358,336,377,367,421,428,358,345,376,453,4,1,1,200,250,206,172,167,172,1,1,1,1,1,1,15,30,10,1,30,55,12,3,11,19,7,18,0,0,90,110,113,0,0,0,0,0,0,200,200,192,0,1,550,.245,19,4,13,37,124,4,0,0,0,0,0,0,0,0,0,0,0,0,0,0,0,0,0,0,0,0,0,87,137,108,103,73,44,1,.9302,1,3,0,0,0,0,0,0,0,0,0,0,0,1,0,0,0,0,0,0,0,0,0,0,0,0,273,blancda02,blancda02,blanco000dai,,0,12,eol
19628,0,8,Kansas City Royals,Major League Baseball,Fermin,Freddy,,34,16,5,1995,210,Venezuela,13872,Ciudad Guayana,5,175,201,1,1,2,475,502,7,0,433,306,223,340,434,426,427,300,297,305,435,415,433,312,328,320,430,429,3,2,2,45,37,115,76,181,3,1,1,1,1,1,1,15,30,10,1,32,59,10,3,16,9,3,10,74,99,20,3,18,0,200,0,0,0,0,0,0,0,0,1,550,.269,22,0,7,32,89,3,0,0,0,0,0,0,0,0,0,0,0,0,0,0,0,0,0,0,0,0,0,88,109,88,92,12,71,1,.9302,1,3,0,0,0,0,0,0,0,0,0,0,0,1,0,0,0,0,0,0,0,0,0,0,0,0,275,fermifr01,fermifr01,fermin000fre,,159,10,eol
20120,0,8,Kansas City Royals,Major League Baseball,Hoffmann,Andrew,,54,2,2,2000,206,The United States,59432,Plainfield,4,196,209,1,1,12,0,0,2,0,96,190,52,226,96,92,91,186,47,235,88,88,92,187,48,233,90,89,5,0,0,10,9,11,10,6,51,396,240,425,257,414,279,1,6,0,36,109,36,11,3,51,42,45,43,0,0,18,17,14,200,0,0,0,0,0,0,0,0,0,1,550,.269,0,0,17,86,97,1,0,0,0,0,0,0,0,0,0,0,0,0,0,0,0,0,0,0,0,0,0,36,124,118,85,99,127,350,.9966,351,0,335,0,177,0,303,0,0,0,0,0,0,0,336,0,177,0,304,0,0,0,0,0,0,0,400,hoffman01,hoffman01,hoffma000and,,0,11,eol
19501,0,8,Kansas City Royals,Major League Baseball,Tolbert,Tyler,,2,27,1,1998,206,The United States,81302,Trussville,1,180,185,1,1,8,0,0,2,0,399,315,345,291,396,404,395,313,339,280,389,403,347,330,354,325,371,328,15,1,1,208,250,225,180,125,13,1,1,1,1,1,1,15,30,10,1,27,54,12,4,109,112,63,119,0,0,140,100,118,0,0,0,200,0,0,63,200,0,0,1,550,.253,17,4,10,27,113,15,0,0,0,0,0,0,0,0,0,0,0,0,0,0,0,0,0,0,0,0,0,176,79,84,100,81,130,1,.9756,1,3,0,0,0,0,0,0,0,0,0,0,0,1,0,0,0,0,0,0,0,0,0,0,0,0,272,tolbety01,tolbety01,tolber000tyl,,0,12,eol
19506,0,8,Kansas City Royals,Major League Baseball,Witt Jr.,Bobby,,7,14,6,2000,206,The United States,14454,Colleyville,4,185,201,1,1,6,516,863,5,3,457,532,367,310,440,458,479,473,425,351,446,490,496,485,438,364,462,506,5,2,2,149,185,173,134,9,11,1,1,1,1,1,1,15,30,10,1,11,58,13,3,131,143,135,132,0,0,9,7,13,0,0,0,0,0,200,0,0,0,0,1,550,.317,40,8,18,38,83,5,0,0,0,0,0,0,0,0,0,0,0,0,0,0,0,0,0,0,0,0,0,178,110,97,118,76,49,1,.9302,1,3,0,0,0,0,0,0,0,0,0,0,0,1,0,0,0,0,0,0,0,0,0,0,0,0,278,wittbo02,wittbo02,witt--005rob,,0,13,eol
20629,0,8,Kansas City Royals,Major League Baseball,Avila,Luinder,,58,21,8,2001,210,Venezuela,17321,Caracas,1,191,194,1,1,12,0,0,3,0,94,189,49,235,91,90,92,187,48,232,90,88,92,187,48,233,90,89,5,0,0,30,8,11,52,11,77,592,312,603,314,410,334,1,1,0,36,109,56,12,3,51,42,45,43,0,0,9,5,14,200,0,0,0,0,0,0,0,0,0,1,550,.227,0,0,2,66,138,1,0,0,0,0,0,0,0,0,0,0,0,0,0,0,0,0,0,0,0,0,0,98,88,128,111,114,97,457,1.0137,404,356,0,212,437,0,404,0,0,0,0,0,0,327,0,193,405,0,367,0,0,0,0,0,0,0,400,avilalu02,avilalu02,avila-002lui,,0,12,eol
20632,0,8,Kansas City Royals,Major League Baseball,Cruz,Steven,,64,15,6,1999,56,Dominican Republic,79147,Tenares,5,201,225,1,1,12,290,419,3,2,95,189,51,230,94,92,91,186,47,233,88,88,92,187,48,233,90,89,5,0,0,21,10,11,32,11,12,437,344,443,386,457,318,3,5,0,34,109,43,9,3,50,38,43,42,0,0,17,15,18,200,0,0,0,0,0,0,0,0,0,1,550,.262,0,0,12,53,97,3,0,0,0,0,0,0,0,0,0,0,0,0,0,0,0,0,0,0,0,0,0,104,159,113,80,88,108,351,.8433,383,185,315,0,0,388,0,0,0,0,0,0,0,203,341,0,0,421,0,0,0,0,0,0,0,0,400,cruzst01,cruzst01,cruz--000ste,,0,9,eol
19166,0,8,Kansas City Royals,Major League Baseball,Biggio,Cavan,,18,11,4,1995,206,The United States,32688,Houston,4,188,201,2,1,4,904,904,8,1,294,333,273,500,266,314,287,274,332,470,296,283,362,417,388,508,322,404,13,1,1,72,31,171,133,172,2,4,1,4,1,8,1,15,30,10,1,44,53,9,3,109,112,81,119,0,0,104,107,128,0,0,105,200,200,0,0,0,200,0,1,550,.206,16,0,9,77,153,13,0,0,0,0,0,0,0,0,0,0,0,0,0,0,0,0,0,0,0,0,0,115,105,181,72,13,118,1,.9302,1,3,0,0,0,0,0,0,0,0,0,0,0,1,0,0,0,0,0,0,0,0,0,0,0,0,275,biggica01,biggica01,biggio001cav,,0,9,eol
20008,0,8,Kansas City Royals,Major League Baseball,Hill,Rich,D. Mountain,35,11,3,1980,206,The United States,10948,Boston,4,196,220,2,2,12,3278,3483,22,3,82,181,44,196,87,68,95,189,49,245,90,96,120,289,59,70,137,102,5,0,0,10,10,11,10,14,13,289,213,266,237,362,359,6,1,1,29,102,56,10,3,53,39,45,44,0,0,6,7,5,200,0,0,0,0,0,0,0,0,0,1,550,.289,0,0,22,92,81,6,0,0,0,0,0,0,0,0,0,0,0,0,0,0,0,0,0,0,0,0,0,117,80,95,86,93,104,290,.9112,436,189,266,151,302,228,0,0,0,0,0,0,0,301,396,208,429,349,0,0,0,0,0,0,0,0,376,hillri01,hillri01,hill--002ric,,0,10,eol
19300,0,8,Kansas City Royals,Major League Baseball,Canha,Mark,Tom Ace,21,15,2,1989,206,The United States,70210,San Jose,4,188,212,1,1,7,1603,1774,14,3,424,333,230,372,428,417,380,329,268,429,407,356,399,382,417,453,408,392,13,3,2,65,47,146,116,9,13,1,1,1,1,1,1,15,30,10,1,24,58,13,3,62,57,60,63,0,0,104,139,99,0,0,200,0,0,0,196,0,200,0,1,550,.246,23,0,6,56,102,13,0,0,0,0,0,0,0,0,0,0,0,0,0,0,0,0,0,0,0,0,0,16,123,126,105,79,82,1,.9302,1,3,0,0,0,0,0,0,0,0,0,0,0,1,0,0,0,0,0,0,0,0,0,0,0,0,279,canhama01,canhama01,canha-001mar,,0,13,eol
19455,0,8,Kansas City Royals,Major League Baseball,Ragans,Cole,,55,12,12,1997,206,The United States,78226,Tallahassee,4,193,190,2,2,11,409,579,4,2,90,185,46,227,86,88,94,188,48,234,91,90,92,187,48,233,90,89,5,0,0,30,6,11,53,14,115,466,356,442,381,456,366,5,6,0,150,117,46,12,4,50,36,42,41,0,0,20,16,4,200,0,0,0,0,0,0,0,0,0,1,550,.233,0,0,11,51,156,5,0,0,0,0,0,0,0,0,0,0,0,0,0,0,0,0,0,0,0,0,0,93,113,18,91,83,176,494,1.4615,462,247,405,450,340,494,0,0,0,0,0,0,0,230,382,427,323,466,0,0,0,0,0,0,0,0,376,raganco01,raganco01,ragans000col,,0,12,eol
19466,0,8,Kansas City Royals,Major League Baseball,Schreiber,John,,46,5,3,1994,206,The United States,85778,Wyandotte,4,188,220,1,1,12,1032,1078,8,1,94,188,49,237,92,91,92,187,48,231,89,89,92,187,48,233,90,89,5,0,0,23,10,11,37,6,62,385,405,422,394,451,367,5,4,0,31,193,48,13,2,50,35,42,41,0,0,11,12,10,200,0,0,0,0,0,0,0,0,0,1,550,.257,0,0,13,44,107,5,0,0,0,0,0,0,0,0,0,0,0,0,0,0,0,0,0,0,0,0,0,88,100,127,71,114,59,390,1.2093,422,295,173,0,358,328,234,0,0,0,0,0,0,332,197,0,411,374,281,0,0,0,0,0,0,0,403,schrejo01,schrejo01,schrei002joh,,0,13,eol
19529,0,8,Kansas City Royals,Major League Baseball,Bubic,Kris,,50,19,8,1997,206,The United States,70210,San Jose,4,191,225,2,2,11,788,1020,9,1,87,183,44,222,83,85,94,189,49,237,92,90,87,187,48,229,95,71,5,0,0,15,8,11,21,8,83,507,417,487,394,376,339,3,2,1,72,127,55,10,3,50,35,42,41,0,0,1,5,8,200,0,0,0,0,0,0,0,0,0,1,550,.256,0,0,6,44,118,3,0,0,0,0,0,0,0,0,0,0,0,0,0,0,0,0,0,0,0,0,0,14,90,125,88,87,142,417,1.1704,368,215,360,0,408,0,442,0,0,0,0,0,0,194,329,0,370,0,407,0,0,0,0,0,0,0,344,bubickr01,bubickr01,bubic-000kri,,0,10,eol
19536,0,8,Kansas City Royals,Major League Baseball,Cameron,Noah,,65,17,7,1999,206,The United States,69085,St. Joseph,4,191,220,2,2,11,0,0,3,0,89,184,46,226,86,87,94,188,49,236,92,90,92,187,48,233,90,89,5,0,0,10,10,11,10,12,99,388,405,387,392,389,397,3,3,0,157,109,47,9,3,50,35,42,41,0,0,18,8,14,200,0,0,0,0,0,0,0,0,0,1,550,.243,0,0,15,46,97,3,0,0,0,0,0,0,0,0,0,0,0,0,0,0,0,0,0,0,0,0,0,83,87,100,115,164,130,349,1.0543,358,186,354,317,260,390,0,0,0,0,0,0,0,192,366,326,272,404,0,0,0,0,0,0,0,0,459,camerno01,camerno01,camero000noa,,0,9,eol
19544,0,8,Kansas City Royals,Major League Baseball,Erceg,Lucas,,60,1,5,1995,206,The United States,70210,San Jose,4,188,214,2,1,12,325,325,4,0,86,181,43,224,81,85,95,190,49,237,93,91,92,187,48,233,90,89,5,2,2,10,9,11,10,15,64,470,423,491,459,512,355,11,6,1,34,175,54,12,3,50,36,42,41,0,0,9,19,13,200,0,0,0,0,0,0,0,0,0,1,550,.249,0,0,7,36,107,11,0,0,0,0,0,0,0,0,0,0,0,0,0,0,0,0,0,0,0,0,0,125,105,58,79,112,19,391,.8487,428,184,385,0,314,0,349,0,0,0,0,0,0,203,421,0,341,0,386,0,0,0,0,0,0,0,404,erceglu01,erceglu01,erceg-000luc,,0,12,eol
19553,0,8,Kansas City Royals,Major League Baseball,Estevez,Carlos,,53,28,12,1992,56,Dominican Republic,71432,Santo Domingo,5,198,276,1,1,13,1372,1433,9,1,93,188,48,233,91,89,92,187,48,233,89,89,92,187,48,233,90,89,5,0,0,30,7,11,51,10,30,507,439,527,473,483,372,7,6,2,34,128,29,13,3,50,35,42,41,0,0,17,15,4,200,0,0,0,0,0,0,0,0,0,1,550,.231,0,0,9,33,102,7,0,0,0,0,0,0,0,0,0,0,0,0,0,0,0,0,0,0,0,0,0,77,112,84,117,97,139,371,.9243,414,191,324,0,402,0,0,0,0,0,0,0,0,204,343,0,423,0,0,0,0,0,0,0,0,0,463,estevca01,estevca01,esteve002car,,0,13,eol
18412,0,8,Kansas City Royals,Major League Baseball,Renfroe,Hunter,Froe,16,28,1,1992,206,The United States,15815,Crystal Springs,4,185,229,1,1,9,1418,1535,10,3,367,420,341,353,441,269,337,427,348,405,418,227,353,438,462,383,377,333,1,3,2,27,24,21,76,9,6,1,1,1,1,1,1,15,30,10,1,49,54,12,3,3,16,12,6,0,0,93,76,180,0,0,0,0,0,0,0,0,200,0,1,550,.223,28,0,11,49,95,1,0,0,0,0,0,0,0,0,0,0,0,0,0,0,0,0,0,0,0,0,0,94,108,85,116,195,107,1,.9302,1,3,0,0,0,0,0,0,0,0,0,0,0,1,0,0,0,0,0,0,0,0,0,0,0,0,273,renfrhu01,renfrhu01,renfro002dus,,0,12,eol
19259,0,8,Kansas City Royals,Major League Baseball,Clarke,Taylor,,45,13,5,1993,206,The United States,91009,Ashburn,4,193,209,1,1,12,816,816,6,0,94,188,49,235,91,90,92,187,48,232,89,89,149,125,162,211,100,177,5,0,0,19,9,11,28,6,69,333,476,357,506,363,419,3,6,1,37,123,50,11,4,50,36,42,42,0,0,19,20,8,200,0,0,0,0,0,0,0,0,0,1,550,.270,0,0,17,25,97,3,0,0,0,0,0,0,0,0,0,0,0,0,0,0,0,0,0,0,0,0,0,109,33,109,6,38,88,350,.9902,382,183,312,0,383,0,0,0,0,0,0,0,0,195,331,0,409,0,0,0,0,0,0,0,0,0,397,clarkta01,clarkta01,clarke000tay,,0,11,eol
19425,0,8,Kansas City Royals,Major League Baseball,Lorenzen,Michael,Cowboy,24,4,1,1992,206,The United States,2845,Anaheim,4,191,216,1,1,12,1681,2010,13,3,94,188,49,235,93,90,92,187,47,232,89,88,175,250,332,260,136,222,5,0,0,23,9,11,36,6,39,385,352,333,407,400,357,6,6,0,143,114,45,8,3,50,70,53,41,0,0,9,10,14,200,0,0,0,0,0,0,0,0,0,1,550,.258,0,0,18,48,96,6,0,0,0,0,0,0,0,0,0,0,0,0,0,0,0,0,0,0,0,0,0,82,122,92,109,126,104,346,.7047,345,340,340,340,340,340,340,0,0,0,0,0,0,338,338,338,338,338,338,0,0,0,0,0,0,0,433,lorenmi01,lorenmi01,lorenz001mic,,0,8,eol
19515,0,8,Kansas City Royals,Major League Baseball,Harvey,Hunter,,56,9,12,1994,206,The United States,43248,Lake Norman of Catawba,4,191,234,1,1,12,890,911,10,0,96,191,52,244,96,92,91,186,47,229,88,88,92,187,48,233,90,89,5,0,0,9,8,11,10,8,109,458,462,467,459,436,436,10,4,0,34,102,56,15,3,51,42,45,43,0,0,14,4,7,200,0,0,0,0,0,0,0,0,0,1,550,.242,0,0,8,32,122,10,0,0,0,0,0,0,0,0,0,0,0,0,0,0,0,0,0,0,0,0,0,200,114,20,81,74,120,425,1.0348,443,198,414,378,0,0,0,335,0,0,0,0,0,206,427,394,0,0,0,347,0,0,0,0,0,0,404,harvehu01,harvehu01,harvey002hun,,0,15,eol
19120,0,8,Kansas City Royals,Major League Baseball,Hatch,Thomas,,38,29,9,1994,206,The United States,81568,Tulsa,4,185,201,1,1,12,549,744,5,2,95,191,51,243,94,92,91,186,47,230,88,88,92,187,48,233,90,89,5,0,0,9,8,11,10,14,80,277,323,305,334,367,319,1,1,0,48,109,48,8,3,51,39,44,42,0,0,20,3,18,200,0,0,0,0,0,0,0,0,0,1,550,.300,0,0,22,62,72,1,0,0,0,0,0,0,0,0,0,0,0,0,0,0,0,0,0,0,0,0,0,181,14,99,73,178,86,262,1.0763,316,195,154,0,237,0,278,0,0,0,0,0,0,240,176,0,302,0,334,0,0,0,0,0,0,0,357,hatchto01,hatchto01,hatch-000tom,,0,8,eol
20490,0,8,Kansas City Royals,Major League Baseball,Wacha,Michael,Wachamole,52,1,7,1991,206,The United States,79430,Texarkana,4,198,216,1,1,11,2047,2047,14,0,96,191,51,243,96,92,91,186,47,229,88,88,102,154,59,239,125,74,5,0,0,15,7,11,22,10,49,482,450,440,423,430,403,4,2,0,154,122,43,9,4,52,89,60,41,0,0,18,13,2,200,0,0,0,0,0,0,0,0,0,1,550,.267,0,0,10,38,87,4,0,0,0,0,0,0,0,0,0,0,0,0,0,0,0,0,0,0,0,0,0,117,170,128,96,94,113,310,.9956,366,162,305,330,0,211,0,0,0,0,211,0,0,213,357,405,0,307,0,0,0,0,307,0,0,0,397,wachami01,wachami01,wacha-001mic,,0,9,eol
20931,0,8,Kansas City Royals,Major League Baseball,Massey,Michael,,19,22,3,1998,206,The United States,62402,Palos Park,4,183,194,2,1,4,436,455,6,0,414,380,289,260,450,371,400,320,343,221,465,314,392,373,399,267,446,323,2,0,0,74,37,139,72,114,19,1,1,1,1,1,1,15,30,10,1,3,54,12,4,103,95,59,109,0,0,89,93,113,0,0,0,200,0,0,200,0,0,0,1,550,.255,22,1,10,20,73,2,0,0,0,0,0,0,0,0,0,0,0,0,0,0,0,0,0,0,0,0,0,123,91,105,163,72,93,1,.9756,1,3,0,0,0,0,0,0,0,0,0,0,0,1,0,0,0,0,0,0,0,0,0,0,0,0,272,massemi02,massemi02,massey001mic,,0,12,eol
20961,0,8,Kansas City Royals,Major League Baseball,Maile,Luke,Lukey Barrels,15,6,2,1991,206,The United States,15618,Crestview Hills,4,191,225,1,1,2,1406,1406,13,0,374,320,333,415,230,459,343,331,274,455,268,406,340,417,305,377,341,344,8,2,2,70,43,172,119,163,7,390,300,382,297,337,433,1,1,1,38,30,33,17,4,17,19,20,14,96,128,1,1,4,0,200,0,0,0,0,0,0,0,0,1,550,.229,21,0,7,65,163,8,0,0,0,0,0,0,0,0,0,0,0,0,0,0,0,0,0,0,0,0,0,113,182,73,128,68,108,212,.9971,245,179,0,157,0,0,0,0,0,0,0,0,0,212,0,170,0,0,0,0,0,0,0,0,0,0,395,mailelu01,mailelu01,maile-001luk,,186,17,eol
19569,0,8,Kansas City Royals,Major League Baseball,India,Jonathan,,6,15,12,1996,206,The United States,15008,Coral Springs,4,183,201,1,1,4,679,679,8,0,412,420,316,462,415,409,386,409,322,449,422,345,424,429,400,473,402,439,11,3,2,72,62,122,115,80,12,1,1,1,1,1,1,15,30,10,1,2,59,11,3,107,80,87,105,0,0,89,93,113,0,0,0,200,200,0,200,0,0,0,1,550,.250,30,1,9,68,97,11,0,0,0,0,0,0,0,0,0,0,0,0,0,0,0,0,0,0,0,0,0,23,130,67,172,92,67,1,.9302,1,3,0,0,0,0,0,0,0,0,0,0,0,1,0,0,0,0,0,0,0,0,0,0,0,0,278,indiajo01,indiajo01,india-000joh,,0,11,eol
20453,0,8,Kansas City Royals,Major League Baseball,Lugo,Seth,Quarterrican,67,17,11,1989,206,The United States,73718,Shreveport,4,193,225,1,1,11,1506,1525,12,0,93,187,48,233,91,89,92,187,48,233,90,89,106,290,134,232,108,100,5,0,0,16,7,11,23,8,80,327,359,400,413,408,432,6,4,0,162,118,48,8,3,50,35,42,41,0,0,16,20,8,200,0,0,0,0,0,0,0,0,0,1,550,.256,0,0,16,46,99,6,0,0,0,0,0,0,0,0,0,0,0,0,0,0,0,0,0,0,0,0,0,76,99,101,100,93,112,358,.9483,384,324,324,324,363,363,324,363,0,0,0,0,0,349,349,349,397,397,349,397,0,0,0,0,0,0,428,lugose01,lugose01,lugo--000jac,,0,8,eol
19580,0,8,Kansas City Royals,Major League Baseball,Isbel,Kyle,,28,3,3,1997,206,The United States,25955,Fontana,4,180,190,2,1,8,678,678,7,0,396,407,206,369,391,404,414,395,271,317,439,387,415,424,267,328,430,401,3,0,0,145,115,141,113,199,3,1,1,1,1,1,1,15,30,10,1,2,55,16,4,20,1,3,10,0,0,140,126,81,0,0,0,0,0,0,0,200,0,0,1,550,.255,22,9,6,36,93,3,0,0,0,0,0,0,0,0,0,0,0,0,0,0,0,0,0,0,0,0,0,109,74,122,106,43,136,1,.9756,1,3,0,0,0,0,0,0,0,0,0,0,0,1,0,0,0,0,0,0,0,0,0,0,0,0,273,isbelky01,isbelky01,isbel-000kyl,,0,16,eol
19594,0,8,Kansas City Royals,Major League Baseball,Jensen,Carter,,22,3,7,2003,206,The United States,36925,Kansas City,4,183,209,2,1,2,0,0,4,0,384,506,410,441,402,369,390,508,417,447,408,373,356,432,402,412,381,334,2,3,2,29,9,11,48,15,19,1,1,1,1,1,1,15,30,10,1,36,56,11,3,13,13,17,10,75,99,18,19,18,0,200,0,0,0,0,0,0,0,0,1,550,.259,39,1,18,65,105,2,0,0,0,0,0,0,0,0,0,0,0,0,0,0,0,0,0,0,0,0,0,163,36,108,89,125,40,1,.9302,1,3,0,0,0,0,0,0,0,0,0,0,0,1,0,0,0,0,0,0,0,0,0,0,0,0,275,jenseca01,jenseca01,jensen000car,,104,11,eol
20443,0,8,Kansas City Royals,Major League Baseball,Perez,Salvador,El Nino,13,10,5,1990,210,Venezuela,83920,Valencia,5,191,256,1,1,2,2236,2236,16,0,371,382,392,212,409,335,366,435,443,280,433,283,403,344,460,251,407,403,8,3,2,16,8,11,55,9,6,4,1,4,1,8,1,15,30,10,1,17,53,13,3,57,43,47,42,169,125,3,1,2,0,200,200,0,0,0,0,0,0,0,1,550,.253,30,0,21,25,93,8,0,0,0,0,0,0,0,0,0,0,0,0,0,0,0,0,0,0,0,0,0,141,173,13,179,44,97,1,.9302,1,3,0,0,0,0,0,0,0,0,0,0,0,1,0,0,0,0,0,0,0,0,0,0,0,0,276,perezsa02,perezsa02,perez-001sal,,102,13,eol
// Minnesota Twins, ID = 10
18734,0,10,Minnesota Twins,Major League Baseball,Blewett,Scott,,60,10,4,1996,206,The United States,77297,Syracuse,4,198,245,1,1,12,414,754,4,3,92,187,48,232,90,89,92,186,48,233,90,89,92,187,48,233,90,89,5,0,0,10,9,11,10,12,59,304,350,318,365,354,331,4,3,0,46,109,50,9,3,50,38,43,42,0,0,4,10,5,200,0,0,0,0,0,0,0,0,0,1,550,.277,0,0,20,55,90,4,0,0,0,0,0,0,0,0,0,0,0,0,0,0,0,0,0,0,0,0,0,123,93,170,88,193,83,321,.9538,343,270,165,0,0,0,0,311,0,0,0,0,0,303,177,0,0,0,0,335,0,0,0,0,0,0,400,blewesc01,blewesc01,blewet000sco,,0,9,eol
18961,0,10,Minnesota Twins,Major League Baseball,McCaughan,Darren,,51,18,3,1996,206,The United States,41750,Long Beach,4,185,198,1,1,12,352,377,5,0,96,191,51,239,96,91,91,185,47,232,88,88,89,187,48,232,93,80,5,0,0,10,9,11,10,9,94,406,412,412,402,371,379,12,5,0,47,109,36,8,3,51,43,46,44,0,0,1,17,17,200,0,0,0,0,0,0,0,0,0,1,550,.279,0,0,17,43,81,12,0,0,0,0,0,0,0,0,0,0,0,0,0,0,0,0,0,0,0,0,0,89,128,63,97,98,33,288,1.1352,286,175,237,0,331,0,0,0,0,0,0,0,0,174,236,0,329,0,0,0,0,0,0,0,0,0,400,mccauda01,mccauda01,mccaug000dar,,0,8,eol
19661,0,10,Minnesota Twins,Major League Baseball,Jeffers,Ryan,,27,3,6,1997,206,The United States,64894,Raleigh,4,193,229,1,1,2,831,1176,7,2,416,433,395,461,393,433,402,425,379,413,424,377,409,420,415,421,385,427,10,2,2,21,26,25,55,25,17,1,1,1,1,1,1,15,30,10,1,11,58,11,3,8,6,4,8,107,95,17,6,20,0,200,0,0,0,0,0,0,0,0,1,550,.263,33,0,13,58,99,10,0,0,0,0,0,0,0,0,0,0,0,0,0,0,0,0,0,0,0,0,0,88,143,33,79,27,50,1,.9302,1,3,0,0,0,0,0,0,0,0,0,0,0,1,0,0,0,0,0,0,0,0,0,0,0,0,280,jeffery01,jeffery01,jeffer000rya,,105,11,eol
19665,0,10,Minnesota Twins,Major League Baseball,Keaschall,Luke,,15,15,8,2002,206,The United States,85468,Watsonville,4,183,190,1,1,4,0,0,4,0,466,452,304,394,430,481,487,415,331,431,475,479,438,408,338,408,434,434,12,0,0,106,186,184,150,31,17,1,1,1,1,1,1,15,30,10,1,2,59,15,3,104,95,59,109,0,0,4,15,1,0,0,0,200,0,0,0,0,0,0,1,550,.314,41,0,9,57,71,12,0,0,0,0,0,0,0,0,0,0,0,0,0,0,0,0,0,0,0,0,0,82,123,101,98,74,80,1,.9302,1,3,0,0,0,0,0,0,0,0,0,0,0,1,0,0,0,0,0,0,0,0,0,0,0,0,278,keasclu01,keasclu01,keasch000luk,,0,15,eol
19667,0,10,Minnesota Twins,Major League Baseball,Lee,Brooks,,2,14,2,2001,206,The United States,70322,San Luis Obispo,4,188,205,3,1,5,167,332,4,1,337,280,380,275,423,217,383,310,360,333,454,288,374,309,367,321,449,275,3,1,1,91,39,150,79,8,13,1,1,1,1,1,1,15,30,10,1,16,59,12,3,104,91,133,78,0,0,13,17,4,0,0,0,192,200,200,0,0,0,0,1,550,.239,17,1,12,34,81,3,0,0,0,0,0,0,0,0,0,0,0,0,0,0,0,0,0,0,0,0,0,126,108,98,97,108,74,1,.9302,1,3,0,0,0,0,0,0,0,0,0,0,0,1,0,0,0,0,0,0,0,0,0,0,0,0,279,leebr02,leebr02,lee---000bro,,0,12,eol
19672,0,10,Minnesota Twins,Major League Baseball,Ober,Bailey,,17,12,7,1995,206,The United States,33039,Huntersville,4,206,260,1,1,11,651,801,6,3,94,187,48,234,92,90,92,187,47,233,90,89,99,177,48,232,93,102,5,1,1,9,8,11,10,7,67,382,494,390,442,401,467,5,1,1,152,121,36,14,3,50,35,42,41,0,0,8,16,14,200,0,0,0,0,0,0,0,0,0,1,550,.257,0,0,20,32,102,5,0,0,0,0,0,0,0,0,0,0,0,0,0,0,0,0,0,0,0,0,0,81,175,121,104,140,121,368,1.3988,402,187,318,392,355,0,0,0,0,0,0,0,0,223,317,418,372,0,0,0,0,0,0,0,0,0,435,oberba01,oberba01,ober--000bai,,0,14,eol
20784,0,10,Minnesota Twins,Major League Baseball,Gasper,Mickey,,11,11,10,1995,206,The United States,49769,Merrimack,4,178,205,3,1,2,54,54,3,0,281,116,309,439,414,83,279,115,308,438,412,82,267,271,330,420,380,101,14,2,2,111,69,173,102,119,15,1,1,1,1,1,1,15,30,10,1,47,59,11,3,109,112,63,119,74,99,16,13,9,0,200,102,200,0,0,0,0,0,0,1,550,.168,4,0,8,63,102,14,0,0,0,0,0,0,0,0,0,0,0,0,0,0,0,0,0,0,0,0,0,81,92,97,185,98,126,1,.9302,1,3,0,0,0,0,0,0,0,0,0,0,0,1,0,0,0,0,0,0,0,0,0,0,0,0,276,gaspemi01,gaspemi01,gasper000mic,,104,11,eol
20918,0,10,Minnesota Twins,Major League Baseball,Laweryson,Cody,,66,10,5,1998,206,The United States,91273,Bingham,4,193,205,2,1,12,0,0,2,0,86,181,44,225,82,84,94,189,49,235,93,90,92,187,48,233,90,89,5,0,0,10,10,11,10,9,94,433,440,448,446,360,346,1,1,0,49,109,47,12,3,51,43,46,44,0,0,16,6,5,200,0,0,0,0,0,0,0,0,0,1,550,.259,0,0,11,36,101,1,0,0,0,0,0,0,0,0,0,0,0,0,0,0,0,0,0,0,0,0,0,2,135,1,130,93,148,366,1.0023,294,212,306,0,403,0,0,0,0,0,0,0,0,173,233,0,327,0,0,0,0,0,0,0,0,0,400,lawerco01,lawerco01,lawyer000cod,,0,12,eol
20948,0,10,Minnesota Twins,Major League Baseball,Vázquez,Christian,Mini Yadi,8,21,8,1990,151,Puerto Rico,7740,Bayamón,5,175,205,1,1,2,1626,1933,11,3,301,288,248,362,398,166,353,340,314,337,447,210,444,385,372,319,442,437,6,0,0,60,68,129,98,134,1,1,1,1,1,1,1,15,30,10,1,7,57,9,3,12,6,11,8,96,134,11,8,12,0,200,0,0,0,0,0,0,0,0,1,550,.212,19,0,8,38,89,6,0,0,0,0,0,0,0,0,0,0,0,0,0,0,0,0,0,0,0,0,0,89,125,76,90,123,120,1,.9302,1,3,0,0,0,0,0,0,0,0,0,0,0,1,0,0,0,0,0,0,0,0,0,0,0,0,273,vazquch01,vazquch01,vazque001chr,,144,9,eol
18706,0,10,Minnesota Twins,Major League Baseball,Misiewicz,Anthony,,57,1,11,1994,206,The United States,20315,Detroit,4,185,196,1,2,12,701,917,9,2,96,190,52,245,95,92,91,185,47,229,88,88,92,187,48,233,90,89,5,0,0,9,8,11,10,9,34,408,283,390,270,487,423,1,6,0,33,109,27,14,3,51,43,46,44,0,0,2,10,14,200,0,0,0,0,0,0,0,0,0,1,550,.295,0,0,25,78,98,1,0,0,0,0,0,0,0,0,0,0,0,0,0,0,0,0,0,0,0,0,0,127,160,43,76,128,89,353,.9774,403,232,355,291,0,172,0,0,0,0,0,0,0,272,404,326,0,192,0,0,0,0,0,0,0,0,331,misiean01,misiean01,misiew000ant,,0,14,eol
20568,0,10,Minnesota Twins,Major League Baseball,Matthews,Zebby,,52,22,5,2000,206,The United States,15980,Cullowhee,4,196,209,1,1,11,80,190,5,1,96,191,52,237,96,93,92,186,47,231,89,88,92,187,48,233,90,89,5,0,0,23,8,11,37,12,4,371,410,394,438,367,426,1,3,0,126,109,40,15,3,50,35,42,41,0,0,15,7,15,200,0,0,0,0,0,0,0,0,0,1,550,.286,0,0,18,40,115,1,0,0,0,0,0,0,0,0,0,0,0,0,0,0,0,0,0,0,0,0,0,91,95,67,127,110,71,411,.9751,413,196,279,373,410,331,0,0,0,0,0,0,0,197,281,374,411,332,0,0,0,0,0,0,0,0,278,matthze01,matthze01,matthe000zeb,,0,15,eol
20900,0,10,Minnesota Twins,Major League Baseball,Stewart,Brock,,41,3,10,1991,206,The United States,56026,Normal,4,191,220,2,1,12,968,1072,9,3,86,181,44,218,82,84,94,189,50,238,92,90,106,232,49,217,90,121,5,0,0,10,8,11,12,12,21,474,375,491,388,445,331,12,3,0,32,104,37,10,3,51,39,44,42,0,0,10,12,6,200,0,0,0,0,0,0,0,0,0,1,550,.243,0,0,10,49,138,12,0,0,0,0,0,0,0,0,0,0,0,0,0,0,0,0,0,0,0,0,0,126,75,87,81,84,160,457,1.0945,443,339,404,0,0,492,0,0,0,0,0,0,0,329,391,0,0,476,0,0,0,0,0,0,0,0,376,stewabr01,stewabr01,stewar001bro,,0,10,eol
20190,0,10,Minnesota Twins,Major League Baseball,Fitzgerald,Ryan,,53,17,6,1994,206,The United States,13181,Chicago,4,183,185,2,1,4,0,0,4,0,280,239,437,424,402,103,286,243,446,434,408,108,219,189,422,401,333,59,3,0,0,109,70,173,98,11,5,400,321,394,320,147,35,15,30,10,34,34,35,17,4,105,101,81,113,0,0,16,1,11,0,0,0,200,200,0,0,0,0,0,1,550,.199,9,1,23,60,105,3,0,0,0,0,0,0,0,0,0,0,0,0,0,0,0,0,0,0,0,0,0,32,56,88,175,99,98,224,.9983,3,191,0,0,191,0,0,0,0,0,0,0,0,3,0,0,3,0,0,0,0,0,0,0,0,0,394,fitzgry01,fitzgry01,fitzge003rya,,0,17,eol
20364,0,10,Minnesota Twins,Major League Baseball,Lopez,Pablo,Pache,49,7,3,1996,210,Venezuela,16269,Cabimas,5,193,225,2,1,11,1102,1397,9,3,86,181,43,225,81,85,95,189,49,236,93,91,118,331,51,205,101,136,5,0,0,10,10,11,10,15,15,427,447,415,454,413,442,7,2,2,154,113,47,13,3,50,35,42,41,0,0,11,14,9,200,0,0,0,0,0,0,0,0,0,1,550,.260,0,0,12,34,115,7,0,0,0,0,0,0,0,0,0,0,0,0,0,0,0,0,0,0,0,0,0,20,58,74,92,68,85,410,1.4092,414,199,337,380,286,0,416,0,0,0,0,0,0,203,341,386,293,0,421,0,0,0,0,0,0,0,374,lopezpa01,lopezpa01,lopez-003pab,,0,13,eol
20397,0,10,Minnesota Twins,Major League Baseball,Funderburk,Kody,,55,27,11,1996,206,The United States,63803,Queen Creek,4,193,229,2,2,12,270,447,6,1,88,183,45,222,84,86,94,189,50,236,92,90,92,187,48,233,90,89,5,2,2,9,8,11,10,7,69,469,340,443,346,422,336,12,6,4,38,109,66,10,3,51,38,43,42,0,0,4,7,12,200,0,0,0,0,0,0,0,0,0,1,550,.252,0,0,7,59,105,12,0,0,0,0,0,0,0,0,0,0,0,0,0,0,0,0,0,0,0,0,0,83,110,96,101,129,67,380,.9405,413,0,321,0,398,189,360,0,0,0,0,0,0,0,337,0,416,200,381,0,0,0,0,0,0,0,400,fundeko01,fundeko01,funder000kod,,0,10,eol
20450,0,10,Minnesota Twins,Major League Baseball,Correa,Carlos,I Am Groot,1,22,9,1994,151,Puerto Rico,71127,Santa Isabel,5,193,216,1,1,6,1720,1985,12,3,444,405,397,414,412,462,456,358,353,391,437,460,451,388,432,446,425,462,2,2,2,25,6,11,55,9,17,4,1,4,1,8,1,15,30,10,1,10,53,12,3,130,161,135,114,0,0,19,11,10,0,0,0,0,192,200,0,0,0,0,1,550,.296,31,1,12,50,91,2,0,0,0,0,0,0,0,0,0,0,0,0,0,0,0,0,0,0,0,0,0,165,129,82,184,71,14,1,.9302,1,3,0,0,0,0,0,0,0,0,0,0,0,1,0,0,0,0,0,0,0,0,0,0,0,0,276,correca01,correca01,correa000car,,0,12,eol
20493,0,10,Minnesota Twins,Major League Baseball,Lewis,Royce,,23,5,6,1999,206,The United States,1644,Aliso Viejo,5,188,201,1,1,5,471,642,5,2,318,436,430,329,379,239,372,381,406,359,427,309,390,378,433,367,414,365,0,0,0,90,119,169,142,7,6,1,1,1,1,1,1,15,30,10,1,20,56,10,3,104,91,133,71,0,0,2,18,18,0,0,0,0,200,0,0,0,0,0,1,550,.244,27,0,17,40,99,0,0,0,0,0,0,0,0,0,0,0,0,0,0,0,0,0,0,0,0,0,0,91,137,106,85,148,101,1,.9302,1,3,0,0,0,0,0,0,0,0,0,0,0,1,0,0,0,0,0,0,0,0,0,0,0,0,276,lewisro02,lewisro02,lewis-002roy,,0,10,eol
20762,0,10,Minnesota Twins,Major League Baseball,France,Ty,,2,13,7,1994,206,The United States,21433,Downey,4,183,205,1,1,3,1026,1313,7,2,365,421,285,337,392,342,427,361,313,304,444,407,455,354,389,347,454,443,17,2,2,27,9,26,80,9,20,4,1,4,1,16,35,15,30,10,1,17,53,11,3,95,115,89,58,0,0,1,13,5,0,0,200,0,0,0,0,0,0,0,1,550,.260,29,0,8,32,90,17,0,0,0,0,0,0,0,0,0,0,0,0,0,0,0,0,0,0,0,0,0,44,119,21,118,78,71,1,.9302,1,3,0,0,0,0,0,0,0,0,0,0,0,1,0,0,0,0,0,0,0,0,0,0,0,0,273,francty01,francty01,france000tyl,,0,11,eol
20941,0,10,Minnesota Twins,Major League Baseball,Adams,Travis,,45,19,1,2000,206,The United States,62321,Palm Springs,4,185,196,1,1,12,0,0,3,0,94,190,50,240,92,90,92,186,47,231,89,89,92,187,48,233,90,89,5,2,1,9,6,11,10,11,35,385,304,400,307,395,309,12,6,0,49,109,37,12,3,51,39,44,42,0,0,15,1,4,200,0,0,0,0,0,0,0,0,0,1,550,.271,0,0,19,68,97,12,0,0,0,0,0,0,0,0,0,0,0,0,0,0,0,0,0,0,0,0,0,90,109,113,78,129,11,351,1.0039,359,277,277,277,277,277,277,0,0,0,0,0,0,284,284,284,284,284,284,0,0,0,0,0,0,0,400,adamstr01,adamstr01,adams-002tra,,0,12,eol
19552,0,10,Minnesota Twins,Major League Baseball,Castro,Willi,,1,24,4,1997,151,Puerto Rico,43924,Las Piedras,5,185,205,3,1,4,1004,1090,9,2,358,409,383,356,370,351,395,442,327,417,374,413,415,436,343,405,377,441,13,1,1,124,125,147,95,69,9,408,304,435,314,432,287,15,30,10,31,31,29,13,3,72,105,81,88,0,0,141,109,168,0,0,0,200,200,200,200,200,176,0,1,550,.250,27,6,10,52,120,13,0,0,0,0,0,0,0,0,0,0,0,0,0,0,0,0,0,0,0,0,0,11,43,71,74,118,80,231,1.0160,228,195,195,0,0,0,0,0,0,0,0,0,0,189,195,0,0,0,0,0,0,0,0,0,0,0,399,castrwi01,castrwi01,castro003wil,,0,13,eol
19703,0,10,Minnesota Twins,Major League Baseball,Bader,Harrison,Tots,2,3,6,1994,206,The United States,11866,Bronxville,4,183,209,1,1,7,1376,1697,11,2,391,346,390,353,345,426,441,387,404,361,368,489,418,385,411,371,360,457,10,1,2,96,164,144,115,10,20,1,1,1,1,1,1,15,30,10,1,6,57,11,4,17,7,7,4,0,0,206,92,139,0,0,0,0,0,0,200,200,0,0,1,550,.284,29,1,15,41,125,10,0,0,0,0,0,0,0,0,0,0,0,0,0,0,0,0,0,0,0,0,0,63,182,74,195,122,144,1,.9756,1,3,0,0,0,0,0,0,0,0,0,0,0,1,0,0,0,0,0,0,0,0,0,0,0,0,275,baderha01,baderha01,bader-000har,,0,11,eol
19999,0,10,Minnesota Twins,Major League Baseball,Keirsey Jr.,DaShawn,,21,13,5,1997,206,The United States,69896,San Diego,4,185,194,2,2,9,89,134,5,0,195,170,348,232,278,121,208,176,367,249,301,127,219,251,374,286,323,105,6,0,0,195,250,206,162,122,111,1,1,1,1,1,1,15,30,10,1,44,58,13,3,11,14,10,13,0,0,104,100,128,0,0,0,0,0,0,132,200,200,0,1,550,.172,6,1,12,22,151,6,0,0,0,0,0,0,0,0,0,0,0,0,0,0,0,0,0,0,0,0,0,198,43,136,114,126,16,1,1.0750,1,3,0,0,0,0,0,0,0,0,0,0,0,1,0,0,0,0,0,0,0,0,0,0,0,0,274,keirsda01,keirsda01,keirse000das,,0,13,eol
18700,0,10,Minnesota Twins,Major League Baseball,Tonkin,Michael,,39,19,11,1989,206,The United States,28711,Glendale,4,201,220,1,1,12,1085,1301,11,2,96,191,51,243,96,92,91,185,47,229,88,88,90,187,48,232,90,84,5,1,1,9,8,11,10,10,82,432,369,480,373,376,375,12,6,1,42,98,43,13,3,51,41,45,43,0,0,20,11,9,200,0,0,0,0,0,0,0,0,0,1,550,.245,0,0,10,52,111,12,0,0,0,0,0,0,0,0,0,0,0,0,0,0,0,0,0,0,0,0,0,108,88,78,98,107,104,403,1.1043,411,283,413,0,0,0,0,0,0,0,0,0,0,290,419,0,0,0,0,0,0,0,0,0,0,0,420,tonkimi01,tonkimi01,tonkin001mic,,0,13,eol
19467,0,10,Minnesota Twins,Major League Baseball,Ramirez,Erasmo,Mito,30,2,5,1990,136,Nicaragua,66680,Rivas,5,183,220,1,1,12,2087,2295,14,1,97,191,51,237,97,93,91,185,46,231,87,88,98,167,49,221,93,99,5,0,0,30,9,11,50,9,24,288,412,288,429,366,426,4,6,1,45,114,44,9,3,51,42,45,43,0,0,16,16,15,200,0,0,0,0,0,0,0,0,0,1,550,.285,0,0,26,40,72,4,0,0,0,0,0,0,0,0,0,0,0,0,0,0,0,0,0,0,0,0,0,125,188,175,178,60,168,262,.8922,330,156,0,243,286,200,0,0,0,0,0,0,0,184,0,314,349,256,0,0,0,0,0,0,0,0,421,ramirer02,ramirer02,ramire002era,,0,9,eol
19491,0,10,Minnesota Twins,Major League Baseball,Paddack,Chris,,20,8,1,1996,206,The United States,18111,Cedar Park,4,196,216,1,1,11,1013,1135,8,2,95,190,50,238,95,90,91,186,47,231,88,88,92,140,50,210,94,84,5,1,1,9,6,11,10,14,7,345,440,371,479,393,470,2,4,1,140,117,42,9,3,50,35,42,41,0,0,13,1,5,200,0,0,0,0,0,0,0,0,0,1,550,.284,0,0,20,32,81,2,0,0,0,0,0,0,0,0,0,0,0,0,0,0,0,0,0,0,0,0,0,17,182,78,13,68,77,288,1.4700,367,155,311,281,239,0,0,0,0,0,0,0,0,221,415,368,314,0,0,0,0,0,0,0,0,0,389,paddach01,paddach01,paddac000chr,,0,9,eol
19507,0,10,Minnesota Twins,Major League Baseball,Wallner,Matt,,38,12,12,1997,206,The United States,26016,Forest Lake,4,193,220,2,1,9,469,617,6,1,229,567,416,429,239,229,290,557,474,475,277,303,346,522,458,453,255,414,15,3,2,114,85,131,104,8,9,152,24,148,24,25,27,15,30,10,42,28,54,11,3,3,15,16,12,0,0,104,100,128,0,0,0,0,0,0,101,0,200,0,1,550,.224,33,6,26,72,160,15,0,0,0,0,0,0,0,0,0,0,0,0,0,0,0,0,0,0,0,0,0,162,105,104,73,91,89,2,1.0390,2,0,0,0,2,2,0,0,0,0,0,0,0,0,0,0,2,2,0,0,0,0,0,0,0,0,328,wallnma01,wallnma01,wallne000mat,,0,11,eol
20524,0,10,Minnesota Twins,Major League Baseball,Ryan,Joe,,41,5,6,1996,206,The United States,69749,San Anselmo,4,188,205,1,1,11,669,669,8,0,96,190,51,227,96,92,91,186,47,236,88,88,91,187,48,232,88,87,5,2,2,18,8,11,28,11,15,368,462,412,472,387,453,9,1,2,156,95,40,15,3,50,35,42,41,0,0,3,11,13,200,0,0,0,0,0,0,0,0,0,1,550,.233,0,0,16,31,130,9,0,0,0,0,0,0,0,0,0,0,0,0,0,0,0,0,0,0,0,0,0,124,78,86,96,90,178,440,1.5000,439,317,372,418,418,0,0,0,0,0,0,0,0,304,352,433,401,0,0,0,0,0,0,0,0,0,447,ryanjo04,ryanjo04,ryan--002joe,,0,15,eol
19720,0,10,Minnesota Twins,Major League Baseball,Alcala,Jorge,,56,28,7,1995,56,Dominican Republic,6309,Bajos de Haina,1,191,205,1,1,12,1000,1230,8,1,96,191,51,238,96,92,92,186,47,231,89,88,92,187,48,233,90,89,5,2,2,10,10,11,10,13,3,335,321,363,318,374,364,4,6,3,35,89,39,10,3,50,36,42,42,0,0,3,1,8,200,0,0,0,0,0,0,0,0,0,1,550,.260,0,0,22,64,117,4,0,0,0,0,0,0,0,0,0,0,0,0,0,0,0,0,0,0,0,0,0,177,27,166,92,190,24,416,.9047,422,207,347,0,428,0,0,0,0,0,0,0,0,209,351,0,432,0,0,0,0,0,0,0,0,0,412,alcaljo01,alcaljo01,alcala000jor,,0,10,eol
19857,0,10,Minnesota Twins,Major League Baseball,McCusker,Carson,,60,22,5,1998,206,The United States,75551,Sparks,4,203,249,1,1,9,0,0,1,0,319,258,323,336,274,354,314,254,316,330,264,351,185,181,286,295,189,194,4,2,2,30,35,11,37,62,16,1,1,1,1,1,1,15,30,10,1,41,55,11,3,14,16,18,6,0,0,104,105,128,0,0,0,0,0,0,0,0,200,0,1,550,.214,14,0,9,36,161,4,0,0,0,0,0,0,0,0,0,0,0,0,0,0,0,0,0,0,0,0,0,91,118,200,115,97,108,1,.9302,1,3,0,0,0,0,0,0,0,0,0,0,0,1,0,0,0,0,0,0,0,0,0,0,0,0,280,mccusca01,mccusca01,mccusk000car,,0,11,eol
20022,0,10,Minnesota Twins,Major League Baseball,Woods Richardson,Simeon,,24,27,9,2000,206,The United States,32688,Houston,1,191,209,1,1,11,457,507,5,1,94,190,49,238,93,90,92,186,47,231,89,89,92,187,48,233,90,89,5,2,2,10,10,11,10,14,112,442,343,436,355,438,357,4,4,1,131,106,35,11,3,50,35,42,41,0,0,5,1,1,200,0,0,0,0,0,0,0,0,0,1,550,.257,0,0,15,57,105,4,0,0,0,0,0,0,0,0,0,0,0,0,0,0,0,0,0,0,0,0,0,97,98,116,101,136,71,383,1.1165,380,198,284,335,335,0,0,414,0,0,0,0,0,197,282,333,333,0,0,412,0,0,0,0,0,0,414,woodssi01,woodssi01,woods-000sim,,0,11,eol
20402,0,10,Minnesota Twins,Major League Baseball,Dobnak,Randy,,68,17,1,1995,206,The United States,75385,South Park Township,4,185,229,1,1,12,519,626,8,1,96,189,51,243,95,92,92,186,48,230,89,88,92,187,48,233,90,89,5,1,1,9,7,11,10,10,88,265,336,288,342,370,466,1,6,1,48,109,67,8,4,51,43,46,44,0,0,14,18,3,200,0,0,0,0,0,0,0,0,0,1,550,.309,0,0,17,60,74,1,0,0,0,0,0,0,0,0,0,0,0,0,0,0,0,0,0,0,0,0,0,104,73,98,126,167,57,268,1.0080,243,274,220,0,220,0,220,0,0,0,0,0,0,248,203,0,203,0,203,0,0,0,0,0,0,0,285,dobnara01,dobnara01,dobnak000ran,,0,8,eol
20906,0,10,Minnesota Twins,Major League Baseball,Ohl,Pierson,,62,10,9,1999,206,The United States,74122,Simi Valley,4,185,181,1,1,12,0,0,1,0,95,188,49,234,93,91,92,187,48,233,89,88,92,187,48,233,90,89,5,0,0,16,6,11,24,8,5,376,468,386,470,386,468,1,1,0,45,109,43,11,3,51,40,44,43,0,0,5,12,19,200,0,0,0,0,0,0,0,0,0,1,550,.271,0,0,17,31,93,1,0,0,0,0,0,0,0,0,0,0,0,0,0,0,0,0,0,0,0,0,0,143,128,89,72,69,82,333,1.0101,342,236,297,329,174,0,0,0,0,0,0,0,0,248,308,341,180,0,0,0,0,0,0,0,0,0,400,ohlpi01,ohlpi01,ohl---000pie,,0,11,eol
19966,0,10,Minnesota Twins,Major League Baseball,Julien,Edouard,,47,30,4,1999,36,Canada,63789,Quebec City,4,188,194,2,1,3,249,457,6,1,386,427,278,484,310,441,332,373,335,438,263,388,383,371,398,493,270,456,4,3,2,63,84,115,107,98,16,4,1,4,1,8,1,15,30,10,1,32,53,11,3,104,95,59,109,0,0,8,2,2,0,0,129,200,0,0,0,0,0,0,1,550,.229,26,0,9,67,157,4,0,0,0,0,0,0,0,0,0,0,0,0,0,0,0,0,0,0,0,0,0,117,116,62,125,71,114,1,.9302,1,3,0,0,0,0,0,0,0,0,0,0,0,1,0,0,0,0,0,0,0,0,0,0,0,0,275,julieed01,julieed01,julien000edo,,0,11,eol
19618,0,10,Minnesota Twins,Major League Baseball,Buxton,Byron,,25,18,12,1993,206,The United States,7708,Baxley,1,188,190,1,1,8,1699,1947,14,1,376,502,443,385,339,411,404,506,474,323,349,441,391,509,469,349,346,426,8,3,2,152,136,186,124,9,14,1,1,1,1,1,1,15,30,10,1,38,56,14,3,11,19,7,1,0,0,188,167,98,0,0,0,0,0,0,0,200,0,0,1,550,.279,30,10,28,37,131,8,0,0,0,0,0,0,0,0,0,0,0,0,0,0,0,0,0,0,0,0,0,133,9,79,56,40,4,1,.9302,1,3,0,0,0,0,0,0,0,0,0,0,0,1,0,0,0,0,0,0,0,0,0,0,0,0,276,buxtoby01,buxtoby01,buxton000byr,,0,14,eol
20381,0,10,Minnesota Twins,Major League Baseball,Martin,Austin,,16,23,3,1999,206,The United States,57493,Orange Park,5,183,170,1,1,4,60,242,2,1,460,388,136,454,439,463,457,419,169,439,434,463,450,433,168,429,435,452,3,1,1,136,176,160,137,161,3,1,1,1,1,1,1,15,30,10,1,9,54,12,3,107,107,62,116,0,0,89,93,113,0,0,0,200,0,0,200,200,0,0,1,550,.286,34,4,2,65,89,3,0,0,0,0,0,0,0,0,0,0,0,0,0,0,0,0,0,0,0,0,0,120,111,101,123,112,111,1,.9302,1,3,0,0,0,0,0,0,0,0,0,0,0,1,0,0,0,0,0,0,0,0,0,0,0,0,272,martiau01,martiau01,martin004aus,,0,12,eol
20454,0,10,Minnesota Twins,Major League Baseball,Varland,Louis,,37,9,12,1997,206,The United States,47938,Maplewood,4,185,205,2,1,12,516,838,6,3,87,182,44,225,83,85,94,188,50,236,92,91,92,187,48,233,90,89,5,0,0,10,9,11,10,11,96,348,424,380,408,313,431,6,1,1,34,122,59,10,3,50,35,42,41,0,0,7,17,4,200,0,0,0,0,0,0,0,0,0,1,550,.272,0,0,13,41,114,6,0,0,0,0,0,0,0,0,0,0,0,0,0,0,0,0,0,0,0,0,0,101,153,17,118,107,84,409,1.1697,411,198,334,283,413,0,377,0,0,0,0,0,0,198,335,284,414,0,378,0,0,0,0,0,0,0,327,varlalo01,varlalo01,varlan000lou,,0,10,eol
19845,0,10,Minnesota Twins,Major League Baseball,Jax,Griffin,,22,22,11,1994,206,The United States,29785,Greenwood Village,4,188,194,1,1,12,688,688,7,0,95,189,50,237,93,91,92,186,48,231,90,89,89,187,48,231,90,82,5,0,0,10,9,11,10,9,116,429,447,440,442,439,430,3,3,1,31,107,54,14,4,50,35,42,41,0,0,1,6,20,200,0,0,0,0,0,0,0,0,0,1,550,.234,0,0,10,36,163,3,0,0,0,0,0,0,0,0,0,0,0,0,0,0,0,0,0,0,0,0,0,4,165,111,184,180,95,504,1.1362,470,329,235,435,390,0,476,0,0,0,0,0,0,313,219,413,366,0,448,0,0,0,0,0,0,0,350,jaxgr01,jaxgr01,jax---000gri,,0,14,eol
19481,0,10,Minnesota Twins,Major League Baseball,Sands,Cole,,44,17,7,1997,206,The United States,78226,Tallahassee,4,191,216,1,1,12,516,516,7,0,95,189,51,242,94,91,91,186,47,230,88,88,92,187,48,233,90,89,5,0,0,20,10,11,31,15,114,442,447,466,485,436,420,9,6,1,34,109,45,9,3,50,35,42,41,0,0,15,12,12,200,0,0,0,0,0,0,0,0,0,1,550,.253,0,0,10,31,112,9,0,0,0,0,0,0,0,0,0,0,0,0,0,0,0,0,0,0,0,0,0,118,29,128,94,109,117,405,1.1971,409,203,386,0,0,341,0,421,0,0,0,0,0,204,390,0,0,344,0,424,0,0,0,0,0,0,395,sandsco01,sandsco01,sands-000col,,0,9,eol
19495,0,10,Minnesota Twins,Major League Baseball,Topa,Justin,,48,7,3,1991,206,The United States,9591,Binghamton,4,193,201,1,1,12,826,967,9,1,95,189,50,238,94,91,92,186,48,231,89,88,92,187,48,232,89,88,5,0,0,24,7,11,40,12,9,546,447,561,462,512,444,9,1,1,35,109,57,13,3,50,36,42,42,0,0,7,3,17,200,0,0,0,0,0,0,0,0,0,1,550,.268,0,0,3,33,87,9,0,0,0,0,0,0,0,0,0,0,0,0,0,0,0,0,0,0,0,0,0,77,79,120,84,54,102,312,1.0678,348,0,161,0,304,259,210,0,0,0,0,0,0,0,175,0,331,299,237,0,0,0,0,0,0,0,356,topaju01,topaju01,topa--000jus,,0,13,eol
20366,0,10,Minnesota Twins,Major League Baseball,Larnach,Trevor,,9,26,2,1997,206,The United States,14789,Concord,4,193,223,2,1,9,686,745,8,1,419,402,345,376,392,439,393,365,409,432,404,385,404,367,406,430,377,424,3,2,2,72,65,123,103,9,2,1,1,1,1,1,1,15,30,10,1,19,58,11,4,13,8,10,16,0,0,89,93,113,0,0,0,0,0,0,200,0,200,0,1,550,.262,27,1,15,57,108,3,0,0,0,0,0,0,0,0,0,0,0,0,0,0,0,0,0,0,0,0,0,127,105,128,103,120,103,1,.9756,1,3,0,0,0,0,0,0,0,0,0,0,0,1,0,0,0,0,0,0,0,0,0,0,0,0,280,larnatr01,larnatr01,larnac000tre,,0,11,eol
20425,0,10,Minnesota Twins,Major League Baseball,Festa,David,,58,8,3,2000,206,The United States,85134,Verona,4,198,185,1,1,11,53,53,3,0,92,186,48,232,90,88,92,187,48,233,89,89,92,187,48,233,90,89,5,2,2,12,6,11,16,6,94,372,361,366,387,379,375,8,3,1,132,109,42,11,3,50,37,43,42,0,0,16,11,7,200,0,0,0,0,0,0,0,0,0,1,550,.262,0,0,19,51,119,8,0,0,0,0,0,0,0,0,0,0,0,0,0,0,0,0,0,0,0,0,0,64,117,91,105,54,156,419,.9329,428,313,367,414,414,0,0,0,0,0,0,0,0,305,354,436,403,0,0,0,0,0,0,0,0,0,389,festada01,festada01,festa-000dav,,0,11,eol
20623,0,10,Minnesota Twins,Major League Baseball,Coulombe,Danny,,54,26,10,1989,206,The United States,72398,Scottsdale,4,178,190,2,2,12,1688,1688,11,0,89,184,46,224,85,87,94,188,49,236,92,90,91,187,48,232,88,87,5,0,0,13,9,11,16,13,119,473,370,459,359,432,396,1,5,0,29,92,48,9,4,51,38,43,42,0,0,11,16,14,200,0,0,0,0,0,0,0,0,0,1,550,.233,0,0,9,54,122,1,0,0,0,0,0,0,0,0,0,0,0,0,0,0,0,0,0,0,0,0,0,105,120,100,97,108,121,425,1.0735,423,399,209,432,0,0,351,0,0,0,0,0,0,397,208,430,0,0,350,0,0,0,0,0,0,0,432,couloda01,couloda01,coulom001dan,,0,9,eol
19549,0,10,Minnesota Twins,Major League Baseball,Duran,Jhoan,,59,8,1,1998,56,Dominican Republic,24086,Esperanza,5,196,229,1,1,13,516,516,4,0,93,187,48,236,91,89,92,186,48,233,89,89,92,187,48,233,90,89,5,0,0,11,6,11,14,8,90,474,467,466,454,408,417,9,5,1,33,90,71,16,4,50,35,42,41,0,0,8,16,20,200,0,0,0,0,0,0,0,0,0,1,550,.242,0,0,6,32,135,9,0,0,0,0,0,0,0,0,0,0,0,0,0,0,0,0,0,0,0,0,0,123,173,122,102,84,99,450,.9073,480,439,0,358,0,0,307,0,0,0,0,0,0,491,0,403,0,0,338,0,0,0,0,0,0,0,365,duranjh01,duranjh01,duran-000jho,,0,16,eol
19955,0,10,Minnesota Twins,Major League Baseball,Miranda,José,,64,29,6,1998,151,Puerto Rico,16458,Caguas,5,188,209,1,1,5,358,360,6,0,406,424,298,214,407,407,446,451,342,232,449,433,428,399,365,301,444,409,5,0,0,105,45,115,106,16,7,1,1,1,1,1,1,15,30,10,1,17,56,14,3,104,91,133,71,0,0,1,6,10,0,0,95,0,200,0,0,0,0,0,1,550,.279,32,6,10,20,86,5,0,0,0,0,0,0,0,0,0,0,0,0,0,0,0,0,0,0,0,0,0,102,110,105,103,76,119,1,.9302,1,3,0,0,0,0,0,0,0,0,0,0,0,1,0,0,0,0,0,0,0,0,0,0,0,0,276,miranjo01,miranjo01,mirand004jos,,0,14,eol
// Athletics, ID = 1
20047,0,1,Athletics,Major League Baseball,Duran,Carlos,,39,30,7,2001,56,Dominican Republic,53855,Nagua,5,201,229,1,1,12,0,0,3,0,93,188,49,234,90,90,92,187,48,233,89,89,92,187,48,233,90,89,5,0,0,10,6,11,13,13,114,251,175,269,179,258,229,6,6,5,15,109,58,11,3,51,44,46,44,0,0,2,9,16,200,0,0,0,0,0,0,0,0,0,1,550,.298,0,0,22,110,67,6,0,0,0,0,0,0,0,0,0,0,0,0,0,0,0,0,0,0,0,0,0,96,77,129,128,82,12,247,1.0123,255,157,202,0,291,0,0,0,0,0,0,0,0,160,207,0,301,0,0,0,0,0,0,0,0,0,375,duranca01,duranca01,duran-004car,,0,11,eol
20064,0,1,Athletics,Major League Baseball,Muncy,Max,,10,25,8,2002,206,The United States,16792,Camarillo,4,185,181,1,1,5,0,0,4,0,302,346,422,281,311,295,302,344,419,280,311,295,317,339,419,282,313,322,6,0,0,61,64,115,112,27,9,1,1,1,1,1,1,15,30,10,1,16,54,10,4,104,91,133,78,0,0,7,2,11,0,0,0,186,200,0,0,0,0,0,1,550,.223,20,0,19,27,145,6,0,0,0,0,0,0,0,0,0,0,0,0,0,0,0,0,0,0,0,0,0,153,11,191,76,115,26,1,.9756,1,3,0,0,0,0,0,0,0,0,0,0,0,1,0,0,0,0,0,0,0,0,0,0,0,0,273,muncyma02,muncyma02,muncy-002max,,0,10,eol
20066,0,1,Athletics,Major League Baseball,Clarke,Denzel,,1,1,5,2000,36,Canada,80680,Toronto,1,193,220,1,1,8,0,0,4,0,402,511,318,254,213,503,399,510,312,247,206,501,372,459,334,301,265,444,9,2,2,156,144,192,128,146,4,1,1,1,1,1,1,15,30,10,1,41,57,13,4,18,20,1,19,0,0,140,100,118,0,0,0,0,0,0,0,200,0,0,1,550,.253,32,11,8,23,180,9,0,0,0,0,0,0,0,0,0,0,0,0,0,0,0,0,0,0,0,0,0,100,121,67,110,95,117,1,.9756,1,3,0,0,0,0,0,0,0,0,0,0,0,1,0,0,0,0,0,0,0,0,0,0,0,0,278,clarkde02,clarkde02,clarke000den,,0,13,eol
20071,0,1,Athletics,Major League Baseball,Harris,Hogan,,36,26,12,1996,206,The United States,43021,Lafayette,4,191,229,1,2,12,292,432,4,2,95,189,50,237,94,90,92,186,47,232,89,88,92,187,48,233,90,89,5,0,0,10,9,11,10,11,10,473,289,473,312,443,314,4,4,1,47,113,42,12,3,50,35,42,41,0,0,1,6,10,200,0,0,0,0,0,0,0,0,0,1,550,.251,0,0,9,68,110,4,0,0,0,0,0,0,0,0,0,0,0,0,0,0,0,0,0,0,0,0,0,104,120,82,125,98,114,402,.9414,380,210,352,352,304,401,0,0,0,0,0,0,0,191,325,325,270,364,0,0,0,0,0,0,0,0,403,harriho03,harriho03,harris000hog,,0,12,eol
20082,0,1,Athletics,Major League Baseball,Sterner,Justin,,60,29,8,1996,206,The United States,69896,San Diego,4,185,216,1,1,12,150,289,5,2,95,189,50,240,94,91,92,187,47,230,89,88,92,187,48,233,90,89,5,2,2,9,7,11,10,15,23,412,406,434,410,431,395,12,2,0,36,109,33,14,3,50,35,42,41,0,0,5,4,9,200,0,0,0,0,0,0,0,0,0,1,550,.253,0,0,17,43,127,12,0,0,0,0,0,0,0,0,0,0,0,0,0,0,0,0,0,0,0,0,0,32,123,17,180,143,114,435,.9836,438,464,322,0,0,0,0,0,0,0,0,0,0,470,326,0,0,0,0,0,0,0,0,0,0,0,400,sternju01,sternju01,sterne000jus,,0,14,eol
20090,0,1,Athletics,Major League Baseball,Alvarado,Elvis,,61,23,2,1999,56,Dominican Republic,67627,Sabaneta,1,193,183,1,1,12,0,0,4,0,97,191,52,237,98,92,91,186,47,231,88,88,92,187,48,233,90,89,5,1,1,25,10,11,41,7,95,392,282,409,293,405,283,7,6,0,37,109,40,13,3,51,38,43,42,0,0,5,11,7,200,0,0,0,0,0,0,0,0,0,1,550,.246,0,0,16,73,137,7,0,0,0,0,0,0,0,0,0,0,0,0,0,0,0,0,0,0,0,0,0,115,120,79,198,100,86,454,.9920,460,334,398,0,442,0,0,0,0,0,0,0,0,315,369,0,452,0,0,0,0,0,0,0,0,0,400,alvarel01,alvarel01,alvara000elv,,0,13,eol
20261,0,1,Athletics,Major League Baseball,Estes,Joey,,68,8,10,2001,206,The United States,62344,Palmdale,4,188,190,1,1,11,185,328,5,1,94,189,50,235,93,90,92,186,48,232,90,89,92,187,48,233,90,89,5,0,0,10,7,11,11,10,70,294,424,304,465,326,476,11,3,0,139,109,48,6,3,51,42,45,43,0,0,13,19,13,200,0,0,0,0,0,0,0,0,0,1,550,.282,0,0,22,35,75,11,0,0,0,0,0,0,0,0,0,0,0,0,0,0,0,0,0,0,0,0,0,130,108,13,6,16,55,272,.9488,286,183,312,0,347,0,0,0,0,0,0,0,0,191,324,0,363,0,0,0,0,0,0,0,0,0,413,estesjo01,estesjo01,estes-000jos,,0,6,eol
20313,0,1,Athletics,Major League Baseball,Maldonado,Anthony,,56,6,2,1998,206,The United States,86360,West Palm Beach,5,193,220,1,1,12,15,236,3,2,93,187,48,233,90,90,92,186,48,233,90,89,92,187,48,233,90,89,5,0,0,10,10,11,10,9,46,372,358,411,376,452,319,1,6,0,33,109,28,16,3,51,43,46,44,0,0,5,17,4,200,0,0,0,0,0,0,0,0,0,1,550,.284,0,0,24,52,86,1,0,0,0,0,0,0,0,0,0,0,0,0,0,0,0,0,0,0,0,0,0,111,66,104,99,81,153,307,1.0270,287,216,268,0,0,0,0,0,0,0,0,0,0,207,254,0,0,0,0,0,0,0,0,0,0,0,400,maldoan01,maldoan01,maldon001ant,,0,16,eol
20421,0,1,Athletics,Major League Baseball,Otanez,Michel,,47,3,7,1997,56,Dominican Republic,42470,La Mata,1,193,236,1,1,12,15,15,4,0,94,190,50,238,93,90,92,186,47,231,89,88,92,187,48,233,90,89,5,2,2,10,10,11,10,13,97,412,221,408,218,451,230,12,6,1,32,109,42,17,3,51,43,46,44,0,0,7,4,6,200,0,0,0,0,0,0,0,0,0,1,550,.228,0,0,15,96,167,12,0,0,0,0,0,0,0,0,0,0,0,0,0,0,0,0,0,0,0,0,0,15,106,36,138,77,70,508,.9957,517,422,0,472,0,0,0,0,0,0,0,0,0,430,0,484,0,0,0,0,0,0,0,0,0,0,400,otanemi01,otanemi01,otanez000mic,,0,17,eol
20481,0,1,Athletics,Major League Baseball,Davidson,Logan,,6,26,12,1997,206,The United States,18952,Charlotte,4,191,185,3,1,3,0,0,3,0,292,410,358,359,241,326,289,408,354,357,238,324,174,374,329,323,185,176,3,3,2,26,7,11,44,178,15,276,24,270,24,135,15,15,30,10,42,14,35,16,3,56,43,81,61,0,0,5,11,3,0,0,200,200,200,0,0,0,0,0,1,550,.207,24,1,11,41,170,3,0,0,0,0,0,0,0,0,0,0,0,0,0,0,0,0,0,0,0,0,0,177,56,175,87,127,47,47,1.0103,27,33,0,51,0,0,0,0,0,0,0,0,0,21,0,27,0,0,0,0,0,0,0,0,0,0,355,davidlo01,davidlo01,davids000log,,0,16,eol
20548,0,1,Athletics,Major League Baseball,Brown,Seth,,15,13,7,1992,206,The United States,38970,Klamath Falls,4,185,223,2,2,7,906,906,9,0,353,250,353,413,321,390,345,317,394,374,328,366,324,488,448,404,351,300,5,2,2,100,65,143,120,9,13,1,1,1,1,1,1,15,30,10,1,16,58,11,4,39,36,45,61,0,0,89,97,100,0,0,200,0,0,0,200,0,148,0,1,550,.236,17,1,13,47,139,5,0,0,0,0,0,0,0,0,0,0,0,0,0,0,0,0,0,0,0,0,0,84,88,86,117,111,109,1,1.0250,1,3,0,0,0,0,0,0,0,0,0,0,0,1,0,0,0,0,0,0,0,0,0,0,0,0,274,brownse01,brownse01,brown-002set,,0,11,eol
20579,0,1,Athletics,Major League Baseball,Urshela,Gio,,13,11,10,1991,44,Colombia,17630,Cartagena,5,183,216,1,1,5,1447,1725,11,2,381,475,183,356,410,354,422,417,237,304,452,388,470,402,403,327,442,475,1,0,0,48,21,11,55,116,8,1,1,1,1,1,1,15,30,10,1,10,54,14,3,128,130,153,87,0,0,13,19,4,0,0,80,0,200,0,0,0,0,0,1,550,.255,32,2,4,33,84,1,0,0,0,0,0,0,0,0,0,0,0,0,0,0,0,0,0,0,0,0,0,71,106,125,98,178,111,1,.9302,1,3,0,0,0,0,0,0,0,0,0,0,0,1,0,0,0,0,0,0,0,0,0,0,0,0,272,urshegi01,urshegi01,urshel001gio,,0,14,eol
20735,0,1,Athletics,Major League Baseball,Urias,Luis,,17,3,6,1997,124,Mexico,46709,Magdalena,5,175,203,1,1,4,1147,1459,8,2,356,320,408,446,459,195,358,273,358,418,441,239,383,390,420,449,413,352,11,3,2,51,31,133,88,8,14,4,1,4,1,8,1,15,30,10,1,29,53,12,4,131,82,85,99,0,0,5,1,11,0,0,0,200,200,0,0,0,0,0,1,550,.229,17,0,13,58,82,11,0,0,0,0,0,0,0,0,0,0,0,0,0,0,0,0,0,0,0,0,0,191,32,187,98,90,40,1,.9756,1,3,0,0,0,0,0,0,0,0,0,0,0,1,0,0,0,0,0,0,0,0,0,0,0,0,271,uriaslu01,uriaslu01,urias-000lui,,0,12,eol
18699,0,1,Athletics,Major League Baseball,Perdomo,Angel,,52,7,5,1994,56,Dominican Republic,69886,San Cristóbal,1,198,198,2,2,12,354,363,6,0,89,184,45,223,85,87,94,188,49,236,91,90,92,187,48,233,90,89,5,0,0,10,9,11,10,14,111,303,243,280,234,317,191,12,1,0,30,109,63,10,3,51,43,46,44,0,0,17,17,7,200,0,0,0,0,0,0,0,0,0,1,550,.285,0,0,18,91,71,12,0,0,0,0,0,0,0,0,0,0,0,0,0,0,0,0,0,0,0,0,0,96,117,130,130,73,93,258,.9517,526,213,213,0,279,0,0,0,0,0,0,0,0,351,415,0,508,0,0,0,0,0,0,0,0,0,400,perdoan01,perdoan01,perdom000ang,,0,10,eol
20478,0,1,Athletics,Major League Baseball,MacIver,Willie,,65,28,10,1996,206,The United States,59546,Pleasant Hill,4,188,205,1,1,2,0,0,4,0,291,469,371,343,384,162,291,467,368,342,383,162,298,408,369,352,367,204,8,2,2,83,112,190,115,63,7,406,332,400,328,388,306,15,30,10,34,37,35,18,4,10,19,11,8,74,99,9,1,12,0,200,0,0,0,0,0,0,0,0,1,550,.198,27,0,12,38,116,8,0,0,0,0,0,0,0,0,0,0,0,0,0,0,0,0,0,0,0,0,0,66,169,24,171,130,62,217,1.0028,239,171,0,171,0,0,0,0,0,0,0,0,0,195,0,182,0,0,0,0,0,0,0,0,0,0,396,macivwi01,macivwi01,macive000wil,,104,18,eol
20560,0,1,Athletics,Major League Baseball,Ferguson,Tyler,,44,5,10,1993,206,The United States,24787,Fresno,4,193,225,1,1,12,140,312,3,1,95,189,50,240,94,92,92,187,47,231,89,89,92,187,48,233,90,89,5,2,2,29,9,11,48,11,103,475,253,498,279,484,265,9,3,1,35,109,41,13,3,50,36,42,42,0,0,6,4,19,200,0,0,0,0,0,0,0,0,0,1,550,.243,0,0,8,81,124,9,0,0,0,0,0,0,0,0,0,0,0,0,0,0,0,0,0,0,0,0,0,195,39,130,80,44,44,429,1.1194,444,201,339,0,418,383,0,0,0,0,0,0,0,206,347,0,427,394,0,0,0,0,0,0,0,0,400,ferguty01,ferguty01,fergus000tyl,,0,13,eol
20760,0,1,Athletics,Major League Baseball,Pereda,Jhonny,,64,18,4,1996,210,Venezuela,47991,Maracay,5,185,174,1,1,2,36,132,3,1,406,414,221,393,363,435,396,409,209,386,347,430,378,362,257,357,356,403,3,2,2,31,10,11,52,121,3,318,293,317,293,323,290,1,1,0,30,23,43,18,3,14,15,1,12,74,99,13,20,5,0,200,0,0,0,0,0,0,0,0,1,550,.249,31,1,4,47,129,3,0,0,0,0,0,0,0,0,0,0,0,0,0,0,0,0,0,0,0,0,0,108,125,119,78,92,102,256,1.0008,261,211,0,0,211,0,0,0,0,0,0,0,0,214,0,0,213,0,0,0,0,0,0,0,0,0,387,peredjh01,peredjh01,pereda000jho,,104,18,eol
20836,0,1,Athletics,Major League Baseball,Gelof,Zack,,20,19,10,1999,206,The United States,45152,Lewes,4,188,205,1,1,4,208,474,3,2,308,429,329,407,212,370,341,372,393,343,202,427,361,435,409,377,271,427,2,2,2,133,174,176,132,134,155,1,1,1,1,1,1,15,30,10,1,10,58,12,3,103,95,59,109,0,0,17,13,11,0,0,0,200,0,0,0,0,0,0,1,550,.224,23,2,13,42,181,2,0,0,0,0,0,0,0,0,0,0,0,0,0,0,0,0,0,0,0,0,0,74,111,74,49,37,95,1,.9302,1,3,0,0,0,0,0,0,0,0,0,0,0,1,0,0,0,0,0,0,0,0,0,0,0,0,279,gelofza01,gelofza01,gelof-000zac,,0,12,eol
20923,0,1,Athletics,Major League Baseball,McFarland,T.J.,Return of the Mac,48,8,6,1989,206,The United States,62401,Palos Hills,4,191,220,2,2,12,1960,1960,15,1,88,182,45,224,84,86,94,188,49,236,92,91,91,174,49,220,83,92,5,0,0,9,8,11,10,11,104,417,495,397,474,398,406,9,3,0,26,117,66,8,3,51,42,45,43,0,0,20,15,8,200,0,0,0,0,0,0,0,0,0,1,550,.305,0,0,10,28,66,9,0,0,0,0,0,0,0,0,0,0,0,0,0,0,0,0,0,0,0,0,0,155,17,88,73,97,95,244,.9352,258,0,205,0,298,0,159,0,0,0,0,0,0,0,215,0,309,0,164,0,0,0,0,0,0,0,279,mcfartj01,mcfartj01,mcfarl001tj-,,0,8,eol
20266,0,1,Athletics,Major League Baseball,Cortes,Carlos,,26,30,6,1997,206,The United States,58149,Oviedo,5,170,196,2,2,9,0,0,3,0,424,490,400,255,398,444,437,498,411,274,411,452,401,458,402,307,392,410,2,3,2,30,6,11,53,14,5,1,1,1,1,1,1,15,30,10,1,36,58,9,3,1,1,4,1,0,0,104,100,128,0,0,0,0,0,0,116,0,200,0,1,550,.287,42,1,16,26,105,2,0,0,0,0,0,0,0,0,0,0,0,0,0,0,0,0,0,0,0,0,0,117,98,94,107,108,114,1,1.0750,1,3,0,0,0,0,0,0,0,0,0,0,0,1,0,0,0,0,0,0,0,0,0,0,0,0,270,corteca01,corteca01,cortes001car,,0,9,eol
20603,0,1,Athletics,Major League Baseball,Spence,Mitch,,28,6,5,1998,206,The United States,17663,Cary,4,185,185,1,1,11,100,260,2,2,92,187,48,232,89,89,92,187,47,233,90,89,92,187,48,233,90,89,5,0,0,9,6,11,10,8,10,332,449,352,405,355,420,6,4,0,112,100,51,9,3,50,35,42,41,0,0,9,20,20,200,0,0,0,0,0,0,0,0,0,1,550,.285,0,0,17,40,85,6,0,0,0,0,0,0,0,0,0,0,0,0,0,0,0,0,0,0,0,0,0,102,101,151,163,90,173,300,.6847,313,0,224,224,318,168,280,0,0,0,0,0,0,0,236,236,330,174,298,0,0,0,0,0,0,0,364,spencmi01,spencmi01,spence000mit,,0,9,eol
20677,0,1,Athletics,Major League Baseball,Thomas,Colby,,32,26,1,2001,206,The United States,27492,Gainesville,4,178,190,1,1,9,0,0,1,0,379,356,454,327,221,469,353,390,426,309,212,439,332,370,415,334,275,383,4,2,2,71,123,147,95,118,9,1,1,1,1,1,1,15,30,10,1,46,57,11,3,5,15,17,12,0,0,104,100,128,0,0,0,0,0,0,106,200,200,0,1,550,.248,25,0,21,32,178,4,0,0,0,0,0,0,0,0,0,0,0,0,0,0,0,0,0,0,0,0,0,90,129,182,85,100,113,1,.9302,1,3,0,0,0,0,0,0,0,0,0,0,0,1,0,0,0,0,0,0,0,0,0,0,0,0,274,thomaco03,thomaco03,thomas004col,,0,11,eol
20807,0,1,Athletics,Major League Baseball,Hoglund,Gunnar,,53,17,12,1999,206,The United States,34776,Jacksonville,4,193,220,2,1,11,0,0,4,0,89,185,46,226,85,87,93,188,49,235,91,89,92,187,48,233,90,89,5,0,0,17,7,11,26,8,31,279,366,289,367,258,344,1,4,0,146,109,45,15,3,51,40,44,42,0,0,9,9,16,200,0,0,0,0,0,0,0,0,0,1,550,.310,0,0,25,53,85,1,0,0,0,0,0,0,0,0,0,0,0,0,0,0,0,0,0,0,0,0,0,33,107,12,138,74,70,302,1.0026,278,228,228,0,285,228,0,0,0,0,0,0,0,215,215,0,267,215,0,0,0,0,0,0,0,0,300,hoglugu01,hoglugu01,hoglun000gun,,0,15,eol
20843,0,1,Athletics,Major League Baseball,Sears,JP,,38,19,2,1996,206,The United States,76876,Sumter,4,180,181,1,2,11,479,581,6,1,95,189,50,235,93,91,92,187,48,233,89,88,92,187,48,233,90,89,5,1,1,18,9,11,26,14,100,404,489,352,417,376,426,8,1,0,145,99,38,9,2,50,35,42,41,0,0,7,13,2,200,0,0,0,0,0,0,0,0,0,1,550,.268,0,0,21,38,90,8,0,0,0,0,0,0,0,0,0,0,0,0,0,0,0,0,0,0,0,0,0,124,25,87,122,111,72,323,.8576,345,186,316,0,389,0,0,0,0,0,0,0,0,195,330,0,408,0,0,0,0,0,0,0,0,0,423,searsjp01,searsjp01,sears-000jp-,,0,9,eol
20865,0,1,Athletics,Major League Baseball,Perkins,Jack,,50,26,12,1999,206,The United States,39243,Kokomo,4,185,220,1,1,12,0,0,2,0,95,190,50,237,95,90,91,186,47,232,88,88,92,187,48,233,90,89,5,0,0,27,6,11,46,14,103,440,301,433,296,438,302,8,6,1,48,109,44,10,3,51,39,44,42,0,0,20,4,1,200,0,0,0,0,0,0,0,0,0,1,550,.254,0,0,12,70,113,8,0,0,0,0,0,0,0,0,0,0,0,0,0,0,0,0,0,0,0,0,0,107,152,50,10,26,65,408,.9903,412,198,0,334,413,376,0,0,0,0,0,0,0,199,0,337,416,380,0,0,0,0,0,0,0,0,400,perkija01,perkija01,perkin001jac,,0,10,eol
20601,0,1,Athletics,Major League Baseball,Andújar,Miguel,Papa,22,2,3,1995,56,Dominican Republic,69886,San Cristóbal,1,183,212,1,1,5,1317,1426,9,1,497,296,392,243,454,513,475,347,328,283,481,450,454,453,414,249,463,433,2,3,2,80,28,139,86,7,4,1,1,1,1,1,1,15,30,10,1,27,56,15,3,104,91,133,71,0,0,89,93,113,0,0,0,0,200,0,200,0,0,0,1,550,.314,27,2,11,26,65,2,0,0,0,0,0,0,0,0,0,0,0,0,0,0,0,0,0,0,0,0,0,111,107,40,190,78,106,1,.9302,1,3,0,0,0,0,0,0,0,0,0,0,0,1,0,0,0,0,0,0,0,0,0,0,0,0,275,andujmi01,andujmi01,anduja000mig,,0,15,eol
19657,0,1,Athletics,Major League Baseball,Miller,Mason,,19,24,8,1998,206,The United States,9002,Bethel Park,4,196,201,1,1,13,322,371,5,1,96,190,52,238,97,92,91,186,47,232,88,88,92,187,48,233,90,89,5,0,0,11,7,11,13,9,79,433,317,462,345,457,325,3,6,2,37,109,45,18,3,50,36,42,41,0,0,18,14,10,200,0,0,0,0,0,0,0,0,0,1,550,.196,0,0,11,62,216,3,0,0,0,0,0,0,0,0,0,0,0,0,0,0,0,0,0,0,0,0,0,88,154,75,71,21,87,556,.9507,537,415,415,0,508,0,0,0,0,0,0,0,0,347,412,0,504,0,0,0,0,0,0,0,0,0,400,millema03,millema03,miller002mas,,0,18,eol
20106,0,1,Athletics,Major League Baseball,Avans,Drew,,18,13,6,1996,206,The United States,1227,Alabaster,4,178,194,2,2,7,0,0,2,0,182,197,262,234,243,127,191,203,283,253,260,135,177,238,303,277,250,86,4,2,2,34,18,31,45,64,8,1,1,1,1,1,1,15,30,10,1,32,57,10,3,9,19,18,6,0,0,89,103,113,0,0,0,0,0,0,200,200,0,0,1,550,.162,8,0,7,23,164,4,0,0,0,0,0,0,0,0,0,0,0,0,0,0,0,0,0,0,0,0,0,114,73,130,109,22,119,1,1.0750,1,3,0,0,0,0,0,0,0,0,0,0,0,1,0,0,0,0,0,0,0,0,0,0,0,0,270,avansdr01,avansdr01,avans-000dre,,0,10,eol
18821,0,1,Athletics,Major League Baseball,Ginn,J.T.,,70,20,5,1999,206,The United States,11376,Brandon,4,188,201,1,1,11,98,368,2,3,95,191,52,245,95,91,91,186,47,229,88,88,92,187,48,233,90,89,5,0,0,10,10,11,10,7,25,252,370,302,411,292,400,9,1,1,124,109,60,11,3,50,35,42,41,0,0,11,9,17,200,0,0,0,0,0,0,0,0,0,1,550,.270,0,0,19,45,117,9,0,0,0,0,0,0,0,0,0,0,0,0,0,0,0,0,0,0,0,0,0,80,26,52,165,75,80,414,1.2420,412,413,366,0,413,0,313,0,0,0,0,0,0,435,354,0,402,0,304,0,0,0,0,0,0,0,360,ginnjt01,ginnjt01,ginn--000jt-,,0,11,eol
20273,0,1,Athletics,Major League Baseball,Alexander,CJ,,26,17,7,1996,206,The United States,17239,Cape Coral,4,193,216,2,1,3,7,170,3,2,182,161,258,229,208,169,188,163,272,240,217,173,177,200,292,262,228,133,3,3,2,20,8,11,32,62,16,1,1,1,1,1,1,15,30,10,1,23,57,14,3,107,109,135,75,0,0,105,118,129,0,0,67,0,200,0,0,0,200,0,1,550,.166,7,0,6,21,178,3,0,0,0,0,0,0,0,0,0,0,0,0,0,0,0,0,0,0,0,0,0,5,108,47,126,84,69,1,.9302,1,3,0,0,0,0,0,0,0,0,0,0,0,1,0,0,0,0,0,0,0,0,0,0,0,0,278,alexacj01,alexacj01,alexan000cj-,,0,14,eol
20285,0,1,Athletics,Major League Baseball,Alexander,Jason,,49,1,3,1993,206,The United States,86906,Windsor,4,188,227,1,1,11,78,126,4,0,95,190,51,236,94,91,92,186,48,232,89,88,92,187,48,233,90,89,5,0,0,19,8,11,30,8,5,303,376,318,401,324,386,5,2,0,95,109,52,6,3,50,35,42,41,0,0,9,18,12,200,0,0,0,0,0,0,0,0,0,1,550,.280,0,0,19,47,92,5,0,0,0,0,0,0,0,0,0,0,0,0,0,0,0,0,0,0,0,0,0,113,53,95,97,33,40,328,1.0722,294,395,301,0,348,428,207,0,0,0,0,0,0,350,257,0,314,386,185,0,0,0,0,0,0,0,378,alexaja01,alexaja01,alexan000jas,,0,6,eol
20833,0,1,Athletics,Major League Baseball,Bleday,JJ,,33,10,11,1997,206,The United States,80220,Titusville,4,185,205,2,2,8,462,587,6,2,351,527,434,395,377,329,333,522,406,446,392,268,370,529,408,439,412,329,1,0,0,73,44,100,92,27,18,1,1,1,1,1,1,15,30,10,1,14,54,12,3,1,2,6,10,0,0,140,77,113,0,0,0,0,0,0,0,200,126,0,1,550,.235,37,2,17,61,114,1,0,0,0,0,0,0,0,0,0,0,0,0,0,0,0,0,0,0,0,0,0,120,84,90,112,92,106,1,1.0750,1,3,0,0,0,0,0,0,0,0,0,0,0,1,0,0,0,0,0,0,0,0,0,0,0,0,269,bledajj01,bledajj01,bleday000jef,,0,12,eol
19179,0,1,Athletics,Major League Baseball,Langeliers,Shea,,23,18,11,1997,206,The United States,37706,Keller,4,183,205,1,1,2,492,492,5,0,397,410,450,336,404,392,365,465,466,366,405,328,380,451,463,361,405,357,2,2,2,74,61,150,105,8,4,1,1,1,1,1,1,15,30,10,1,6,55,12,3,7,19,17,18,77,130,5,7,15,0,200,0,0,0,0,0,0,0,0,1,550,.264,31,1,27,41,107,2,0,0,0,0,0,0,0,0,0,0,0,0,0,0,0,0,0,0,0,0,0,61,175,163,74,24,87,1,.9302,1,3,0,0,0,0,0,0,0,0,0,0,0,1,0,0,0,0,0,0,0,0,0,0,0,0,274,langesh01,langesh01,langel000she,,111,12,eol
19587,0,1,Athletics,Major League Baseball,Butler,Lawrence,,4,10,7,2000,206,The United States,12724,Burlington,1,191,209,2,1,9,344,538,4,1,368,408,416,364,338,401,377,462,414,423,343,410,381,438,419,398,355,407,0,2,2,127,162,165,132,83,103,1,1,1,1,1,1,15,30,10,1,1,56,12,4,2,6,1,12,0,0,104,100,98,0,0,0,0,0,0,0,200,200,0,1,550,.254,30,3,18,54,133,0,0,0,0,0,0,0,0,0,0,0,0,0,0,0,0,0,0,0,0,0,0,92,76,163,108,97,117,1,.9756,1,3,0,0,0,0,0,0,0,0,0,0,0,1,0,0,0,0,0,0,0,0,0,0,0,0,277,butlela01,butlela01,butler000law,,0,12,eol
19603,0,1,Athletics,Major League Baseball,Kelly,Michael,,49,6,9,1992,206,The United States,11195,Boynton Beach,4,193,216,1,1,12,449,472,5,1,96,190,52,238,95,93,91,187,47,231,88,88,92,187,48,233,90,89,5,0,0,29,9,11,48,11,24,418,341,435,359,456,328,7,4,0,34,109,44,10,3,51,38,43,42,0,0,16,10,14,200,0,0,0,0,0,0,0,0,0,1,550,.269,0,0,13,57,86,7,0,0,0,0,0,0,0,0,0,0,0,0,0,0,0,0,0,0,0,0,0,112,130,141,115,89,80,308,.9361,335,196,154,0,0,310,0,0,0,0,0,0,0,254,183,0,0,348,0,0,0,0,0,0,0,0,400,kellymi03,kellymi03,kelly-011mic,,0,10,eol
19611,0,1,Athletics,Major League Baseball,Kurtz,Nick,Nicky Nukes,16,12,3,2003,206,The United States,43532,Lancaster,4,196,240,2,2,3,0,0,1,0,416,442,522,442,286,497,422,504,501,496,267,510,429,494,505,482,275,516,2,3,2,98,28,133,117,9,16,1,1,1,1,1,1,15,30,10,1,20,58,12,3,51,43,52,64,0,0,1,5,19,0,0,200,0,0,0,0,0,0,0,1,550,.303,36,3,37,79,159,2,0,0,0,0,0,0,0,0,0,0,0,0,0,0,0,0,0,0,0,0,0,121,102,74,104,125,114,1,1.0750,1,3,0,0,0,0,0,0,0,0,0,0,0,1,0,0,0,0,0,0,0,0,0,0,0,0,277,kurtzni01,kurtzni01,kurtz-000nic,,0,12,eol
19624,0,1,Athletics,Major League Baseball,Lopez,Jacob,,57,11,3,1998,206,The United States,71027,Santa Clarita,5,193,220,2,2,11,267,537,5,2,89,183,45,228,85,86,94,188,49,234,92,90,92,187,48,233,90,89,5,0,0,19,10,11,28,15,60,451,350,419,334,444,350,12,1,1,128,109,31,10,2,50,35,42,41,0,0,11,15,2,200,0,0,0,0,0,0,0,0,0,1,550,.250,0,0,18,60,135,12,0,0,0,0,0,0,0,0,0,0,0,0,0,0,0,0,0,0,0,0,0,94,77,63,81,82,145,450,1.0616,435,330,392,0,436,436,0,0,0,0,0,0,0,315,369,0,416,452,0,0,0,0,0,0,0,0,400,lopezja04,lopezja04,lopez-003jac,,0,10,eol
19663,0,1,Athletics,Major League Baseball,Severino,Luis,Sevvy,40,20,2,1994,56,Dominican Republic,67611,Sabana de la Mar,1,188,218,1,1,11,1521,1836,10,2,94,189,49,237,92,90,92,187,47,232,89,89,89,176,49,223,95,78,5,0,0,9,7,11,10,10,62,386,382,449,407,392,405,12,3,1,156,111,48,11,3,67,24,44,41,0,0,9,4,4,200,0,0,0,0,0,0,0,0,0,1,550,.265,0,0,12,45,90,12,0,0,0,0,0,0,0,0,0,0,0,0,0,0,0,0,0,0,0,0,0,192,71,144,115,185,85,321,1.1809,412,210,210,0,304,304,210,0,0,0,0,0,0,341,341,0,406,406,341,0,0,0,0,0,0,0,404,severlu01,severlu01,severi000lui,,0,11,eol
19676,0,1,Athletics,Major League Baseball,Springs,Jeffrey,,59,20,9,1992,206,The United States,8420,Belmont,4,191,218,2,2,11,1187,1372,8,2,89,184,46,226,86,87,94,189,49,235,91,90,92,187,48,233,90,89,5,2,2,26,9,11,43,15,22,414,417,397,383,426,396,3,1,2,146,109,36,13,4,50,35,42,41,0,0,19,18,4,200,0,0,0,0,0,0,0,0,0,1,550,.260,0,0,18,46,94,3,0,0,0,0,0,0,0,0,0,0,0,0,0,0,0,0,0,0,0,0,0,81,93,53,112,144,90,336,1.1583,399,158,294,0,249,320,0,0,0,0,0,0,0,221,369,0,315,416,0,0,0,0,0,0,0,0,430,sprinje01,sprinje01,spring000jef,,0,13,eol
19684,0,1,Athletics,Major League Baseball,Wilson,Jacob,,5,30,3,2002,206,The United States,79767,Thousand Oaks,4,188,190,1,1,6,150,150,5,0,467,361,383,248,507,414,504,307,322,315,558,426,495,325,327,315,538,429,6,2,2,65,41,139,72,113,13,1,1,1,1,1,1,15,30,10,1,27,56,11,3,133,101,118,120,0,0,8,8,17,0,0,0,0,0,200,0,0,0,0,1,550,.306,26,1,10,31,36,6,0,0,0,0,0,0,0,0,0,0,0,0,0,0,0,0,0,0,0,0,0,119,97,96,100,191,99,1,.9302,1,3,0,0,0,0,0,0,0,0,0,0,0,1,0,0,0,0,0,0,0,0,0,0,0,0,276,wilsoja05,wilsoja05,wilson021jac,,0,11,eol
20642,0,1,Athletics,Major League Baseball,Soderstrom,Tyler,,21,24,11,2001,206,The United States,81708,Turlock,4,188,201,2,1,7,344,344,4,0,455,375,379,427,409,484,406,431,434,402,384,423,396,401,417,407,378,412,5,2,2,75,63,140,111,7,2,1,1,1,1,1,1,15,30,10,1,14,58,13,3,57,43,64,93,0,0,89,93,113,0,0,200,0,0,0,200,0,0,0,1,550,.280,33,1,19,52,113,5,0,0,0,0,0,0,0,0,0,0,0,0,0,0,0,0,0,0,0,0,0,116,117,83,74,85,125,1,.9302,1,3,0,0,0,0,0,0,0,0,0,0,0,1,0,0,0,0,0,0,0,0,0,0,0,0,279,soderty01,soderty01,soders000tyl,,0,13,eol
20732,0,1,Athletics,Major League Baseball,Leclerc,Jose,Pico,37,19,12,1993,56,Dominican Republic,24086,Esperanza,1,183,194,1,1,12,1229,1443,12,2,95,189,49,235,93,91,92,186,47,233,89,88,92,187,48,233,90,89,5,0,0,16,9,11,23,11,72,389,300,398,310,475,263,7,6,5,35,106,41,15,3,51,43,46,44,0,0,8,17,13,200,0,0,0,0,0,0,0,0,0,1,550,.247,0,0,17,68,136,7,0,0,0,0,0,0,0,0,0,0,0,0,0,0,0,0,0,0,0,0,0,91,15,118,116,189,116,453,1.0752,501,315,369,0,415,415,0,0,0,0,0,0,0,324,384,0,429,468,0,0,0,0,0,0,0,0,401,leclejo01,leclejo01,lecler000jos,,0,15,eol
18815,0,1,Athletics,Major League Baseball,Murdock,Noah,,58,20,8,1998,206,The United States,14568,Colonial Heights,4,203,205,1,1,12,0,0,4,0,93,188,48,236,91,89,92,187,47,232,90,89,92,187,48,233,90,89,5,2,2,19,9,11,28,15,47,586,103,626,112,468,208,12,1,5,39,109,45,14,3,51,42,45,43,0,0,9,6,7,200,0,0,0,0,0,0,0,0,0,1,550,.235,0,0,2,141,124,12,0,0,0,0,0,0,0,0,0,0,0,0,0,0,0,0,0,0,0,0,0,120,98,79,115,195,146,429,1.0129,398,0,350,0,0,431,209,0,0,0,0,0,0,0,317,0,0,390,186,0,0,0,0,0,0,0,400,murdono01,murdono01,murdoc000noa,,0,14,eol
18766,0,1,Athletics,Major League Baseball,Bowden,Ben,,62,21,10,1994,206,The United States,41112,Lynn,4,193,236,2,2,12,28,111,2,1,89,185,46,228,86,87,94,188,49,234,92,89,92,187,48,233,90,89,5,2,2,30,6,11,53,11,41,340,334,324,327,357,299,1,1,0,33,109,50,10,3,51,42,45,43,0,0,17,3,20,200,0,0,0,0,0,0,0,0,0,1,550,.304,0,0,19,62,82,1,0,0,0,0,0,0,0,0,0,0,0,0,0,0,0,0,0,0,0,0,0,105,74,94,108,81,114,293,1.0052,389,159,251,0,322,0,0,0,0,0,0,0,0,198,334,0,413,0,0,0,0,0,0,0,0,0,300,bowdebe01,bowdebe01,bowden000ben,,0,10,eol
19824,0,1,Athletics,Major League Baseball,Basso,Brady,,66,8,10,1997,206,The United States,63363,Pearland,4,188,214,1,2,12,30,30,5,0,95,189,49,236,93,91,92,186,48,232,89,89,92,187,48,233,90,89,5,0,0,9,8,11,10,12,49,492,321,494,319,455,346,1,3,0,29,109,47,11,3,51,42,45,43,0,0,9,12,7,200,0,0,0,0,0,0,0,0,0,1,550,.263,0,0,7,64,85,1,0,0,0,0,0,0,0,0,0,0,0,0,0,0,0,0,0,0,0,0,0,12,128,86,178,132,81,300,1.0021,316,160,0,208,301,255,0,0,0,0,0,0,0,166,0,220,314,274,0,0,0,0,0,0,0,0,400,bassobr01,bassobr01,basso-000bra,,0,11,eol
19832,0,1,Athletics,Major League Baseball,Barnett,Mason,,63,7,11,2000,206,The United States,17637,Cartersville,4,183,218,1,1,11,0,0,1,0,96,190,51,239,95,92,92,186,47,232,89,88,92,187,48,233,90,89,5,1,1,19,9,11,28,11,75,416,334,412,333,389,295,6,6,1,120,109,38,15,3,51,41,45,43,0,0,13,11,4,200,0,0,0,0,0,0,0,0,0,1,550,.272,0,0,16,61,89,6,0,0,0,0,0,0,0,0,0,0,0,0,0,0,0,0,0,0,0,0,0,82,105,195,82,82,122,318,1.0057,282,222,0,277,222,0,0,277,0,0,0,0,0,203,0,248,158,0,0,248,0,0,0,0,0,0,400,barnema02,barnema02,barnet000mas,,0,15,eol
20117,0,1,Athletics,Major League Baseball,Harris,Brett,,11,24,6,1998,206,The United States,4066,Arlington Heights,4,188,207,1,1,5,38,85,2,1,381,357,276,426,342,414,378,405,225,461,390,371,322,382,322,443,376,256,10,2,2,62,81,104,111,117,7,1,1,1,1,1,1,15,30,10,1,4,54,14,3,104,91,133,71,0,0,18,5,6,0,0,0,0,200,0,0,0,0,0,1,550,.239,29,0,5,68,118,10,0,0,0,0,0,0,0,0,0,0,0,0,0,0,0,0,0,0,0,0,0,84,129,91,88,125,94,1,.9302,1,3,0,0,0,0,0,0,0,0,0,0,0,1,0,0,0,0,0,0,0,0,0,0,0,0,274,harribr02,harribr02,harris009bre,,0,14,eol
20764,0,1,Athletics,Major League Baseball,Schuemann,Max,,12,11,6,1997,206,The United States,60469,Portage,4,180,185,1,1,4,121,338,2,2,347,329,230,436,433,225,337,322,266,449,377,300,356,316,279,448,383,334,8,0,0,147,118,176,147,185,6,1,1,1,1,1,1,15,30,10,1,40,55,14,3,133,101,118,120,0,0,17,4,16,0,0,0,192,200,200,0,0,0,0,1,550,.220,16,4,6,66,110,8,0,0,0,0,0,0,0,0,0,0,0,0,0,0,0,0,0,0,0,0,0,183,100,124,191,98,120,1,.9302,1,3,0,0,0,0,0,0,0,0,0,0,0,1,0,0,0,0,0,0,0,0,0,0,0,0,273,schuema01,schuema01,schuem000max,,0,14,eol
19637,0,1,Athletics,Major League Baseball,Morales,Luis,,58,24,9,2002,49,Cuba,3253,Antilla,5,191,201,1,1,11,0,0,2,0,95,190,51,237,94,90,92,186,47,232,89,88,92,187,48,233,90,89,5,0,0,23,10,11,36,15,107,380,351,398,357,396,350,3,6,0,139,109,38,12,3,50,37,43,42,0,0,12,12,13,200,0,0,0,0,0,0,0,0,0,1,550,.269,0,0,18,56,100,3,0,0,0,0,0,0,0,0,0,0,0,0,0,0,0,0,0,0,0,0,0,74,134,97,72,113,98,361,1.0187,351,196,332,411,0,0,0,0,0,0,0,0,0,193,327,405,0,0,0,0,0,0,0,0,0,0,400,morallu01,morallu01,morale009lui,,0,12,eol
19649,0,1,Athletics,Major League Baseball,Rooker,Brent,,25,1,11,1994,206,The United States,28252,Germantown,4,191,225,1,1,9,860,1109,6,1,459,443,461,403,417,481,393,459,439,417,356,421,416,410,464,417,334,471,4,3,2,99,67,150,95,7,7,1,1,1,1,1,1,15,30,10,1,1,57,13,3,17,2,10,17,0,0,104,100,128,0,0,0,0,0,0,120,0,200,0,1,550,.281,33,3,23,54,120,4,0,0,0,0,0,0,0,0,0,0,0,0,0,0,0,0,0,0,0,0,0,100,114,123,13,10,64,1,.9302,1,3,0,0,0,0,0,0,0,0,0,0,0,1,0,0,0,0,0,0,0,0,0,0,0,0,278,rookebr01,rookebr01,rooker000bre,,0,13,eol
20227,0,1,Athletics,Major League Baseball,Krook,Matt,,62,21,10,1994,206,The United States,31890,Hillsborough,4,193,225,2,2,12,180,443,6,3,89,184,45,224,85,86,94,187,49,236,92,89,92,187,48,233,90,89,5,0,0,10,10,11,10,6,89,327,306,309,297,291,249,1,6,0,36,109,50,12,3,51,43,46,44,0,0,1,11,15,200,0,0,0,0,0,0,0,0,0,1,550,.282,0,0,20,70,79,1,0,0,0,0,0,0,0,0,0,0,0,0,0,0,0,0,0,0,0,0,0,10,178,79,189,127,150,285,1.0131,275,0,231,0,291,231,231,0,0,0,0,0,0,0,223,0,279,223,223,0,0,0,0,0,0,0,400,krookma01,krookma01,krook-000mat,,0,12,eol
20946,0,1,Athletics,Major League Baseball,Holman,Grant,,67,31,5,2000,206,The United States,13641,Chula Vista,4,198,249,1,1,12,60,77,2,1,92,187,48,234,89,89,92,187,48,233,90,89,92,187,48,233,90,89,5,2,2,9,6,11,10,7,31,422,341,442,350,447,322,7,6,1,28,109,45,13,3,51,41,45,43,0,0,11,1,6,200,0,0,0,0,0,0,0,0,0,1,550,.268,0,0,12,58,87,7,0,0,0,0,0,0,0,0,0,0,0,0,0,0,0,0,0,0,0,0,0,124,200,81,39,37,36,311,1.0163,336,163,308,0,265,0,0,0,0,0,0,0,0,183,347,0,312,0,0,0,0,0,0,0,0,0,400,holmagr01,holmagr01,holman000gra,,0,13,eol
21016,0,1,Athletics,Major League Baseball,Bido,Osvaldo,,45,18,10,1995,56,Dominican Republic,41979,Los Hidalgos,1,191,174,1,1,11,262,455,5,2,95,189,50,236,93,91,92,187,48,231,89,88,92,187,48,233,90,89,5,0,0,24,7,11,39,11,22,384,338,404,343,452,344,12,2,1,90,104,33,11,3,50,35,42,41,0,0,17,19,16,200,0,0,0,0,0,0,0,0,0,1,550,.274,0,0,20,59,97,12,0,0,0,0,0,0,0,0,0,0,0,0,0,0,0,0,0,0,0,0,0,92,103,114,199,124,123,350,.8176,370,297,174,330,330,0,0,297,0,0,0,0,0,324,191,363,363,0,0,324,0,0,0,0,0,0,395,bidoos01,bidoos01,bido--000osv,,0,11,eol
20130,0,1,Athletics,Major League Baseball,Hernaiz,Darell,Barrels,2,3,8,2001,151,Puerto Rico,70279,San Juan,5,180,190,1,1,5,61,388,4,2,399,280,218,432,484,279,368,297,220,403,458,234,372,283,223,409,454,256,1,2,2,125,136,121,113,152,153,4,1,4,1,8,1,15,30,10,1,33,53,10,3,104,91,133,78,0,0,18,19,19,0,0,0,188,200,200,0,0,0,0,1,550,.227,15,3,4,53,71,1,0,0,0,0,0,0,0,0,0,0,0,0,0,0,0,0,0,0,0,0,0,71,110,78,121,120,72,1,.9302,1,3,0,0,0,0,0,0,0,0,0,0,0,1,0,0,0,0,0,0,0,0,0,0,0,0,272,hernada04,hernada04,hernai000dar,,0,10,eol
// Houston Astros, ID = 7
19840,0,7,Houston Astros,Major League Baseball,Whitley,Forrest,,38,15,9,1997,206,The United States,69776,San Antonio,4,201,218,1,1,12,25,111,3,1,95,190,50,236,95,90,92,187,47,233,89,88,92,187,48,233,90,89,5,2,2,9,7,11,10,10,52,376,268,379,266,399,300,12,6,0,38,109,38,14,4,51,42,45,43,0,0,3,19,11,200,0,0,0,0,0,0,0,0,0,1,550,.273,0,0,20,81,96,12,0,0,0,0,0,0,0,0,0,0,0,0,0,0,0,0,0,0,0,0,0,29,178,180,114,93,147,348,.9975,351,248,308,248,341,0,180,0,0,0,0,0,0,252,311,252,345,0,182,0,0,0,0,0,0,0,400,whitlfo01,whitlfo01,whitle000for,,0,14,eol
20309,0,7,Houston Astros,Major League Baseball,VanWey,Logan,,64,14,2,1999,206,The United States,85565,Webb City,4,188,205,1,1,12,0,0,3,0,94,188,50,234,93,90,92,187,48,233,89,89,92,187,48,233,90,89,5,2,1,12,8,11,15,14,53,371,389,367,387,373,375,12,1,1,38,109,43,19,3,51,42,45,43,0,0,7,20,4,200,0,0,0,0,0,0,0,0,0,1,550,.305,0,0,18,48,79,12,0,0,0,0,0,0,0,0,0,0,0,0,0,0,0,0,0,0,0,0,0,99,130,71,113,86,179,284,.9817,300,203,0,248,0,0,0,0,0,0,0,0,0,210,0,258,0,0,0,0,0,0,0,0,0,0,300,vanwelo01,vanwelo01,vanwey000log,,0,19,eol
20534,0,7,Houston Astros,Major League Baseball,Melton,Jacob,,31,7,9,2000,206,The United States,1335,Albany,4,191,207,2,2,8,0,0,2,0,259,274,215,368,248,276,278,289,234,381,270,291,288,318,309,371,308,268,6,2,2,196,240,204,170,11,7,1,1,1,1,1,1,15,30,10,1,22,58,12,4,19,3,20,2,0,0,140,100,118,0,0,0,0,0,0,83,200,0,0,1,550,.195,12,3,5,45,161,6,0,0,0,0,0,0,0,0,0,0,0,0,0,0,0,0,0,0,0,0,0,110,110,188,72,94,91,1,1.0250,1,3,0,0,0,0,0,0,0,0,0,0,0,1,0,0,0,0,0,0,0,0,0,0,0,0,276,meltoja01,meltoja01,melton000jac,,0,12,eol
20553,0,7,Houston Astros,Major League Baseball,Corona,Kenedy,,47,21,3,2000,210,Venezuela,47987,Maracaibo,5,178,190,1,1,8,0,0,1,0,176,288,319,416,237,109,176,287,319,416,236,109,172,288,322,371,239,81,5,0,0,11,10,11,12,66,13,4,1,4,1,8,1,15,30,10,1,24,53,12,3,13,4,1,4,0,0,142,116,118,0,0,0,0,0,0,0,200,0,0,1,550,.154,11,0,9,55,171,5,0,0,0,0,0,0,0,0,0,0,0,0,0,0,0,0,0,0,0,0,0,89,83,86,102,80,181,1,.9302,1,3,0,0,0,0,0,0,0,0,0,0,0,1,0,0,0,0,0,0,0,0,0,0,0,0,272,coronke01,coronke01,corona002ken,,0,12,eol
20901,0,7,Houston Astros,Major League Baseball,Sousa,Bennett,,62,6,4,1995,206,The United States,56177,North Palm Beach,4,191,185,2,2,12,282,495,3,2,90,184,46,226,86,88,94,188,48,236,91,90,92,187,48,233,90,89,5,1,1,29,7,11,49,6,9,490,415,463,387,439,381,1,6,0,38,109,45,12,3,50,37,43,42,0,0,15,4,15,200,0,0,0,0,0,0,0,0,0,1,550,.236,0,0,9,45,138,1,0,0,0,0,0,0,0,0,0,0,0,0,0,0,0,0,0,0,0,0,0,78,86,86,106,107,69,458,.8328,418,368,221,0,451,0,0,0,0,0,0,0,0,340,202,0,420,0,0,0,0,0,0,0,0,0,400,sousabe01,sousabe01,sousa-000ben,,0,12,eol
20746,0,7,Houston Astros,Major League Baseball,Whitcomb,Shay,,10,28,9,1998,206,The United States,23653,Encinitas,2,183,201,1,1,4,24,234,5,1,287,347,338,325,373,164,281,344,335,322,365,163,304,362,335,355,370,214,2,2,2,25,10,11,40,6,1,4,1,4,1,8,1,15,30,10,1,30,53,12,3,106,106,134,74,0,0,5,5,2,0,0,0,139,200,0,0,0,0,0,1,550,.193,17,0,10,34,123,2,0,0,0,0,0,0,0,0,0,0,0,0,0,0,0,0,0,0,0,0,0,187,158,91,95,148,83,1,.9302,1,3,0,0,0,0,0,0,0,0,0,0,0,1,0,0,0,0,0,0,0,0,0,0,0,0,273,whitcsh01,whitcsh01,whitco000sha,,0,12,eol
20872,0,7,Houston Astros,Major League Baseball,Cole,Zach,,16,4,8,2000,206,The United States,58234,Ozark,4,188,190,2,1,9,0,0,2,0,327,368,434,392,269,375,337,374,446,401,287,384,219,342,421,360,225,223,3,2,2,173,171,216,153,13,10,1,1,1,1,1,1,15,30,10,1,18,56,12,3,19,6,5,20,0,0,104,106,128,0,0,0,0,0,0,110,200,200,0,1,550,.241,19,4,23,50,155,3,0,0,0,0,0,0,0,0,0,0,0,0,0,0,0,0,0,0,0,0,0,1,131,9,108,62,81,1,.9302,1,3,0,0,0,0,0,0,0,0,0,0,0,1,0,0,0,0,0,0,0,0,0,0,0,0,276,coleza01,coleza01,cole--002zac,,0,12,eol
20815,0,7,Houston Astros,Major League Baseball,Gusto,Ryan,,65,11,3,1999,206,The United States,18952,Charlotte,4,193,231,1,1,11,0,0,3,0,94,188,48,236,92,90,92,186,47,232,90,88,92,187,48,233,90,89,5,1,1,10,10,11,10,8,5,392,364,409,399,396,387,7,1,1,121,109,39,11,4,50,35,42,41,0,0,14,16,12,200,0,0,0,0,0,0,0,0,0,1,550,.266,0,0,17,49,101,7,0,0,0,0,0,0,0,0,0,0,0,0,0,0,0,0,0,0,0,0,0,47,129,118,74,126,57,366,.9324,374,298,298,298,298,298,298,0,0,0,0,0,0,310,310,310,310,310,310,0,0,0,0,0,0,0,400,gustory01,gustory01,gusto-000rya,,0,11,eol
20867,0,7,Houston Astros,Major League Baseball,Salazar,Cesar,,18,15,3,1996,124,Mexico,31520,Hermosillo,5,173,198,2,1,2,185,185,6,0,345,321,318,384,367,327,355,326,327,392,381,332,333,327,320,373,366,304,12,0,0,25,9,11,41,118,14,275,24,271,24,135,15,15,30,10,42,34,35,16,3,19,20,2,1,92,104,10,16,19,0,200,0,0,0,0,0,0,0,0,1,550,.232,20,0,9,47,118,12,0,0,0,0,0,0,0,0,0,0,0,0,0,0,0,0,0,0,0,0,0,182,96,121,101,69,105,2,1.0191,2,2,0,2,0,0,0,0,0,0,0,0,0,2,0,2,0,0,0,0,0,0,0,0,0,0,339,salazce01,salazce01,salaza002ces,,107,16,eol
20945,0,7,Houston Astros,Major League Baseball,Walter,Brandon,,60,8,9,1996,206,The United States,55077,New Castle,4,188,201,2,2,11,45,218,3,1,88,183,45,228,84,86,94,189,50,235,92,91,92,187,48,233,90,89,5,0,0,10,9,11,10,6,45,350,586,324,558,344,446,8,1,0,166,109,50,10,3,50,37,43,42,0,0,19,7,5,200,0,0,0,0,0,0,0,0,0,1,550,.264,0,0,19,12,110,8,0,0,0,0,0,0,0,0,0,0,0,0,0,0,0,0,0,0,0,0,0,63,141,107,182,84,110,401,1.1727,341,380,322,0,322,229,426,0,0,0,0,0,0,304,243,0,243,178,336,0,0,0,0,0,0,0,400,waltebr01,waltebr01,walter000bra,,0,10,eol
20963,0,7,Houston Astros,Major League Baseball,Dezenzo,Zach,,9,11,5,2000,206,The United States,1716,Alliance,4,196,220,1,1,7,41,391,2,3,423,394,334,412,266,511,420,389,331,409,258,510,381,366,353,383,301,441,0,3,2,53,28,170,76,53,8,1,1,1,1,1,1,15,30,10,1,10,54,10,4,53,57,56,59,0,0,104,100,128,0,0,200,0,0,0,134,0,200,0,1,550,.271,31,0,10,53,163,0,0,0,0,0,0,0,0,0,0,0,0,0,0,0,0,0,0,0,0,0,0,125,115,141,81,32,91,1,.9756,1,3,0,0,0,0,0,0,0,0,0,0,0,1,0,0,0,0,0,0,0,0,0,0,0,0,276,dezenza01,dezenza01,dezenz000zac,,0,10,eol
20435,0,7,Houston Astros,Major League Baseball,Altuve,Jose,Tuve,27,6,5,1990,210,Venezuela,61321,Puerto Cabello,5,168,165,1,1,4,2408,2733,15,3,454,358,422,351,438,455,426,318,402,380,447,403,493,395,417,411,479,487,4,3,2,88,113,149,122,35,5,1,1,1,1,1,1,15,30,10,1,32,56,11,3,76,122,38,115,0,0,89,93,113,0,0,0,200,0,0,200,0,0,0,1,550,.283,24,0,16,44,83,4,0,0,0,0,0,0,0,0,0,0,0,0,0,0,0,0,0,0,0,0,0,19,152,103,200,87,139,1,.9302,1,3,0,0,0,0,0,0,0,0,0,0,0,1,0,0,0,0,0,0,0,0,0,0,0,0,270,altuvjo01,altuvjo01,altuve001jos,,0,11,eol
18731,0,7,Houston Astros,Major League Baseball,Dubin,Shawn,,62,6,9,1995,206,The United States,1689,Allegany,4,185,172,1,1,12,247,539,3,3,95,188,50,241,93,91,92,186,48,231,89,88,92,187,48,233,90,89,5,0,0,22,9,11,35,8,84,377,329,376,346,405,324,7,1,1,38,109,52,11,3,51,39,44,42,0,0,10,13,2,200,0,0,0,0,0,0,0,0,0,1,550,.263,0,0,14,60,103,7,0,0,0,0,0,0,0,0,0,0,0,0,0,0,0,0,0,0,0,0,0,122,112,118,86,175,112,372,.9385,402,183,348,383,313,254,0,0,0,0,0,0,0,195,370,408,329,277,0,0,0,0,0,0,0,0,400,dubinsh01,dubinsh01,dubin-000sha,,0,11,eol
19402,0,7,Houston Astros,Major League Baseball,Abreu,Bryan,,52,22,4,1997,56,Dominican Republic,71432,Santo Domingo,1,185,229,1,1,12,1032,1255,8,2,95,190,50,239,94,91,92,186,48,230,88,89,92,187,48,233,90,89,5,0,0,17,10,11,25,6,105,470,306,503,332,491,319,10,6,1,34,96,39,16,3,50,35,42,41,0,0,1,2,3,200,0,0,0,0,0,0,0,0,0,1,550,.221,0,0,9,64,169,10,0,0,0,0,0,0,0,0,0,0,0,0,0,0,0,0,0,0,0,0,0,73,100,77,104,113,113,509,1.0362,510,393,331,0,478,0,0,0,0,0,0,0,0,395,332,0,480,0,0,0,0,0,0,0,0,0,391,abreubr01,abreubr01,abreu-000bry,,0,16,eol
19418,0,7,Houston Astros,Major League Baseball,Alvarez,Yordan,,44,27,6,1997,49,Cuba,43938,Las Tunas,1,196,238,2,1,7,918,1174,10,2,469,429,427,402,434,481,442,372,446,447,455,421,436,436,500,495,419,443,5,2,2,73,40,148,90,7,12,1,1,1,1,1,1,15,30,10,1,37,57,13,3,18,9,11,8,0,0,89,93,113,0,0,0,0,0,0,200,0,0,0,1,550,.303,31,1,23,62,80,5,0,0,0,0,0,0,0,0,0,0,0,0,0,0,0,0,0,0,0,0,0,80,103,116,72,143,92,1,.9302,1,3,0,0,0,0,0,0,0,0,0,0,0,1,0,0,0,0,0,0,0,0,0,0,0,0,279,alvaryo01,alvaryo01,alvare000yor,,0,13,eol
19428,0,7,Houston Astros,Major League Baseball,Blanco,Ronel,,56,31,8,1993,56,Dominican Republic,71389,Santiago,1,193,240,1,1,11,389,389,7,0,96,190,51,242,96,92,92,186,47,230,89,89,92,187,48,233,90,89,5,0,0,18,6,11,29,8,66,374,311,408,345,378,318,1,2,0,152,116,42,9,3,50,37,43,42,0,0,18,7,20,200,0,0,0,0,0,0,0,0,0,1,550,.228,0,0,16,62,118,1,0,0,0,0,0,0,0,0,0,0,0,0,0,0,0,0,0,0,0,0,0,103,123,113,175,78,89,417,1.3386,415,212,356,437,404,0,0,0,0,0,0,0,0,211,355,436,403,0,0,0,0,0,0,0,0,0,474,blancro01,blancro01,blanco000ron,,0,9,eol
19434,0,7,Houston Astros,Major League Baseball,Brown,Hunter,,58,29,8,1998,206,The United States,69022,St. Clair Shores,4,188,220,1,1,11,499,845,4,3,95,190,51,235,94,91,91,186,47,232,88,88,92,187,48,233,90,89,5,0,0,22,8,11,36,15,73,411,343,430,410,383,383,5,1,1,157,88,54,12,3,50,35,42,41,0,0,5,17,2,200,0,0,0,0,0,0,0,0,0,1,550,.243,0,0,11,48,130,5,0,0,0,0,0,0,0,0,0,0,0,0,0,0,0,0,0,0,0,0,0,86,74,82,97,100,114,440,.6660,437,407,407,407,407,407,407,0,0,0,0,0,0,405,405,405,405,405,405,0,0,0,0,0,0,0,402,brownhu01,brownhu01,brown-003hun,,0,12,eol
19440,0,7,Houston Astros,Major League Baseball,Diaz,Yainer,,21,21,9,1998,56,Dominican Republic,5185,Azua,5,183,194,1,1,2,516,592,4,0,456,358,331,271,450,448,425,356,396,206,452,397,457,348,379,235,451,448,2,3,2,58,18,24,80,6,18,4,1,4,1,8,1,15,30,10,1,25,53,12,3,39,36,45,61,135,117,14,14,13,0,200,200,0,0,0,0,0,0,0,1,550,.280,26,2,13,19,78,2,0,0,0,0,0,0,0,0,0,0,0,0,0,0,0,0,0,0,0,0,0,103,102,76,81,50,115,1,.9302,1,3,0,0,0,0,0,0,0,0,0,0,0,1,0,0,0,0,0,0,0,0,0,0,0,0,273,diazya02,diazya02,diaz--000yai,,120,12,eol
19446,0,7,Houston Astros,Major League Baseball,Hader,Josh,Stricken,71,7,4,1994,206,The United States,3142,Annapolis,4,191,187,2,2,13,1324,1324,9,0,87,182,44,228,83,85,94,189,50,235,93,90,95,175,48,226,92,94,5,0,0,32,9,11,55,14,118,469,400,425,378,459,342,4,6,2,36,114,30,16,2,50,37,43,42,0,0,7,11,11,200,0,0,0,0,0,0,0,0,0,1,550,.205,0,0,18,49,178,4,0,0,0,0,0,0,0,0,0,0,0,0,0,0,0,0,0,0,0,0,0,1,159,90,156,126,122,519,1.1549,543,402,402,0,489,0,0,0,0,0,0,0,0,351,416,0,509,0,0,0,0,0,0,0,0,0,465,haderjo01,haderjo01,hader-000jos,,0,16,eol
19458,0,7,Houston Astros,Major League Baseball,Javier,Cristian,,53,26,3,1997,56,Dominican Republic,71432,Santo Domingo,1,185,205,1,1,11,728,937,6,2,94,187,48,234,91,90,92,187,47,232,90,88,92,187,48,233,90,89,5,1,1,10,9,11,10,7,48,497,314,505,320,451,340,3,6,0,129,92,30,12,3,51,39,44,42,0,0,5,5,5,200,0,0,0,0,0,0,0,0,0,1,550,.232,0,0,10,65,100,3,0,0,0,0,0,0,0,0,0,0,0,0,0,0,0,0,0,0,0,0,0,76,42,151,103,79,97,360,1.0469,455,270,325,364,364,0,0,0,0,0,0,0,0,312,365,412,448,0,0,0,0,0,0,0,0,0,467,javiecr01,javiecr01,javier000cri,,0,12,eol
19469,0,7,Houston Astros,Major League Baseball,King,Bryan,,74,5,11,1996,206,The United States,45840,Littleton,4,185,205,1,2,12,170,236,3,0,96,190,51,244,96,92,91,185,47,229,87,88,92,187,48,233,90,89,5,1,1,31,6,11,54,8,73,428,470,414,482,420,459,10,5,0,34,109,45,12,3,50,35,42,41,0,0,19,20,5,200,0,0,0,0,0,0,0,0,0,1,550,.252,0,0,13,29,120,10,0,0,0,0,0,0,0,0,0,0,0,0,0,0,0,0,0,0,0,0,0,124,73,97,111,83,150,421,.9772,430,212,356,404,404,0,404,0,0,0,0,0,0,216,361,409,409,0,409,0,0,0,0,0,0,0,400,kingbr02,kingbr02,king--005bry,,0,12,eol
19473,0,7,Houston Astros,Major League Baseball,McCullers Jr.,Lance,Perdomo,43,2,10,1993,206,The United States,78373,Tampa,4,185,205,2,1,12,1105,1309,9,2,89,184,46,228,86,86,94,188,49,235,91,90,87,177,49,221,98,69,5,0,0,12,8,11,15,11,18,336,226,337,226,437,327,12,2,1,108,116,54,13,3,50,36,42,42,0,0,3,10,14,200,0,0,0,0,0,0,0,0,0,1,550,.263,0,0,17,94,120,12,0,0,0,0,0,0,0,0,0,0,0,0,0,0,0,0,0,0,0,0,0,152,16,75,97,113,14,420,.9675,456,0,209,400,400,400,303,0,0,0,0,0,0,0,214,407,407,441,308,0,0,0,0,0,0,0,372,mcculla02,mcculla02,mccull002lan,,0,13,eol
19482,0,7,Houston Astros,Major League Baseball,Meyers,Jake,,6,18,6,1996,206,The United States,57291,Omaha,4,183,201,1,2,8,641,654,5,1,435,400,322,358,396,462,440,333,258,392,430,439,423,363,312,384,413,429,6,2,2,134,145,158,124,123,102,1,1,1,1,1,1,15,30,10,1,41,57,7,3,16,7,18,1,0,0,140,126,88,0,0,0,0,0,0,0,200,0,0,1,550,.278,24,4,7,46,96,6,0,0,0,0,0,0,0,0,0,0,0,0,0,0,0,0,0,0,0,0,0,143,8,70,14,88,1,1,1.0750,1,3,0,0,0,0,0,0,0,0,0,0,0,1,0,0,0,0,0,0,0,0,0,0,0,0,272,meyerja02,meyerja02,meyers000jak,,0,7,eol
19490,0,7,Houston Astros,Major League Baseball,Okert,Steven,,48,9,7,1991,206,The United States,66644,Riverside,4,188,203,2,2,12,1204,1280,11,1,86,181,44,225,82,85,94,189,49,235,93,90,89,187,48,230,89,82,5,0,0,34,9,11,59,12,94,501,426,478,409,467,372,6,2,0,31,106,31,14,3,50,35,42,41,0,0,13,12,11,200,0,0,0,0,0,0,0,0,0,1,550,.237,0,0,12,42,135,6,0,0,0,0,0,0,0,0,0,0,0,0,0,0,0,0,0,0,0,0,0,78,198,116,164,99,69,450,1.0639,467,378,321,0,0,424,0,0,0,0,0,0,0,375,319,0,0,458,0,0,0,0,0,0,0,0,413,okertst01,okertst01,okert-001ste,,0,14,eol
18978,0,7,Houston Astros,Major League Baseball,Trammell,Taylor,,26,13,9,1997,206,The United States,60714,Powder Springs,1,188,216,2,2,8,578,688,8,1,304,497,333,479,273,325,311,501,345,486,290,330,219,528,415,464,231,217,0,0,0,88,155,139,134,54,12,1,1,1,1,1,1,15,30,10,1,9,59,11,3,8,1,11,7,0,0,89,93,113,0,0,0,0,0,0,200,200,141,0,1,550,.215,33,0,10,79,154,0,0,0,0,0,0,0,0,0,0,0,0,0,0,0,0,0,0,0,0,0,0,89,138,129,116,120,92,1,1.0750,1,3,0,0,0,0,0,0,0,0,0,0,0,1,0,0,0,0,0,0,0,0,0,0,0,0,275,trammta01,trammta01,tramme000tay,,0,11,eol
19168,0,7,Houston Astros,Major League Baseball,Garcia,Luis,,77,13,12,1996,210,Venezuela,13867,Ciudad Bolívar,1,185,247,1,1,11,526,606,7,1,92,188,48,233,89,90,92,187,48,233,90,89,86,187,48,228,97,67,5,0,0,9,6,11,10,8,105,367,325,370,326,456,397,12,1,0,118,106,31,10,3,51,43,46,44,0,0,17,20,18,200,0,0,0,0,0,0,0,0,0,1,550,.275,0,0,25,63,81,12,0,0,0,0,0,0,0,0,0,0,0,0,0,0,0,0,0,0,0,0,0,124,200,87,113,192,74,291,1.0001,419,152,230,304,269,191,0,0,0,0,0,0,0,208,350,430,398,302,0,0,0,0,0,0,0,0,432,garcilu05,garcilu05,garcia020lui,,0,10,eol
20263,0,7,Houston Astros,Major League Baseball,Matthews,Brice,,28,16,3,2002,206,The United States,32688,Houston,1,180,190,1,1,4,0,0,4,0,205,277,452,334,270,156,201,274,444,330,263,155,158,209,425,304,205,78,7,1,1,90,21,153,93,178,20,1,1,1,1,1,1,15,30,10,1,18,55,14,4,104,95,59,109,0,0,13,6,17,0,0,0,200,0,0,0,0,0,0,1,550,.194,11,1,24,36,161,7,0,0,0,0,0,0,0,0,0,0,0,0,0,0,0,0,0,0,0,0,0,132,86,17,116,89,114,1,.9756,1,3,0,0,0,0,0,0,0,0,0,0,0,1,0,0,0,0,0,0,0,0,0,0,0,0,273,matthbr01,matthbr01,matthe000bri,,0,14,eol
20293,0,7,Houston Astros,Major League Baseball,Gordon,Colton,,61,20,12,1998,206,The United States,69131,St. Pete Beach,4,193,225,2,2,11,0,0,3,0,87,182,45,226,83,85,94,189,50,235,93,90,92,187,48,233,90,89,5,2,2,9,7,11,10,6,112,365,459,349,499,356,441,3,5,2,98,109,37,8,3,50,35,42,41,0,0,10,11,1,200,0,0,0,0,0,0,0,0,0,1,550,.282,0,0,23,27,87,3,0,0,0,0,0,0,0,0,0,0,0,0,0,0,0,0,0,0,0,0,0,96,87,61,89,85,193,312,.8264,322,181,250,310,310,344,0,0,0,0,0,0,0,191,269,323,323,362,0,0,0,0,0,0,0,0,400,gordoco01,gordoco01,gordon001col,,0,8,eol
20301,0,7,Houston Astros,Major League Baseball,Valdez,Framber,,59,19,11,1993,56,Dominican Republic,67615,Sabana Grande de Palenque,1,180,229,2,2,11,1187,1301,8,1,86,182,43,224,81,85,94,189,49,236,93,90,88,187,48,230,91,78,5,0,0,10,9,11,10,14,55,389,419,432,355,411,375,5,6,1,171,111,69,9,3,43,35,39,41,0,0,1,18,17,200,0,0,0,0,0,0,0,0,0,1,550,.247,0,0,8,51,112,5,0,0,0,0,0,0,0,0,0,0,0,0,0,0,0,0,0,0,0,0,0,18,113,108,92,130,80,405,.9639,406,0,407,308,359,441,214,0,0,0,0,0,0,0,407,309,360,442,215,0,0,0,0,0,0,0,406,valdefr01,valdefr01,valdez005fra,,0,9,eol
20410,0,7,Houston Astros,Major League Baseball,Blubaugh,AJ,,69,4,7,2000,206,The United States,8402,Bellville,4,188,190,1,1,12,0,0,1,0,94,188,49,235,92,89,92,187,48,232,89,89,92,187,48,233,90,89,5,2,2,12,6,11,17,6,80,351,364,353,365,355,366,1,1,1,48,109,38,13,3,51,40,44,42,0,0,15,20,12,200,0,0,0,0,0,0,0,0,0,1,550,.256,0,0,22,54,133,1,0,0,0,0,0,0,0,0,0,0,0,0,0,0,0,0,0,0,0,0,0,40,107,48,178,120,90,447,1.0019,452,212,306,404,356,437,0,0,0,0,0,0,0,214,308,407,359,441,0,0,0,0,0,0,0,0,400,blubaaj01,blubaaj01,blubau000aj-,,0,13,eol
20422,0,7,Houston Astros,Major League Baseball,Murray,Jayden,,70,11,4,1997,206,The United States,84724,Vernal,4,185,190,1,1,12,0,0,4,0,96,192,52,246,96,92,91,185,47,229,88,88,92,187,48,233,90,89,5,0,0,15,9,11,21,7,34,505,389,500,384,473,373,1,1,0,31,109,35,17,3,51,42,45,43,0,0,14,1,7,200,0,0,0,0,0,0,0,0,0,1,550,.265,0,0,9,48,85,1,0,0,0,0,0,0,0,0,0,0,0,0,0,0,0,0,0,0,0,0,0,81,94,88,120,109,12,301,.9996,317,198,0,283,0,0,0,0,0,0,0,0,0,227,0,284,0,0,0,0,0,0,0,0,0,0,400,murraja01,murraja01,murray001jay,,0,17,eol
20544,0,7,Houston Astros,Major League Baseball,Caratini,Victor,Vic,17,17,8,1993,151,Puerto Rico,14218,Coamo,5,180,225,3,1,2,1341,1476,11,2,427,253,418,311,421,428,415,319,369,366,444,382,382,319,383,375,423,336,13,2,2,36,15,24,74,10,12,1,1,1,1,235,294,15,30,10,1,38,55,10,3,57,43,52,56,133,68,14,14,17,0,200,200,0,0,0,0,0,0,0,1,550,.270,21,0,14,40,87,13,0,0,0,0,0,0,0,0,0,0,0,0,0,0,0,0,0,0,0,0,0,164,64,128,84,108,95,1,.9302,1,3,0,0,0,0,0,0,0,0,0,0,0,1,0,0,0,0,0,0,0,0,0,0,0,0,273,caratvi01,caratvi01,carati000vic,,99,10,eol
21103,0,7,Houston Astros,Major League Baseball,Short,Zack,,38,29,5,1995,206,The United States,38609,Kingston,4,178,181,1,1,6,542,619,6,1,230,394,315,419,261,210,300,387,355,438,318,277,233,386,364,467,312,161,7,1,1,110,125,117,100,165,18,123,1,126,1,421,335,15,30,10,1,30,35,18,4,100,82,129,77,0,0,10,2,5,0,0,0,160,200,200,0,0,0,0,1,550,.205,20,2,11,61,146,7,0,0,0,0,0,0,0,0,0,0,0,0,0,0,0,0,0,0,0,0,0,39,112,100,199,77,118,1,.9756,1,3,0,0,0,0,0,0,0,0,0,0,0,1,0,0,0,0,0,0,0,0,0,0,0,0,289,shortza01,shortza01,short-000zac,,0,18,eol
19891,0,7,Houston Astros,Major League Baseball,Guillorme,Luis,Luismi,15,27,9,1994,210,Venezuela,17321,Caracas,5,178,190,2,1,4,1046,1225,9,2,354,450,149,430,412,293,334,402,99,459,378,291,429,343,172,450,442,412,0,1,1,118,119,147,108,105,31,195,275,195,273,230,289,15,30,10,34,49,67,15,3,108,110,81,118,0,0,19,8,9,0,0,0,200,200,200,0,0,0,0,1,550,.214,25,3,1,68,114,0,0,0,0,0,0,0,0,0,0,0,0,0,0,0,0,0,0,0,0,0,0,104,108,75,127,109,73,230,1.0024,215,194,0,0,0,0,0,167,0,0,0,0,0,181,0,0,0,0,0,155,0,0,0,0,0,0,362,guilllu01,guilllu01,guillo000lui,,0,15,eol
21081,0,7,Houston Astros,Major League Baseball,Rodgers,Brendan,,1,9,8,1996,206,The United States,41832,Longwood,4,183,181,1,1,4,912,912,7,0,411,332,365,396,343,456,409,398,319,331,334,457,443,400,378,328,423,451,3,2,2,30,24,17,55,44,15,1,1,1,1,1,1,15,30,10,1,42,56,15,3,95,118,52,117,0,0,18,9,17,0,0,0,200,0,0,0,0,0,0,1,550,.264,29,1,10,39,135,3,0,0,0,0,0,0,0,0,0,0,0,0,0,0,0,0,0,0,0,0,0,122,95,22,183,148,72,1,.9302,1,3,0,0,0,0,0,0,0,0,0,0,0,1,0,0,0,0,0,0,0,0,0,0,0,0,275,rodgebr02,rodgebr02,rodger000bre,,0,15,eol
19137,0,7,Houston Astros,Major League Baseball,Weems,Jordan,,51,7,11,1992,206,The United States,14616,Columbus,4,193,212,2,1,12,698,969,7,2,88,184,45,224,84,86,94,188,49,236,93,90,92,187,48,233,90,89,5,0,0,19,10,11,29,6,43,413,253,422,287,363,316,5,3,0,35,109,42,10,3,51,43,46,44,0,0,4,17,1,200,0,0,0,0,0,0,0,0,0,1,550,.275,0,0,14,79,72,5,0,0,0,0,0,0,0,0,0,0,0,0,0,0,0,0,0,0,0,0,0,161,42,130,116,96,14,263,1.1419,409,127,208,0,0,0,0,271,0,0,0,0,0,210,352,0,0,0,0,433,0,0,0,0,0,0,409,weemsjo01,weemsjo01,weems-000jor,,0,10,eol
19503,0,7,Houston Astros,Major League Baseball,Paredes,Isaac,,15,18,2,1999,124,Mexico,31520,Hermosillo,5,180,212,1,1,5,810,810,9,0,410,387,439,478,464,339,361,360,409,468,427,283,371,383,441,460,436,292,11,2,2,43,11,16,56,6,3,1,1,1,1,1,1,15,30,10,1,34,56,13,3,147,120,169,88,0,0,6,3,2,0,0,102,0,200,0,0,0,0,0,1,550,.252,23,1,18,74,87,11,0,0,0,0,0,0,0,0,0,0,0,0,0,0,0,0,0,0,0,0,0,83,108,144,81,108,73,1,.9302,1,3,0,0,0,0,0,0,0,0,0,0,0,1,0,0,0,0,0,0,0,0,0,0,0,0,274,paredis01,paredis01,parede000isa,,0,13,eol
19512,0,7,Houston Astros,Major League Baseball,Smith,Cam,,11,22,2,2003,206,The United States,43291,Lake Worth,1,191,225,1,1,9,0,0,1,0,420,446,328,383,315,488,391,402,277,419,335,432,400,413,314,411,332,445,7,3,2,108,61,159,85,8,11,1,1,1,1,1,1,15,30,10,1,10,54,11,3,13,2,18,13,0,0,104,100,128,0,0,0,0,0,0,0,0,200,0,1,550,.255,27,5,7,54,137,7,0,0,0,0,0,0,0,0,0,0,0,0,0,0,0,0,0,0,0,0,0,165,124,92,78,101,101,1,.9302,1,3,0,0,0,0,0,0,0,0,0,0,0,1,0,0,0,0,0,0,0,0,0,0,0,0,275,smithca07,smithca07,smith-014cam,,0,11,eol
19518,0,7,Houston Astros,Major League Baseball,Walker,Christian,,8,28,3,1991,206,The United States,56042,Norristown,4,183,207,1,1,3,1720,1720,13,0,397,412,384,404,348,431,358,373,436,354,346,374,382,441,438,421,410,356,8,2,0,58,29,126,83,10,11,1,1,1,1,1,1,15,30,10,1,39,58,13,3,59,110,77,62,0,0,19,18,19,0,0,200,0,0,0,0,0,0,0,1,550,.253,26,0,20,43,131,8,0,0,0,0,0,0,0,0,0,0,0,0,0,0,0,0,0,0,0,0,0,134,99,86,94,164,107,1,.9302,1,3,0,0,0,0,0,0,0,0,0,0,0,1,0,0,0,0,0,0,0,0,0,0,0,0,277,walkech02,walkech02,walker002chr,,0,13,eol
19523,0,7,Houston Astros,Major League Baseball,Wesneski,Hayden,,39,5,12,1997,206,The United States,32688,Houston,4,191,209,1,1,12,374,374,6,0,94,187,49,233,91,90,92,187,48,233,89,89,92,187,48,233,90,89,5,1,1,9,8,11,10,13,39,307,438,310,445,321,411,4,1,1,49,109,47,12,3,51,40,44,42,0,0,15,9,4,200,0,0,0,0,0,0,0,0,0,1,550,.254,0,0,22,36,106,4,0,0,0,0,0,0,0,0,0,0,0,0,0,0,0,0,0,0,0,0,0,189,99,59,82,168,115,387,1.1574,396,254,183,0,383,348,313,0,0,0,0,0,0,265,189,0,397,359,321,0,0,0,0,0,0,0,443,wesneha01,wesneha01,wesnes000hay,,0,12,eol
18800,0,7,Houston Astros,Major League Baseball,Contreras,Luis,,73,29,4,1996,206,The United States,63535,Pembroke Pines,5,185,174,1,1,12,23,111,2,1,95,189,50,237,94,90,92,186,47,232,89,88,92,187,48,233,90,89,5,0,0,9,7,11,10,14,30,455,248,470,254,461,308,1,6,0,41,109,30,13,3,51,42,45,43,0,0,20,16,9,200,0,0,0,0,0,0,0,0,0,1,550,.254,0,0,15,85,119,1,0,0,0,0,0,0,0,0,0,0,0,0,0,0,0,0,0,0,0,0,0,163,52,136,125,117,49,419,1.0289,382,221,368,0,314,415,0,0,0,0,0,0,0,188,320,0,264,357,0,0,0,0,0,0,0,0,400,contrlu01,contrlu01,contre002lui,,0,13,eol
18811,0,7,Houston Astros,Major League Baseball,Scott,Tayler,,50,1,6,1992,176,South Africa,35548,Johannesburg,4,191,185,1,1,12,576,703,6,2,94,187,48,235,92,90,92,187,47,232,90,88,92,187,48,233,90,89,5,0,0,14,6,11,21,11,99,339,237,391,282,382,269,7,1,0,36,109,46,9,2,51,40,44,43,0,0,9,16,18,200,0,0,0,0,0,0,0,0,0,1,550,.269,0,0,17,82,109,7,0,0,0,0,0,0,0,0,0,0,0,0,0,0,0,0,0,0,0,0,0,17,26,122,99,79,113,398,1.1455,408,0,419,0,372,0,317,0,0,0,0,0,0,0,434,0,353,0,304,0,0,0,0,0,0,0,371,scottta02,scottta02,scott-000tay,,0,9,eol
18957,0,7,Houston Astros,Major League Baseball,Ort,Kaleb,,63,5,2,1992,206,The United States,29499,Grand Rapids,4,193,240,1,1,12,639,858,6,2,94,189,49,230,92,90,92,186,47,233,89,89,92,187,48,233,90,89,5,0,0,10,9,11,10,8,24,323,284,355,290,323,323,1,6,0,34,109,42,14,2,50,38,43,42,0,0,18,4,12,200,0,0,0,0,0,0,0,0,0,1,550,.253,0,0,21,74,128,1,0,0,0,0,0,0,0,0,0,0,0,0,0,0,0,0,0,0,0,0,0,171,50,78,92,44,74,436,1.0200,418,202,340,0,419,385,0,0,0,0,0,0,0,195,330,0,408,371,0,0,0,0,0,0,0,0,413,ortka01,ortka01,ort---000kal,,0,14,eol
19159,0,7,Houston Astros,Major League Baseball,Singleton,Jon,,35,18,9,1991,206,The United States,43349,Lakewood,1,188,256,2,2,3,520,800,6,2,375,383,409,413,333,413,358,322,396,470,343,376,275,393,416,501,265,289,0,3,2,52,6,11,55,29,17,1,1,1,1,1,1,15,30,10,1,4,59,15,3,63,59,61,61,0,0,10,9,10,0,0,200,0,0,0,0,0,0,0,1,550,.244,20,2,15,69,133,0,0,0,0,0,0,0,0,0,0,0,0,0,0,0,0,0,0,0,0,0,0,105,104,121,102,76,95,1,1.0750,1,3,0,0,0,0,0,0,0,0,0,0,0,1,0,0,0,0,0,0,0,0,0,0,0,0,275,singljo02,singljo02,single001jon,,0,15,eol
19366,0,7,Houston Astros,Major League Baseball,Dubon,Mauricio,,14,19,7,1994,86,Honduras,70535,San Pedro Sula,5,183,172,1,1,9,1020,1049,9,2,419,356,293,341,494,321,419,404,240,286,493,325,441,386,297,267,481,395,1,0,0,58,37,150,99,140,20,1,1,1,1,1,1,15,30,10,1,5,55,11,3,104,95,86,109,0,0,89,93,113,0,0,96,200,200,0,200,200,158,0,1,550,.258,31,0,6,31,54,1,0,0,0,0,0,0,0,0,0,0,0,0,0,0,0,0,0,0,0,0,0,96,83,73,170,129,184,1,.9302,1,3,0,0,0,0,0,0,0,0,0,0,0,1,0,0,0,0,0,0,0,0,0,0,0,0,274,dubonma01,dubonma01,dubon-000mau,,0,11,eol
19768,0,7,Houston Astros,Major League Baseball,Montero,Rafael,,47,17,10,1990,56,Dominican Republic,31762,Higüey,5,183,194,1,1,12,1696,1696,14,0,96,191,51,239,96,91,91,186,47,231,88,88,75,164,50,201,102,38,5,0,0,24,7,11,40,13,8,376,241,409,255,400,317,3,1,0,34,93,49,10,3,50,36,42,42,0,0,13,20,6,200,0,0,0,0,0,0,0,0,0,1,550,.266,0,0,13,86,105,3,0,0,0,0,0,0,0,0,0,0,0,0,0,0,0,0,0,0,0,0,0,127,150,71,95,81,115,383,1.1433,407,400,361,0,323,0,190,0,0,0,0,0,0,423,388,0,343,0,204,0,0,0,0,0,0,0,373,montera01,montera01,monter000raf,,0,10,eol
19811,0,7,Houston Astros,Major League Baseball,Rooney,John,,67,28,1,1997,206,The United States,49551,Melrose Park,4,196,216,1,2,12,0,0,4,0,95,188,50,237,93,91,92,186,48,231,89,88,92,187,48,233,90,89,5,2,2,9,6,11,10,8,12,218,265,224,267,255,274,6,6,5,42,109,50,15,3,51,44,46,44,0,0,12,16,13,200,0,0,0,0,0,0,0,0,0,1,550,.299,0,0,29,81,81,6,0,0,0,0,0,0,0,0,0,0,0,0,0,0,0,0,0,0,0,0,0,98,121,109,18,9,92,288,.9753,278,0,0,206,0,252,0,0,0,0,0,0,0,0,0,202,0,246,0,0,0,0,0,0,0,0,379,roonejo01,roonejo01,rooney004joh,,0,15,eol
20061,0,7,Houston Astros,Major League Baseball,McCormick,Chas,,20,19,4,1995,206,The United States,50368,Millersville,4,183,207,1,2,8,595,812,5,1,366,371,260,374,371,365,348,330,281,367,330,370,411,343,431,420,345,454,6,2,2,116,166,142,124,196,20,457,269,433,259,423,272,12,1,0,34,35,29,18,4,15,13,8,4,0,0,108,213,94,0,0,0,0,0,0,200,200,200,0,1,550,.229,21,1,6,43,133,6,0,0,0,0,0,0,0,0,0,0,0,0,0,0,0,0,0,0,0,0,0,172,81,107,98,79,109,237,.9901,250,194,167,0,0,0,0,0,0,0,0,0,0,209,164,0,0,0,0,0,0,0,0,0,0,0,395,mccorch01,mccorch01,mccorm004cha,,0,18,eol
20205,0,7,Houston Astros,Major League Baseball,Hernandez,Nick,,72,30,12,1994,206,The United States,50731,Missouri City,5,185,212,1,1,12,197,364,3,1,94,187,49,236,92,89,92,187,48,232,89,89,92,187,48,233,90,89,5,0,0,9,8,11,10,12,71,247,275,250,276,282,302,1,1,0,40,109,41,11,4,51,42,45,43,0,0,19,10,20,200,0,0,0,0,0,0,0,0,0,1,550,.279,0,0,33,78,115,1,0,0,0,0,0,0,0,0,0,0,0,0,0,0,0,0,0,0,0,0,0,189,2,173,103,130,16,410,1.0017,403,338,201,0,418,0,0,0,0,0,0,0,0,334,198,0,413,0,0,0,0,0,0,0,0,0,400,hernani01,hernani01,hernan007nic,,0,11,eol
20915,0,7,Houston Astros,Major League Baseball,Pena,Jeremy,,3,22,9,1997,56,Dominican Republic,71432,Santo Domingo,1,183,203,1,1,6,494,806,4,3,498,389,391,314,473,502,446,373,363,305,435,446,435,360,328,286,440,424,10,0,0,116,124,169,121,100,2,1,1,1,1,1,1,15,30,10,1,9,54,14,3,168,128,155,171,0,0,15,8,4,0,0,0,0,0,200,0,0,0,0,1,550,.301,30,2,12,31,83,10,0,0,0,0,0,0,0,0,0,0,0,0,0,0,0,0,0,0,0,0,0,125,13,94,106,87,76,1,.9302,1,3,0,0,0,0,0,0,0,0,0,0,0,1,0,0,0,0,0,0,0,0,0,0,0,0,272,penaje02,penaje02,pena--002jer,,0,14,eol
19436,0,7,Houston Astros,Major League Baseball,France,J.P.,,68,4,4,1995,206,The United States,55156,New Orleans,4,183,198,1,1,11,177,524,5,2,92,188,48,234,90,89,92,186,48,233,89,89,92,187,48,233,90,89,5,0,0,9,7,11,10,11,10,415,284,408,307,448,390,4,6,4,97,109,34,7,4,51,43,46,44,0,0,20,16,8,200,0,0,0,0,0,0,0,0,0,1,550,.328,0,0,18,69,88,4,0,0,0,0,0,0,0,0,0,0,0,0,0,0,0,0,0,0,0,0,0,106,117,89,127,120,110,316,.7816,293,323,323,323,323,323,323,0,0,0,0,0,0,294,294,294,294,294,294,0,0,0,0,0,0,0,104,francjp01,francjp01,france000jp-,,0,7,eol
20912,0,7,Houston Astros,Major League Baseball,Arrighetti,Spencer,Spaghetti,41,2,1,2000,206,The United States,37454,Katy,4,188,185,1,1,11,35,250,5,1,96,190,51,243,96,91,91,186,47,230,88,88,92,187,48,233,90,89,5,0,0,9,6,11,10,8,49,401,262,379,312,392,306,9,2,1,137,109,41,11,4,51,39,44,42,0,0,11,16,3,200,0,0,0,0,0,0,0,0,0,1,550,.261,0,0,17,70,121,9,0,0,0,0,0,0,0,0,0,0,0,0,0,0,0,0,0,0,0,0,0,154,143,169,120,29,117,424,.7802,434,210,434,304,401,353,0,0,0,0,0,0,0,214,440,308,406,358,0,0,0,0,0,0,0,0,375,arrigsp01,arrigsp01,arrigh000spe,,0,11,eol
// Los Angeles Angels, ID = 9
19398,0,9,Los Angeles Angels,Major League Baseball,Brogdon,Connor,,75,29,1,1995,206,The United States,46514,Madera,4,198,192,1,1,12,796,834,8,1,94,187,49,235,92,90,92,187,48,232,90,89,92,187,48,233,90,89,5,0,0,30,6,11,52,7,75,317,378,320,368,414,393,1,6,0,36,100,35,11,3,50,38,43,42,0,0,18,2,15,200,0,0,0,0,0,0,0,0,0,1,550,.274,0,0,28,51,120,1,0,0,0,0,0,0,0,0,0,0,0,0,0,0,0,0,0,0,0,0,0,73,92,80,74,85,97,420,1.1068,404,339,0,419,201,384,0,0,0,0,0,0,0,329,0,407,194,370,0,0,0,0,0,0,0,0,386,brogdco01,brogdco01,brogdo000con,,0,11,eol
19566,0,9,Los Angeles Angels,Major League Baseball,Rengifo,Luis,,2,26,2,1997,210,Venezuela,91191,Naguanagua,1,178,194,3,1,4,1032,1032,8,0,400,355,322,283,425,369,427,303,289,339,444,408,411,376,396,382,434,385,3,2,2,140,166,148,129,76,15,1,1,1,1,1,1,15,30,10,1,33,54,14,3,111,80,139,101,0,0,16,12,9,0,0,0,200,200,0,0,0,0,0,1,550,.264,19,4,8,35,86,3,0,0,0,0,0,0,0,0,0,0,0,0,0,0,0,0,0,0,0,0,0,42,104,25,129,55,101,1,.9302,1,3,0,0,0,0,0,0,0,0,0,0,0,1,0,0,0,0,0,0,0,0,0,0,0,0,271,rengilu01,rengilu01,rengif000lui,,0,14,eol
19748,0,9,Los Angeles Angels,Major League Baseball,Quijada,Jose,,65,9,11,1995,210,Venezuela,48945,Maturín,1,180,216,2,2,12,865,865,7,1,87,182,44,220,83,86,95,188,49,238,93,91,92,187,48,232,89,88,5,0,0,13,7,11,17,13,36,513,206,493,198,456,199,12,1,5,31,109,26,15,3,51,44,46,44,0,0,3,1,9,200,0,0,0,0,0,0,0,0,0,1,550,.260,0,0,12,103,128,12,0,0,0,0,0,0,0,0,0,0,0,0,0,0,0,0,0,0,0,0,0,129,120,79,13,34,106,438,1.0008,505,338,417,0,338,0,0,0,0,0,0,0,0,345,502,0,410,0,0,0,0,0,0,0,0,0,332,quijajo01,quijajo01,quijad000jos,,0,15,eol
20317,0,9,Los Angeles Angels,Major League Baseball,Mederos,Victor,,58,8,6,2001,49,Cuba,71022,Santa Clara,5,188,227,1,1,12,192,209,4,0,94,188,48,233,91,90,92,186,47,233,90,89,92,187,48,233,90,89,5,2,2,9,6,11,10,7,88,283,188,301,192,332,168,12,6,0,42,109,44,13,3,51,42,45,43,0,0,7,19,9,200,0,0,0,0,0,0,0,0,0,1,550,.280,0,0,25,106,94,12,0,0,0,0,0,0,0,0,0,0,0,0,0,0,0,0,0,0,0,0,0,82,69,168,75,81,99,339,1.0004,350,237,300,300,331,0,175,0,0,0,0,0,0,255,313,313,349,0,184,0,0,0,0,0,0,0,400,medervi01,medervi01,medero000vic,,0,13,eol
21003,0,9,Los Angeles Angels,Major League Baseball,Kingery,Scott,Jetpax,13,29,4,1994,206,The United States,58739,Phoenix,4,178,181,1,1,4,711,754,6,0,301,318,340,345,300,303,282,377,316,367,325,229,400,490,370,331,344,437,4,1,1,77,49,115,72,62,18,180,358,198,368,242,346,15,30,10,48,10,55,11,3,105,99,60,112,0,0,142,116,118,0,0,0,200,0,0,0,200,0,0,1,550,.202,19,1,9,42,142,4,0,0,0,0,0,0,0,0,0,0,0,0,0,0,0,0,0,0,0,0,0,56,110,84,79,96,102,217,1.0033,224,0,178,0,0,210,0,0,0,0,0,0,0,0,181,0,0,219,0,0,0,0,0,0,0,0,374,kingesc01,kingesc01,kinger000sco,,0,11,eol
18670,0,9,Los Angeles Angels,Major League Baseball,Edwards Jr.,Carl,The String Bean Slinger,52,3,9,1991,206,The United States,55227,Newberry,1,191,170,1,1,12,1558,1899,14,2,96,190,51,239,97,92,91,186,47,231,88,87,90,187,48,231,87,87,5,0,0,11,7,11,13,10,16,404,289,396,285,484,274,1,6,0,39,110,36,12,4,51,43,46,44,0,0,1,4,20,200,0,0,0,0,0,0,0,0,0,1,550,.277,0,0,18,74,102,1,0,0,0,0,0,0,0,0,0,0,0,0,0,0,0,0,0,0,0,0,0,98,103,51,119,90,28,368,1.0256,477,270,0,324,402,0,0,0,0,0,0,0,0,328,0,388,473,0,0,0,0,0,0,0,0,0,360,edwarca01,edwarca01,edward000car,,0,12,eol
20447,0,9,Los Angeles Angels,Major League Baseball,Bachman,Sam,,40,30,9,1999,206,The United States,25672,Fishers,4,185,234,1,1,12,58,58,5,0,92,188,48,233,90,89,93,187,48,233,90,90,92,187,48,233,90,89,5,0,0,32,6,11,56,8,108,469,306,505,317,547,279,7,6,0,31,109,65,11,3,51,41,45,43,0,0,3,19,17,200,0,0,0,0,0,0,0,0,0,1,550,.255,0,0,5,67,94,7,0,0,0,0,0,0,0,0,0,0,0,0,0,0,0,0,0,0,0,0,0,113,94,131,104,28,112,337,.9938,342,0,375,0,307,0,180,0,0,0,0,0,0,0,383,0,312,0,183,0,0,0,0,0,0,0,400,bachmsa01,bachmsa01,bachma000sam,,0,11,eol
20449,0,9,Los Angeles Angels,Major League Baseball,Kavadas,Niko,,20,27,10,1998,206,The United States,29537,Granger,4,185,236,2,1,3,12,12,5,0,227,278,356,422,218,244,242,289,376,428,237,254,255,303,394,421,252,265,6,3,2,107,28,170,116,6,17,322,279,324,282,56,23,15,30,10,47,47,50,17,3,64,46,55,56,0,0,11,18,1,0,0,200,0,0,0,0,0,0,0,1,550,.193,12,1,12,59,172,6,0,0,0,0,0,0,0,0,0,0,0,0,0,0,0,0,0,0,0,0,0,118,106,93,98,93,82,249,1.0023,25,219,0,0,183,0,0,0,0,0,0,0,0,25,0,0,18,0,0,0,0,0,0,0,0,0,382,kavadni01,kavadni01,kavada000nik,,0,17,eol
20452,0,9,Los Angeles Angels,Major League Baseball,Lugo,Matthew,,15,9,5,2001,151,Puerto Rico,47517,Manatí,5,185,190,1,1,8,0,0,3,0,327,404,430,197,320,338,323,401,425,193,315,334,312,380,409,284,332,294,6,2,2,41,7,11,74,11,8,1,1,1,1,1,1,15,30,10,1,15,54,11,3,14,6,12,12,0,0,140,100,118,0,0,0,0,0,0,69,200,99,0,1,550,.234,25,1,20,15,143,6,0,0,0,0,0,0,0,0,0,0,0,0,0,0,0,0,0,0,0,0,0,104,87,167,93,122,29,1,.9302,1,3,0,0,0,0,0,0,0,0,0,0,0,1,0,0,0,0,0,0,0,0,0,0,0,0,273,lugoma01,lugoma01,lugo--000mat,,0,11,eol
20458,0,9,Los Angeles Angels,Major League Baseball,Campero,Gustavo,,51,20,9,1997,44,Colombia,41919,Lorica,5,168,183,3,1,9,34,295,5,2,279,303,414,344,407,91,271,301,406,334,397,88,311,306,398,321,397,194,16,3,2,180,202,191,165,8,9,1,1,1,1,1,1,15,30,10,1,1,58,11,3,7,5,17,8,0,0,104,100,128,0,0,0,0,0,0,0,0,200,0,1,550,.180,10,2,16,37,109,16,0,0,0,0,0,0,0,0,0,0,0,0,0,0,0,0,0,0,0,0,0,123,86,91,119,90,71,1,.9302,1,3,0,0,0,0,0,0,0,0,0,0,0,1,0,0,0,0,0,0,0,0,0,0,0,0,273,campegu01,campegu01,camper000gus,,0,11,eol
20462,0,9,Los Angeles Angels,Major League Baseball,Aldegheri,Sam,,61,19,9,2001,95,Italy,85135,Verona,4,185,181,2,2,11,15,257,4,1,87,182,45,226,83,85,94,188,50,235,92,90,92,187,48,233,90,89,5,0,0,29,7,11,50,6,80,440,300,432,293,415,247,12,6,0,97,109,30,13,3,51,42,45,43,0,0,10,20,11,200,0,0,0,0,0,0,0,0,0,1,550,.275,0,0,18,71,88,12,0,0,0,0,0,0,0,0,0,0,0,0,0,0,0,0,0,0,0,0,0,40,164,63,176,73,125,315,.9588,284,247,247,307,247,0,0,0,0,0,0,0,0,200,243,287,200,0,0,0,0,0,0,0,0,0,400,aldegsa01,aldegsa01,aldegh000sam,,0,13,eol
20467,0,9,Los Angeles Angels,Major League Baseball,Kochanowicz,Jack,,41,22,12,2000,206,The United States,41624,Lower Merion,4,201,227,2,1,11,115,388,3,2,86,182,44,227,82,85,95,189,50,235,93,91,92,187,48,233,90,89,5,0,0,9,6,11,10,12,107,258,357,310,342,301,373,11,4,1,140,109,61,10,3,50,35,42,41,0,0,10,10,1,200,0,0,0,0,0,0,0,0,0,1,550,.296,0,0,18,57,65,11,0,0,0,0,0,0,0,0,0,0,0,0,0,0,0,0,0,0,0,0,0,110,127,66,19,69,56,241,.9898,236,207,207,0,254,0,207,0,0,0,0,0,0,215,181,0,249,0,181,0,0,0,0,0,0,0,368,kochaja01,kochaja01,kochan000jac,,0,10,eol
20575,0,9,Los Angeles Angels,Major League Baseball,Farris,Mitch,,70,14,2,2001,206,The United States,62317,Palm Harbor,4,188,194,2,2,11,0,0,1,0,85,182,43,226,80,85,95,189,50,236,93,91,92,187,48,233,90,89,5,1,2,31,8,11,54,14,23,447,336,450,335,427,299,6,6,0,131,109,28,19,3,51,40,44,43,0,0,12,11,10,200,0,0,0,0,0,0,0,0,0,1,550,.269,0,0,17,60,98,6,0,0,0,0,0,0,0,0,0,0,0,0,0,0,0,0,0,0,0,0,0,15,91,91,83,97,163,355,.9879,323,272,0,272,366,0,0,0,0,0,0,0,0,254,0,254,312,0,0,0,0,0,0,0,0,0,400,farrimi01,farrimi01,farris000mit,,0,19,eol
20791,0,9,Los Angeles Angels,Major League Baseball,Kieboom,Carter,,17,3,9,1997,206,The United States,48242,Marietta,4,185,220,1,1,3,520,854,5,2,226,200,335,316,328,112,207,211,285,261,274,156,317,204,343,424,350,281,4,0,0,26,10,11,42,50,14,1,1,1,1,1,1,15,30,10,1,1,55,12,3,66,56,60,59,0,0,7,13,6,0,0,200,0,0,0,0,0,0,0,1,550,.175,9,0,8,27,151,4,0,0,0,0,0,0,0,0,0,0,0,0,0,0,0,0,0,0,0,0,0,18,177,115,181,105,145,1,.9302,1,3,0,0,0,0,0,0,0,0,0,0,0,1,0,0,0,0,0,0,0,0,0,0,0,0,275,kieboca01,kieboca01,kieboo000car,,0,12,eol
20686,0,9,Los Angeles Angels,Major League Baseball,Strickland,Hunter,Strick,60,24,9,1988,206,The United States,79706,Thomaston,4,191,225,1,1,12,1596,1596,13,1,94,188,49,238,92,91,92,187,48,231,90,89,89,187,48,231,89,83,5,1,1,28,6,11,49,7,115,439,362,448,385,464,354,3,4,1,35,95,36,12,3,51,41,45,43,0,0,4,9,2,200,0,0,0,0,0,0,0,0,0,1,550,.247,0,0,14,51,86,3,0,0,0,0,0,0,0,0,0,0,0,0,0,0,0,0,0,0,0,0,0,63,111,71,86,76,123,308,1.1107,391,217,139,0,0,0,0,286,0,0,0,0,0,316,186,0,0,0,0,389,0,0,0,0,0,0,459,strichu01,strichu01,strick001hun,,0,12,eol
20978,0,9,Los Angeles Angels,Major League Baseball,Stephenson,Robert,Bob,24,24,2,1993,206,The United States,48573,Martinez,5,191,203,1,1,12,1234,1283,9,1,96,190,50,243,96,91,92,186,47,230,88,89,74,172,50,225,88,49,5,0,0,9,6,11,10,8,107,407,356,471,415,451,330,12,6,5,30,105,35,13,3,51,42,45,44,0,0,1,16,18,200,0,0,0,0,0,0,0,0,0,1,550,.260,0,0,14,45,103,12,0,0,0,0,0,0,0,0,0,0,0,0,0,0,0,0,0,0,0,0,0,78,107,92,126,109,87,375,1.2284,460,176,301,0,365,333,0,0,0,0,0,0,0,212,356,0,437,404,0,0,0,0,0,0,0,0,406,stephro01,stephro01,stephe006rob,,0,13,eol
20250,0,9,Los Angeles Angels,Major League Baseball,Soler,Jorge,,12,25,2,1992,49,Cuba,31031,Havana,5,193,236,1,1,9,1818,2022,12,1,381,509,411,479,342,414,336,445,420,433,323,352,358,434,475,445,358,363,6,3,2,24,10,31,55,7,19,1,1,1,1,1,1,15,30,10,1,24,55,15,3,18,10,6,6,0,0,91,121,113,0,0,0,0,0,0,0,0,200,0,1,550,.242,32,0,18,65,138,6,0,0,0,0,0,0,0,0,0,0,0,0,0,0,0,0,0,0,0,0,0,80,92,82,2,97,58,1,.9302,1,3,0,0,0,0,0,0,0,0,0,0,0,1,0,0,0,0,0,0,0,0,0,0,0,0,277,solerjo01,solerjo01,soler-000jor,,0,15,eol
20701,0,9,Los Angeles Angels,Major League Baseball,Guzman,Denzer,,13,8,2,2004,56,Dominican Republic,70516,San Pedro de Macorís,1,185,190,1,1,10,0,0,2,0,304,332,407,306,242,345,302,329,405,303,238,344,180,294,376,274,185,187,3,2,2,29,7,11,49,59,14,1,1,1,1,1,1,15,30,10,1,6,56,14,4,13,4,9,20,0,0,17,13,5,0,0,0,0,0,0,0,0,0,0,1,550,.216,18,0,16,30,170,3,0,0,0,0,0,0,0,0,0,0,0,0,0,0,0,0,0,0,0,0,0,94,17,130,174,93,107,1,.9756,1,3,0,0,0,0,0,0,0,0,0,0,0,1,0,0,0,0,0,0,0,0,0,0,0,0,275,guzmade01,guzmade01,guzman000den,,0,14,eol
19511,0,9,Los Angeles Angels,Major League Baseball,d'Arnaud,Travis,Lil d,25,10,2,1989,206,The United States,41750,Long Beach,4,188,209,1,1,2,1975,1975,13,0,329,493,422,307,356,306,327,478,399,349,304,352,384,429,424,339,419,346,8,1,1,26,9,31,74,9,15,1,1,1,1,1,1,15,30,10,1,48,58,12,3,16,19,20,14,128,75,19,16,1,0,200,0,0,0,0,0,0,0,0,1,550,.229,33,0,16,37,143,8,0,0,0,0,0,0,0,0,0,0,0,0,0,0,0,0,0,0,0,0,0,92,111,93,95,116,74,1,.9302,1,3,0,0,0,0,0,0,0,0,0,0,0,1,0,0,0,0,0,0,0,0,0,0,0,0,279,darnatr01,darnatr01,darnau001tra,,102,12,eol
19526,0,9,Los Angeles Angels,Major League Baseball,Detmers,Reid,,48,8,7,1999,206,The United States,55908,Nokomis,4,188,209,2,2,12,669,722,5,0,89,185,45,229,86,87,94,188,48,234,91,90,92,187,48,256,89,88,5,2,2,9,8,11,10,7,88,407,341,381,369,400,358,4,5,0,38,92,45,10,3,50,35,42,41,0,0,4,1,2,200,0,0,0,0,0,0,0,0,0,1,550,.272,0,0,15,54,142,4,0,0,0,0,0,0,0,0,0,0,0,0,0,0,0,0,0,0,0,0,0,125,90,79,166,28,114,465,1.0514,435,225,319,375,421,0,459,0,0,0,0,0,0,215,309,360,407,0,442,0,0,0,0,0,0,0,216,detmere01,detmere01,detmer000rei,,0,10,eol
20098,0,9,Los Angeles Angels,Major League Baseball,Stevens,Chad,,21,3,2,1999,206,The United States,25056,Fox Island,4,191,216,1,1,4,0,0,2,0,164,198,299,268,204,114,160,196,287,257,195,112,170,233,308,286,217,123,4,2,2,31,28,11,43,135,1,1,1,1,1,1,1,15,30,10,1,33,56,14,3,108,108,81,117,0,0,13,7,3,0,0,0,200,200,0,0,0,0,0,1,550,.148,7,0,7,24,184,4,0,0,0,0,0,0,0,0,0,0,0,0,0,0,0,0,0,0,0,0,0,87,84,82,124,194,170,1,.9302,1,3,0,0,0,0,0,0,0,0,0,0,0,1,0,0,0,0,0,0,0,0,0,0,0,0,277,stevech02,stevech02,steven007cha,,0,14,eol
18681,0,9,Los Angeles Angels,Major League Baseball,Rivero,Sebastian,,38,16,11,1998,210,Venezuela,47991,Maracay,5,183,209,1,1,2,185,510,3,3,318,403,320,326,370,253,309,396,308,322,356,247,303,360,271,342,330,269,3,3,2,34,17,31,44,104,1,1,1,1,1,1,1,15,30,10,1,18,59,10,4,6,17,20,3,74,99,6,15,5,0,200,0,0,0,0,0,0,0,0,1,550,.208,24,1,8,34,126,3,0,0,0,0,0,0,0,0,0,0,0,0,0,0,0,0,0,0,0,0,0,74,73,191,97,113,73,1,.9756,1,3,0,0,0,0,0,0,0,0,0,0,0,1,0,0,0,0,0,0,0,0,0,0,0,0,278,riverse01,riverse01,rivero000seb,,104,10,eol
18814,0,9,Los Angeles Angels,Major League Baseball,Anderson,Ian,,35,2,5,1998,206,The United States,90730,Clifton Park,4,191,170,1,1,12,362,362,5,0,94,190,50,237,93,90,92,186,48,231,89,88,95,306,50,227,79,107,5,2,2,9,7,11,10,14,19,345,305,345,305,430,330,1,6,0,42,113,47,11,4,51,42,45,44,0,0,14,9,10,200,0,0,0,0,0,0,0,0,0,1,550,.288,0,0,19,68,86,1,0,0,0,0,0,0,0,0,0,0,0,0,0,0,0,0,0,0,0,0,0,47,137,169,160,140,101,305,.9982,393,150,262,300,225,0,0,0,0,0,0,0,0,193,367,405,327,0,0,0,0,0,0,0,0,0,354,anderia01,anderia01,anders000ian,,0,11,eol
19387,0,9,Los Angeles Angels,Major League Baseball,Fulmer,Carson,,49,13,12,1993,206,The United States,43308,Lakeland,4,183,209,1,1,12,1237,1547,11,2,96,192,51,237,95,92,91,186,47,232,88,88,89,187,48,231,95,76,5,0,0,10,10,11,10,13,20,366,339,395,351,390,297,5,6,2,47,117,45,11,4,51,40,44,43,0,0,19,12,16,200,0,0,0,0,0,0,0,0,0,1,550,.260,0,0,16,58,104,5,0,0,0,0,0,0,0,0,0,0,0,0,0,0,0,0,0,0,0,0,0,75,89,141,96,130,99,377,1.0025,375,325,325,364,191,0,270,0,0,0,0,0,0,322,322,361,190,0,267,0,0,0,0,0,0,0,410,fulmeca01,fulmeca01,fulmer001car,,0,11,eol
19762,0,9,Los Angeles Angels,Major League Baseball,Moncada,Yoan,Yoyo,5,27,5,1995,49,Cuba,13749,Cienfuegos,5,188,205,3,1,5,1477,1713,12,1,371,454,370,442,309,424,362,516,424,460,351,377,462,420,402,406,350,524,11,2,2,79,6,31,76,7,13,1,1,1,1,1,1,15,30,10,1,14,54,13,4,120,92,146,73,0,0,7,5,15,0,0,0,0,200,0,0,0,0,0,1,550,.249,31,7,17,69,133,11,0,0,0,0,0,0,0,0,0,0,0,0,0,0,0,0,0,0,0,0,0,88,121,110,101,55,122,1,.9756,1,3,0,0,0,0,0,0,0,0,0,0,0,1,0,0,0,0,0,0,0,0,0,0,0,0,274,moncayo01,moncayo01,moncad000joh,,0,13,eol
20057,0,9,Los Angeles Angels,Major League Baseball,Darrell-Hicks,Michael,,41,13,11,1997,206,The United States,11168,Bowling Green,4,196,220,1,1,12,0,0,2,0,95,189,51,238,94,92,92,186,47,232,89,88,92,187,48,233,90,89,5,2,1,10,9,11,10,9,33,424,337,462,349,398,297,12,6,1,43,109,35,14,3,51,42,45,44,0,0,10,13,2,200,0,0,0,0,0,0,0,0,0,1,550,.269,0,0,14,59,91,12,0,0,0,0,0,0,0,0,0,0,0,0,0,0,0,0,0,0,0,0,0,11,200,86,191,88,90,327,.9852,280,0,175,0,0,0,332,0,0,0,0,0,0,0,152,0,0,0,268,0,0,0,0,0,0,0,400,darremi01,darremi01,darrel000mic,,0,14,eol
20331,0,9,Los Angeles Angels,Major League Baseball,Johnson,Ryan,,32,5,8,2002,206,The United States,65336,Red Oak,4,198,212,3,1,12,0,0,1,0,93,189,49,236,91,89,92,187,48,231,90,89,92,187,48,233,90,89,5,0,0,9,8,11,10,14,93,252,457,241,453,294,377,1,1,0,35,109,52,17,3,51,42,45,43,0,0,1,19,13,200,0,0,0,0,0,0,0,0,0,1,550,.276,0,0,26,33,105,1,0,0,0,0,0,0,0,0,0,0,0,0,0,0,0,0,0,0,0,0,0,71,134,99,151,121,93,381,1.0017,359,0,0,318,0,318,0,0,0,0,0,0,0,0,0,294,0,294,0,0,0,0,0,0,0,0,400,johnsry01,johnsry01,johnso024rya,,0,17,eol
18578,0,9,Los Angeles Angels,Major League Baseball,Newman,Kevin,Newms,10,4,8,1993,206,The United States,60713,Poway,4,185,194,1,1,4,1100,1153,11,0,429,320,237,234,448,408,408,325,255,197,448,357,475,344,282,297,480,451,0,2,0,98,88,162,120,195,16,302,359,295,354,326,322,15,30,10,49,20,35,17,3,117,132,124,124,0,0,3,19,9,0,0,0,200,168,200,0,0,0,0,1,550,.256,22,1,6,17,81,0,0,0,0,0,0,0,0,0,0,0,0,0,0,0,0,0,0,0,0,0,0,80,112,102,79,106,103,201,.9952,230,161,0,161,0,0,0,0,0,0,0,0,0,192,0,176,0,0,0,0,0,0,0,0,0,0,390,newmake01,newmake01,newman000kev,,0,17,eol
19345,0,9,Los Angeles Angels,Major League Baseball,Burke,Brock,,46,4,8,1996,206,The United States,24335,Evergreen,4,193,209,2,2,12,688,688,5,1,90,184,46,235,86,88,94,188,49,232,92,90,92,187,48,233,90,89,5,0,0,34,10,11,58,15,102,360,423,360,431,333,434,7,1,2,30,120,57,12,4,50,36,42,41,0,0,20,13,4,200,0,0,0,0,0,0,0,0,0,1,550,.268,0,0,14,39,105,7,0,0,0,0,0,0,0,0,0,0,0,0,0,0,0,0,0,0,0,0,0,162,27,125,104,101,106,381,1.1290,391,176,240,0,302,334,334,0,0,0,0,0,0,184,256,0,314,350,350,0,0,0,0,0,0,0,370,burkebr01,burkebr01,burke-001bro,,0,12,eol
19477,0,9,Los Angeles Angels,Major League Baseball,Ward,Taylor,,3,14,12,1993,206,The United States,22234,Dayton,4,185,201,1,1,7,1204,1538,9,3,355,513,426,461,347,367,328,450,450,444,350,311,399,389,433,446,387,410,3,2,2,92,46,137,105,8,12,1,1,1,1,1,1,15,30,10,1,44,57,14,4,2,20,1,8,0,0,94,135,102,0,0,0,0,0,0,200,0,0,0,1,550,.243,29,2,23,67,130,3,0,0,0,0,0,0,0,0,0,0,0,0,0,0,0,0,0,0,0,0,0,127,126,104,76,73,116,1,.9756,1,3,0,0,0,0,0,0,0,0,0,0,0,1,0,0,0,0,0,0,0,0,0,0,0,0,276,wardta01,wardta01,ward--007jos,,0,14,eol
18490,0,9,Los Angeles Angels,Major League Baseball,Anderson,Tim,TA7,77,23,6,1993,206,The United States,81743,Tuscaloosa,1,185,185,1,1,6,1413,1640,12,1,396,221,154,245,326,444,370,187,139,205,328,410,499,340,376,215,426,534,6,2,2,82,139,128,130,112,5,1,1,1,1,1,1,15,30,10,1,18,55,13,4,138,86,116,126,0,0,11,16,3,0,0,0,140,0,200,0,0,0,0,1,550,.235,13,0,1,18,138,6,0,0,0,0,0,0,0,0,0,0,0,0,0,0,0,0,0,0,0,0,0,85,125,113,119,59,127,1,.9756,1,3,0,0,0,0,0,0,0,0,0,0,0,1,0,0,0,0,0,0,0,0,0,0,0,0,275,anderti01,anderti01,anders003tim,,0,13,eol
20062,0,9,Los Angeles Angels,Major League Baseball,Peralta,Sammy,,57,10,5,1998,206,The United States,55211,New York,1,188,216,2,2,12,185,477,5,2,89,184,45,227,85,86,93,188,49,235,91,89,92,187,48,233,90,89,5,0,0,23,8,11,38,7,99,539,399,515,385,466,301,1,1,3,47,109,47,12,3,51,42,45,43,0,0,9,10,6,200,0,0,0,0,0,0,0,0,0,1,550,.265,0,0,5,48,78,1,0,0,0,0,0,0,0,0,0,0,0,0,0,0,0,0,0,0,0,0,0,107,72,75,71,129,87,279,.9696,306,200,200,0,200,0,244,0,0,0,0,0,0,214,214,0,214,0,264,0,0,0,0,0,0,0,400,peralsa01,peralsa01,peralt000sam,,0,12,eol
20683,0,9,Los Angeles Angels,Major League Baseball,Jansen,Kenley,Kenleyfornia,74,30,9,1987,231,Curaçao,87084,Willemstad,1,196,265,3,1,13,2563,2736,19,2,89,185,46,225,85,87,94,188,49,236,92,90,110,242,48,249,96,123,5,0,0,33,7,11,57,13,89,446,366,477,406,482,393,3,2,5,34,83,32,18,4,50,36,42,42,0,0,17,6,2,200,0,0,0,0,0,0,0,0,0,1,550,.224,0,0,14,46,123,3,0,0,0,0,0,0,0,0,0,0,0,0,0,0,0,0,0,0,0,0,0,103,103,35,122,127,119,427,1.0423,517,0,399,0,0,267,322,0,0,0,0,0,0,0,494,0,0,340,405,0,0,0,0,0,0,0,471,janseke01,janseke01,jansen001ken,,0,18,eol
18675,0,9,Los Angeles Angels,Major League Baseball,Anderson,Tyler,Mr. Duck,31,30,12,1989,206,The United States,43942,Las Vegas,4,188,220,2,2,11,1506,1506,11,0,88,184,45,221,84,86,94,188,50,237,93,90,162,172,303,330,138,188,5,0,0,22,6,11,37,54,4,338,314,392,367,417,398,4,4,2,150,114,39,7,3,67,32,46,41,0,0,3,3,9,200,0,0,0,0,0,0,0,0,0,1,550,.261,0,0,19,56,86,4,0,0,0,0,0,0,0,0,0,0,0,0,0,0,0,0,0,0,0,0,0,48,104,108,182,108,128,307,1.2178,337,311,311,311,311,311,311,0,0,0,0,0,0,348,348,348,348,348,348,0,0,0,0,0,0,0,441,anderty01,anderty01,anders001tyl,,0,7,eol
18847,0,9,Los Angeles Angels,Major League Baseball,McDaniels,Garrett,,57,15,12,1999,206,The United States,52510,Mullins,4,188,181,2,2,12,0,0,1,0,89,183,45,228,85,87,94,189,49,235,92,90,92,187,48,233,90,89,5,2,2,11,6,11,14,12,3,397,259,398,259,405,286,12,6,0,36,109,35,14,3,51,42,45,43,0,0,13,3,15,200,0,0,0,0,0,0,0,0,0,1,550,.307,0,0,19,83,78,12,0,0,0,0,0,0,0,0,0,0,0,0,0,0,0,0,0,0,0,0,0,107,17,93,170,78,101,279,1.0135,298,237,0,0,237,0,0,0,0,0,0,0,0,248,0,0,248,0,0,0,0,0,0,0,0,0,300,mcdanga01,mcdanga01,mcdani000gar,,0,14,eol
18573,0,9,Los Angeles Angels,Major League Baseball,Lopez,Nicky,,8,13,3,1995,206,The United States,10476,Bolingbrook,5,180,185,2,1,5,883,1159,10,3,366,262,128,369,446,256,392,304,85,427,461,301,453,327,112,378,475,420,4,1,0,136,111,106,128,167,2,1,1,1,1,169,273,15,30,10,20,4,56,13,3,110,117,85,122,0,0,14,1,15,0,0,0,200,200,200,0,0,0,0,1,550,.232,14,5,1,55,75,4,0,0,0,0,0,0,0,0,0,0,0,0,0,0,0,0,0,0,0,0,0,122,181,178,94,85,131,1,.7407,226,0,1,0,0,0,1,0,0,0,0,0,0,0,195,0,0,0,195,0,0,0,0,0,0,0,274,lopezni01,lopezni01,lopez-000nic,,0,13,eol
19579,0,9,Los Angeles Angels,Major League Baseball,Neto,Zach,,9,31,1,2001,206,The United States,50031,Miami,4,183,185,1,1,6,326,553,4,1,425,507,454,312,377,457,379,442,419,316,355,405,388,456,420,328,374,404,12,1,1,118,198,171,146,116,15,1,1,1,1,1,1,15,30,10,1,19,55,12,3,186,134,168,186,0,0,3,10,17,0,0,0,0,0,200,0,0,0,0,1,550,.266,34,1,20,33,125,12,0,0,0,0,0,0,0,0,0,0,0,0,0,0,0,0,0,0,0,0,0,3,143,109,196,106,121,1,.9302,1,3,0,0,0,0,0,0,0,0,0,0,0,1,0,0,0,0,0,0,0,0,0,0,0,0,274,netoza01,netoza01,neto--000zac,,0,12,eol
19581,0,9,Los Angeles Angels,Major League Baseball,O'Hoppe,Logan,,14,9,2,2000,206,The United States,9691,Birmingham,4,188,185,1,1,2,487,487,6,0,347,319,427,359,344,355,338,253,413,306,303,376,370,305,420,335,319,415,4,3,2,86,41,120,73,74,11,1,1,1,1,1,1,15,30,10,1,46,55,11,3,6,3,16,18,115,114,12,6,7,0,200,0,0,0,0,0,0,0,0,1,550,.238,14,1,18,33,144,4,0,0,0,0,0,0,0,0,0,0,0,0,0,0,0,0,0,0,0,0,0,119,113,117,89,34,107,1,.9302,1,3,0,0,0,0,0,0,0,0,0,0,0,1,0,0,0,0,0,0,0,0,0,0,0,0,276,ohopplo01,ohopplo01,ohoppe000log,,106,11,eol
19601,0,9,Los Angeles Angels,Major League Baseball,Schanuel,Nolan,,18,14,2,2002,206,The United States,11195,Boynton Beach,4,193,220,2,1,3,330,330,4,0,398,344,346,457,448,332,434,322,326,442,467,398,425,309,334,459,456,392,8,3,2,68,44,156,85,121,16,1,1,1,1,1,1,15,30,10,1,33,56,13,3,54,43,67,106,0,0,7,4,16,0,0,200,0,0,0,0,0,0,0,1,550,.268,24,1,10,66,72,8,0,0,0,0,0,0,0,0,0,0,0,0,0,0,0,0,0,0,0,0,0,104,130,117,84,84,110,1,.9302,1,3,0,0,0,0,0,0,0,0,0,0,0,1,0,0,0,0,0,0,0,0,0,0,0,0,277,schanno01,schanno01,schanu000nol,,0,13,eol
19604,0,9,Los Angeles Angels,Major League Baseball,Soriano,José,,59,20,10,1998,56,Dominican Republic,71432,Santo Domingo,1,191,220,1,1,11,327,327,4,0,96,191,51,239,96,91,91,186,47,231,88,88,92,187,48,233,90,89,5,0,0,9,6,11,10,10,27,435,323,431,310,412,315,6,6,0,147,136,72,13,3,50,35,42,41,0,0,10,17,10,200,0,0,0,0,0,0,0,0,0,1,550,.255,0,0,7,66,102,6,0,0,0,0,0,0,0,0,0,0,0,0,0,0,0,0,0,0,0,0,0,71,134,84,97,105,58,371,1.3624,398,302,302,240,0,0,176,334,0,0,0,0,0,338,338,288,0,0,200,382,0,0,0,0,0,0,396,soriajo02,soriajo02,sorian003jos,,0,13,eol
19620,0,9,Los Angeles Angels,Major League Baseball,Teodosio,Bryce,,22,18,6,1999,206,The United States,74154,Simpsonville,4,191,220,1,2,8,60,113,2,0,346,509,184,226,298,398,346,508,184,225,296,397,322,455,268,283,316,331,12,2,2,166,186,197,121,116,86,1,1,1,1,1,1,15,30,10,1,8,57,12,3,4,19,15,4,0,0,140,100,118,0,0,0,0,0,0,0,200,0,0,1,550,.221,28,11,3,20,150,12,0,0,0,0,0,0,0,0,0,0,0,0,0,0,0,0,0,0,0,0,0,93,112,105,39,52,50,1,1.0750,1,3,0,0,0,0,0,0,0,0,0,0,0,1,0,0,0,0,0,0,0,0,0,0,0,0,274,teodobr01,teodobr01,teodos000bry,,0,12,eol
19623,0,9,Los Angeles Angels,Major League Baseball,Trout,Mike,Kiiiid,27,7,8,1991,206,The United States,50389,Millville,4,188,236,1,1,8,2392,2392,17,0,347,340,430,520,265,412,343,333,461,504,246,413,428,425,501,531,397,450,5,0,0,100,26,160,80,8,7,1,1,1,1,1,1,15,30,10,1,35,54,13,3,20,4,6,2,0,0,123,119,93,0,0,0,0,0,0,0,200,144,0,1,550,.247,17,3,25,92,166,5,0,0,0,0,0,0,0,0,0,0,0,0,0,0,0,0,0,0,0,0,0,130,96,94,123,46,85,1,.9302,1,3,0,0,0,0,0,0,0,0,0,0,0,1,0,0,0,0,0,0,0,0,0,0,0,0,274,troutmi01,troutmi01,trout-001mik,,0,13,eol
19923,0,9,Los Angeles Angels,Major League Baseball,Silseth,Chase,,63,18,5,2000,206,The United States,26449,Farmington,4,183,216,1,1,12,369,370,5,0,94,187,48,234,91,90,92,186,47,233,89,89,92,187,48,233,90,89,5,2,2,30,8,11,51,6,69,350,305,371,318,322,309,9,6,0,33,109,44,11,3,51,42,45,43,0,0,14,11,15,200,0,0,0,0,0,0,0,0,0,1,550,.247,0,0,18,67,141,9,0,0,0,0,0,0,0,0,0,0,0,0,0,0,0,0,0,0,0,0,0,109,74,87,78,101,95,463,1.0263,418,219,313,448,0,0,413,366,0,0,0,0,0,199,286,416,0,0,380,337,0,0,0,0,0,0,400,silsech01,silsech01,silset000cha,,0,11,eol
18661,0,9,Los Angeles Angels,Major League Baseball,Anderson,Shaun,,64,29,10,1994,206,The United States,15008,Coral Springs,4,198,227,1,1,12,706,1042,7,2,94,188,49,236,93,90,92,186,47,231,89,88,102,294,49,213,83,118,5,0,0,10,9,11,10,9,63,258,518,273,522,433,376,3,6,1,47,119,39,8,3,51,42,45,43,0,0,1,9,5,200,0,0,0,0,0,0,0,0,0,1,550,.322,0,0,32,20,73,3,0,0,0,0,0,0,0,0,0,0,0,0,0,0,0,0,0,0,0,0,0,98,115,100,125,126,115,267,1.0074,290,218,165,0,312,0,0,0,0,0,0,0,0,235,174,0,328,0,0,0,0,0,0,0,0,0,312,andersh01,andersh01,anders000sha,,0,8,eol
19248,0,9,Los Angeles Angels,Major League Baseball,Davis,J.D.,,22,27,4,1993,206,The United States,23398,Elk Grove,4,191,218,1,1,3,1210,1331,12,1,302,275,365,380,353,233,326,333,347,354,362,290,438,355,416,406,389,472,7,2,2,29,8,11,50,10,6,1,1,1,1,243,287,15,30,10,1,46,55,12,3,58,56,81,59,0,0,18,15,7,0,0,200,0,200,0,0,0,0,0,1,550,.218,18,0,11,42,125,7,0,0,0,0,0,0,0,0,0,0,0,0,0,0,0,0,0,0,0,0,0,115,154,117,72,57,97,1,.9302,1,3,0,0,0,0,0,0,0,0,0,0,0,1,0,0,0,0,0,0,0,0,0,0,0,0,277,davisjd01,davisjd01,davis-003jon,,0,12,eol
19551,0,9,Los Angeles Angels,Major League Baseball,Joyce,Ben,,44,17,9,2000,206,The United States,39092,Knoxville,4,196,225,1,1,12,185,185,6,0,95,190,51,240,94,92,92,186,47,231,89,89,92,187,48,233,90,89,5,0,0,26,10,11,43,14,47,442,359,447,361,461,290,12,6,0,33,109,63,13,3,51,43,46,44,0,0,11,19,9,200,0,0,0,0,0,0,0,0,0,1,550,.259,0,0,8,54,94,12,0,0,0,0,0,0,0,0,0,0,0,0,0,0,0,0,0,0,0,0,0,121,68,127,79,75,94,336,1.0068,384,166,0,0,340,273,219,0,0,0,0,0,0,189,0,0,397,321,265,0,0,0,0,0,0,0,400,joycebe01,joycebe01,joyce-000ben,,0,13,eol
20126,0,9,Los Angeles Angels,Major League Baseball,Toussaint,Touki,,55,20,6,1996,206,The United States,63535,Pembroke Pines,1,191,216,1,1,12,1035,1037,9,0,92,187,48,232,90,89,92,187,48,233,90,89,74,174,50,246,91,46,5,2,2,12,8,11,15,8,45,389,221,407,234,340,241,5,5,0,49,109,60,13,3,51,44,46,44,0,0,12,8,9,200,0,0,0,0,0,0,0,0,0,1,550,.327,0,0,11,94,117,5,0,0,0,0,0,0,0,0,0,0,0,0,0,0,0,0,0,0,0,0,0,68,120,134,199,124,70,415,1.2140,420,358,395,264,0,0,188,320,0,0,0,0,0,365,403,271,0,0,192,325,0,0,0,0,0,0,1,toussto01,toussto01,toussa000tou,,0,13,eol
20679,0,9,Los Angeles Angels,Major League Baseball,Eder,Jake,,39,9,10,1998,206,The United States,56719,Ocean Ridge,4,193,216,2,2,12,20,242,2,2,86,181,43,225,82,85,94,188,49,235,92,90,92,187,48,233,90,89,5,2,2,9,8,11,10,14,45,388,312,393,312,401,317,11,6,0,47,109,38,8,3,51,41,45,43,0,0,4,13,12,200,0,0,0,0,0,0,0,0,0,1,550,.271,0,0,18,67,95,11,0,0,0,0,0,0,0,0,0,0,0,0,0,0,0,0,0,0,0,0,0,103,77,125,90,126,79,343,.9819,339,188,0,395,319,263,0,0,0,0,0,0,0,186,0,389,316,259,0,0,0,0,0,0,0,0,400,ederja01,ederja01,eder--000jak,,0,8,eol
20709,0,9,Los Angeles Angels,Major League Baseball,Moore,Christian,,4,21,10,2002,206,The United States,55211,New York,1,183,209,1,1,4,0,0,2,0,293,404,427,447,258,317,280,400,415,440,242,312,286,384,408,420,286,290,3,2,2,121,66,173,91,114,118,1,1,1,1,1,1,15,30,10,1,12,59,12,4,103,95,59,109,0,0,1,4,8,0,0,0,200,0,0,0,0,0,0,1,550,.215,18,5,18,64,168,3,0,0,0,0,0,0,0,0,0,0,0,0,0,0,0,0,0,0,0,0,0,11,154,96,159,34,109,1,.9756,1,3,0,0,0,0,0,0,0,0,0,0,0,1,0,0,0,0,0,0,0,0,0,0,0,0,278,moorech03,moorech03,moore-008chr,,0,12,eol
18973,0,9,Los Angeles Angels,Major League Baseball,Hendricks,Kyle,Hendo,28,7,12,1989,206,The United States,55285,Newport Beach,4,191,190,1,1,11,1875,1924,13,0,95,188,50,237,93,92,92,186,47,231,89,88,127,241,57,218,131,123,5,0,0,9,8,11,10,11,113,376,406,368,460,412,461,4,1,1,139,97,47,9,3,67,90,66,41,0,0,5,16,14,200,0,0,0,0,0,0,0,0,0,1,550,.277,0,0,16,38,75,4,0,0,0,0,0,0,0,0,0,0,0,0,0,0,0,0,0,0,0,0,0,34,142,76,186,78,110,272,.9651,327,252,0,298,205,0,205,0,0,0,0,0,0,316,0,353,259,0,259,0,0,0,0,0,0,0,407,hendrky01,hendrky01,hendri001kyl,,0,9,eol
19560,0,9,Los Angeles Angels,Major League Baseball,Kikuchi,Yusei,,16,17,6,1991,98,Japan,51857,Morioka,2,183,194,2,2,11,1025,1291,10,2,90,184,46,230,87,87,94,188,48,234,91,90,89,187,48,231,87,86,5,2,2,9,7,11,10,6,51,448,403,390,370,372,381,2,5,1,148,113,43,11,3,50,35,42,41,0,0,4,7,8,200,0,0,0,0,0,0,0,0,0,1,550,.270,0,0,15,50,115,2,0,0,0,0,0,0,0,0,0,0,0,0,0,0,0,0,0,0,0,0,0,86,120,94,97,109,100,412,.8449,408,205,345,391,425,0,0,0,0,0,0,0,0,203,342,387,422,0,0,0,0,0,0,0,0,0,340,kikucyu01,kikucyu01,kikuch000yus,,0,11,eol
20342,0,9,Los Angeles Angels,Major League Baseball,Fermin,Jose,,68,28,11,2001,56,Dominican Republic,91267,Payita,1,191,247,1,1,12,0,0,2,0,94,188,48,235,92,90,92,187,47,233,90,88,92,187,48,233,90,89,5,0,0,9,7,11,10,9,7,324,224,355,238,344,215,4,4,4,31,109,33,12,3,51,39,44,42,0,0,2,14,16,200,0,0,0,0,0,0,0,0,0,1,550,.262,0,0,27,92,133,4,0,0,0,0,0,0,0,0,0,0,0,0,0,0,0,0,0,0,0,0,0,117,103,26,122,80,135,448,1.0123,453,484,398,0,0,0,0,0,0,0,0,0,0,490,402,0,0,0,0,0,0,0,0,0,0,0,400,fermijo02,fermijo02,fermin004jos,,0,12,eol
19462,0,9,Los Angeles Angels,Major League Baseball,Zeferjahn,Ryan,,56,28,2,1998,206,The United States,80610,Topeka,4,196,209,1,1,12,158,331,4,2,95,190,51,241,95,91,91,185,47,231,88,88,92,187,48,233,90,89,5,2,2,30,9,11,50,12,107,339,271,358,271,356,266,11,6,0,33,109,44,14,3,50,36,42,42,0,0,13,6,8,200,0,0,0,0,0,0,0,0,0,1,550,.245,0,0,19,79,147,11,0,0,0,0,0,0,0,0,0,0,0,0,0,0,0,0,0,0,0,0,0,105,112,110,105,72,119,474,1.0045,477,322,464,0,0,380,0,0,0,0,0,0,0,324,467,0,0,383,0,0,0,0,0,0,0,0,400,zeferry01,zeferry01,zeferj000rya,,0,14,eol
20408,0,9,Los Angeles Angels,Major League Baseball,Adell,Jo,,7,8,4,1999,206,The United States,73391,Shelby,1,191,216,1,1,8,860,1124,9,2,350,421,490,387,394,311,295,361,453,325,334,241,313,379,466,342,352,265,8,2,2,116,124,148,116,7,11,1,1,1,1,1,1,15,30,10,1,9,59,12,4,6,1,2,19,0,0,120,76,97,0,0,0,0,0,0,0,200,200,0,1,550,.234,20,2,27,38,130,8,0,0,0,0,0,0,0,0,0,0,0,0,0,0,0,0,0,0,0,0,0,23,87,69,73,92,88,1,.9756,1,3,0,0,0,0,0,0,0,0,0,0,0,1,0,0,0,0,0,0,0,0,0,0,0,0,280,adelljo01,adelljo01,adell-000jo-,,0,12,eol
20700,0,9,Los Angeles Angels,Major League Baseball,Dana,Caden,,36,17,12,2003,206,The United States,51551,Montgomery,4,193,214,2,1,11,30,118,2,1,87,182,44,219,82,86,94,189,49,237,92,91,92,187,48,233,90,89,5,0,0,9,6,11,10,8,120,215,292,218,294,254,314,6,6,0,127,109,56,11,3,51,40,44,42,0,0,8,10,20,200,0,0,0,0,0,0,0,0,0,1,550,.302,0,0,27,72,102,6,0,0,0,0,0,0,0,0,0,0,0,0,0,0,0,0,0,0,0,0,0,97,115,103,85,105,89,370,1.0020,353,195,277,408,370,0,0,0,0,0,0,0,0,190,267,399,360,0,0,0,0,0,0,0,0,0,300,danaca01,danaca01,dana--000cad,,0,11,eol
20716,0,9,Los Angeles Angels,Major League Baseball,Paris,Kyren,,19,11,11,2001,206,The United States,56465,Oakley,1,180,179,1,1,8,225,225,5,0,230,467,422,400,167,300,228,465,416,395,164,298,190,420,388,410,194,199,8,0,0,161,180,199,140,44,123,1,1,1,1,1,1,15,30,10,1,28,58,12,3,104,95,59,109,0,0,140,100,118,0,0,0,200,0,0,0,200,0,0,1,550,.199,20,5,18,49,194,8,0,0,0,0,0,0,0,0,0,0,0,0,0,0,0,0,0,0,0,0,0,110,116,82,125,120,75,1,.9302,1,3,0,0,0,0,0,0,0,0,0,0,0,1,0,0,0,0,0,0,0,0,0,0,0,0,276,parisky01,parisky01,paris-000kyr,,0,12,eol
// Seattle Mariners, ID = 12
18767,0,12,Seattle Mariners,Major League Baseball,Castillo,Luis,,43,10,3,1995,56,Dominican Republic,26377,Fantino,1,191,212,1,1,11,10,269,2,2,95,190,51,236,94,90,91,186,47,232,88,88,92,187,48,233,90,89,5,0,0,10,10,11,10,8,99,363,244,355,241,333,278,1,1,0,106,109,53,16,3,51,43,46,44,0,0,19,11,9,200,0,0,0,0,0,0,0,0,0,1,550,.283,0,0,15,89,68,1,0,0,0,0,0,0,0,0,0,0,0,0,0,0,0,0,0,0,0,0,0,100,34,120,109,76,144,251,.9779,265,0,0,216,216,216,0,0,0,0,216,0,0,0,0,226,226,226,0,0,0,0,226,0,0,0,400,castilu03,castilu03,castil014lui,,0,16,eol
18969,0,12,Seattle Mariners,Major League Baseball,Lawrence,Casey,,41,28,10,1987,206,The United States,46468,McSherrystown,4,183,181,1,1,12,531,531,6,0,95,189,50,238,95,91,91,186,47,232,88,88,91,187,48,232,91,84,5,0,0,10,9,11,10,8,12,456,581,471,589,352,397,7,6,1,48,109,40,9,3,51,42,45,43,0,0,5,9,10,200,0,0,0,0,0,0,0,0,0,1,550,.315,0,0,11,7,40,7,0,0,0,0,0,0,0,0,0,0,0,0,0,0,0,0,0,0,0,0,0,24,97,102,96,104,121,165,.9913,317,142,142,142,142,142,142,0,0,0,0,0,0,272,272,272,272,272,272,0,0,0,0,0,0,0,316,lawreca01,lawreca01,lawren001cas,,0,9,eol
19922,0,12,Seattle Mariners,Major League Baseball,Pop,Zach,,35,20,9,1996,36,Canada,89955,Brampton,4,193,220,1,1,12,529,682,5,2,92,188,48,235,90,89,93,186,48,232,90,90,92,187,48,232,89,88,5,1,1,9,6,11,10,10,27,143,406,174,427,378,381,8,2,2,31,109,63,8,2,51,43,46,44,0,0,19,20,5,200,0,0,0,0,0,0,0,0,0,1,550,.295,0,0,28,41,66,8,0,0,0,0,0,0,0,0,0,0,0,0,0,0,0,0,0,0,0,0,0,79,120,99,115,79,84,246,.9753,315,0,223,0,0,260,147,0,0,0,0,0,0,0,295,0,0,328,173,0,0,0,0,0,0,0,413,popza01,popza01,pop---000zac,,0,8,eol
20158,0,12,Seattle Mariners,Major League Baseball,Lao,Sauryn,,73,14,8,1999,56,Dominican Republic,7059,Barahona,1,188,183,3,1,12,0,0,2,0,86,181,44,220,82,85,94,188,50,237,92,91,92,187,48,233,90,89,5,2,2,9,8,11,10,13,114,321,417,337,423,336,394,12,1,0,43,109,52,11,3,51,42,45,43,0,0,6,20,4,200,0,0,0,0,0,0,0,0,0,1,550,.300,0,0,18,40,88,12,0,0,0,0,0,0,0,0,0,0,0,0,0,0,0,0,0,0,0,0,0,114,53,128,89,81,30,313,.9918,325,171,288,0,323,0,0,0,0,0,0,0,0,176,302,0,334,0,0,0,0,0,0,0,0,0,300,laosa01,laosa01,lao---000sau,,0,11,eol
20374,0,12,Seattle Mariners,Major League Baseball,Rivas,Leo,,76,10,10,1997,210,Venezuela,47991,Maracay,5,178,150,3,1,4,58,333,4,2,429,186,238,500,358,475,405,211,290,534,361,435,382,258,302,489,353,410,5,1,1,145,117,189,129,117,8,414,290,411,287,405,296,15,30,10,34,30,33,12,3,104,95,65,109,0,0,15,16,13,0,0,0,200,0,200,0,0,0,0,1,550,.261,11,3,7,107,125,5,0,0,0,0,0,0,0,0,0,0,0,0,0,0,0,0,0,0,0,0,0,42,172,5,106,128,79,219,.9982,232,193,0,193,0,0,0,0,0,0,0,0,0,202,0,208,0,0,0,0,0,0,0,0,0,0,393,rivasle01,rivasle01,rivas-000leo,,0,12,eol
20380,0,12,Seattle Mariners,Major League Baseball,Hancock,Emerson,,26,31,5,1999,206,The United States,16496,Cairo,4,193,214,1,1,11,267,492,6,2,95,189,49,235,94,91,92,187,47,232,89,88,92,187,48,233,90,89,5,0,0,10,9,11,10,11,99,330,357,347,406,335,391,9,2,1,131,109,47,7,4,50,35,42,41,0,0,3,20,6,200,0,0,0,0,0,0,0,0,0,1,550,.277,0,0,19,48,77,9,0,0,0,0,0,0,0,0,0,0,0,0,0,0,0,0,0,0,0,0,0,78,74,119,118,188,110,277,.9162,279,241,335,0,303,0,177,0,0,0,0,0,0,243,336,0,304,0,178,0,0,0,0,0,0,0,413,hancoem01,hancoem01,hancoc000eme,,0,7,eol
20670,0,12,Seattle Mariners,Major League Baseball,Polanco,Jorge,Chulo,7,5,7,1993,56,Dominican Republic,70516,San Pedro de Macorís,5,180,207,3,1,4,1886,2166,14,2,387,388,415,359,435,327,381,410,440,411,414,347,436,434,413,389,450,416,3,3,2,57,84,133,81,110,13,1,1,1,1,1,1,15,30,10,1,50,58,13,3,128,81,78,114,0,0,5,2,7,0,0,0,200,0,0,0,0,0,0,1,550,.261,29,0,21,51,97,3,0,0,0,0,0,0,0,0,0,0,0,0,0,0,0,0,0,0,0,0,0,130,97,100,88,179,96,1,.9302,1,3,0,0,0,0,0,0,0,0,0,0,0,1,0,0,0,0,0,0,0,0,0,0,0,0,276,polanjo01,polanjo01,polanc001jor,,0,13,eol
20783,0,12,Seattle Mariners,Major League Baseball,Tellez,Rowdy,,23,16,3,1995,206,The United States,23398,Elk Grove,5,193,256,2,2,3,1166,1478,10,2,336,345,454,344,332,343,350,374,430,335,398,307,325,412,453,403,404,219,4,2,2,19,10,31,55,9,2,401,347,357,333,391,325,12,1,0,38,28,33,12,3,48,80,64,66,0,0,14,13,15,0,0,200,0,0,0,0,0,0,0,1,550,.246,23,0,22,37,117,4,0,0,0,0,0,0,0,0,0,0,0,0,0,0,0,0,0,0,0,0,0,91,108,94,124,122,191,201,1.0086,227,172,172,0,0,0,0,0,0,0,0,0,0,194,198,0,0,0,0,0,0,0,0,0,0,0,392,tellero01,tellero01,tellez000row,,0,12,eol
20845,0,12,Seattle Mariners,Major League Baseball,Garcia,Brandyn,,43,27,5,2000,206,The United States,55299,Newport,5,193,236,2,2,12,0,0,1,0,86,182,43,225,82,84,95,189,49,236,93,91,92,187,48,233,90,89,5,2,2,21,8,11,33,7,66,648,295,576,270,407,316,10,6,0,35,109,60,15,3,51,42,45,43,0,0,18,3,17,200,0,0,0,0,0,0,0,0,0,1,550,.244,0,0,2,78,106,10,0,0,0,0,0,0,0,0,0,0,0,0,0,0,0,0,0,0,0,0,0,37,101,24,109,88,122,388,.9420,359,0,383,0,0,0,289,0,0,0,0,0,0,0,330,0,0,0,277,0,0,0,0,0,0,0,400,garcibr02,garcibr02,garcia003bra,,0,15,eol
20607,0,12,Seattle Mariners,Major League Baseball,Ford,Harry,,5,21,2,2003,206,The United States,37818,Kennesaw,1,178,201,1,1,2,0,0,3,0,175,240,316,301,234,109,169,233,307,284,221,106,174,259,316,301,233,106,13,2,2,26,7,11,44,65,4,1,1,1,1,1,1,15,30,10,1,23,57,12,3,19,3,16,17,102,107,8,19,20,0,200,0,0,0,0,0,0,0,0,1,550,.151,8,0,8,28,175,13,0,0,0,0,0,0,0,0,0,0,0,0,0,0,0,0,0,0,0,0,0,49,88,90,71,103,91,1,.9302,1,3,0,0,0,0,0,0,0,0,0,0,0,1,0,0,0,0,0,0,0,0,0,0,0,0,274,fordha01,fordha01,ford--003har,,108,12,eol
20738,0,12,Seattle Mariners,Major League Baseball,Thomas,Rhylan,,31,15,4,2000,206,The United States,79767,Thousand Oaks,4,178,170,2,2,9,0,0,2,0,205,442,285,334,309,86,219,452,308,345,325,93,190,378,314,328,287,74,4,2,2,13,6,11,19,65,7,1,1,1,1,1,1,15,30,10,1,44,55,11,3,9,15,5,15,0,0,105,113,129,0,0,0,0,0,0,65,0,200,0,1,550,.157,21,0,8,38,141,4,0,0,0,0,0,0,0,0,0,0,0,0,0,0,0,0,0,0,0,0,0,103,97,24,86,103,161,1,1.0750,1,3,0,0,0,0,0,0,0,0,0,0,0,1,0,0,0,0,0,0,0,0,0,0,0,0,269,thomarh01,thomarh01,thomas000rhy,,0,11,eol
20981,0,12,Seattle Mariners,Major League Baseball,Kowar,Jackson,,37,4,10,1996,206,The United States,85582,Weddington,4,196,198,1,1,12,382,654,4,2,93,188,49,233,91,89,92,187,48,233,90,89,92,187,48,233,90,89,5,1,1,9,8,11,10,7,44,359,330,376,336,418,264,9,6,0,37,109,29,12,3,51,42,45,43,0,0,10,7,12,200,0,0,0,0,0,0,0,0,0,1,550,.279,0,0,27,61,103,9,0,0,0,0,0,0,0,0,0,0,0,0,0,0,0,0,0,0,0,0,0,11,129,16,101,85,137,374,1.0005,369,313,348,255,184,0,0,0,0,0,0,0,0,305,338,244,178,0,0,0,0,0,0,0,0,0,400,kowarja01,kowarja01,kowar-000jac,,0,12,eol
20990,0,12,Seattle Mariners,Major League Baseball,Mastrobuoni,Miles,,21,31,10,1995,206,The United States,45879,Livermore,4,178,185,2,1,5,435,607,6,2,403,208,153,409,434,364,415,216,163,422,449,374,403,239,167,407,429,371,0,1,1,74,139,150,94,181,20,265,1,301,1,145,16,15,30,10,34,22,33,16,2,104,91,133,78,0,0,104,100,128,0,0,0,186,200,200,106,0,200,0,1,550,.250,15,0,2,56,83,0,0,0,0,0,0,0,0,0,0,0,0,0,0,0,0,0,0,0,0,0,0,107,82,121,81,23,134,2,.8466,3,3,0,0,1,0,0,0,0,0,0,0,0,4,0,0,2,0,0,0,0,0,0,0,0,0,335,mastrmi01,mastrmi01,mastro000mil,,0,16,eol
21032,0,12,Seattle Mariners,Major League Baseball,Garver,Mitch,Garv Sauce,18,15,1,1991,206,The United States,1405,Albuquerque,4,185,220,1,1,2,1308,1598,11,3,284,386,433,493,339,210,272,344,396,447,283,266,378,386,452,449,375,385,6,2,2,93,30,170,90,7,3,1,1,1,1,1,19,15,30,10,1,44,58,11,3,4,12,19,19,90,61,16,19,11,0,200,0,0,0,0,0,0,0,0,1,550,.209,18,1,16,70,148,6,0,0,0,0,0,0,0,0,0,0,0,0,0,0,0,0,0,0,0,0,0,193,15,145,71,88,3,1,.9302,1,3,0,0,0,0,0,0,0,0,0,0,0,1,0,0,0,0,0,0,0,0,0,0,0,0,278,garvemi01,garvemi01,garver000mit,,103,11,eol
20695,0,12,Seattle Mariners,Major League Baseball,Castano,Blas,,62,8,9,1998,56,Dominican Republic,50912,Moca,5,178,161,1,1,12,0,0,4,0,94,189,50,237,93,90,92,186,47,232,90,88,92,187,48,233,90,89,5,0,0,28,10,11,47,7,28,319,268,333,275,338,277,6,6,5,49,109,38,12,3,51,44,46,44,0,0,6,11,5,200,0,0,0,0,0,0,0,0,0,1,550,.299,0,0,25,79,62,6,0,0,0,0,0,0,0,0,0,0,0,0,0,0,0,0,0,0,0,0,0,16,106,91,157,174,114,231,1.0003,246,0,174,0,174,204,174,0,0,0,0,0,0,0,184,0,184,219,184,0,0,0,0,0,0,0,400,castabl01,castabl01,castan000bla,,0,12,eol
19893,0,12,Seattle Mariners,Major League Baseball,Robles,Victor,,10,19,5,1997,56,Dominican Republic,71432,Santo Domingo,1,183,190,1,1,9,1242,1589,9,3,476,353,208,303,418,508,461,403,254,313,417,484,400,445,323,333,398,405,16,0,0,147,207,201,153,166,146,1,1,1,1,1,1,15,30,10,1,47,58,12,3,12,2,13,20,0,0,128,127,190,0,0,0,0,0,0,80,168,200,0,1,550,.297,33,3,5,32,99,16,0,0,0,0,0,0,0,0,0,0,0,0,0,0,0,0,0,0,0,0,0,108,128,35,105,19,36,1,.9302,1,3,0,0,0,0,0,0,0,0,0,0,0,1,0,0,0,0,0,0,0,0,0,0,0,0,277,roblevi01,roblevi01,robles002vic,,0,12,eol
19897,0,12,Seattle Mariners,Major League Baseball,Rodriguez,Julio,J-Rod,44,29,12,2000,56,Dominican Republic,41067,Loma de Cabrera,1,191,227,1,1,8,516,633,7,1,410,400,422,330,378,433,431,333,423,316,406,447,420,403,429,318,396,438,7,0,0,126,157,167,108,9,156,4,1,4,1,8,1,15,30,10,1,28,53,12,3,10,4,4,6,0,0,160,117,143,0,0,0,0,0,0,0,200,0,0,1,550,.285,24,3,19,34,108,7,0,0,0,0,0,0,0,0,0,0,0,0,0,0,0,0,0,0,0,0,0,40,102,83,87,107,126,1,.9302,1,3,0,0,0,0,0,0,0,0,0,0,0,1,0,0,0,0,0,0,0,0,0,0,0,0,276,rodriju01,rodriju01,rodrig013jul,,0,12,eol
19902,0,12,Seattle Mariners,Major League Baseball,Vargas,Carlos,,54,13,10,1999,56,Dominican Republic,50912,Moca,5,191,209,1,1,12,172,172,2,0,94,189,49,234,92,89,92,187,47,232,89,89,92,187,48,233,90,89,5,0,0,10,9,11,10,12,8,347,448,362,444,331,407,12,6,2,36,109,58,6,4,50,35,42,41,0,0,19,3,13,200,0,0,0,0,0,0,0,0,0,1,550,.276,0,0,14,35,78,12,0,0,0,0,0,0,0,0,0,0,0,0,0,0,0,0,0,0,0,0,0,123,93,93,167,96,79,282,.9638,304,0,294,0,0,357,173,0,0,0,0,0,0,0,318,0,0,393,187,0,0,0,0,0,0,0,400,vargaca01,vargaca01,vargas004car,,0,6,eol
19909,0,12,Seattle Mariners,Major League Baseball,Woo,Bryan,,22,30,1,2000,206,The United States,1259,Alameda,2,188,205,3,1,11,322,322,5,0,95,190,51,243,94,91,92,186,47,230,89,89,92,187,48,233,90,89,5,0,0,22,7,11,36,8,73,390,449,383,519,394,475,3,2,0,166,124,45,12,3,50,35,42,41,0,0,6,5,6,200,0,0,0,0,0,0,0,0,0,1,550,.219,0,0,16,25,117,3,0,0,0,0,0,0,0,0,0,0,0,0,0,0,0,0,0,0,0,0,0,94,124,81,109,97,104,414,1.1637,413,204,388,0,423,0,343,0,0,0,0,0,0,203,387,0,422,0,342,0,0,0,0,0,0,0,500,woobr01,woobr01,woo---000bry,,0,12,eol
18951,0,12,Seattle Mariners,Major League Baseball,Thornton,Trent,,46,30,9,1993,206,The United States,18952,Charlotte,4,183,194,1,1,12,943,1217,7,3,95,189,51,243,95,91,92,186,47,230,89,88,108,168,48,231,95,119,5,0,0,28,10,11,46,11,10,393,427,382,426,363,388,12,6,1,36,101,49,11,4,51,38,43,42,0,0,1,9,8,200,0,0,0,0,0,0,0,0,0,1,550,.269,0,0,14,39,103,12,0,0,0,0,0,0,0,0,0,0,0,0,0,0,0,0,0,0,0,0,0,27,41,15,90,53,120,376,.8567,383,245,179,339,0,306,0,372,0,0,0,0,0,255,184,349,0,313,0,384,0,0,0,0,0,0,373,thorntr01,thorntr01,thornt000tre,,0,11,eol
19777,0,12,Seattle Mariners,Major League Baseball,Arozarena,Randy,,56,28,2,1995,49,Cuba,31031,Havana,1,180,183,1,1,7,1032,1174,8,2,411,493,437,437,372,439,349,429,409,431,317,385,419,421,409,418,351,464,18,2,2,98,162,161,129,10,19,1,1,1,1,1,1,15,30,10,1,31,59,11,3,6,5,16,16,0,0,96,173,102,0,0,0,0,0,0,200,0,0,0,1,550,.250,31,0,18,61,137,18,0,0,0,0,0,0,0,0,0,0,0,0,0,0,0,0,0,0,0,0,0,149,101,96,84,104,88,1,.9302,1,3,0,0,0,0,0,0,0,0,0,0,0,1,0,0,0,0,0,0,0,0,0,0,0,0,277,arozara01,arozara01,arroza000ran,,0,11,eol
19153,0,12,Seattle Mariners,Major League Baseball,Hahn,Jesse,J-Hood,49,30,7,1989,206,The United States,27127,Groton,4,196,205,1,1,12,1040,1317,10,2,95,189,50,235,93,91,92,187,48,233,89,89,90,164,50,212,89,85,5,0,0,19,6,11,30,9,58,253,328,273,335,425,362,12,1,5,48,110,63,9,3,51,43,46,44,0,0,7,18,17,200,0,0,0,0,0,0,0,0,0,1,550,.302,0,0,20,62,88,12,0,0,0,0,0,0,0,0,0,0,0,0,0,0,0,0,0,0,0,0,0,19,172,92,188,138,119,316,1.0065,326,292,232,232,292,0,172,0,0,0,0,0,0,305,244,244,305,0,178,0,0,0,0,0,0,0,294,hahnje01,hahnje01,hahn--001jes,,0,9,eol
19709,0,12,Seattle Mariners,Major League Baseball,Santos,Gregory,,48,28,8,1999,56,Dominican Republic,69886,San Cristóbal,1,188,190,1,1,12,536,652,8,2,94,189,49,235,91,90,92,186,48,232,89,89,92,187,48,233,90,89,5,0,0,21,9,11,32,12,17,383,283,418,293,472,387,6,6,5,32,109,69,11,3,51,43,46,44,0,0,1,11,8,200,0,0,0,0,0,0,0,0,0,1,550,.304,0,0,9,73,62,6,0,0,0,0,0,0,0,0,0,0,0,0,0,0,0,0,0,0,0,0,0,115,177,101,79,109,86,233,.9266,346,0,166,0,0,0,246,0,0,0,0,0,0,0,263,0,0,0,394,0,0,0,0,0,0,0,300,santogr01,santogr01,santos001gre,,0,11,eol
20409,0,12,Seattle Mariners,Major League Baseball,Diaz,Jhonathan,,74,13,9,1996,210,Venezuela,83920,Valencia,5,183,170,2,2,12,519,863,7,2,86,181,43,225,81,85,95,189,49,236,93,91,92,187,48,233,90,89,5,0,0,9,7,11,10,14,4,409,397,390,382,482,278,1,1,1,40,109,40,8,3,51,44,46,44,0,0,6,4,13,200,0,0,0,0,0,0,0,0,0,1,550,.312,0,0,17,48,87,1,0,0,0,0,0,0,0,0,0,0,0,0,0,0,0,0,0,0,0,0,0,159,48,88,117,70,78,311,1.0083,277,295,234,295,234,0,234,0,0,0,0,0,0,268,216,268,216,0,164,0,0,0,0,0,0,0,176,diazjh01,diazjh01,diaz--002jho,,0,8,eol
20445,0,12,Seattle Mariners,Major League Baseball,Williamson,Ben,,9,5,11,2000,206,The United States,26236,Fairfax,4,183,209,1,1,5,0,0,1,0,437,271,103,315,409,454,443,331,152,292,414,460,436,325,147,303,412,450,2,0,0,63,90,153,85,134,4,1,1,1,1,1,1,15,30,10,1,42,54,14,3,104,91,133,71,0,0,12,7,4,0,0,0,0,200,0,0,0,0,0,1,550,.275,25,0,1,30,102,2,0,0,0,0,0,0,0,0,0,0,0,0,0,0,0,0,0,0,0,0,0,72,92,73,107,83,83,1,.9302,1,3,0,0,0,0,0,0,0,0,0,0,0,1,0,0,0,0,0,0,0,0,0,0,0,0,272,willibe03,willibe03,willia008ben,,0,14,eol
20882,0,12,Seattle Mariners,Major League Baseball,Moore,Dylan,,25,2,8,1992,206,The United States,88071,Yorba Linda,4,183,205,1,1,4,987,1057,9,1,314,442,396,405,261,354,297,446,415,448,282,308,301,525,373,461,308,295,8,1,1,156,213,184,150,38,16,1,1,1,1,20,12,15,30,10,1,29,56,11,4,104,95,86,109,0,0,104,100,128,0,0,116,200,200,200,101,0,200,0,1,550,.219,24,4,17,63,157,8,0,0,0,0,0,0,0,0,0,0,0,0,0,0,0,0,0,0,0,0,0,113,87,135,181,72,78,1,.9756,1,3,0,0,0,0,0,0,0,0,0,0,0,1,0,0,0,0,0,0,0,0,0,0,0,0,275,mooredy01,mooredy01,moore-000dyl,,0,11,eol
20988,0,12,Seattle Mariners,Major League Baseball,Miller,Bryce,B Money,50,23,8,1998,206,The United States,55059,New Braunfels,4,188,201,1,1,11,262,341,4,1,95,191,50,242,94,90,92,186,47,230,89,88,92,187,48,233,90,89,5,0,0,9,7,11,10,9,71,336,352,411,417,401,434,4,2,1,150,97,42,11,3,50,35,42,41,0,0,20,19,17,200,0,0,0,0,0,0,0,0,0,1,550,.243,0,0,17,45,101,4,0,0,0,0,0,0,0,0,0,0,0,0,0,0,0,0,0,0,0,0,0,130,98,97,124,45,111,366,1.1604,381,296,296,296,0,296,296,296,0,0,0,0,0,318,318,318,0,318,318,318,0,0,0,0,0,0,461,millebr04,millebr04,miller004bry,,0,11,eol
19656,0,12,Seattle Mariners,Major League Baseball,Castillo,Luis,La Piedra,58,12,12,1992,56,Dominican Republic,6729,Baní,5,188,201,1,1,11,1364,1396,10,0,94,190,50,237,92,90,91,186,47,231,88,87,153,308,57,166,177,113,5,0,0,9,7,11,10,60,58,337,405,419,466,414,396,5,2,0,156,112,45,11,3,44,113,66,41,0,0,6,2,20,200,0,0,0,0,0,0,0,0,0,1,550,.257,0,0,15,37,105,5,0,0,0,0,0,0,0,0,0,0,0,0,0,0,0,0,0,0,0,0,0,29,110,3,126,79,141,383,1.5000,423,196,280,0,410,0,373,0,0,0,0,0,0,210,303,0,433,0,400,0,0,0,0,0,0,0,414,castilu02,castilu02,castil013lui,,0,11,eol
19746,0,12,Seattle Mariners,Major League Baseball,Evans,Logan,,73,5,6,2001,206,The United States,69455,Saline,4,193,216,1,1,11,0,0,1,0,95,189,50,234,93,91,92,186,47,232,89,89,92,187,48,233,90,89,5,2,2,9,6,11,10,7,70,365,366,368,368,370,359,7,6,1,142,109,45,11,3,50,35,42,41,0,0,12,1,6,200,0,0,0,0,0,0,0,0,0,1,550,.278,0,0,18,53,82,7,0,0,0,0,0,0,0,0,0,0,0,0,0,0,0,0,0,0,0,0,0,103,113,111,115,83,125,292,1.1232,310,213,163,0,307,263,0,0,0,0,0,0,0,225,169,0,319,281,0,0,0,0,0,0,0,0,400,evanslo01,evanslo01,evans-000log,,0,11,eol
19756,0,12,Seattle Mariners,Major League Baseball,Gilbert,Logan,,36,5,5,1997,206,The United States,3577,Apopka,4,198,225,1,1,11,641,783,7,3,97,191,51,240,97,93,91,185,47,231,88,88,92,187,48,233,90,89,5,0,0,10,9,11,10,11,15,375,452,367,483,390,471,6,6,0,162,104,47,12,3,50,35,42,41,0,0,16,20,10,200,0,0,0,0,0,0,0,0,0,1,550,.223,0,0,16,31,140,6,0,0,0,0,0,0,0,0,0,0,0,0,0,0,0,0,0,0,0,0,0,110,82,96,109,69,186,461,.8666,423,232,326,430,0,430,0,430,0,0,0,0,0,206,300,394,0,427,0,394,0,0,0,0,0,0,461,gilbelo01,gilbelo01,gilber000log,,0,12,eol
18845,0,12,Seattle Mariners,Major League Baseball,Snider,Collin,,52,10,10,1995,206,The United States,52625,Murfreesboro,4,193,194,1,1,12,404,490,6,2,94,188,49,236,92,90,92,187,47,232,90,89,92,187,48,233,90,89,5,1,1,9,8,11,10,13,104,414,465,438,469,426,366,6,4,1,35,109,45,11,2,51,40,44,43,0,0,13,15,6,200,0,0,0,0,0,0,0,0,0,1,550,.268,0,0,12,31,110,6,0,0,0,0,0,0,0,0,0,0,0,0,0,0,0,0,0,0,0,0,0,45,119,27,111,101,106,401,1.0192,342,291,202,0,0,420,0,0,0,0,0,0,0,252,182,0,0,345,0,0,0,0,0,0,0,0,347,snideco01,snideco01,snider001col,,0,11,eol
19337,0,12,Seattle Mariners,Major League Baseball,Burgos,Juan,,52,22,12,1999,56,Dominican Republic,71389,Santiago,1,183,185,1,1,12,0,0,2,0,94,189,49,235,92,90,92,187,47,233,89,88,92,187,48,233,90,89,5,0,0,10,10,11,10,6,72,373,297,383,298,364,311,10,1,0,35,109,48,12,3,51,42,45,43,0,0,11,3,18,200,0,0,0,0,0,0,0,0,0,1,550,.260,0,0,15,70,110,10,0,0,0,0,0,0,0,0,0,0,0,0,0,0,0,0,0,0,0,0,0,80,94,175,129,185,87,401,1.0104,364,354,305,0,402,211,0,0,0,0,0,0,0,315,257,0,351,185,0,0,0,0,0,0,0,0,400,burgoju01,burgoju01,burgos002jua,,0,12,eol
19638,0,12,Seattle Mariners,Major League Baseball,Bliss,Ryan,,1,13,12,1999,206,The United States,43084,LaGrange,1,170,165,1,1,4,13,13,2,0,324,397,381,405,333,318,318,389,368,395,325,314,320,398,374,384,331,313,4,1,1,193,250,190,167,123,11,1,1,1,1,1,1,15,30,10,1,11,58,14,3,103,95,59,109,0,0,4,18,5,0,0,0,200,0,0,0,0,0,0,1,550,.222,20,4,12,49,139,4,0,0,0,0,0,0,0,0,0,0,0,0,0,0,0,0,0,0,0,0,0,197,5,196,110,115,43,1,.9302,1,3,0,0,0,0,0,0,0,0,0,0,0,1,0,0,0,0,0,0,0,0,0,0,0,0,274,blissry01,blissry01,bliss-000rya,,0,14,eol
19643,0,12,Seattle Mariners,Major League Baseball,Brash,Matt,,47,12,5,1998,36,Canada,38603,Kingston,4,185,170,1,1,12,305,305,3,0,94,189,49,236,92,90,92,186,48,232,89,88,92,187,48,233,90,89,5,0,0,9,6,11,10,8,19,407,381,415,376,464,306,6,1,0,31,119,64,16,3,50,38,43,42,0,0,19,17,10,200,0,0,0,0,0,0,0,0,0,1,550,.257,0,0,9,50,141,6,0,0,0,0,0,0,0,0,0,0,0,0,0,0,0,0,0,0,0,0,0,74,120,79,163,185,84,464,1.1664,492,377,320,0,422,0,0,0,0,0,0,422,0,369,315,0,452,0,0,0,0,0,0,416,0,0,300,brashma01,brashma01,brash-001mat,,0,16,eol
19647,0,12,Seattle Mariners,Major League Baseball,Canzone,Dominic,,8,16,8,1997,206,The United States,16114,Cuyahoga Falls,4,180,190,2,1,9,270,338,4,1,377,288,391,424,335,414,443,342,443,365,401,471,384,401,418,361,403,369,4,2,0,55,50,146,83,9,17,1,1,1,1,1,1,15,30,10,1,31,59,14,3,2,12,4,7,0,0,104,100,128,0,0,0,0,0,0,101,0,200,0,1,550,.290,25,0,21,47,115,4,0,0,0,0,0,0,0,0,0,0,0,0,0,0,0,0,0,0,0,0,0,154,45,159,100,129,52,1,.9302,1,3,0,0,0,0,0,0,0,0,0,0,0,1,0,0,0,0,0,0,0,0,0,0,0,0,277,canzodo01,canzodo01,canzon000dom,,0,14,eol
20011,0,12,Seattle Mariners,Major League Baseball,Legumina,Casey,,64,19,6,1997,206,The United States,18763,Chandler,4,188,194,1,1,12,295,430,6,2,96,190,51,237,95,92,91,186,47,232,88,88,92,187,48,233,90,89,5,0,0,14,10,11,19,8,62,369,321,394,333,366,309,6,3,0,34,109,45,10,3,50,37,43,42,0,0,15,20,10,200,0,0,0,0,0,0,0,0,0,1,550,.256,0,0,16,62,119,6,0,0,0,0,0,0,0,0,0,0,0,0,0,0,0,0,0,0,0,0,0,102,103,148,86,88,134,419,1.0151,405,208,349,0,430,0,0,0,0,0,0,0,0,203,341,0,421,0,0,0,0,0,0,0,0,0,400,legumca01,legumca01,legumi000cas,,0,10,eol
20018,0,12,Seattle Mariners,Major League Baseball,Speier,Gabe,,55,12,4,1995,206,The United States,70990,Santa Barbara,4,180,201,2,2,12,1032,1192,8,1,86,181,43,240,82,84,94,189,49,230,93,90,92,187,48,233,90,89,5,0,0,29,9,11,49,8,8,507,472,477,447,463,439,12,3,0,30,109,38,12,3,50,36,42,41,0,0,15,9,8,200,0,0,0,0,0,0,0,0,0,1,550,.229,0,0,9,34,158,12,0,0,0,0,0,0,0,0,0,0,0,0,0,0,0,0,0,0,0,0,0,115,88,100,102,62,143,497,.9893,469,345,501,0,0,0,409,0,0,0,0,0,0,328,473,0,0,0,388,0,0,0,0,0,0,0,387,speiega01,speiega01,speier000gab,,0,12,eol
19825,0,12,Seattle Mariners,Major League Baseball,Raleigh,Cal,Big Dumper,29,26,11,1996,206,The United States,15980,Cullowhee,4,191,236,3,1,2,688,774,8,2,317,393,505,422,334,303,292,385,512,475,321,254,303,395,501,453,329,268,6,2,2,76,103,147,120,9,14,1,1,1,1,1,1,15,30,10,1,18,54,11,4,18,13,2,17,161,130,12,10,20,0,200,0,0,0,0,0,0,0,0,1,550,.246,21,0,39,71,140,6,0,0,0,0,0,0,0,0,0,0,0,0,0,0,0,0,0,0,0,0,0,20,113,8,102,194,128,1,.9756,1,3,0,0,0,0,0,0,0,0,0,0,0,1,0,0,0,0,0,0,0,0,0,0,0,0,275,raleica01,raleica01,raleig000cal,,131,11,eol
19841,0,12,Seattle Mariners,Major League Baseball,Raley,Luke,,20,19,9,1994,206,The United States,62110,Painesville,4,193,236,2,1,7,604,855,7,1,311,367,360,357,251,353,363,425,420,393,305,415,374,481,431,366,296,434,25,3,2,98,87,147,114,154,19,123,1,126,1,336,330,15,30,10,1,28,35,19,4,57,43,52,56,0,0,104,100,128,0,0,200,0,0,0,200,200,200,0,1,550,.241,27,2,17,46,151,25,0,0,0,0,0,0,0,0,0,0,0,0,0,0,0,0,0,0,0,0,0,186,96,84,194,92,153,1,.9756,1,3,0,0,0,0,0,0,0,0,0,0,0,1,0,0,0,0,0,0,0,0,0,0,0,0,293,raleylu01,raleylu01,raley-000luc,,0,19,eol
19943,0,12,Seattle Mariners,Major League Baseball,Taylor,Samad,,2,11,7,1998,206,The United States,15159,Corona,1,173,161,1,1,9,177,321,5,1,208,211,305,280,311,92,200,205,295,265,303,89,324,350,305,378,341,311,4,2,2,85,35,125,91,147,13,1,1,1,1,1,1,15,30,10,1,9,58,14,4,19,20,11,3,0,0,142,118,118,0,0,0,0,0,0,66,200,75,0,1,550,.154,7,0,7,25,147,4,0,0,0,0,0,0,0,0,0,0,0,0,0,0,0,0,0,0,0,0,0,72,157,115,188,73,65,1,.9756,1,3,0,0,0,0,0,0,0,0,0,0,0,1,0,0,0,0,0,0,0,0,0,0,0,0,274,taylosa04,taylosa04,taylor008sam,,0,14,eol
20305,0,12,Seattle Mariners,Major League Baseball,Bazardo,Eduard,,83,1,9,1995,210,Venezuela,47991,Maracay,1,183,190,1,1,12,688,890,6,2,92,187,48,235,90,89,92,187,47,232,89,89,92,187,48,233,90,89,5,1,1,27,10,11,45,9,27,416,364,434,394,400,385,3,6,0,37,109,44,12,3,50,35,42,41,0,0,20,6,6,200,0,0,0,0,0,0,0,0,0,1,550,.224,0,0,13,49,129,3,0,0,0,0,0,0,0,0,0,0,0,0,0,0,0,0,0,0,0,0,0,148,10,94,56,113,20,439,1.0294,432,348,0,207,0,0,396,429,0,0,0,0,0,343,0,204,0,0,388,423,0,0,0,0,0,0,459,bazared01,bazared01,bazard000edu,,0,12,eol
20348,0,12,Seattle Mariners,Major League Baseball,Saucedo,Tayler,,60,18,6,1993,206,The United States,32457,Honolulu,5,193,205,2,2,12,541,541,5,0,89,184,45,229,85,86,93,188,49,235,91,89,92,187,48,233,90,89,5,1,1,10,9,11,10,6,27,414,349,406,349,477,323,8,2,0,30,109,55,11,3,51,42,45,43,0,0,5,10,4,200,0,0,0,0,0,0,0,0,0,1,550,.262,0,0,11,57,103,8,0,0,0,0,0,0,0,0,0,0,0,0,0,0,0,0,0,0,0,0,0,97,102,109,186,73,86,374,.9663,370,0,269,401,362,0,191,0,0,0,0,0,0,0,266,398,359,0,189,0,0,0,0,0,0,0,384,sauceta01,sauceta01,sauced000tay,,0,11,eol
19035,0,12,Seattle Mariners,Major League Baseball,Solano,Donovan,,16,17,12,1987,44,Colombia,7310,Barranquilla,4,173,209,1,1,3,1805,1934,15,2,455,248,365,298,395,494,437,290,315,328,413,450,465,339,306,371,419,489,6,0,0,68,26,24,74,7,16,1,1,1,1,1,1,15,30,10,1,31,58,11,3,81,43,81,100,0,0,1,7,2,0,0,200,0,200,0,0,0,0,0,1,550,.285,19,2,9,34,104,6,0,0,0,0,0,0,0,0,0,0,0,0,0,0,0,0,0,0,0,0,0,89,15,197,33,50,76,1,.9302,1,3,0,0,0,0,0,0,0,0,0,0,0,1,0,0,0,0,0,0,0,0,0,0,0,0,274,solando01,solando01,solano001don,,0,11,eol
19772,0,12,Seattle Mariners,Major League Baseball,Kirby,George,,68,4,2,1998,206,The United States,66049,Rye,4,193,216,1,1,11,459,556,6,2,95,190,51,242,95,91,91,187,47,230,88,88,92,187,48,233,90,89,5,1,1,21,6,11,34,14,62,379,449,436,516,421,520,7,4,0,154,95,47,12,3,50,35,42,41,0,0,12,15,8,200,0,0,0,0,0,0,0,0,0,1,550,.265,0,0,13,26,113,7,0,0,0,0,0,0,0,0,0,0,0,0,0,0,0,0,0,0,0,0,0,110,95,127,118,122,176,408,.7515,398,198,283,413,0,0,334,377,0,0,0,0,0,193,274,406,0,0,328,368,0,0,0,0,0,0,356,kirbyge01,kirbyge01,kirby-001geo,,0,12,eol
19786,0,12,Seattle Mariners,Major League Baseball,Munoz,Andres,,75,16,1,1999,124,Mexico,41988,Los Mochis,5,188,223,1,1,13,848,848,7,0,95,189,50,241,95,91,92,186,47,230,89,89,92,187,48,233,90,89,5,0,0,10,9,11,10,14,21,453,307,505,339,463,343,9,6,1,34,97,55,16,3,50,36,42,41,0,0,12,12,7,200,0,0,0,0,0,0,0,0,0,1,550,.208,0,0,6,63,165,9,0,0,0,0,0,0,0,0,0,0,0,0,0,0,0,0,0,0,0,0,0,150,72,107,108,125,120,506,.8807,510,405,405,0,0,0,495,0,0,0,0,0,0,410,345,0,0,0,502,0,0,0,0,0,0,0,430,munozan01,munozan01,munoz-000and,,0,16,eol
20737,0,12,Seattle Mariners,Major League Baseball,Taylor,Troy,,59,9,9,2001,206,The United States,64993,Rancho Cucamonga,4,183,205,2,1,12,20,118,4,1,88,183,45,222,84,86,94,188,50,236,92,90,92,187,48,233,90,89,5,2,1,9,8,11,10,15,70,316,367,335,377,328,370,8,6,1,32,109,39,13,3,51,43,46,44,0,0,12,3,20,200,0,0,0,0,0,0,0,0,0,1,550,.282,0,0,24,51,90,8,0,0,0,0,0,0,0,0,0,0,0,0,0,0,0,0,0,0,0,0,0,128,153,77,77,127,86,321,1.0183,401,0,276,0,343,0,167,0,0,0,0,0,0,0,336,0,415,0,199,0,0,0,0,0,0,0,400,taylotr01,taylotr01,taylor000tro,,0,13,eol
20969,0,12,Seattle Mariners,Major League Baseball,Young,Cole,,2,29,7,2003,206,The United States,92334,Wexford,4,180,179,2,1,4,0,0,1,0,341,326,277,443,417,243,353,332,302,450,430,252,351,333,300,447,427,252,4,0,0,76,11,31,78,137,13,1,1,1,1,1,1,15,30,10,1,38,54,14,4,104,95,59,109,0,0,4,3,13,0,0,0,200,0,0,0,0,0,0,1,550,.222,17,3,7,66,93,4,0,0,0,0,0,0,0,0,0,0,0,0,0,0,0,0,0,0,0,0,0,77,86,173,191,23,120,1,.9756,1,3,0,0,0,0,0,0,0,0,0,0,0,1,0,0,0,0,0,0,0,0,0,0,0,0,272,youngco01,youngco01,young-006col,,0,14,eol
20979,0,12,Seattle Mariners,Major League Baseball,Crawford,J.P.,Craw,3,11,1,1995,206,The United States,41750,Long Beach,1,188,203,2,1,6,1376,1376,11,0,405,283,365,464,422,389,418,339,315,460,416,418,435,374,343,474,428,434,3,0,0,67,42,161,80,135,19,1,1,1,1,1,1,15,30,10,1,29,57,14,3,139,146,138,130,0,0,18,8,16,0,0,0,0,0,200,0,0,0,0,1,550,.264,23,1,9,71,99,3,0,0,0,0,0,0,0,0,0,0,0,0,0,0,0,0,0,0,0,0,0,123,130,150,105,88,110,1,.9302,1,3,0,0,0,0,0,0,0,0,0,0,0,1,0,0,0,0,0,0,0,0,0,0,0,0,277,crawfjp01,crawfjp01,crawfo000jp-,,0,14,eol
// Texas Rangers, ID = 14
19705,0,14,Texas Rangers,Major League Baseball,Jung,Josh,,6,12,2,1998,206,The United States,69776,San Antonio,4,188,216,1,1,5,501,671,4,2,454,357,382,332,391,495,406,352,373,275,374,430,413,380,413,315,349,456,2,0,0,87,45,154,97,8,13,1,1,1,1,1,1,15,30,10,1,14,55,12,3,104,91,133,71,0,0,8,8,19,0,0,0,0,200,0,0,0,0,0,1,550,.273,25,2,13,30,118,2,0,0,0,0,0,0,0,0,0,0,0,0,0,0,0,0,0,0,0,0,0,123,115,30,124,130,106,1,.9302,1,3,0,0,0,0,0,0,0,0,0,0,0,1,0,0,0,0,0,0,0,0,0,0,0,0,276,jungjo01,jungjo01,jung--000jos,,0,12,eol
19726,0,14,Texas Rangers,Major League Baseball,Langford,Wyatt,,36,15,11,2001,206,The United States,81056,Trenton,4,185,225,1,1,7,161,161,3,0,365,463,395,487,362,373,402,409,418,451,362,430,396,422,410,449,379,411,4,2,2,128,147,163,132,7,1,1,1,1,1,1,1,15,30,10,1,30,56,11,4,7,1,7,18,0,0,100,93,113,0,0,0,0,0,0,200,200,0,0,1,550,.263,29,3,17,71,125,4,0,0,0,0,0,0,0,0,0,0,0,0,0,0,0,0,0,0,0,0,0,112,112,135,126,126,98,1,.9756,1,3,0,0,0,0,0,0,0,0,0,0,0,1,0,0,0,0,0,0,0,0,0,0,0,0,275,langfwy01,langfwy01,langfo000wya,,0,11,eol
19732,0,14,Texas Rangers,Major League Baseball,Martin,Chris,C-Mart,55,2,6,1986,206,The United States,4076,Arlington,4,203,225,1,1,12,1499,1697,10,2,94,188,49,235,92,90,92,186,48,233,89,89,92,187,48,233,90,89,5,2,2,10,6,11,12,8,73,373,541,389,567,415,534,5,6,1,32,94,50,10,3,51,38,43,42,0,0,9,4,12,200,0,0,0,0,0,0,0,0,0,1,550,.280,0,0,14,13,118,5,0,0,0,0,0,0,0,0,0,0,0,0,0,0,0,0,0,0,0,0,0,34,135,132,162,123,146,417,.9501,409,204,343,0,0,295,389,423,0,0,0,0,0,199,337,0,0,286,380,416,0,0,0,0,0,0,272,martich02,martich02,martin009chr,,0,10,eol
19927,0,14,Texas Rangers,Major League Baseball,Winn,Cole,,60,25,11,1999,206,The United States,41802,Longmont,4,188,190,1,1,12,83,407,3,3,95,190,50,235,94,91,92,186,47,232,89,88,92,187,48,233,90,89,5,0,0,33,8,11,58,10,40,454,349,449,373,445,362,12,5,0,41,109,49,13,3,51,38,43,42,0,0,10,3,3,200,0,0,0,0,0,0,0,0,0,1,550,.256,0,0,10,54,104,12,0,0,0,0,0,0,0,0,0,0,0,0,0,0,0,0,0,0,0,0,0,90,123,116,119,56,150,379,1.1505,375,190,268,400,361,0,0,0,0,0,0,0,0,189,265,396,358,0,0,0,0,0,0,0,0,0,400,winnco01,winnco01,winn--001col,,0,13,eol
20390,0,14,Texas Rangers,Major League Baseball,Carter,Evan,,32,29,8,2002,206,The United States,23389,Elizabethton,4,188,190,2,1,8,248,251,3,0,372,440,347,404,401,347,384,448,365,411,413,354,372,476,406,434,380,369,13,2,2,170,167,199,153,7,7,4,1,4,1,8,1,15,30,10,1,24,53,13,4,6,6,20,17,0,0,140,100,118,0,0,0,0,0,0,132,200,95,0,1,550,.248,25,8,12,53,103,13,0,0,0,0,0,0,0,0,0,0,0,0,0,0,0,0,0,0,0,0,0,75,89,160,179,82,88,1,.9756,1,3,0,0,0,0,0,0,0,0,0,0,0,1,0,0,0,0,0,0,0,0,0,0,0,0,275,carteev01,carteev01,carter000eva,,0,13,eol
20395,0,14,Texas Rangers,Major League Baseball,Leiter,Jack,,35,21,4,2000,206,The United States,76864,Summit,4,185,205,1,1,11,145,378,4,2,93,189,51,241,92,88,89,187,47,229,87,86,92,187,48,232,89,88,5,0,0,10,9,11,11,48,29,420,308,425,331,417,325,5,6,1,139,107,41,11,3,50,35,42,41,0,0,6,14,8,200,0,0,0,0,0,0,0,0,0,1,550,.255,0,0,14,64,108,5,0,0,0,0,0,0,0,0,0,0,0,0,0,0,0,0,0,0,0,0,0,142,102,195,164,25,113,396,.9249,396,199,286,337,380,416,0,0,0,0,0,0,0,199,286,337,380,416,0,0,0,0,0,0,0,0,411,leiteja01,leiteja01,leiter000jac,,0,11,eol
20399,0,14,Texas Rangers,Major League Baseball,Latz,Jacob,,67,8,4,1996,206,The United States,44759,Lemont,4,188,185,1,2,12,447,649,6,1,94,189,49,233,91,90,92,187,48,233,90,89,92,187,48,233,90,89,5,0,0,14,7,11,20,12,26,478,319,463,309,456,291,1,6,0,41,109,39,9,3,50,35,42,41,0,0,16,15,12,200,0,0,0,0,0,0,0,0,0,1,550,.249,0,0,11,67,106,1,0,0,0,0,0,0,0,0,0,0,0,0,0,0,0,0,0,0,0,0,0,89,126,76,114,127,92,388,1.0873,396,195,371,408,330,0,0,0,0,0,0,0,0,197,375,412,333,0,0,0,0,0,0,0,0,0,418,latzja01,latzja01,latz--000jak,,0,9,eol
20404,0,14,Texas Rangers,Major League Baseball,Freeman,Cody,,39,5,1,2001,206,The United States,64993,Rancho Cucamonga,5,173,181,1,1,4,0,0,2,0,381,311,358,273,467,256,372,309,349,259,456,251,346,326,358,314,419,251,0,1,1,73,109,115,124,119,13,1,1,1,1,1,1,15,30,10,1,15,55,13,4,103,95,81,109,0,0,105,113,129,0,0,0,200,200,0,0,0,200,0,1,550,.236,19,0,11,25,75,0,0,0,0,0,0,0,0,0,0,0,0,0,0,0,0,0,0,0,0,0,0,75,119,76,199,126,85,1,.9756,1,3,0,0,0,0,0,0,0,0,0,0,0,1,0,0,0,0,0,0,0,0,0,0,0,0,272,freemco01,freemco01,freema000cod,,0,13,eol
20416,0,14,Texas Rangers,Major League Baseball,Rocker,Kumar,,80,22,11,1999,206,The United States,85460,Watkinsville,1,196,245,1,1,11,70,359,4,2,94,189,49,239,92,90,92,186,47,231,89,88,92,187,48,233,90,89,5,2,2,10,10,11,10,13,59,320,366,316,384,326,361,9,6,0,120,109,57,10,4,50,35,42,41,0,0,15,12,10,200,0,0,0,0,0,0,0,0,0,1,550,.270,0,0,17,51,96,9,0,0,0,0,0,0,0,0,0,0,0,0,0,0,0,0,0,0,0,0,0,59,125,127,92,31,89,346,1.1109,352,184,0,255,384,0,348,0,0,0,0,0,0,187,0,262,393,0,355,0,0,0,0,0,0,0,400,rockeku01,rockeku01,rocker000kum,,0,10,eol
20484,0,14,Texas Rangers,Major League Baseball,Corniell,Jose,,59,22,6,2003,56,Dominican Republic,71432,Santo Domingo,1,191,165,1,1,12,0,0,3,0,96,190,50,239,95,92,92,186,48,230,89,88,92,187,48,233,90,89,5,0,0,9,7,11,10,10,24,308,270,337,290,345,282,6,6,5,47,109,35,18,3,51,44,46,44,0,0,17,5,11,200,0,0,0,0,0,0,0,0,0,1,550,.301,0,0,28,76,68,6,0,0,0,0,0,0,0,0,0,0,0,0,0,0,0,0,0,0,0,0,0,114,98,94,129,102,71,249,1.0207,256,192,192,0,0,0,0,0,0,0,0,0,0,198,198,0,0,0,0,0,0,0,0,0,0,0,392,cornijo01,cornijo01,cornie002jos,,0,18,eol
20669,0,14,Texas Rangers,Major League Baseball,Heuer,Codi,,54,3,7,1996,206,The United States,86910,Windsor,4,196,194,1,1,12,180,191,3,0,96,192,51,243,96,91,91,186,46,229,88,88,92,187,48,233,90,89,5,0,0,25,9,11,40,12,87,112,290,125,298,379,379,1,6,1,49,109,60,10,3,51,43,46,44,0,0,6,6,2,200,0,0,0,0,0,0,0,0,0,1,550,.306,0,0,36,71,84,1,0,0,0,0,0,0,0,0,0,0,0,0,0,0,0,0,0,0,0,0,0,152,23,139,77,31,19,297,1.0036,368,160,255,0,325,0,0,0,0,0,0,0,0,192,326,0,404,0,0,0,0,0,0,0,0,0,375,heuerco01,heuerco01,heuer-000cod,,0,10,eol
20881,0,14,Texas Rangers,Major League Baseball,Curvelo,Luis,,57,21,10,2000,210,Venezuela,91249,Higuerote,5,185,170,1,1,12,0,0,2,0,95,189,50,236,95,91,92,186,47,232,88,89,92,187,48,233,90,89,5,0,0,25,9,11,41,15,113,425,306,431,307,431,315,1,1,1,37,109,32,13,3,51,41,45,43,0,0,18,5,9,200,0,0,0,0,0,0,0,0,0,1,550,.258,0,0,17,68,119,1,0,0,0,0,0,0,0,0,0,0,0,0,0,0,0,0,0,0,0,0,0,75,126,111,10,97,32,418,1.0212,386,337,200,0,417,0,0,0,0,0,0,0,0,318,187,0,393,0,0,0,0,0,0,0,0,0,400,curvelu01,curvelu01,curvel000lui,,0,13,eol
20884,0,14,Texas Rangers,Major League Baseball,Helman,Michael,,24,23,5,1996,206,The United States,45562,Lincoln,4,183,194,1,1,8,46,182,2,2,354,522,429,340,423,268,355,521,428,338,423,269,336,472,408,345,394,274,4,0,0,143,144,192,122,179,3,1,1,1,1,1,1,15,30,10,1,37,57,13,3,18,10,7,17,0,0,140,100,118,0,0,0,0,0,0,0,200,0,0,1,550,.243,32,7,20,37,96,4,0,0,0,0,0,0,0,0,0,0,0,0,0,0,0,0,0,0,0,0,0,102,110,77,130,9,92,1,.9302,1,3,0,0,0,0,0,0,0,0,0,0,0,1,0,0,0,0,0,0,0,0,0,0,0,0,275,helmami01,helmami01,helman000mic,,0,13,eol
20890,0,14,Texas Rangers,Major League Baseball,Osuna,Alejandro,,19,10,10,2002,124,Mexico,576,Ahome,5,175,185,2,2,7,0,0,1,0,364,231,244,459,413,314,370,237,252,467,419,317,339,287,306,434,399,275,6,0,0,84,169,141,115,41,15,1,1,1,1,1,1,15,30,10,1,29,57,11,3,8,2,14,6,0,0,89,93,113,0,0,0,0,0,0,200,0,200,0,1,550,.233,15,0,6,72,99,6,0,0,0,0,0,0,0,0,0,0,0,0,0,0,0,0,0,0,0,0,0,122,132,13,120,180,95,1,1.0750,1,3,0,0,0,0,0,0,0,0,0,0,0,1,0,0,0,0,0,0,0,0,0,0,0,0,269,osunaal02,osunaal02,osuna-003ale,,0,11,eol
20262,0,14,Texas Rangers,Major League Baseball,Milner,Hoby,,41,13,1,1991,206,The United States,25145,Fort Worth,4,191,183,2,2,12,1376,1621,9,2,89,185,46,226,86,87,94,188,49,235,92,90,89,187,48,254,87,86,5,0,0,10,9,11,10,15,70,438,483,435,445,400,443,4,1,1,33,157,61,12,2,50,35,42,41,0,0,17,3,19,200,0,0,0,0,0,0,0,0,0,1,550,.267,0,0,8,34,99,4,0,0,0,0,0,0,0,0,0,0,0,0,0,0,0,0,0,0,0,0,0,94,108,84,130,190,125,359,1.0806,388,315,0,222,343,0,167,0,0,0,0,0,0,350,0,257,386,0,185,0,0,0,0,0,0,0,360,milneho01,milneho01,milner001hob,,0,12,eol
20644,0,14,Texas Rangers,Major League Baseball,Seager,Corey,Seags,5,27,4,1994,206,The United States,36907,Kannapolis,4,193,216,2,1,6,1670,1698,11,0,415,318,453,395,377,442,418,373,452,446,433,402,450,439,436,398,431,455,4,1,1,30,24,28,81,7,5,1,1,1,1,1,1,15,30,10,1,47,59,14,4,138,129,138,148,0,0,18,19,20,0,0,0,0,0,200,0,0,0,0,1,550,.285,26,0,25,61,96,4,0,0,0,0,0,0,0,0,0,0,0,0,0,0,0,0,0,0,0,0,0,197,43,190,85,158,58,1,.9756,1,3,0,0,0,0,0,0,0,0,0,0,0,1,0,0,0,0,0,0,0,0,0,0,0,0,280,seageco01,seageco01,seager001cor,,0,14,eol
20655,0,14,Texas Rangers,Major League Baseball,Eovaldi,Nathan,Evo,17,13,2,1990,206,The United States,32688,Houston,4,188,216,1,1,11,2174,2174,17,0,94,188,50,234,92,91,92,186,48,232,89,89,152,192,225,313,109,181,5,1,1,25,7,11,42,14,50,375,481,404,479,406,460,7,5,0,160,121,59,10,3,55,106,67,41,0,0,4,6,17,200,0,0,0,0,0,0,0,0,0,1,550,.241,0,0,11,28,116,7,0,0,0,0,0,0,0,0,0,0,0,0,0,0,0,0,0,0,0,0,0,71,16,126,79,86,47,413,1.0674,405,208,429,349,0,396,0,301,0,0,0,0,0,203,422,342,0,387,0,293,0,0,0,0,0,0,427,eovalna01,eovalna01,eovald001nat,,0,10,eol
18506,0,14,Texas Rangers,Major League Baseball,McKinney,Billy,,23,23,8,1994,206,The United States,59475,Plano,4,185,205,2,2,9,1039,1039,9,1,303,316,258,341,326,274,328,374,322,353,389,255,315,442,405,411,360,257,6,1,1,78,23,142,74,7,1,1,1,1,1,1,1,15,30,10,1,48,56,11,3,19,20,17,4,0,0,105,110,128,0,0,0,0,0,0,71,0,200,0,1,550,.213,20,1,8,40,120,6,0,0,0,0,0,0,0,0,0,0,0,0,0,0,0,0,0,0,0,0,0,200,140,44,17,82,105,1,1.0750,1,3,0,0,0,0,0,0,0,0,0,0,0,1,0,0,0,0,0,0,0,0,0,0,0,0,271,mckinbi01,mckinbi01,mckinn002bil,,0,11,eol
18841,0,14,Texas Rangers,Major League Baseball,Gray,Jon,Gray Wolf,22,5,11,1991,206,The United States,18765,Chandler,4,193,225,1,1,11,1563,1779,14,3,93,188,48,233,91,89,92,187,48,233,90,89,144,306,159,275,88,171,5,0,0,22,6,11,36,9,35,375,403,401,429,428,394,1,1,1,130,103,41,14,3,51,42,45,43,0,0,13,11,1,200,0,0,0,0,0,0,0,0,0,1,550,.276,0,0,17,41,90,1,0,0,0,0,0,0,0,0,0,0,0,0,0,0,0,0,0,0,0,0,0,60,167,110,162,128,113,321,1.2335,411,163,264,332,307,0,0,0,0,0,0,0,0,204,343,423,388,0,0,0,0,0,0,0,0,0,387,grayjo02,grayjo02,gray--001jon,,0,14,eol
18889,0,14,Texas Rangers,Major League Baseball,Corbin,Patrick,Corby,46,19,7,1989,206,The United States,92586,Clay,4,193,225,2,2,12,2045,2179,16,2,74,158,55,192,72,66,99,196,45,246,97,97,222,326,57,301,195,256,5,1,1,21,10,11,33,14,10,422,353,350,412,374,416,3,4,0,143,101,51,9,3,67,100,69,41,0,0,5,15,17,200,0,0,0,0,0,0,0,0,0,1,550,.292,0,0,15,44,96,3,0,0,0,0,0,0,0,0,0,0,0,0,0,0,0,0,0,0,0,0,0,118,95,195,109,92,159,346,.6660,386,306,162,0,306,306,212,0,0,0,0,0,0,354,211,0,402,354,305,0,0,0,0,0,0,0,291,corbipa01,corbipa01,corbin001pat,,0,9,eol
19655,0,14,Texas Rangers,Major League Baseball,Burger,Jake,,21,10,4,1996,206,The United States,19349,Chesterfield,4,188,229,1,1,3,640,863,5,1,391,400,415,290,413,368,363,371,436,238,361,369,352,405,458,315,355,353,6,2,2,75,22,115,95,7,19,1,1,1,1,1,1,15,30,10,1,31,59,13,3,59,43,81,42,0,0,14,1,2,0,0,200,0,200,0,0,0,0,0,1,550,.255,24,1,21,23,119,6,0,0,0,0,0,0,0,0,0,0,0,0,0,0,0,0,0,0,0,0,0,119,71,128,114,93,120,1,.9302,1,3,0,0,0,0,0,0,0,0,0,0,0,1,0,0,0,0,0,0,0,0,0,0,0,0,279,burgeja01,burgeja01,burger000jak,,0,13,eol
19662,0,14,Texas Rangers,Major League Baseball,deGrom,Jacob,deGrominator,48,19,6,1988,206,The United States,22261,DeLeon Springs,4,193,181,2,1,11,1870,1870,13,0,88,182,45,226,84,86,94,188,49,236,92,91,338,219,190,274,334,345,5,0,0,17,7,11,25,12,67,374,448,387,477,456,456,3,3,0,154,91,42,17,3,63,111,71,41,0,0,3,2,15,200,0,0,0,0,0,0,0,0,0,1,550,.227,0,0,17,32,128,3,0,0,0,0,0,0,0,0,0,0,0,0,0,0,0,0,0,0,0,0,0,82,104,127,107,79,91,437,.7759,471,313,366,413,413,0,0,0,0,0,0,0,0,314,368,451,415,0,0,0,0,0,0,0,0,0,471,degroja01,degroja01,degrom001jac,,0,17,eol
20571,0,14,Texas Rangers,Major League Baseball,Dunning,Dane,,33,20,12,1994,206,The United States,57493,Orange Park,2,193,225,1,1,12,718,833,6,1,94,188,49,236,93,90,92,186,48,232,89,88,100,176,48,231,92,104,5,2,2,25,10,11,40,6,107,308,349,310,387,383,370,12,4,0,70,112,50,11,3,51,41,45,43,0,0,1,17,6,200,0,0,0,0,0,0,0,0,0,1,550,.277,0,0,20,52,104,12,0,0,0,0,0,0,0,0,0,0,0,0,0,0,0,0,0,0,0,0,0,73,95,192,91,74,76,379,.9060,364,0,300,394,300,300,300,0,0,0,0,0,0,0,286,379,286,286,286,0,0,0,0,0,0,0,366,dunnida01,dunnida01,dunnin000dan,,0,11,eol
20598,0,14,Texas Rangers,Major League Baseball,Boushley,Caleb,,70,1,10,1993,206,The United States,32621,Hortonville,4,191,190,1,1,12,237,237,5,0,96,190,51,239,96,92,91,186,47,231,88,88,92,187,48,233,90,89,5,0,0,9,7,11,10,8,24,421,405,431,419,409,385,6,3,0,48,109,49,12,4,51,38,43,42,0,0,10,19,4,200,0,0,0,0,0,0,0,0,0,1,550,.262,0,0,11,42,97,6,0,0,0,0,0,0,0,0,0,0,0,0,0,0,0,0,0,0,0,0,0,164,111,128,73,93,94,350,.8805,377,221,315,342,276,167,0,0,0,0,0,0,0,253,347,382,312,183,0,0,0,0,0,0,0,0,400,boushca01,boushca01,boushl000cal,,0,12,eol
19026,0,14,Texas Rangers,Major League Baseball,Barnhart,Tucker,Tuck,18,7,1,1991,206,The United States,34491,Indianapolis,4,173,192,3,1,2,1730,1730,12,1,285,321,213,404,295,280,325,309,272,439,315,337,415,398,316,404,423,406,7,2,1,92,24,170,88,124,12,242,344,255,348,276,374,15,30,10,46,49,63,11,3,14,2,4,16,136,117,20,10,5,0,200,0,0,0,0,0,0,0,0,1,550,.212,17,1,6,60,145,7,0,0,0,0,0,0,0,0,0,0,0,0,0,0,0,0,0,0,0,0,0,105,144,119,111,79,112,211,1.0096,196,0,0,193,0,0,193,0,0,0,0,0,0,0,0,176,0,0,181,0,0,0,0,0,0,0,368,barnhtu01,barnhtu01,barnha001tuc,,106,11,eol
19036,0,14,Texas Rangers,Major League Baseball,Ahmed,Nick,Slick Nick,23,15,3,1990,206,The United States,22486,East Longmeadow,4,188,201,1,1,6,1726,1726,12,0,386,324,192,317,407,367,349,268,209,309,392,311,390,478,371,385,435,334,2,0,0,134,104,148,137,134,162,1,1,1,1,1,1,15,30,10,1,25,56,13,3,149,134,140,139,0,0,3,16,17,0,0,0,0,0,200,0,0,0,0,1,550,.227,15,3,4,32,110,2,0,0,0,0,0,0,0,0,0,0,0,0,0,0,0,0,0,0,0,0,0,15,125,127,127,94,73,1,.9302,1,3,0,0,0,0,0,0,0,0,0,0,0,1,0,0,0,0,0,0,0,0,0,0,0,0,276,ahmedni01,ahmedni01,ahmed-000nic,,0,13,eol
19377,0,14,Texas Rangers,Major League Baseball,Armstrong,Shawn,,43,11,9,1990,206,The United States,55053,New Bern,4,188,225,1,1,13,1720,2015,14,3,95,190,50,238,94,91,92,186,48,232,89,88,92,187,48,233,90,89,5,0,0,9,6,11,10,9,4,462,386,510,401,494,440,10,5,1,29,112,39,10,3,50,35,42,41,0,0,11,11,20,200,0,0,0,0,0,0,0,0,0,1,550,.244,0,0,8,46,119,10,0,0,0,0,0,0,0,0,0,0,0,0,0,0,0,0,0,0,0,0,0,88,80,79,194,125,116,418,.9625,429,204,423,0,0,388,343,0,0,0,0,0,0,209,432,0,0,399,351,0,0,0,0,0,0,0,406,armstsh01,armstsh01,armstr001sha,,0,10,eol
19470,0,14,Texas Rangers,Major League Baseball,Taveras,Leody,,3,8,9,1998,56,Dominican Republic,79147,Tenares,1,185,172,3,1,8,758,775,6,0,330,318,340,357,375,284,364,377,316,315,394,339,419,392,340,353,410,425,0,1,1,158,196,173,148,164,5,4,1,4,1,8,1,15,30,10,1,40,53,12,3,4,19,11,20,0,0,154,93,154,0,0,0,0,0,0,0,200,131,0,1,550,.233,20,4,9,35,114,0,0,0,0,0,0,0,0,0,0,0,0,0,0,0,0,0,0,0,0,0,0,119,168,126,128,80,73,1,.9302,1,3,0,0,0,0,0,0,0,0,0,0,0,1,0,0,0,0,0,0,0,0,0,0,0,0,274,taverle01,taverle01,tavera000leo,,0,12,eol
18844,0,14,Texas Rangers,Major League Baseball,Jackson,Luke,Skywalker,49,24,8,1991,206,The United States,25202,Fort Lauderdale,4,188,209,1,1,12,1506,1657,13,3,94,189,50,240,93,90,92,186,48,231,88,89,89,187,48,255,95,76,5,0,0,9,6,11,10,12,51,405,284,413,306,415,335,7,5,0,34,101,56,10,4,50,37,43,42,0,0,8,18,6,200,0,0,0,0,0,0,0,0,0,1,550,.270,0,0,11,70,102,7,0,0,0,0,0,0,0,0,0,0,0,0,0,0,0,0,0,0,0,0,0,85,91,107,41,73,76,369,1.1580,422,319,188,394,0,0,0,0,0,0,0,0,0,352,210,433,0,0,0,0,0,0,0,0,0,0,355,jackslu01,jackslu01,jackso001luk,,0,10,eol
20049,0,14,Texas Rangers,Major League Baseball,Garabito,Gerson,,58,19,8,1995,56,Dominican Republic,69886,San Cristóbal,1,183,161,1,1,12,8,128,4,2,96,191,50,241,95,92,92,186,47,230,89,88,92,187,48,233,90,89,5,0,0,34,10,11,59,13,9,369,399,386,402,362,364,12,3,0,41,109,51,12,3,51,43,46,44,0,0,16,17,17,200,0,0,0,0,0,0,0,0,0,1,550,.268,0,0,14,44,94,12,0,0,0,0,0,0,0,0,0,0,0,0,0,0,0,0,0,0,0,0,0,146,106,14,81,107,117,338,.9943,346,180,308,248,341,0,248,0,0,0,0,0,0,186,316,259,352,0,259,0,0,0,0,0,0,0,400,garabge01,garabge01,garabi000ger,,0,12,eol
20175,0,14,Texas Rangers,Major League Baseball,Harris,Dustin,,38,8,7,1999,206,The United States,43543,Land O' Lakes,1,188,185,2,1,7,23,314,2,2,302,473,369,355,326,272,313,482,388,372,341,283,205,471,372,341,271,155,3,2,2,102,65,115,114,58,17,1,1,1,1,1,1,15,30,10,1,45,54,11,4,5,15,7,10,0,0,89,97,113,0,0,0,0,0,0,200,200,151,0,1,550,.218,28,3,13,43,135,3,0,0,0,0,0,0,0,0,0,0,0,0,0,0,0,0,0,0,0,0,0,104,85,83,89,75,117,1,.9756,1,3,0,0,0,0,0,0,0,0,0,0,0,1,0,0,0,0,0,0,0,0,0,0,0,0,274,harridu01,harridu01,harris000dus,,0,11,eol
20510,0,14,Texas Rangers,Major League Baseball,Semien,Marcus,Sauce,2,17,9,1990,206,The United States,69999,San Francisco,1,183,194,1,1,4,2044,2179,14,1,387,300,387,457,443,317,367,350,395,405,450,250,415,467,434,445,457,364,3,3,2,101,88,155,103,6,4,1,1,1,1,1,1,15,30,10,1,48,57,11,3,103,178,58,130,0,0,12,2,1,0,0,0,200,0,0,0,0,0,0,1,550,.243,20,1,14,56,81,3,0,0,0,0,0,0,0,0,0,0,0,0,0,0,0,0,0,0,0,0,0,98,130,85,129,166,130,1,.9302,1,3,0,0,0,0,0,0,0,0,0,0,0,1,0,0,0,0,0,0,0,0,0,0,0,0,275,semiema01,semiema01,semien001mar,,0,11,eol
19358,0,14,Texas Rangers,Major League Baseball,Webb,Jacob,,71,15,8,1993,206,The United States,66644,Riverside,4,188,209,1,1,12,826,826,6,0,95,190,50,236,95,91,92,186,47,233,89,88,89,187,48,231,87,86,5,0,0,9,6,11,10,7,46,424,399,432,378,449,338,4,1,0,36,110,38,13,3,50,35,42,41,0,0,17,9,14,200,0,0,0,0,0,0,0,0,0,1,550,.233,0,0,15,48,108,4,0,0,0,0,0,0,0,0,0,0,0,0,0,0,0,0,0,0,0,0,0,83,64,51,90,107,100,394,.8498,406,200,417,0,337,0,0,0,0,0,0,0,0,205,425,0,345,0,0,0,0,0,0,0,0,0,469,webbja01,webbja01,webb--003jac,,0,13,eol
19385,0,14,Texas Rangers,Major League Baseball,Heim,Jonah,,28,27,6,1995,206,The United States,55211,New York,4,193,220,3,1,2,837,1005,9,2,319,278,367,360,407,198,358,312,357,346,432,259,387,418,411,393,430,334,2,0,0,60,24,156,80,52,17,1,1,1,1,1,1,15,30,10,1,1,57,12,3,1,7,8,18,149,84,8,19,7,0,200,0,0,0,0,0,0,0,0,1,550,.226,17,0,12,39,94,2,0,0,0,0,0,0,0,0,0,0,0,0,0,0,0,0,0,0,0,0,0,54,108,101,22,9,74,1,.9302,1,3,0,0,0,0,0,0,0,0,0,0,0,1,0,0,0,0,0,0,0,0,0,0,0,0,278,heimjo01,heimjo01,heim--000jon,,110,12,eol
19674,0,14,Texas Rangers,Major League Baseball,Duran,Ezequiel,,20,22,5,1999,56,Dominican Republic,70230,San Juan de la Maguana,1,180,185,1,1,3,452,757,4,2,398,388,109,211,342,436,418,396,122,275,404,428,425,382,336,295,375,459,6,2,2,80,149,161,102,98,111,433,335,433,335,417,309,1,1,0,34,28,30,18,3,104,91,133,78,0,0,104,109,128,0,0,148,188,200,200,88,0,200,0,1,550,.255,32,0,1,24,113,6,0,0,0,0,0,0,0,0,0,0,0,0,0,0,0,0,0,0,0,0,0,27,124,74,101,109,109,215,1.0030,236,190,0,0,164,0,0,0,0,0,0,0,0,210,0,0,168,0,0,0,0,0,0,0,0,0,399,duranez01,duranez01,duran-000eze,,0,18,eol
19680,0,14,Texas Rangers,Major League Baseball,Garcia,Robert,,62,14,6,1996,206,The United States,47830,Manteca,5,193,236,1,2,12,344,344,4,0,96,191,52,239,96,92,92,186,47,231,88,89,92,187,48,233,90,89,5,0,0,10,10,11,10,7,47,442,430,421,406,440,402,2,5,2,31,109,48,14,3,50,35,42,41,0,0,2,6,7,200,0,0,0,0,0,0,0,0,0,1,550,.254,0,0,12,42,127,2,0,0,0,0,0,0,0,0,0,0,0,0,0,0,0,0,0,0,0,0,0,2,191,112,155,32,100,434,1.1404,442,319,421,0,375,0,0,0,0,0,0,0,0,304,433,0,352,0,0,0,0,0,0,0,0,0,363,garciro04,garciro04,garcia010rob,,0,14,eol
19692,0,14,Texas Rangers,Major League Baseball,Haggerty,Sam,,1,26,5,1994,206,The United States,20170,Denver,4,180,174,3,1,7,937,937,10,0,471,420,274,348,443,477,411,426,221,411,403,418,403,396,308,407,382,420,5,0,0,187,209,178,148,114,96,1,1,1,1,1,1,15,30,10,1,38,57,10,3,109,113,63,120,0,0,89,93,113,0,0,0,200,0,0,200,200,200,0,1,550,.267,23,12,5,50,102,5,0,0,0,0,0,0,0,0,0,0,0,0,0,0,0,0,0,0,0,0,0,116,131,79,111,82,122,1,.9302,1,3,0,0,0,0,0,0,0,0,0,0,0,1,0,0,0,0,0,0,0,0,0,0,0,0,274,haggesa01,haggesa01,hagger000sam,,0,10,eol
19700,0,14,Texas Rangers,Major League Baseball,Higashioka,Kyle,Higgy,11,20,4,1990,206,The United States,33047,Huntington Beach,2,185,203,1,1,2,1317,1319,10,1,349,441,437,286,409,286,360,388,420,341,383,341,333,400,438,320,377,292,2,2,2,98,63,148,93,38,10,1,1,1,1,1,1,15,30,10,1,19,54,13,2,20,8,3,2,61,74,11,18,20,0,200,0,0,0,0,0,0,0,0,1,550,.247,25,2,19,35,113,2,0,0,0,0,0,0,0,0,0,0,0,0,0,0,0,0,0,0,0,0,0,77,83,99,87,106,103,1,.8163,1,3,0,0,0,0,0,0,0,0,0,0,0,1,0,0,0,0,0,0,0,0,0,0,0,0,273,higasky01,higasky01,higash001kyl,,111,13,eol
19563,0,14,Texas Rangers,Major League Baseball,García,Adolis,El Bombi,53,2,3,1993,49,Cuba,13746,Ciego de Avila,1,185,181,1,1,9,1022,1275,8,2,310,431,408,268,319,303,364,424,412,329,379,354,366,438,451,387,334,401,4,3,2,86,136,155,130,8,1,1,1,1,1,1,1,15,30,10,1,5,58,12,3,11,4,17,17,0,0,114,111,151,0,0,0,0,0,0,0,0,200,0,1,550,.241,29,0,17,33,124,4,0,0,0,0,0,0,0,0,0,0,0,0,0,0,0,0,0,0,0,0,0,112,128,99,77,174,103,1,.9302,1,3,0,0,0,0,0,0,0,0,0,0,0,1,0,0,0,0,0,0,0,0,0,0,0,0,278,garciad02,garciad02,garcia048jos,,0,12,eol
19782,0,14,Texas Rangers,Major League Baseball,Pederson,Joc,King,4,21,4,1992,206,The United States,62386,Palo Alto,4,185,220,2,2,9,1835,1950,14,3,292,421,408,501,341,222,340,404,429,460,400,276,378,437,465,454,378,382,13,2,2,107,66,141,119,33,10,1,1,1,1,1,1,15,30,10,1,3,58,11,3,66,56,60,59,0,0,105,119,129,0,0,200,0,0,0,0,0,200,0,1,550,.231,23,2,19,74,115,13,0,0,0,0,0,0,0,0,0,0,0,0,0,0,0,0,0,0,0,0,0,195,112,119,78,77,101,1,1.0750,1,3,0,0,0,0,0,0,0,0,0,0,0,1,0,0,0,0,0,0,0,0,0,0,0,0,274,pederjo01,pederjo01,peders001joc,,0,11,eol
18936,0,14,Texas Rangers,Major League Baseball,Pillar,Kevin,KP,1,4,1,1989,206,The United States,41955,Los Angeles,4,183,209,1,1,8,1916,1916,16,0,398,465,306,225,438,346,356,426,328,271,405,311,415,412,348,258,454,368,11,0,0,128,179,193,145,92,18,1,1,1,1,1,6,15,30,10,1,49,55,14,4,5,1,7,3,0,0,150,144,134,0,0,0,0,0,0,88,200,96,0,1,550,.237,30,2,9,24,102,11,0,0,0,0,0,0,0,0,0,0,0,0,0,0,0,0,0,0,0,0,0,57,17,106,86,142,121,1,.9756,1,3,0,0,0,0,0,0,0,0,0,0,0,1,0,0,0,0,0,0,0,0,0,0,0,0,274,pillake01,pillake01,pillar000kev,,0,14,eol
20509,0,14,Texas Rangers,Major League Baseball,Ornelas,Jonathan,,19,26,5,2000,206,The United States,63646,Peoria,5,183,196,1,1,4,179,179,6,0,331,338,326,367,343,324,327,334,320,358,336,321,319,340,323,349,330,311,4,0,0,35,6,11,62,119,6,1,1,1,1,1,1,15,30,10,1,15,55,14,3,107,112,136,76,0,0,8,8,19,0,0,0,93,200,174,0,0,0,0,1,550,.221,20,0,9,42,135,4,0,0,0,0,0,0,0,0,0,0,0,0,0,0,0,0,0,0,0,0,0,123,128,77,98,15,111,1,.9302,1,3,0,0,0,0,0,0,0,0,0,0,0,1,0,0,0,0,0,0,0,0,0,0,0,0,274,orneljo01,orneljo01,ornela000jon,,0,14,eol
19596,0,14,Texas Rangers,Major League Baseball,Mahle,Tyler,,51,29,9,1994,206,The United States,55285,Newport Beach,4,191,209,1,1,11,1284,1428,11,2,95,189,50,241,94,91,92,186,47,230,88,89,87,249,52,267,129,38,5,0,0,9,8,11,10,14,18,510,385,525,372,416,380,1,1,2,141,121,40,11,3,50,35,42,41,0,0,19,6,19,200,0,0,0,0,0,0,0,0,0,1,550,.250,0,0,7,50,90,1,0,0,0,0,0,0,0,0,0,0,0,0,0,0,0,0,0,0,0,0,0,130,126,99,110,68,118,321,.8980,410,157,318,0,0,246,0,291,0,0,0,0,0,205,426,0,0,346,0,392,0,0,0,0,0,0,423,mahlety01,mahlety01,mahle-000tyl,,0,11,eol
19826,0,14,Texas Rangers,Major League Baseball,Smith,Josh,,8,7,8,1997,206,The United States,7611,Baton Rouge,4,175,172,2,1,5,516,765,5,1,406,365,273,422,385,421,430,381,332,413,439,417,423,390,335,406,421,422,10,0,0,101,107,150,100,116,10,1,1,1,1,1,1,15,30,10,1,31,56,12,3,104,91,133,71,0,0,89,94,113,0,0,170,0,200,200,200,0,0,0,1,550,.270,28,2,9,55,93,10,0,0,0,0,0,0,0,0,0,0,0,0,0,0,0,0,0,0,0,0,0,65,179,91,163,76,89,1,.9302,1,3,0,0,0,0,0,0,0,0,0,0,0,1,0,0,0,0,0,0,0,0,0,0,0,0,272,smithjo11,smithjo11,smith-031jos,,0,12,eol
20674,0,14,Texas Rangers,Major League Baseball,Church,Marc,,30,30,3,2001,206,The United States,4704,Atlanta,1,191,190,1,1,12,13,184,2,1,93,188,48,232,90,90,92,186,48,233,90,89,92,187,48,233,90,89,5,0,0,10,9,11,10,8,45,404,224,416,229,337,231,1,1,1,33,109,50,12,3,51,43,46,44,0,0,19,14,10,200,0,0,0,0,0,0,0,0,0,1,550,.284,0,0,12,94,102,1,0,0,0,0,0,0,0,0,0,0,0,0,0,0,0,0,0,0,0,0,0,162,34,195,94,102,14,368,1.0056,293,204,296,0,0,0,0,390,0,0,0,0,0,156,199,0,0,0,0,285,0,0,0,0,0,0,300,churcma01,churcma01,church000mar,,0,12,eol
20684,0,14,Texas Rangers,Major League Baseball,Foscue,Justin,,56,2,3,1999,206,The United States,33063,Huntsville,4,180,205,1,1,3,5,5,2,0,218,454,325,339,326,86,209,446,312,326,315,82,231,410,324,338,321,140,4,2,2,39,9,11,69,58,16,1,1,1,1,1,1,15,30,10,1,33,56,15,3,74,54,62,65,0,0,4,17,15,0,0,200,200,0,0,0,0,0,0,1,550,.155,20,0,9,35,142,4,0,0,0,0,0,0,0,0,0,0,0,0,0,0,0,0,0,0,0,0,0,112,129,121,85,55,57,1,.9302,1,3,0,0,0,0,0,0,0,0,0,0,0,1,0,0,0,0,0,0,0,0,0,0,0,0,274,foscuju01,foscuju01,foscue000jus,,0,15,eol
21046,0,14,Texas Rangers,Major League Baseball,Crim,Blaine,,13,17,6,1997,206,The United States,50908,Mobile,4,178,201,1,1,3,0,0,2,0,257,381,461,401,267,256,245,375,447,386,251,248,273,364,421,376,305,246,6,2,2,27,8,11,45,6,2,1,1,1,1,1,1,15,30,10,1,21,57,13,4,75,43,58,56,0,0,8,2,4,0,0,200,0,0,0,0,0,0,0,1,550,.212,19,0,25,47,165,6,0,0,0,0,0,0,0,0,0,0,0,0,0,0,0,0,0,0,0,0,0,127,50,111,124,6,53,1,.9756,1,3,0,0,0,0,0,0,0,0,0,0,0,1,0,0,0,0,0,0,0,0,0,0,0,0,274,crimbl01,crimbl01,crim--000bla,,0,13,eol
// Atlanta Braves, ID = 17
19266,0,17,Atlanta Braves,Major League Baseball,Lopez,Reynaldo,Rey,40,4,1,1994,56,Dominican Republic,70516,San Pedro de Macorís,1,185,201,1,1,11,1381,1421,11,1,95,189,50,241,94,92,92,186,47,231,88,89,88,174,49,219,88,82,5,0,0,27,8,11,46,8,80,458,368,472,405,419,385,2,2,1,144,107,46,13,4,51,43,46,44,0,0,3,5,7,200,0,0,0,0,0,0,0,0,0,1,550,.246,0,0,9,46,119,2,0,0,0,0,0,0,0,0,0,0,0,0,0,0,0,0,0,0,0,0,0,98,102,101,71,112,107,418,1.0227,376,207,301,395,428,0,0,0,0,0,0,0,0,194,276,369,407,0,0,0,0,0,0,0,0,0,405,lopezre01,lopezre01,lopez-000rey,,0,13,eol
20166,0,17,Atlanta Braves,Major League Baseball,Cox,Austin,,68,28,3,1997,206,The United States,46460,Macon,4,193,234,2,2,12,35,197,4,2,85,181,43,217,80,84,95,189,49,238,93,91,92,187,48,233,90,89,5,0,0,11,9,11,13,7,8,178,417,183,420,313,349,1,6,0,43,109,49,10,3,51,41,45,43,0,0,13,18,3,200,0,0,0,0,0,0,0,0,0,1,550,.290,0,0,35,41,100,1,0,0,0,0,0,0,0,0,0,0,0,0,0,0,0,0,0,0,0,0,0,75,104,117,111,126,98,362,1.1186,387,171,289,230,0,353,0,324,0,0,0,0,0,190,323,268,0,400,0,362,0,0,0,0,0,0,400,coxau01,coxau01,cox---001aus,,0,10,eol
20248,0,17,Atlanta Braves,Major League Baseball,Alvarez Jr.,Nacho,,67,11,4,2003,206,The United States,25955,Fontana,5,180,190,1,1,5,70,100,3,0,334,401,179,348,337,336,393,444,224,304,396,394,372,413,210,304,377,372,13,0,0,15,6,11,55,140,11,1,1,1,1,1,1,15,30,10,1,6,54,14,3,104,91,133,73,0,0,15,5,10,0,0,0,150,200,0,0,0,0,0,1,550,.237,33,0,4,33,117,13,0,0,0,0,0,0,0,0,0,0,0,0,0,0,0,0,0,0,0,0,0,78,104,99,90,74,72,1,.9302,1,3,0,0,0,0,0,0,0,0,0,0,0,1,0,0,0,0,0,0,0,0,0,0,0,0,272,alvarna01,alvarna01,alvare000ign,,0,14,eol
20318,0,17,Atlanta Braves,Major League Baseball,Petersen,Michael,,49,16,5,1994,206,The United States,110369,Mountain View,1,201,194,1,1,12,38,38,3,0,95,188,49,238,93,91,92,187,47,231,89,89,92,187,48,233,90,89,5,0,0,10,9,11,10,6,103,413,368,430,379,423,309,2,6,2,39,109,33,15,3,51,42,45,43,0,0,17,20,11,200,0,0,0,0,0,0,0,0,0,1,550,.271,0,0,18,51,96,2,0,0,0,0,0,0,0,0,0,0,0,0,0,0,0,0,0,0,0,0,0,82,12,74,72,109,93,345,1.0015,333,183,312,0,347,0,0,0,0,0,0,0,0,174,298,0,330,0,0,0,0,0,0,0,0,0,400,petermi01,petermi01,peters007mic,,0,15,eol
20702,0,17,Atlanta Braves,Major League Baseball,Wiles,Nathan,,71,2,7,1998,206,The United States,58136,Overland Park,4,193,227,1,1,12,0,0,2,0,94,189,49,238,92,90,92,187,47,232,90,88,92,187,48,233,90,89,5,0,0,28,6,11,49,9,69,283,315,277,314,266,297,6,6,5,34,109,59,14,3,51,44,46,44,0,0,18,18,7,200,0,0,0,0,0,0,0,0,0,1,550,.293,0,0,20,66,69,6,0,0,0,0,0,0,0,0,0,0,0,0,0,0,0,0,0,0,0,0,0,28,196,34,118,126,71,253,1.0255,258,190,0,228,190,190,0,0,0,0,0,0,0,193,0,233,193,193,0,0,0,0,0,0,0,0,379,wilesna01,wilesna01,wiles-000nat,,0,14,eol
20905,0,17,Atlanta Braves,Major League Baseball,Neris,Hector,,50,14,6,1989,56,Dominican Republic,83450,Villa Altagracia,1,188,227,1,1,12,1808,1808,13,0,95,190,50,237,94,92,92,186,48,232,89,89,89,187,48,230,86,85,5,0,0,9,8,11,10,10,39,348,275,363,306,415,355,5,6,5,31,107,43,17,3,51,40,44,43,0,0,4,4,6,200,0,0,0,0,0,0,0,0,0,1,550,.247,0,0,19,70,131,5,0,0,0,0,0,0,0,0,0,0,0,0,0,0,0,0,0,0,0,0,0,129,105,110,92,14,104,444,.9091,474,313,413,0,0,0,0,366,0,0,0,0,0,313,449,0,0,0,0,367,0,0,0,0,0,0,416,nerishe01,nerishe01,neris-001hec,,0,17,eol
20952,0,17,Atlanta Braves,Major League Baseball,De Los Santos,Enyel,,61,25,12,1995,56,Dominican Republic,70516,San Pedro de Macorís,1,191,234,1,1,12,1023,1268,7,2,96,190,51,237,95,92,91,186,47,232,88,88,89,187,48,230,89,82,5,0,0,23,6,11,39,6,72,370,372,396,383,423,367,7,4,1,34,118,41,13,3,50,35,42,41,0,0,13,15,3,200,0,0,0,0,0,0,0,0,0,1,550,.263,0,0,18,50,109,7,0,0,0,0,0,0,0,0,0,0,0,0,0,0,0,0,0,0,0,0,0,14,98,109,83,76,200,399,1.2320,427,198,335,0,414,0,0,0,0,0,0,0,0,209,351,0,432,0,0,0,0,0,0,0,0,0,401,delosen01,delosen01,deloss000eny,,0,13,eol
21007,0,17,Atlanta Braves,Major League Baseball,Murphy,Sean,,12,4,10,1994,206,The United States,22234,Dayton,4,191,227,1,1,2,973,1311,7,3,261,461,489,458,287,242,237,416,426,432,301,186,355,463,426,437,377,337,10,0,2,32,7,11,65,7,20,1,1,1,1,1,1,15,30,10,1,21,56,12,4,19,12,1,16,127,118,4,4,17,0,200,0,0,0,0,0,0,0,0,1,550,.207,22,1,23,63,150,10,0,0,0,0,0,0,0,0,0,0,0,0,0,0,0,0,0,0,0,0,0,95,119,118,95,93,81,1,.9756,1,3,0,0,0,0,0,0,0,0,0,0,0,1,0,0,0,0,0,0,0,0,0,0,0,0,277,murphse01,murphse01,murphy006sea,,179,12,eol
20703,0,17,Atlanta Braves,Major League Baseball,Harris,Hayden,,79,2,3,1999,206,The United States,27102,Grovetown,4,183,185,2,2,12,0,0,2,0,86,181,44,227,82,85,94,189,49,236,92,90,92,187,48,233,90,89,5,1,2,9,7,11,10,13,26,442,260,434,258,421,269,1,1,1,31,109,29,11,3,51,44,46,44,0,0,12,15,12,200,0,0,0,0,0,0,0,0,0,1,550,.293,0,0,18,83,57,1,0,0,0,0,0,0,0,0,0,0,0,0,0,0,0,0,0,0,0,0,0,128,152,117,117,120,22,217,.9881,239,177,177,0,209,177,0,0,0,0,0,0,0,195,195,0,236,195,0,0,0,0,0,0,0,0,400,harriha01,harriha01,harris000hay,,0,11,eol
19962,0,17,Atlanta Braves,Major League Baseball,Waldrep,Hurston,,64,1,3,2002,206,The United States,79708,Thomasville,4,188,205,1,1,11,48,95,4,0,93,188,48,234,91,89,93,187,48,232,90,90,92,187,48,233,90,89,5,1,1,32,10,11,54,13,27,430,322,452,326,358,323,9,1,1,150,109,57,12,3,50,36,42,42,0,0,6,17,17,200,0,0,0,0,0,0,0,0,0,1,550,.250,0,0,9,64,112,9,0,0,0,0,0,0,0,0,0,0,0,0,0,0,0,0,0,0,0,0,0,46,101,112,180,115,114,406,.9626,367,219,365,0,0,0,0,448,0,0,0,0,0,199,336,0,0,0,0,415,0,0,0,0,0,0,400,waldrhu01,waldrhu01,waldre000hur,,0,12,eol
20005,0,17,Atlanta Braves,Major League Baseball,Fuentes,Didier,,75,17,6,2005,44,Colombia,80434,Tolú,1,183,170,1,1,11,0,0,1,0,95,190,50,242,94,91,92,186,48,230,89,88,92,187,48,233,90,89,5,0,0,25,7,11,42,7,50,347,323,354,325,376,300,12,6,1,109,109,27,18,3,51,42,45,43,0,0,6,8,2,200,0,0,0,0,0,0,0,0,0,1,550,.298,0,0,32,64,79,12,0,0,0,0,0,0,0,0,0,0,0,0,0,0,0,0,0,0,0,0,0,104,74,94,104,141,111,284,1.0019,275,214,214,214,266,0,0,0,0,0,0,0,0,210,210,210,259,0,0,0,0,0,0,0,0,0,400,fuentdi01,fuentdi01,fuente000did,,0,18,eol
20015,0,17,Atlanta Braves,Major League Baseball,Munoz,Rolddy,,70,14,4,2000,56,Dominican Republic,71432,Santo Domingo,1,188,183,1,1,12,0,0,2,0,96,192,52,242,96,92,91,186,47,229,88,88,92,187,48,233,90,89,5,0,0,23,10,11,36,9,98,349,186,348,186,358,230,12,6,0,39,109,35,18,3,51,43,46,44,0,0,9,1,9,200,0,0,0,0,0,0,0,0,0,1,550,.283,0,0,25,108,91,12,0,0,0,0,0,0,0,0,0,0,0,0,0,0,0,0,0,0,0,0,0,102,128,74,102,93,43,326,.9983,296,263,0,0,263,0,0,0,0,0,0,0,0,233,0,0,233,0,0,0,0,0,0,0,0,0,395,munozro02,munozro02,munoz-000rol,,0,18,eol
20048,0,17,Atlanta Braves,Major League Baseball,Daniel,Davis,,58,11,6,1997,206,The United States,51547,Montgomery,4,185,190,1,1,11,185,485,4,3,96,190,51,238,96,91,91,186,47,231,88,88,92,187,48,233,90,89,5,0,0,9,6,11,10,12,102,398,350,398,351,400,346,8,1,3,127,109,41,13,3,51,42,45,44,0,0,3,19,7,200,0,0,0,0,0,0,0,0,0,1,550,.270,0,0,16,57,94,8,0,0,0,0,0,0,0,0,0,0,0,0,0,0,0,0,0,0,0,0,0,43,122,1,109,128,109,337,1.0541,337,174,236,298,236,0,0,330,0,0,0,0,0,174,236,298,236,0,0,330,0,0,0,0,0,0,400,danieda01,danieda01,daniel008dav,,0,13,eol
20138,0,17,Atlanta Braves,Major League Baseball,Smith-Shawver,AJ,,32,20,11,2002,206,The United States,14454,Colleyville,4,191,205,1,1,11,217,305,6,1,94,190,50,237,93,90,92,187,48,231,88,89,92,187,48,233,90,89,5,2,2,34,10,11,59,15,70,448,312,464,321,402,329,3,6,0,131,109,39,14,3,50,38,43,42,0,0,12,8,19,200,0,0,0,0,0,0,0,0,0,1,550,.259,0,0,12,65,102,3,0,0,0,0,0,0,0,0,0,0,0,0,0,0,0,0,0,0,0,0,0,95,126,99,117,31,125,371,.9422,357,201,340,384,0,0,0,290,0,0,0,0,0,192,325,365,0,0,0,271,0,0,0,0,0,0,400,smithaj01,smithaj01,smith-003aj-,,0,14,eol
18665,0,17,Atlanta Braves,Major League Baseball,León,Sandy,Noah,8,13,3,1989,210,Venezuela,17321,Caracas,5,178,225,3,1,2,1898,2089,15,1,188,230,409,242,281,77,183,303,399,271,250,115,391,396,336,368,362,415,4,0,2,29,10,11,48,130,8,1,1,1,1,188,345,15,30,10,1,1,56,13,3,18,13,11,11,100,117,6,11,16,0,200,0,0,0,0,0,0,0,0,1,550,.165,11,0,15,25,163,4,0,0,0,0,0,0,0,0,0,0,0,0,0,0,0,0,0,0,0,0,0,79,129,135,116,108,120,1,.9302,1,3,0,0,0,0,0,0,0,0,0,0,0,1,0,0,0,0,0,0,0,0,0,0,0,0,273,leonsa01,leonsa01,leon--001san,,128,13,eol
19293,0,17,Atlanta Braves,Major League Baseball,Olson,Matt,Oly,28,29,3,1994,206,The United States,4704,Atlanta,4,196,225,2,1,3,1548,1621,13,0,405,507,443,421,355,438,415,468,426,482,365,449,391,411,490,470,398,388,4,1,1,42,6,31,69,7,4,1,1,1,1,1,1,15,30,10,1,37,56,15,3,105,68,77,59,0,0,5,17,6,0,0,200,0,0,0,0,0,0,0,1,550,.279,37,2,21,73,124,4,0,0,0,0,0,0,0,0,0,0,0,0,0,0,0,0,0,0,0,0,0,66,138,32,185,100,139,1,.9302,1,3,0,0,0,0,0,0,0,0,0,0,0,1,0,0,0,0,0,0,0,0,0,0,0,0,278,olsonma02,olsonma02,olson-003mat,,0,15,eol
19310,0,17,Atlanta Braves,Major League Baseball,Profar,Jurickson,El Patron,7,20,2,1993,231,Curaçao,87084,Willemstad,1,183,190,3,1,7,1816,1816,12,0,442,338,421,429,480,399,393,403,423,493,439,333,418,405,418,457,453,377,10,0,0,90,83,148,130,106,20,1,1,1,1,1,1,15,30,10,1,27,58,11,2,18,16,17,11,0,0,83,122,120,0,0,0,0,0,0,200,0,0,0,1,550,.268,28,1,19,77,80,10,0,0,0,0,0,0,0,0,0,0,0,0,0,0,0,0,0,0,0,0,0,108,128,53,39,26,94,1,.8163,1,3,0,0,0,0,0,0,0,0,0,0,0,1,0,0,0,0,0,0,0,0,0,0,0,0,277,profaju01,profaju01,profar001jur,,0,11,eol
19412,0,17,Atlanta Braves,Major League Baseball,Allen,Nick,,2,8,10,1998,206,The United States,69896,San Diego,4,173,165,1,1,4,506,627,7,2,380,214,149,412,422,332,368,279,102,353,367,373,377,260,174,353,411,344,3,1,1,80,139,132,122,196,103,4,1,4,1,8,1,15,30,10,1,39,53,13,3,134,101,118,120,0,0,7,18,14,0,0,0,93,150,200,0,0,0,0,1,550,.230,17,0,1,44,115,3,0,0,0,0,0,0,0,0,0,0,0,0,0,0,0,0,0,0,0,0,0,126,101,149,130,100,109,1,.9302,1,3,0,0,0,0,0,0,0,0,0,0,0,1,0,0,0,0,0,0,0,0,0,0,0,0,271,allenni02,allenni02,allen-003nic,,0,13,eol
19257,0,17,Atlanta Braves,Major League Baseball,Lee,Dylan,,52,1,8,1994,206,The United States,20759,Dinuba,4,191,209,2,2,12,688,765,5,2,89,184,46,228,86,87,94,188,49,234,91,90,92,187,48,233,90,89,5,0,0,11,10,11,12,9,43,338,497,335,467,382,451,1,4,4,34,109,44,16,4,50,35,42,41,0,0,16,10,18,200,0,0,0,0,0,0,0,0,0,1,550,.248,0,0,21,30,137,1,0,0,0,0,0,0,0,0,0,0,0,0,0,0,0,0,0,0,0,0,0,15,120,97,96,111,90,454,.9238,454,350,209,0,431,0,0,0,0,0,0,0,0,350,209,0,431,0,0,0,0,0,0,0,0,0,412,leedy01,leedy01,lee---001dyl,,0,16,eol
19939,0,17,Atlanta Braves,Major League Baseball,De La Cruz,Bryan,,14,16,12,1996,56,Dominican Republic,71432,Santo Domingo,1,188,174,1,1,7,535,679,6,1,408,387,349,226,373,433,350,325,387,301,328,377,403,394,410,322,386,417,2,1,1,70,66,146,121,6,5,1,1,1,1,1,1,15,30,10,1,6,58,12,4,18,16,6,9,0,0,96,68,231,0,0,0,0,0,0,200,0,192,0,1,550,.244,22,0,13,27,134,2,0,0,0,0,0,0,0,0,0,0,0,0,0,0,0,0,0,0,0,0,0,78,110,102,75,82,99,1,.9756,1,3,0,0,0,0,0,0,0,0,0,0,0,1,0,0,0,0,0,0,0,0,0,0,0,0,279,delacbr01,delacbr01,delacr000bry,,0,12,eol
20636,0,17,Atlanta Braves,Major League Baseball,Dodd,Dylan,,46,6,6,1998,206,The United States,21955,Danville,4,191,209,2,2,12,242,408,6,1,87,183,44,226,83,86,94,189,49,236,92,90,92,187,48,233,90,89,5,2,2,10,9,11,10,6,87,342,488,351,514,296,456,4,4,0,41,109,54,8,3,51,39,44,42,0,0,1,2,18,200,0,0,0,0,0,0,0,0,0,1,550,.266,0,0,16,23,100,4,0,0,0,0,0,0,0,0,0,0,0,0,0,0,0,0,0,0,0,0,0,125,79,81,90,110,110,362,1.0490,264,317,317,372,372,0,0,0,0,0,0,0,0,201,201,290,245,0,0,0,0,0,0,0,0,0,400,dodddy01,dodddy01,dodd--000dyl,,0,8,eol
18390,0,17,Atlanta Braves,Major League Baseball,Tromp,Chadwick,,41,21,3,1995,11,Aruba,57516,Oranjestad,1,175,205,1,1,2,698,922,9,2,315,494,348,307,346,280,313,495,345,307,343,280,331,445,379,232,345,321,3,2,2,40,7,11,71,51,7,1,1,1,1,1,1,15,30,10,1,41,54,13,4,13,9,2,6,80,101,2,4,10,0,200,0,0,0,0,0,0,0,0,1,550,.215,32,1,11,31,132,3,0,0,0,0,0,0,0,0,0,0,0,0,0,0,0,0,0,0,0,0,0,120,63,130,78,116,94,1,.9756,1,3,0,0,0,0,0,0,0,0,0,0,0,1,0,0,0,0,0,0,0,0,0,0,0,0,270,trompch01,trompch01,tromp-000cha,,91,13,eol
19125,0,17,Atlanta Braves,Major League Baseball,Chavez,Jesse,Dado,60,21,8,1983,206,The United States,70005,San Gabriel,5,188,174,1,1,12,2762,2926,21,2,94,189,49,234,92,90,92,187,48,233,90,88,97,164,49,215,73,117,5,1,1,14,10,11,19,13,12,275,376,269,390,358,403,2,1,2,44,112,50,12,3,51,43,46,44,0,0,3,11,14,200,0,0,0,0,0,0,0,0,0,1,550,.288,0,0,24,49,96,2,0,0,0,0,0,0,0,0,0,0,0,0,0,0,0,0,0,0,0,0,0,80,130,131,93,86,14,347,1.0801,400,0,0,343,316,167,277,0,0,0,0,0,0,0,0,405,367,193,327,0,0,0,0,0,0,0,360,chaveje01,chaveje01,chavez001jes,,0,12,eol
18482,0,17,Atlanta Braves,Major League Baseball,Fairchild,Stuart,,17,17,3,1996,206,The United States,72460,Seattle,2,183,190,1,1,9,550,625,7,0,349,447,350,401,382,319,346,482,346,363,347,348,359,482,381,404,343,379,5,0,0,150,187,191,139,115,12,1,1,1,1,1,1,15,30,10,1,38,58,10,4,18,14,10,19,0,0,142,116,118,0,0,0,0,0,0,54,200,152,0,1,550,.232,29,5,11,44,127,5,0,0,0,0,0,0,0,0,0,0,0,0,0,0,0,0,0,0,0,0,0,168,51,112,127,72,8,1,.9756,1,3,0,0,0,0,0,0,0,0,0,0,0,1,0,0,0,0,0,0,0,0,0,0,0,0,277,faircst01,faircst01,fairch000stu,,0,10,eol
18744,0,17,Atlanta Braves,Major League Baseball,Thompson,Zach,,73,23,10,1993,206,The United States,12708,Burleson,4,201,229,1,1,12,177,381,6,2,94,189,49,236,92,90,92,187,47,232,89,89,103,278,49,220,91,113,5,1,1,29,9,11,49,8,29,391,294,393,295,434,370,6,6,5,47,110,38,9,3,51,43,46,44,0,0,5,6,4,200,0,0,0,0,0,0,0,0,0,1,550,.279,0,0,18,72,80,6,0,0,0,0,0,0,0,0,0,0,0,0,0,0,0,0,0,0,0,0,0,54,90,130,108,68,55,286,1.0013,311,250,0,204,296,204,204,0,0,0,0,0,0,271,0,218,312,165,218,0,0,0,0,0,0,0,401,thompza01,thompza01,thomps002zac,,0,9,eol
20167,0,17,Atlanta Braves,Major League Baseball,Kelenic,Jarred,,24,16,7,1999,206,The United States,85492,Waukesha,4,185,205,2,2,7,545,545,5,0,372,419,400,344,320,417,325,401,404,370,295,356,373,449,394,404,313,423,1,1,1,111,117,130,106,62,11,4,1,4,1,8,1,15,30,10,1,19,53,9,3,16,18,10,17,0,0,90,112,98,0,0,0,0,0,0,200,200,200,0,1,550,.233,24,3,15,42,148,1,0,0,0,0,0,0,0,0,0,0,0,0,0,0,0,0,0,0,0,0,0,105,125,26,74,34,89,1,1.0750,1,3,0,0,0,0,0,0,0,0,0,0,0,1,0,0,0,0,0,0,0,0,0,0,0,0,270,kelenja01,kelenja01,keleni000jar,,0,9,eol
19328,0,17,Atlanta Braves,Major League Baseball,Riley,Austin,,27,2,4,1997,206,The United States,49583,Memphis,4,191,240,1,1,5,982,1101,7,3,402,364,398,330,395,409,411,423,422,351,330,464,444,395,449,387,376,489,4,3,2,59,27,24,84,9,8,1,1,1,1,1,1,15,30,10,1,28,58,10,3,89,117,120,81,0,0,6,1,19,0,0,0,0,200,0,0,0,0,0,1,550,.273,30,2,18,39,131,4,0,0,0,0,0,0,0,0,0,0,0,0,0,0,0,0,0,0,0,0,0,102,99,122,118,73,71,1,.9302,1,3,0,0,0,0,0,0,0,0,0,0,0,1,0,0,0,0,0,0,0,0,0,0,0,0,279,rileyau01,rileyau01,riley-000aus,,0,10,eol
19333,0,17,Atlanta Braves,Major League Baseball,Sale,Chris,The Condor,51,30,3,1989,206,The United States,43308,Lakeland,4,198,181,2,2,11,2339,2339,16,0,87,183,45,223,84,85,94,189,50,236,92,90,97,244,50,212,92,98,5,0,0,21,9,11,33,10,85,451,434,469,448,415,450,10,3,1,167,107,49,13,2,59,99,66,41,0,0,16,6,12,200,0,0,0,0,0,0,0,0,0,1,550,.239,0,0,9,36,151,10,0,0,0,0,0,0,0,0,0,0,0,0,0,0,0,0,0,0,0,0,0,73,71,121,17,5,60,483,1.1674,487,340,405,0,0,0,449,0,0,0,449,0,0,333,396,0,0,0,482,0,0,0,440,0,0,0,354,salech01,salech01,sale--001chr,,0,13,eol
19350,0,17,Atlanta Braves,Major League Baseball,Schwellenbach,Spencer,,56,31,5,2000,206,The United States,67842,Saginaw,4,185,201,1,1,11,85,292,2,2,95,190,50,237,94,92,92,186,47,232,88,89,92,187,48,233,90,89,5,2,2,29,9,11,49,11,99,353,466,391,522,383,497,4,3,1,168,109,55,12,3,50,35,42,41,0,0,10,10,13,200,0,0,0,0,0,0,0,0,0,1,550,.247,0,0,14,24,114,4,0,0,0,0,0,0,0,0,0,0,0,0,0,0,0,0,0,0,0,0,0,128,114,127,109,96,138,409,1.4415,414,200,288,382,0,338,0,417,0,0,0,0,0,203,293,387,0,342,0,422,0,0,0,0,0,0,423,schwesp01,schwesp01,schwel000spe,,0,12,eol
19360,0,17,Atlanta Braves,Major League Baseball,Suarez,Jose,,54,3,1,1998,210,Venezuela,91191,Naguanagua,5,178,225,2,2,12,880,1045,10,2,88,182,45,227,84,86,94,188,49,234,92,90,89,187,48,231,90,82,5,0,0,9,6,11,10,10,30,428,297,419,294,353,366,6,2,1,48,112,53,10,3,51,41,45,43,0,0,5,4,4,200,0,0,0,0,0,0,0,0,0,1,550,.275,0,0,11,71,109,6,0,0,0,0,0,0,0,0,0,0,0,0,0,0,0,0,0,0,0,0,0,90,82,112,72,82,40,398,.9506,370,384,384,384,384,384,384,0,0,0,0,0,0,324,324,324,324,324,324,0,0,0,0,0,0,0,315,suarejo01,suarejo01,suarez007jos,,0,10,eol
19375,0,17,Atlanta Braves,Major League Baseball,White,Eli,,36,26,6,1994,206,The United States,24463,Easley,4,188,194,1,1,9,814,1094,7,2,341,407,369,287,363,323,377,382,426,216,374,384,327,356,374,339,330,327,5,0,0,183,165,200,148,105,19,1,1,1,1,1,1,15,30,10,1,50,58,12,3,8,19,18,2,0,0,104,100,128,0,0,0,0,0,0,180,200,200,0,1,550,.250,18,9,18,21,121,5,0,0,0,0,0,0,0,0,0,0,0,0,0,0,0,0,0,0,0,0,0,89,182,101,90,113,82,1,.9302,1,3,0,0,0,0,0,0,0,0,0,0,0,1,0,0,0,0,0,0,0,0,0,0,0,0,279,whiteel04,whiteel04,white-000eli,,0,12,eol
18593,0,17,Atlanta Braves,Major League Baseball,Arcia,Orlando,El Nino,8,4,8,1994,210,Venezuela,2832,Anaco,5,183,187,1,1,6,1467,1467,13,1,354,415,319,347,410,299,333,353,340,315,413,224,424,326,382,343,433,412,1,0,0,55,25,21,85,34,2,1,1,1,1,239,278,15,30,10,1,3,59,11,3,131,134,141,160,0,0,1,7,11,0,0,0,131,157,200,0,0,0,0,1,550,.220,22,1,10,34,102,1,0,0,0,0,0,0,0,0,0,0,0,0,0,0,0,0,0,0,0,0,0,115,123,73,78,116,85,1,.9302,1,3,0,0,0,0,0,0,0,0,0,0,0,1,0,0,0,0,0,0,0,0,0,0,0,0,278,arciaor01,arciaor01,arcia-000orl,,0,11,eol
19346,0,17,Atlanta Braves,Major League Baseball,Albies,Ozzie,Puchi,1,7,1,1997,231,Curaçao,87084,Willemstad,1,173,165,3,1,4,1376,1498,10,2,411,332,349,330,476,327,382,398,359,395,464,265,425,446,424,350,451,399,3,3,2,101,101,153,98,7,8,1,1,1,1,1,1,15,30,10,1,35,59,12,4,103,162,59,100,0,0,12,14,11,0,0,0,200,0,0,0,0,0,0,1,550,.249,25,2,11,45,69,3,0,0,0,0,0,0,0,0,0,0,0,0,0,0,0,0,0,0,0,0,0,49,199,112,167,118,127,1,.9756,1,3,0,0,0,0,0,0,0,0,0,0,0,1,0,0,0,0,0,0,0,0,0,0,0,0,275,albieoz01,albieoz01,albies000ozh,,0,12,eol
19352,0,17,Atlanta Braves,Major League Baseball,Baldwin,Drake,,30,28,3,2001,206,The United States,46552,Madison,1,178,209,2,1,2,0,0,1,0,441,360,455,353,462,413,411,373,425,415,459,351,423,367,426,405,458,381,3,2,2,60,9,11,55,6,11,1,1,1,1,1,1,15,30,10,1,1,57,12,4,14,9,13,20,74,99,16,5,8,0,200,0,0,0,0,0,0,0,0,1,550,.279,24,3,21,51,73,3,0,0,0,0,0,0,0,0,0,0,0,0,0,0,0,0,0,0,0,0,0,118,71,105,113,124,77,1,.9756,1,3,0,0,0,0,0,0,0,0,0,0,0,1,0,0,0,0,0,0,0,0,0,0,0,0,274,baldwdr01,baldwdr01,baldwi000dra,,103,12,eol
19355,0,17,Atlanta Braves,Major League Baseball,Bummer,Aaron,,49,21,9,1993,206,The United States,41955,Los Angeles,4,191,201,2,2,12,1314,1314,12,0,89,184,45,227,85,87,93,188,48,234,91,89,92,187,48,233,90,89,5,2,2,9,6,11,10,7,46,488,424,489,443,466,339,12,3,1,35,89,64,11,3,50,36,42,42,0,0,5,11,3,200,0,0,0,0,0,0,0,0,0,1,550,.264,0,0,5,37,117,12,0,0,0,0,0,0,0,0,0,0,0,0,0,0,0,0,0,0,0,0,0,91,127,140,123,84,75,416,.9514,437,0,337,416,0,380,199,0,0,0,0,0,0,0,350,431,0,398,209,0,0,0,0,0,0,0,309,bummeaa01,bummeaa01,bummer000aar,,0,11,eol
19380,0,17,Atlanta Braves,Major League Baseball,Harris II,Michael,,23,7,3,2001,206,The United States,76284,Stockbridge,1,183,194,2,2,8,516,773,4,1,416,384,364,170,411,418,400,383,408,217,434,357,437,415,396,235,435,431,3,0,0,154,162,154,140,115,87,1,1,1,1,1,1,15,30,10,1,21,55,11,3,13,9,20,3,0,0,142,188,76,0,0,0,0,0,0,0,200,0,0,1,550,.263,22,6,15,17,93,3,0,0,0,0,0,0,0,0,0,0,0,0,0,0,0,0,0,0,0,0,0,12,130,46,118,76,66,1,1.0750,1,3,0,0,0,0,0,0,0,0,0,0,0,1,0,0,0,0,0,0,0,0,0,0,0,0,271,harrimi04,harrimi04,harris010mic,,0,11,eol
19390,0,17,Atlanta Braves,Major League Baseball,Holmes,Grant,,66,22,3,1996,206,The United States,14933,Conway,4,183,225,2,1,11,108,129,2,0,89,185,46,227,86,87,94,187,48,235,92,90,92,187,48,233,90,89,5,0,0,9,8,11,10,10,20,381,337,360,350,387,365,8,6,0,99,109,50,10,3,50,35,42,41,0,0,1,5,13,200,0,0,0,0,0,0,0,0,0,1,550,.258,0,0,16,59,120,8,0,0,0,0,0,0,0,0,0,0,0,0,0,0,0,0,0,0,0,0,0,183,83,151,80,91,100,422,1.3465,422,300,206,347,427,394,0,0,0,0,0,0,0,300,206,347,427,394,0,0,0,0,0,0,0,0,385,holmegr01,holmegr01,holmes000gra,,0,10,eol
19952,0,17,Atlanta Braves,Major League Baseball,Elder,Bryce,,55,19,5,1999,206,The United States,22327,Decatur,4,188,220,1,1,11,484,801,4,3,95,189,50,239,93,91,92,186,48,231,89,88,92,187,48,233,90,89,5,0,0,27,10,11,44,12,106,319,358,321,417,368,381,5,3,0,147,106,57,11,3,50,35,42,41,0,0,1,4,13,200,0,0,0,0,0,0,0,0,0,1,550,.286,0,0,17,45,92,5,0,0,0,0,0,0,0,0,0,0,0,0,0,0,0,0,0,0,0,0,0,175,88,177,98,89,117,329,.9532,327,344,251,0,310,0,182,0,0,0,0,0,0,340,247,0,307,0,180,0,0,0,0,0,0,0,340,elderbr01,elderbr01,elder-000bry,,0,11,eol
19048,0,17,Atlanta Braves,Major League Baseball,Kimbrel,Craig,Dirty Craig,46,28,5,1988,206,The United States,33063,Huntsville,4,183,216,1,1,12,2443,2443,17,0,94,188,49,236,91,90,92,187,48,232,89,89,91,187,48,232,88,87,5,1,1,18,7,11,27,14,53,391,235,422,254,472,315,10,6,2,32,99,37,19,3,51,42,45,43,0,0,16,1,12,200,0,0,0,0,0,0,0,0,0,1,550,.222,0,0,17,88,165,10,0,0,0,0,0,0,0,0,0,0,0,0,0,0,0,0,0,0,0,0,0,19,124,127,164,57,74,506,.9625,547,381,466,0,0,0,0,0,0,0,0,381,0,357,516,0,0,0,0,0,0,0,0,422,0,0,429,kimbrcr01,kimbrcr01,kimbre001cra,,0,19,eol
19395,0,17,Atlanta Braves,Major League Baseball,Iglesias,Raisel,El Ciclon,26,4,1,1990,49,Cuba,53080,Nueva Gerona,5,188,187,1,1,13,1720,1720,13,0,96,190,52,239,97,91,91,186,47,231,88,88,87,311,51,198,110,57,5,0,0,9,8,11,10,11,14,445,453,458,501,438,422,5,1,1,35,128,41,15,3,50,35,42,41,0,0,7,1,19,200,0,0,0,0,0,0,0,0,0,1,550,.214,0,0,12,28,127,5,0,0,0,0,0,0,0,0,0,0,0,0,0,0,0,0,0,0,0,0,0,99,100,94,111,91,116,434,.9559,464,301,396,0,348,0,396,0,0,0,0,0,0,306,404,0,356,0,438,0,0,0,0,0,0,0,486,iglesra01,iglesra01,iglesi000rai,,0,15,eol
20429,0,17,Atlanta Braves,Major League Baseball,Acuna Jr.,Ronald,Sabanero Soy,13,18,12,1997,210,Venezuela,42390,La Guaira,1,183,205,1,1,9,1146,1182,9,0,397,357,410,543,339,437,444,305,456,511,352,503,486,358,459,441,489,465,4,1,1,131,113,171,145,6,161,1,1,1,1,1,1,15,30,10,1,1,56,16,4,12,1,3,16,0,0,103,106,144,0,0,0,0,0,0,0,0,200,0,1,550,.297,21,2,23,102,130,4,0,0,0,0,0,0,0,0,0,0,0,0,0,0,0,0,0,0,0,0,0,112,120,177,72,132,92,1,.9756,1,3,0,0,0,0,0,0,0,0,0,0,0,1,0,0,0,0,0,0,0,0,0,0,0,0,275,acunaro01,acunaro01,acuna-002ron,,0,16,eol
18610,0,17,Atlanta Braves,Major League Baseball,Williams,Luke,,37,9,8,1996,206,The United States,43104,Laguna Niguel,4,185,185,1,1,5,570,831,7,3,255,560,57,263,324,181,280,533,50,316,371,152,375,371,183,350,352,401,12,2,2,132,245,225,177,69,117,472,401,469,400,476,391,9,1,0,37,109,27,18,3,51,43,81,65,0,0,75,114,110,200,0,0,200,200,0,200,0,0,0,1,550,.176,36,0,0,31,126,12,0,0,0,0,0,0,0,0,0,0,0,0,0,0,0,0,0,0,0,0,0,125,74,102,93,100,76,272,.9834,276,212,0,212,0,0,0,0,0,0,0,0,0,207,0,234,0,0,0,0,0,0,0,0,0,0,343,willilu01,willilu01,willia000luc,,0,18,eol
21014,0,17,Atlanta Braves,Major League Baseball,Hernandez,Daysbel,,62,15,9,1996,49,Cuba,59042,Pinar del Rio,1,178,220,1,1,12,270,270,4,0,94,190,50,239,93,90,92,186,47,231,89,89,92,187,48,233,90,89,5,2,2,30,6,11,53,15,98,473,154,506,175,491,175,8,6,0,34,109,42,13,3,51,39,44,42,0,0,19,1,2,200,0,0,0,0,0,0,0,0,0,1,550,.243,0,0,8,114,122,8,0,0,0,0,0,0,0,0,0,0,0,0,0,0,0,0,0,0,0,0,0,109,118,60,79,94,104,426,.8766,451,440,358,0,0,0,0,0,0,0,0,0,0,479,393,0,0,0,0,0,0,0,0,0,0,0,400,hernada03,hernada03,hernan001day,,0,13,eol
19340,0,17,Atlanta Braves,Major League Baseball,Verdugo,Alex,,8,15,5,1996,206,The United States,81480,Tucson,5,183,212,2,2,7,1271,1424,9,3,373,329,204,416,455,257,403,393,263,355,465,321,454,410,336,358,470,426,2,0,0,29,28,27,55,67,15,1,1,1,1,1,1,15,30,10,1,12,59,8,3,12,17,3,8,0,0,91,101,95,0,0,0,0,0,0,200,0,0,0,1,550,.245,27,0,5,44,72,2,0,0,0,0,0,0,0,0,0,0,0,0,0,0,0,0,0,0,0,0,0,92,181,78,92,124,194,1,1.0750,1,3,0,0,0,0,0,0,0,0,0,0,0,1,0,0,0,0,0,0,0,0,0,0,0,0,274,verdual01,verdual01,verdug000ale,,0,8,eol
19890,0,17,Atlanta Braves,Major League Baseball,Ozuna,Marcell,The Big Bear,20,12,11,1990,56,Dominican Republic,71432,Santo Domingo,1,185,225,1,1,7,2064,2320,15,1,422,361,412,518,347,471,388,349,448,501,357,414,456,349,462,437,382,503,2,2,2,19,8,31,55,7,15,4,1,4,1,8,1,15,30,10,1,34,53,11,3,17,16,11,7,0,0,75,114,112,0,0,0,0,0,0,200,0,0,0,1,550,.271,25,0,22,89,128,2,0,0,0,0,0,0,0,0,0,0,0,0,0,0,0,0,0,0,0,0,0,3,170,128,183,172,88,1,.9302,1,3,0,0,0,0,0,0,0,0,0,0,0,1,0,0,0,0,0,0,0,0,0,0,0,0,274,ozunama01,ozunama01,ozuna-002mar,,0,11,eol
20653,0,17,Atlanta Braves,Major League Baseball,Johnson,Pierce,P.J.,38,10,5,1991,206,The United States,4285,Arvada,4,188,201,1,1,12,1195,1534,11,3,95,190,51,241,94,92,92,186,47,230,89,88,91,187,48,232,92,84,5,0,0,31,10,11,53,14,52,400,359,414,394,419,328,3,5,1,33,110,43,13,3,50,36,42,42,0,0,12,16,16,200,0,0,0,0,0,0,0,0,0,1,550,.262,0,0,15,50,125,3,0,0,0,0,0,0,0,0,0,0,0,0,0,0,0,0,0,0,0,0,0,111,79,67,43,73,97,431,.9795,455,368,0,0,0,415,0,0,0,0,0,314,0,370,0,0,0,453,0,0,0,0,0,316,0,0,351,johnspi01,johnspi01,johnso001pie,,0,13,eol
21001,0,17,Atlanta Braves,Major League Baseball,Strider,Spencer,,99,28,10,1998,206,The United States,39092,Knoxville,4,183,194,1,1,12,631,631,6,0,95,189,50,235,93,91,92,186,48,232,89,88,92,187,48,232,89,88,5,0,0,10,10,11,10,6,85,342,328,360,352,428,378,9,1,1,146,99,45,16,3,50,35,42,41,0,0,2,2,6,200,0,0,0,0,0,0,0,0,0,1,550,.274,0,0,19,59,125,9,0,0,0,0,0,0,0,0,0,0,0,0,0,0,0,0,0,0,0,0,0,95,88,76,73,107,97,431,1.2585,519,204,344,424,390,0,0,0,0,0,0,0,0,237,393,479,437,0,0,0,0,0,0,0,0,0,320,stridsp01,stridsp01,stride000spe,,0,16,eol
20174,0,17,Atlanta Braves,Major League Baseball,Suero,Wander,The Animal,45,15,9,1991,56,Dominican Republic,67618,Sabana Larga,1,193,216,1,1,12,873,1061,8,1,95,190,51,240,95,91,91,185,47,231,88,88,87,187,48,229,93,74,5,0,0,24,8,11,40,7,113,309,313,305,312,468,383,1,1,5,35,103,36,14,3,51,43,46,44,0,0,8,4,7,200,0,0,0,0,0,0,0,0,0,1,550,.289,0,0,29,67,97,1,0,0,0,0,0,0,0,0,0,0,0,0,0,0,0,0,0,0,0,0,0,92,103,102,95,100,156,352,.9997,427,253,0,253,382,0,0,0,0,0,0,0,0,297,0,297,424,0,0,0,0,0,0,0,0,0,379,suerowa01,suerowa01,suero-001wan,,0,14,eol
// Miami Marlins, ID = 22
19744,0,22,Miami Marlins,Major League Baseball,Marsee,Jakob,,87,28,6,2001,206,The United States,1691,Allen Park,4,183,181,2,2,8,0,0,1,0,428,501,366,443,401,446,474,548,325,417,418,506,470,531,336,423,413,503,4,2,2,161,211,172,153,22,151,1,1,1,1,1,1,15,30,10,1,25,57,10,3,17,20,16,10,0,0,140,100,118,0,0,0,0,0,0,82,200,85,0,1,550,.304,48,10,10,58,101,4,0,0,0,0,0,0,0,0,0,0,0,0,0,0,0,0,0,0,0,0,0,34,142,95,97,91,94,1,1.0750,1,3,0,0,0,0,0,0,0,0,0,0,0,1,0,0,0,0,0,0,0,0,0,0,0,0,272,marseja01,marseja01,marsee000jak,,0,10,eol
19763,0,22,Miami Marlins,Major League Baseball,Tarnok,Freddy,,56,24,11,1998,206,The United States,11380,Brandon,5,191,185,1,1,12,185,185,6,0,94,187,48,233,92,90,92,187,47,233,89,89,92,187,48,233,90,89,5,0,0,14,7,11,19,8,29,246,292,247,291,199,274,12,1,1,47,109,75,11,4,51,43,46,44,0,0,1,14,19,200,0,0,0,0,0,0,0,0,0,1,550,.277,0,0,18,72,125,12,0,0,0,0,0,0,0,0,0,0,0,0,0,0,0,0,0,0,0,0,0,160,113,114,86,71,129,432,1.0059,410,210,433,401,352,0,0,0,0,0,0,0,0,200,417,382,338,0,0,0,0,0,0,0,0,0,300,tarnofr01,tarnofr01,tarnok000fre,,0,11,eol
19963,0,22,Miami Marlins,Major League Baseball,Wiemer,Joey,,41,11,2,1999,206,The United States,79107,Temperance,4,193,225,1,1,9,204,204,5,0,346,359,444,223,232,423,327,306,392,297,288,364,308,412,401,386,319,297,10,2,2,115,89,115,129,14,2,4,1,5,1,8,1,15,30,10,1,25,53,11,2,20,11,13,17,0,0,104,100,128,0,0,0,0,0,0,70,0,200,0,1,550,.232,17,2,16,27,158,10,0,0,0,0,0,0,0,0,0,0,0,0,0,0,0,0,0,0,0,0,0,73,92,132,98,107,127,1,.8163,1,3,0,0,0,0,0,0,0,0,0,0,0,1,0,0,0,0,0,0,0,0,0,0,0,0,276,wiemejo01,wiemejo01,wiemer000joe,,0,11,eol
20944,0,22,Miami Marlins,Major League Baseball,Roa,Christian,,82,2,4,1999,206,The United States,32688,Houston,5,193,220,1,1,12,0,0,1,0,95,189,50,240,94,91,92,186,47,231,89,88,92,187,48,233,90,89,5,0,0,21,10,11,33,15,62,271,216,296,224,267,250,6,6,5,46,109,60,13,4,51,44,46,44,0,0,9,2,6,200,0,0,0,0,0,0,0,0,0,1,550,.285,0,0,19,96,83,6,0,0,0,0,0,0,0,0,0,0,0,0,0,0,0,0,0,0,0,0,0,72,110,94,73,41,134,295,.9766,281,226,226,0,283,0,226,0,0,0,0,0,0,218,218,0,271,0,218,0,0,0,0,0,0,0,378,roach02,roach02,roa---000chr,,0,13,eol
20198,0,22,Miami Marlins,Major League Baseball,Arias,Luarbert,,76,12,12,2000,210,Venezuela,47991,Maracay,5,188,176,1,1,12,0,0,3,0,96,189,50,240,96,92,91,186,47,231,88,88,92,187,48,233,90,89,5,0,0,10,9,11,10,11,73,415,341,430,347,425,347,12,6,0,45,109,33,12,3,51,42,45,43,0,0,13,2,6,200,0,0,0,0,0,0,0,0,0,1,550,.273,0,0,18,58,91,12,0,0,0,0,0,0,0,0,0,0,0,0,0,0,0,0,0,0,0,0,0,118,77,53,119,95,111,326,1.0037,333,175,300,0,331,0,0,0,0,0,0,0,0,180,308,0,342,0,0,0,0,0,0,0,0,0,400,ariaslu01,ariaslu01,arias-000lua,,0,12,eol
20396,0,22,Miami Marlins,Major League Baseball,Sanoja,Javier,,46,3,9,2002,210,Venezuela,47991,Maracay,5,170,150,1,1,5,144,216,4,0,406,514,313,304,500,272,398,537,285,316,482,281,404,522,293,312,486,293,3,1,1,140,160,136,128,173,140,332,348,328,348,329,303,1,1,0,38,13,35,19,4,104,91,133,78,0,0,140,100,118,0,0,0,186,200,0,148,200,0,0,1,550,.247,38,9,7,32,57,3,0,0,0,0,0,0,0,0,0,0,0,0,0,0,0,0,0,0,0,0,0,121,107,113,73,111,112,189,1.0019,193,159,0,123,0,0,0,0,0,0,0,0,0,161,0,133,0,0,0,0,0,0,0,0,0,0,1,sanojja01,sanojja01,sanoja000jav,,0,19,eol
20326,0,22,Miami Marlins,Major League Baseball,Johnston,Troy,,75,22,6,1997,206,The United States,61642,Puyallup,4,180,205,2,2,9,0,0,1,0,417,230,390,343,402,429,430,240,406,351,415,438,391,284,390,355,388,399,4,2,2,153,144,128,103,60,136,1,1,1,1,1,1,15,30,10,1,44,58,11,3,71,43,56,56,0,0,104,100,128,0,0,200,0,0,0,132,0,200,0,1,550,.281,11,6,15,39,102,4,0,0,0,0,0,0,0,0,0,0,0,0,0,0,0,0,0,0,0,0,0,91,83,101,72,105,80,1,1.0750,1,3,0,0,0,0,0,0,0,0,0,0,0,1,0,0,0,0,0,0,0,0,0,0,0,0,273,johnstr02,johnstr02,johnst000tro,,0,11,eol
20720,0,22,Miami Marlins,Major League Baseball,Gibson,Cade,,58,18,2,1998,206,The United States,65998,Ruston,4,188,194,2,2,12,0,0,3,0,89,183,46,228,85,86,94,188,49,235,92,89,92,187,48,233,90,89,5,2,1,9,8,11,10,12,87,486,361,480,385,483,360,12,6,0,38,109,58,10,3,50,36,42,42,0,0,4,16,9,200,0,0,0,0,0,0,0,0,0,1,550,.257,0,0,6,50,93,12,0,0,0,0,0,0,0,0,0,0,0,0,0,0,0,0,0,0,0,0,0,130,128,80,95,101,88,334,1.1940,342,0,247,180,307,0,340,0,0,0,0,0,0,0,261,187,318,0,355,0,0,0,0,0,0,0,400,gibsoca01,gibsoca01,gibson000cad,,0,10,eol
20893,0,22,Miami Marlins,Major League Baseball,Wagaman,Eric,,33,14,8,1997,206,The United States,1644,Aliso Viejo,4,193,209,1,1,3,168,351,4,2,430,409,343,371,453,405,410,464,289,314,418,404,417,447,312,324,426,408,1,3,2,104,50,148,105,9,6,1,1,1,1,1,1,15,30,10,1,1,59,14,4,53,43,81,56,0,0,89,93,113,0,0,200,0,200,0,200,0,0,0,1,550,.262,33,4,8,35,93,1,0,0,0,0,0,0,0,0,0,0,0,0,0,0,0,0,0,0,0,0,0,72,70,123,90,103,129,1,.9756,1,3,0,0,0,0,0,0,0,0,0,0,0,1,0,0,0,0,0,0,0,0,0,0,0,0,280,wagamer01,wagamer01,wagama000eri,,0,14,eol
20741,0,22,Miami Marlins,Major League Baseball,Stowers,Kyle,,28,2,1,1998,206,The United States,23022,El Cajon,4,188,216,2,2,7,484,629,7,1,407,413,399,417,283,483,424,470,449,424,319,491,406,446,421,405,307,471,6,2,2,108,44,145,97,63,17,1,1,1,1,1,1,15,30,10,1,2,58,11,4,5,5,16,9,0,0,89,93,113,0,0,0,0,0,0,200,200,200,0,1,550,.286,31,6,22,57,145,6,0,0,0,0,0,0,0,0,0,0,0,0,0,0,0,0,0,0,0,0,0,105,127,115,84,87,119,1,1.0250,1,3,0,0,0,0,0,0,0,0,0,0,0,1,0,0,0,0,0,0,0,0,0,0,0,0,275,stoweky01,stoweky01,stower000kyl,,0,11,eol
21012,0,22,Miami Marlins,Major League Baseball,Mazur,Adam,,60,20,4,2001,206,The United States,87220,Woodbury,4,188,181,1,1,11,30,92,2,0,93,188,48,233,90,90,92,186,48,233,89,89,92,187,48,233,90,89,5,1,2,17,6,11,26,10,99,387,321,400,331,384,321,6,6,0,122,109,43,10,3,51,40,44,43,0,0,1,1,17,200,0,0,0,0,0,0,0,0,0,1,550,.305,0,0,16,63,73,6,0,0,0,0,0,0,0,0,0,0,0,0,0,0,0,0,0,0,0,0,0,155,64,90,114,111,88,267,1.0530,291,161,210,259,304,0,0,0,0,0,0,0,0,169,226,283,320,0,0,0,0,0,0,0,0,0,300,mazurad01,mazurad01,mazur-000ada,,0,10,eol
21017,0,22,Miami Marlins,Major League Baseball,Acosta,Maximo,,24,29,10,2002,210,Venezuela,17321,Caracas,5,180,187,1,1,5,0,0,4,0,300,304,427,414,350,230,289,299,415,404,337,223,300,327,404,387,346,236,7,2,2,154,195,142,141,7,2,1,1,1,1,1,1,15,30,10,1,44,54,11,3,104,91,133,74,0,0,8,9,6,0,0,0,156,200,0,0,0,0,0,1,550,.213,13,2,18,52,133,7,0,0,0,0,0,0,0,0,0,0,0,0,0,0,0,0,0,0,0,0,0,35,82,128,104,84,86,1,.9302,1,3,0,0,0,0,0,0,0,0,0,0,0,1,0,0,0,0,0,0,0,0,0,0,0,0,272,acostma02,acostma02,acosta000max,,0,11,eol
20691,0,22,Miami Marlins,Major League Baseball,Mesa Jr.,Victor,,10,8,9,2001,49,Cuba,31031,Havana,1,180,194,2,2,7,0,0,3,0,298,411,360,412,383,180,310,416,376,419,401,186,215,383,341,385,320,93,3,0,0,24,8,11,39,134,18,1,1,1,1,1,1,15,30,10,1,43,57,11,3,17,1,19,9,0,0,104,107,128,0,0,0,0,0,0,92,200,200,0,1,550,.206,24,1,13,55,110,3,0,0,0,0,0,0,0,0,0,0,0,0,0,0,0,0,0,0,0,0,0,76,99,82,76,21,88,1,1.0750,1,3,0,0,0,0,0,0,0,0,0,0,0,1,0,0,0,0,0,0,0,0,0,0,0,0,271,mesavi01,mesavi01,mesa--004vic,,0,11,eol
18900,0,22,Miami Marlins,Major League Baseball,Monteverde,Patrick,,44,24,9,1997,206,The United States,59354,Pittsburgh,5,188,201,1,2,12,0,0,2,0,95,190,50,241,94,91,92,186,47,230,89,88,92,187,48,233,90,89,5,2,2,9,8,11,10,8,80,334,329,336,328,297,306,6,6,5,48,109,57,11,3,51,43,46,44,0,0,11,5,20,200,0,0,0,0,0,0,0,0,0,1,550,.279,0,0,16,62,76,6,0,0,0,0,0,0,0,0,0,0,0,0,0,0,0,0,0,0,0,0,0,116,123,182,104,73,60,276,.9779,272,215,0,266,266,215,0,0,0,0,0,0,0,212,0,262,262,212,0,0,0,0,0,0,0,0,400,montepa01,montepa01,montev000pat,,0,11,eol
18912,0,22,Miami Marlins,Major League Baseball,Pina,Robinson,,33,26,11,1998,56,Dominican Republic,69886,San Cristóbal,1,196,225,1,1,12,0,0,3,0,93,189,49,235,91,89,92,186,47,232,89,89,92,187,48,233,90,89,5,0,0,9,8,11,10,15,85,280,298,304,305,307,293,6,6,5,38,109,43,10,3,51,44,46,44,0,0,2,10,4,200,0,0,0,0,0,0,0,0,0,1,550,.302,0,0,25,69,61,6,0,0,0,0,0,0,0,0,0,0,0,0,0,0,0,0,0,0,0,0,0,121,132,93,104,45,116,230,1.0091,246,172,172,0,0,0,0,232,0,0,0,0,0,182,182,0,0,0,0,252,0,0,0,0,0,0,388,pinaro01,pinaro01,pina--000rob,,0,10,eol
19480,0,22,Miami Marlins,Major League Baseball,Meyer,Max,,23,12,3,1999,206,The United States,87220,Woodbury,4,183,196,2,1,11,232,554,5,2,86,180,43,225,81,84,94,189,49,236,93,90,92,187,48,233,90,89,5,0,0,9,6,11,10,7,64,264,397,271,412,256,402,5,1,1,143,109,57,10,3,50,35,42,41,0,0,17,17,12,200,0,0,0,0,0,0,0,0,0,1,550,.277,0,0,21,43,105,5,0,0,0,0,0,0,0,0,0,0,0,0,0,0,0,0,0,0,0,0,0,104,90,76,122,103,107,381,.8367,373,205,344,0,424,0,0,0,0,0,0,0,0,202,340,0,420,0,0,0,0,0,0,0,0,0,370,meyerma01,meyerma01,meyer-000max,,0,10,eol
19675,0,22,Miami Marlins,Major League Baseball,Alcantara,Sandy,,22,7,9,1995,56,Dominican Republic,5185,Azua,1,196,201,1,1,11,1187,1225,11,1,96,190,50,241,96,92,92,187,47,230,88,89,100,312,52,238,64,133,5,0,0,30,9,11,50,12,3,351,355,405,411,420,422,7,6,2,153,92,52,11,3,50,20,37,41,0,0,17,16,16,200,0,0,0,0,0,0,0,0,0,1,550,.257,0,0,14,46,90,7,0,0,0,0,0,0,0,0,0,0,0,0,0,0,0,0,0,0,0,0,0,127,127,111,127,88,119,323,1.3395,356,271,339,0,166,0,219,0,0,0,0,0,0,329,370,0,194,0,276,0,0,0,0,0,0,0,429,alcansa01,alcansa01,alcant000san,,0,11,eol
19681,0,22,Miami Marlins,Major League Baseball,Bachar,Lake,,84,3,6,1995,206,The United States,86513,Wheaton,4,188,218,1,1,12,135,342,2,2,94,188,49,234,92,91,92,187,48,233,89,89,92,187,48,233,90,89,5,2,2,32,7,11,56,10,20,381,336,399,357,388,336,6,6,0,39,109,41,12,3,50,35,42,41,0,0,18,7,20,200,0,0,0,0,0,0,0,0,0,1,550,.254,0,0,17,58,125,6,0,0,0,0,0,0,0,0,0,0,0,0,0,0,0,0,0,0,0,0,0,112,25,104,84,169,72,431,.9766,436,327,387,0,0,0,0,432,0,0,0,0,0,310,362,0,0,0,0,444,0,0,0,0,0,0,400,bachala01,bachala01,bachar000lak,,0,12,eol
19682,0,22,Miami Marlins,Major League Baseball,Bender,Anthony,,37,3,2,1995,206,The United States,58480,Petaluma,4,193,205,1,1,12,472,734,7,2,92,188,48,234,90,89,92,187,47,233,90,89,90,187,48,232,91,83,5,0,0,14,10,11,19,13,47,465,347,496,374,449,366,8,4,0,32,109,55,12,4,50,37,43,42,0,0,20,6,11,200,0,0,0,0,0,0,0,0,0,1,550,.240,0,0,7,54,110,8,0,0,0,0,0,0,0,0,0,0,0,0,0,0,0,0,0,0,0,0,0,98,95,147,79,103,98,402,1.1392,424,0,337,0,417,0,200,0,0,0,0,0,0,0,350,0,431,0,209,0,0,0,0,0,0,0,421,bendean01,bendean01,bender000ant,,0,12,eol
19689,0,22,Miami Marlins,Major League Baseball,Conine,Griffin,,18,11,7,1997,206,The United States,86026,Weston,4,185,209,2,1,9,29,107,5,1,423,505,359,377,312,494,430,508,371,382,321,500,396,449,378,372,329,442,2,3,2,60,68,60,57,56,1,1,1,1,1,1,1,15,30,10,1,8,56,13,4,8,10,13,9,0,0,104,100,128,0,0,0,0,0,0,134,0,200,0,1,550,.281,43,3,12,46,142,2,0,0,0,0,0,0,0,0,0,0,0,0,0,0,0,0,0,0,0,0,0,146,186,129,189,126,65,1,.9756,1,3,0,0,0,0,0,0,0,0,0,0,0,1,0,0,0,0,0,0,0,0,0,0,0,0,275,coningr01,coningr01,conine000gri,,0,13,eol
19694,0,22,Miami Marlins,Major League Baseball,Edwards,Xavier,,9,9,8,1999,206,The United States,86085,Wellington,1,178,174,3,1,4,339,520,4,1,445,268,154,355,450,431,491,329,156,409,465,497,489,315,154,402,458,499,2,0,0,168,167,184,141,115,13,1,1,1,1,1,1,15,30,10,1,20,55,12,3,103,95,70,109,0,0,12,6,17,0,0,0,200,0,200,0,0,0,0,1,550,.305,20,8,2,50,72,2,0,0,0,0,0,0,0,0,0,0,0,0,0,0,0,0,0,0,0,0,0,163,186,183,107,136,103,1,.9302,1,3,0,0,0,0,0,0,0,0,0,0,0,1,0,0,0,0,0,0,0,0,0,0,0,0,273,edwarxa01,edwarxa01,edward000xav,,0,12,eol
19707,0,22,Miami Marlins,Major League Baseball,Faucher,Calvin,,53,22,9,1995,206,The United States,13641,Chula Vista,4,185,190,1,1,13,507,507,5,0,96,190,51,243,95,92,91,186,47,230,88,88,92,187,48,233,90,89,5,1,1,10,9,11,10,15,4,433,324,429,351,420,329,8,6,0,33,109,53,11,4,50,36,42,42,0,0,12,18,7,200,0,0,0,0,0,0,0,0,0,1,550,.260,0,0,10,60,119,8,0,0,0,0,0,0,0,0,0,0,0,0,0,0,0,0,0,0,0,0,0,20,184,1,123,72,110,419,.9408,415,342,203,387,0,422,293,0,0,0,0,0,0,338,201,382,0,418,289,0,0,0,0,0,0,0,350,fauchca01,fauchca01,fauche000cal,,0,11,eol
19711,0,22,Miami Marlins,Major League Baseball,Henriquez,Ronny,,32,20,6,2000,56,Dominican Republic,10620,Bonao,1,178,154,1,1,12,344,643,5,2,97,191,52,239,97,93,91,186,47,231,88,88,92,187,48,233,90,89,5,0,0,10,9,11,10,7,80,416,366,443,399,436,386,9,4,4,35,109,44,13,3,50,35,42,41,0,0,10,19,4,200,0,0,0,0,0,0,0,0,0,1,550,.235,0,0,12,49,149,9,0,0,0,0,0,0,0,0,0,0,0,0,0,0,0,0,0,0,0,0,0,52,82,167,110,118,121,479,.9193,457,388,328,0,433,0,433,0,0,0,0,0,0,362,310,0,409,0,444,0,0,0,0,0,0,0,400,henriro01,henriro01,henriq000ron,,0,13,eol
19719,0,22,Miami Marlins,Major League Baseball,Hicks,Liam,,34,2,6,1999,36,Canada,80680,Toronto,4,175,185,2,1,3,0,0,3,0,391,324,276,454,445,322,406,332,301,464,464,332,412,325,300,461,458,355,12,2,2,63,16,31,74,143,10,1,1,1,1,1,1,15,30,10,1,25,54,14,4,57,43,52,56,75,99,20,16,5,0,200,200,0,0,0,0,0,0,0,1,550,.251,21,2,7,71,74,12,0,0,0,0,0,0,0,0,0,0,0,0,0,0,0,0,0,0,0,0,0,54,194,180,91,146,95,1,.9756,1,3,0,0,0,0,0,0,0,0,0,0,0,1,0,0,0,0,0,0,0,0,0,0,0,0,270,hicksli01,hicksli01,hicks-000lia,,96,14,eol
19722,0,22,Miami Marlins,Major League Baseball,Junk,Janson,,26,15,1,1996,206,The United States,25344,Federal Way,4,185,176,1,1,11,609,725,6,2,94,188,49,236,91,90,92,186,48,232,90,89,92,187,48,233,90,89,5,0,0,10,10,11,10,14,37,466,515,484,543,454,537,5,3,0,98,109,44,11,4,50,35,42,41,0,0,4,19,13,200,0,0,0,0,0,0,0,0,0,1,550,.286,0,0,9,18,77,5,0,0,0,0,0,0,0,0,0,0,0,0,0,0,0,0,0,0,0,0,0,114,167,104,72,115,90,277,1.2370,276,211,211,261,305,0,0,0,0,0,0,0,0,213,163,263,307,0,0,0,0,0,0,0,0,0,336,junkja01,junkja01,junk--000jan,,0,11,eol
19734,0,22,Miami Marlins,Major League Baseball,Lopez,Otto,,6,1,10,1998,56,Dominican Republic,71432,Santo Domingo,1,178,185,1,1,4,516,516,4,0,391,291,298,361,457,305,419,344,349,348,468,358,433,352,313,342,457,405,2,1,1,89,140,157,125,44,6,1,1,1,1,1,1,15,30,10,1,15,57,11,3,103,95,59,109,0,0,8,5,6,0,0,0,200,0,0,0,0,0,0,1,550,.261,24,0,10,40,71,2,0,0,0,0,0,0,0,0,0,0,0,0,0,0,0,0,0,0,0,0,0,71,73,180,110,107,85,1,.9302,1,3,0,0,0,0,0,0,0,0,0,0,0,1,0,0,0,0,0,0,0,0,0,0,0,0,274,lopezot01,lopezot01,lopez-000ott,,0,11,eol
19947,0,22,Miami Marlins,Major League Baseball,Gillispie,Connor,,55,10,11,1997,206,The United States,18954,Charlottesville,4,180,185,1,1,11,30,30,2,0,96,191,51,239,96,92,91,186,47,231,88,87,92,187,48,233,90,89,5,1,1,11,9,11,13,7,47,370,341,373,342,360,305,4,6,0,98,109,41,12,3,51,40,44,43,0,0,4,6,3,200,0,0,0,0,0,0,0,0,0,1,550,.274,0,0,19,59,92,4,0,0,0,0,0,0,0,0,0,0,0,0,0,0,0,0,0,0,0,0,0,118,89,83,124,104,35,331,1.0010,313,183,254,347,312,254,0,0,0,0,0,0,0,171,230,323,288,230,0,0,0,0,0,0,0,0,400,gillico01,gillico01,gillis000con,,0,12,eol
20027,0,22,Miami Marlins,Major League Baseball,Simon,Ronny,,41,17,4,2000,56,Dominican Republic,42625,La Romana,1,173,150,3,1,4,0,0,2,0,380,316,226,409,416,341,376,315,220,405,412,339,346,329,302,391,392,305,2,0,0,110,36,172,116,122,12,4,1,4,1,8,1,15,30,10,1,5,53,13,4,105,97,60,110,0,0,105,110,128,0,0,0,200,0,0,116,0,200,0,1,550,.236,19,2,4,52,102,2,0,0,0,0,0,0,0,0,0,0,0,0,0,0,0,0,0,0,0,0,0,71,109,148,78,39,51,1,.9756,1,3,0,0,0,0,0,0,0,0,0,0,0,1,0,0,0,0,0,0,0,0,0,0,0,0,271,simonro01,simonro01,simon-000ron,,0,13,eol
20280,0,22,Miami Marlins,Major League Baseball,Winkler,Jack,,63,4,11,1998,206,The United States,45840,Littleton,4,185,185,1,1,4,0,0,2,0,240,465,284,254,293,198,237,462,280,251,290,196,200,402,304,279,271,142,4,2,2,41,14,31,61,64,8,1,1,1,1,1,1,15,30,10,1,10,56,13,4,108,108,81,117,0,0,16,4,8,0,0,67,200,200,0,0,0,0,0,1,550,.183,25,1,7,23,153,4,0,0,0,0,0,0,0,0,0,0,0,0,0,0,0,0,0,0,0,0,0,129,41,74,164,105,46,1,.9756,1,3,0,0,0,0,0,0,0,0,0,0,0,1,0,0,0,0,0,0,0,0,0,0,0,0,275,winklja01,winklja01,winkle000jac,,0,13,eol
20587,0,22,Miami Marlins,Major League Baseball,Veneziano,Anthony,,59,1,9,1997,206,The United States,30181,Hackettstown,4,196,205,2,2,12,240,240,6,0,86,182,44,218,81,85,95,189,50,238,93,91,92,187,48,233,90,89,5,0,0,11,6,11,14,9,72,379,370,372,366,396,370,10,6,0,32,109,52,12,3,51,40,44,43,0,0,8,13,19,200,0,0,0,0,0,0,0,0,0,1,550,.261,0,0,15,53,105,10,0,0,0,0,0,0,0,0,0,0,0,0,0,0,0,0,0,0,0,0,0,92,98,78,74,103,96,384,.9996,382,193,273,404,366,0,0,0,0,0,0,0,0,192,271,403,364,0,0,0,0,0,0,0,0,0,400,venezan01,venezan01,venezi000ant,,0,12,eol
18538,0,22,Miami Marlins,Major League Baseball,Navarreto,Brian,,70,29,12,1994,151,Puerto Rico,7740,Bayamón,1,193,220,1,1,2,10,237,2,1,221,505,405,260,304,153,215,503,396,256,296,151,216,384,359,273,285,164,4,0,0,17,7,11,25,64,15,1,1,1,1,1,1,15,30,10,1,7,56,11,4,9,2,20,20,91,104,15,1,15,0,200,0,0,0,0,0,0,0,0,1,550,.185,27,1,14,24,150,4,0,0,0,0,0,0,0,0,0,0,0,0,0,0,0,0,0,0,0,0,0,106,100,88,106,97,127,1,.9756,1,3,0,0,0,0,0,0,0,0,0,0,0,1,0,0,0,0,0,0,0,0,0,0,0,0,277,navarbr01,navarbr01,navarr000bri,,107,11,eol
18501,0,22,Miami Marlins,Major League Baseball,Bride,Jonah,,31,27,12,1995,206,The United States,58159,Owasso,4,178,201,1,1,3,398,472,7,0,372,235,309,455,323,415,367,288,345,417,364,374,363,284,320,444,401,331,5,0,0,23,20,11,72,13,14,420,348,443,361,390,300,12,1,1,46,12,35,17,3,76,48,86,61,0,0,1,5,5,0,0,200,192,200,0,0,0,0,0,1,550,.241,17,0,10,59,128,5,0,0,0,0,0,0,0,0,0,0,0,0,0,0,0,0,0,0,0,0,0,71,101,71,129,146,118,237,1.0159,224,0,175,0,0,205,0,0,0,0,0,0,0,0,160,0,0,198,0,0,0,0,0,0,0,0,20,bridejo01,bridejo01,bride-000jon,,0,17,eol
18459,0,22,Miami Marlins,Major League Baseball,Mervis,Matt,,36,16,4,1998,206,The United States,60634,Potomac,4,193,225,2,1,3,222,389,3,1,165,438,430,358,207,113,171,444,441,373,220,117,190,384,416,372,255,138,6,3,2,16,10,11,55,51,15,51,35,61,37,59,39,15,30,10,26,31,50,18,3,53,43,50,56,0,0,16,5,14,0,0,200,0,0,0,0,0,0,0,1,550,.173,19,0,22,43,177,6,0,0,0,0,0,0,0,0,0,0,0,0,0,0,0,0,0,0,0,0,0,32,102,44,121,78,120,3,1.1268,3,4,2,0,0,0,0,0,0,0,0,0,0,4,2,0,0,0,0,0,0,0,0,0,0,0,300,mervima01,mervima01,mervis000mat,,0,18,eol
19568,0,22,Miami Marlins,Major League Baseball,Weathers,Ryan,,35,17,12,1999,206,The United States,41916,Loretto,4,185,229,1,2,11,556,736,9,2,93,187,48,233,91,89,92,187,48,233,90,89,97,155,167,234,111,78,5,0,0,9,7,11,10,6,52,363,409,354,422,331,407,9,3,1,141,112,50,8,3,51,39,44,42,0,0,15,6,15,200,0,0,0,0,0,0,0,0,0,1,550,.259,0,0,17,41,105,9,0,0,0,0,0,0,0,0,0,0,0,0,0,0,0,0,0,0,0,0,0,111,93,92,107,76,114,380,.8178,327,214,307,0,406,0,439,0,0,0,0,0,0,189,265,0,358,0,396,0,0,0,0,0,0,0,415,weathry01,weathry01,weathe001rya,,0,8,eol
18772,0,22,Miami Marlins,Major League Baseball,Curry,Xzavion,,49,27,7,1998,206,The United States,4704,Atlanta,1,183,194,1,1,12,352,568,7,1,94,189,49,238,92,91,92,187,47,232,89,88,92,187,48,233,90,89,5,0,0,25,10,11,40,14,38,451,427,444,461,470,428,1,3,1,48,109,28,10,4,51,44,46,44,0,0,5,6,15,200,0,0,0,0,0,0,0,0,0,1,550,.279,0,0,18,35,70,1,0,0,0,0,0,0,0,0,0,0,0,0,0,0,0,0,0,0,0,0,0,19,101,120,41,34,88,256,.8582,272,205,205,251,251,0,0,0,0,0,0,0,0,203,203,249,294,0,0,0,0,0,0,0,0,0,414,curryxz01,curryxz01,curry-000xza,,0,10,eol
20125,0,22,Miami Marlins,Major League Baseball,Bellozo,Valente,,83,4,1,2000,124,Mexico,49931,Mexicali,5,178,207,1,1,12,95,389,2,3,96,190,51,243,96,92,91,186,47,229,88,87,92,187,48,233,90,89,5,0,0,21,7,11,34,14,39,402,412,401,433,397,419,6,1,1,81,109,31,9,3,50,35,42,41,0,0,13,12,11,200,0,0,0,0,0,0,0,0,0,1,550,.276,0,0,21,40,75,6,0,0,0,0,0,0,0,0,0,0,0,0,0,0,0,0,0,0,0,0,0,160,22,116,111,116,8,272,1.0304,282,216,0,216,216,0,0,267,0,0,0,216,0,220,0,220,220,0,0,274,0,0,0,220,0,0,425,bellova01,bellova01,belloz000val,,0,9,eol
19445,0,22,Miami Marlins,Major League Baseball,Hill,Derek,,3,30,12,1995,206,The United States,20253,Des Moines,1,185,205,1,1,8,756,925,6,2,385,397,404,319,310,440,367,354,363,285,269,436,387,322,341,312,318,437,8,0,0,146,157,203,138,198,108,1,1,1,1,1,1,15,30,10,1,35,57,13,3,6,14,17,11,0,0,140,100,118,0,0,0,0,0,0,76,200,95,0,1,550,.247,22,3,13,29,155,8,0,0,0,0,0,0,0,0,0,0,0,0,0,0,0,0,0,0,0,0,0,23,192,99,159,101,63,1,.9302,1,3,0,0,0,0,0,0,0,0,0,0,0,1,0,0,0,0,0,0,0,0,0,0,0,0,276,hillde01,hillde01,hill--000der,,0,13,eol
19686,0,22,Miami Marlins,Major League Baseball,Sanchez,Jesus,,4,7,10,1997,56,Dominican Republic,31762,Higüey,1,191,223,2,1,9,849,877,7,2,335,385,349,389,337,337,401,439,403,392,403,403,406,442,405,403,371,431,2,2,2,131,124,168,122,23,16,1,1,1,1,1,1,15,30,10,1,4,56,13,4,19,3,3,4,0,0,104,76,103,0,0,0,0,0,0,152,0,200,0,1,550,.253,27,5,14,48,114,2,0,0,0,0,0,0,0,0,0,0,0,0,0,0,0,0,0,0,0,0,0,101,116,115,128,75,116,1,.9756,1,3,0,0,0,0,0,0,0,0,0,0,0,1,0,0,0,0,0,0,0,0,0,0,0,0,277,sanchje02,sanchje02,sanche007jes,,0,13,eol
18477,0,22,Miami Marlins,Major League Baseball,Brantly,Rob,,19,14,7,1989,206,The United States,69896,San Diego,4,185,194,2,1,2,1380,1429,12,1,238,169,282,255,291,197,248,173,300,270,303,203,360,377,301,373,396,329,4,2,2,21,8,11,33,63,2,1,1,1,1,1,19,15,30,10,1,27,56,13,2,20,16,2,5,101,107,5,13,20,0,200,0,0,0,0,0,0,0,0,1,550,.186,8,0,7,25,149,4,0,0,0,0,0,0,0,0,0,0,0,0,0,0,0,0,0,0,0,0,0,119,115,130,104,99,93,1,.8163,1,3,0,0,0,0,0,0,0,0,0,0,0,1,0,0,0,0,0,0,0,0,0,0,0,0,275,brantro01,brantro01,brantl001rob,,105,13,eol
19493,0,22,Miami Marlins,Major League Baseball,Cabrera,Edward,,27,13,4,1998,56,Dominican Republic,71389,Santiago,1,196,216,1,1,11,646,790,5,2,95,190,49,237,94,91,92,186,47,232,89,89,96,284,48,227,93,95,5,2,2,26,7,11,43,10,44,340,316,374,375,356,294,10,6,1,137,83,55,14,3,50,35,42,41,0,0,7,10,15,200,0,0,0,0,0,0,0,0,0,1,550,.242,0,0,15,58,125,10,0,0,0,0,0,0,0,0,0,0,0,0,0,0,0,0,0,0,0,0,0,56,148,108,176,11,90,431,1.1429,443,296,390,344,204,0,424,0,0,0,0,0,0,305,402,354,211,0,435,0,0,0,0,0,0,0,425,cabreed02,cabreed02,cabrer004edw,,0,14,eol
19731,0,22,Miami Marlins,Major League Baseball,Martinez,Seth,,40,29,8,1994,206,The United States,63646,Peoria,4,188,194,1,1,12,531,531,6,0,94,189,50,235,92,91,92,186,48,232,89,89,92,187,48,233,90,89,5,0,0,29,9,11,49,6,116,324,353,354,387,416,361,9,1,5,38,109,47,8,3,51,43,46,44,0,0,10,6,2,200,0,0,0,0,0,0,0,0,0,1,550,.274,0,0,19,51,77,9,0,0,0,0,0,0,0,0,0,0,0,0,0,0,0,0,0,0,0,0,0,45,116,44,108,118,119,278,1.1544,371,140,218,0,252,0,287,0,0,0,0,0,0,196,332,0,373,0,410,0,0,0,0,0,0,0,420,martise01,martise01,martin000set,,0,8,eol
19976,0,22,Miami Marlins,Major League Baseball,Soriano,George,,62,24,3,1999,56,Dominican Republic,70516,San Pedro de Macorís,1,188,209,1,1,12,232,481,6,2,95,189,51,229,94,92,92,186,47,235,88,89,92,187,48,233,90,89,5,0,0,9,6,11,10,14,106,273,322,275,315,339,323,10,6,3,44,109,43,12,3,51,39,44,42,0,0,3,12,11,200,0,0,0,0,0,0,0,0,0,1,550,.281,0,0,28,65,105,10,0,0,0,0,0,0,0,0,0,0,0,0,0,0,0,0,0,0,0,0,0,108,179,144,108,88,115,382,.9736,401,277,0,408,0,0,0,0,0,0,0,0,0,287,0,416,0,0,0,0,0,0,0,0,0,0,388,soriage01,soriage01,sorian000geo,,0,12,eol
20026,0,22,Miami Marlins,Major League Baseball,Hernandez,Heriberto,,64,16,12,1999,56,Dominican Republic,10620,Bonao,5,183,194,1,1,7,0,0,1,0,430,405,410,470,321,501,416,368,410,441,348,461,426,374,410,447,344,479,5,2,2,94,35,115,106,6,2,1,1,1,1,1,1,15,30,10,1,25,56,12,3,3,7,10,16,0,0,89,93,113,0,0,0,0,0,0,200,0,200,0,1,550,.280,27,3,17,66,133,5,0,0,0,0,0,0,0,0,0,0,0,0,0,0,0,0,0,0,0,0,0,184,195,99,127,98,155,1,.9302,1,3,0,0,0,0,0,0,0,0,0,0,0,1,0,0,0,0,0,0,0,0,0,0,0,0,275,hernahe01,hernahe01,hernan004her,,0,12,eol
20100,0,22,Miami Marlins,Major League Baseball,Pauley,Graham,,21,24,9,2000,206,The United States,91208,Milton,4,185,201,2,1,5,74,100,3,0,327,478,354,436,394,243,334,484,365,446,403,250,319,423,377,413,375,247,0,2,2,103,32,172,94,113,6,1,1,1,1,1,1,15,30,10,1,24,58,15,3,104,91,133,71,0,0,14,16,8,0,0,95,130,200,0,0,0,0,0,1,550,.221,28,4,12,65,108,0,0,0,0,0,0,0,0,0,0,0,0,0,0,0,0,0,0,0,0,0,0,118,71,148,118,86,67,1,.9302,1,3,0,0,0,0,0,0,0,0,0,0,0,1,0,0,0,0,0,0,0,0,0,0,0,0,278,paulegr01,paulegr01,pauley000gra,,0,15,eol
20796,0,22,Miami Marlins,Major League Baseball,Norby,Connor,,1,8,6,2000,206,The United States,11891,Brooklyn Park,4,178,187,1,1,5,106,424,4,2,384,448,332,355,300,445,408,407,396,317,349,447,401,413,402,340,331,447,5,0,0,108,124,154,140,9,10,1,1,1,1,1,1,15,30,10,1,4,57,15,3,104,91,133,73,0,0,16,19,13,0,0,0,150,200,0,0,0,0,0,1,550,.264,31,1,13,35,135,5,0,0,0,0,0,0,0,0,0,0,0,0,0,0,0,0,0,0,0,0,0,74,189,73,179,84,137,1,.9302,1,3,0,0,0,0,0,0,0,0,0,0,0,1,0,0,0,0,0,0,0,0,0,0,0,0,274,norbyco01,norbyco01,norby-000con,,0,15,eol
20806,0,22,Miami Marlins,Major League Baseball,Tinoco,Jesus,,38,30,4,1995,210,Venezuela,48945,Maturín,1,193,249,1,1,12,738,982,9,1,94,189,49,236,93,90,92,186,48,232,90,89,106,168,48,229,88,123,5,0,0,25,10,11,41,15,5,477,376,502,393,377,315,6,2,1,38,109,46,10,3,51,41,45,43,0,0,7,18,2,200,0,0,0,0,0,0,0,0,0,1,550,.230,0,0,7,48,93,6,0,0,0,0,0,0,0,0,0,0,0,0,0,0,0,0,0,0,0,0,0,102,97,106,73,24,89,334,.9716,363,280,168,0,346,0,224,0,0,0,0,0,0,310,182,0,380,0,251,0,0,0,0,0,0,0,471,tinocje01,tinocje01,tinoco000jes,,0,10,eol
19500,0,22,Miami Marlins,Major League Baseball,Perez,Eury,,39,15,4,2003,56,Dominican Republic,71389,Santiago,1,203,201,1,1,11,100,110,3,0,96,191,51,242,95,92,91,186,47,230,88,88,92,187,48,233,90,89,5,0,0,10,7,11,11,13,58,447,373,447,378,432,382,5,6,3,128,109,34,16,3,50,35,42,41,0,0,8,4,17,200,0,0,0,0,0,0,0,0,0,1,550,.232,0,0,15,51,130,5,0,0,0,0,0,0,0,0,0,0,0,0,0,0,0,0,0,0,0,0,0,103,84,103,71,74,87,440,.9927,448,412,0,0,365,365,0,365,0,0,0,0,0,421,0,0,375,375,0,375,0,0,0,0,0,0,445,perezeu02,perezeu02,perez-003eur,,0,16,eol
18776,0,22,Miami Marlins,Major League Baseball,Quantrill,Cal,,47,10,2,1995,36,Canada,60405,Port Hope,4,191,194,2,1,12,990,1017,7,1,89,185,45,230,86,86,94,188,48,234,91,90,95,156,49,234,113,70,5,0,0,16,8,11,24,14,102,382,339,318,403,405,397,8,4,0,130,94,46,8,4,50,35,42,41,0,0,1,2,2,200,0,0,0,0,0,0,0,0,0,1,550,.284,0,0,19,51,82,8,0,0,0,0,0,0,0,0,0,0,0,0,0,0,0,0,0,0,0,0,0,56,110,84,177,77,77,294,.6660,303,270,0,270,270,270,270,270,0,0,0,0,0,277,0,277,277,277,277,277,0,0,0,0,0,0,379,quantca01,quantca01,quantr000cal,,0,8,eol
19516,0,22,Miami Marlins,Major League Baseball,Phillips,Tyler,,30,27,10,1997,206,The United States,90731,Lumberton Township,4,196,192,1,1,12,138,144,2,0,96,191,52,244,96,91,91,185,47,229,88,88,92,187,48,233,90,89,5,2,2,16,10,11,23,6,32,348,401,339,424,315,427,5,6,0,44,109,60,9,4,50,35,42,41,0,0,6,18,19,200,0,0,0,0,0,0,0,0,0,1,550,.267,0,0,15,42,79,5,0,0,0,0,0,0,0,0,0,0,0,0,0,0,0,0,0,0,0,0,0,128,75,120,4,70,87,284,.9909,289,0,215,215,266,266,215,0,0,0,0,0,0,0,218,218,270,270,165,0,0,0,0,0,0,0,422,phillty01,phillty01,philli000tyl,,0,9,eol
19801,0,22,Miami Marlins,Major League Baseball,Fortes,Nick,,4,11,11,1996,206,The United States,22260,DeLand,4,180,198,1,1,2,632,924,6,3,378,382,244,307,440,304,380,378,313,285,452,283,365,342,352,316,446,252,10,2,2,48,25,24,55,194,9,1,1,1,1,1,1,15,30,10,1,2,57,11,3,2,14,17,14,79,96,12,13,10,0,200,0,0,0,0,0,0,0,0,1,550,.239,25,2,8,29,80,10,0,0,0,0,0,0,0,0,0,0,0,0,0,0,0,0,0,0,0,0,0,77,116,76,74,127,84,1,.9302,1,3,0,0,0,0,0,0,0,0,0,0,0,1,0,0,0,0,0,0,0,0,0,0,0,0,274,forteni01,forteni01,fortes000nic,,133,11,eol
20074,0,22,Miami Marlins,Major League Baseball,Ramirez,Agustin,,50,10,9,2001,56,Dominican Republic,71432,Santo Domingo,1,183,209,1,1,2,0,0,2,0,354,445,411,333,403,309,354,509,410,322,437,238,357,494,410,326,428,267,6,2,2,101,145,168,128,6,18,1,1,1,1,1,1,15,30,10,1,44,58,13,3,3,7,4,12,75,99,11,10,7,0,200,0,0,0,0,0,0,0,0,1,550,.237,34,1,17,35,93,6,0,0,0,0,0,0,0,0,0,0,0,0,0,0,0,0,0,0,0,0,0,30,73,86,121,93,91,1,.9302,1,3,0,0,0,0,0,0,0,0,0,0,0,1,0,0,0,0,0,0,0,0,0,0,0,0,277,ramirag01,ramirag01,ramire002agu,,140,13,eol
20728,0,22,Miami Marlins,Major League Baseball,Simpson,Josh,,66,19,8,1997,206,The United States,75849,Stafford,4,188,190,2,2,12,0,0,1,0,88,184,45,224,84,86,94,188,49,236,92,90,92,187,48,233,90,89,5,0,0,9,6,11,10,15,79,304,242,305,241,308,224,12,6,0,34,109,60,10,3,51,40,44,42,0,0,2,4,7,200,0,0,0,0,0,0,0,0,0,1,550,.254,0,0,17,89,125,12,0,0,0,0,0,0,0,0,0,0,0,0,0,0,0,0,0,0,0,0,0,103,76,136,107,113,118,432,.9788,437,353,0,304,434,0,0,0,0,0,0,0,0,358,0,307,439,0,0,0,0,0,0,0,0,0,400,simpsjo02,simpsjo02,simpso003jos,,0,10,eol
21040,0,22,Miami Marlins,Major League Baseball,Myers,Dane,,54,8,3,1996,206,The United States,37454,Katy,1,183,205,1,1,8,299,435,6,2,431,343,348,365,413,440,380,303,307,360,363,401,412,330,322,347,367,442,4,0,0,117,187,174,137,6,8,4,1,4,1,8,1,15,30,10,1,12,53,11,3,11,19,3,9,0,0,140,100,118,0,0,0,0,0,0,85,200,200,0,1,550,.252,20,1,9,42,118,4,0,0,0,0,0,0,0,0,0,0,0,0,0,0,0,0,0,0,0,0,0,187,7,135,119,117,43,1,.9302,1,3,0,0,0,0,0,0,0,0,0,0,0,1,0,0,0,0,0,0,0,0,0,0,0,0,273,myersda01,myersda01,myers-000dan,,0,11,eol
// New York Mets, ID = 24
19636,0,24,New York Mets,Major League Baseball,Soto,Juan,Juanjo,22,25,10,1998,56,Dominican Republic,71432,Santo Domingo,1,185,225,2,2,9,1204,1204,10,1,365,325,486,508,402,333,409,381,493,538,420,399,437,392,472,547,439,428,2,0,0,122,130,171,114,33,127,1,1,1,1,1,1,15,30,10,1,23,54,14,3,1,13,1,16,0,0,94,186,146,0,0,0,0,0,0,0,0,200,0,1,550,.284,23,2,33,112,100,2,0,0,0,0,0,0,0,0,0,0,0,0,0,0,0,0,0,0,0,0,0,117,122,95,123,137,83,1,1.0750,1,3,0,0,0,0,0,0,0,0,0,0,0,1,0,0,0,0,0,0,0,0,0,0,0,0,269,sotoju01,sotoju01,soto--003jua,,0,14,eol
19644,0,24,New York Mets,Major League Baseball,Taylor,Tyrone,,15,22,1,1994,206,The United States,80688,Torrance,4,185,218,1,1,8,996,1037,9,0,433,460,186,258,415,443,389,507,241,297,392,390,380,485,401,315,402,362,10,0,0,145,151,170,141,135,17,1,1,1,1,1,1,15,30,10,1,45,59,10,3,19,20,2,1,0,0,185,207,134,0,0,0,0,0,0,104,200,200,0,1,550,.250,34,7,5,28,109,10,0,0,0,0,0,0,0,0,0,0,0,0,0,0,0,0,0,0,0,0,0,170,55,134,118,176,7,1,.9302,1,3,0,0,0,0,0,0,0,0,0,0,0,1,0,0,0,0,0,0,0,0,0,0,0,0,278,tayloty01,tayloty01,taylor000tyr,,0,10,eol
19654,0,24,New York Mets,Major League Baseball,Torrens,Luis,,13,2,5,1996,210,Venezuela,61342,Puerto la Cruz,5,180,216,1,1,2,1144,1269,8,1,360,478,294,321,396,329,385,430,284,365,428,334,375,392,336,364,389,364,4,2,2,52,21,24,74,100,13,291,278,294,279,308,306,1,1,0,14,24,33,17,3,2,11,13,17,75,99,1,17,1,0,200,0,0,0,0,0,0,0,0,1,550,.240,31,2,7,40,97,4,0,0,0,0,0,0,0,0,0,0,0,0,0,0,0,0,0,0,0,0,0,80,92,88,23,9,63,225,.9968,226,182,0,0,0,0,0,159,0,0,0,0,0,186,0,0,0,0,0,156,0,0,0,0,0,0,387,torrelu01,torrelu01,torren002lui,,128,17,eol
20122,0,24,New York Mets,Major League Baseball,Nunez,Dedniel,,72,5,6,1996,56,Dominican Republic,61363,Puerto Plata,1,188,181,1,1,12,25,272,2,1,94,187,49,234,92,89,92,186,48,233,90,88,92,187,48,233,90,89,5,0,0,9,8,11,10,15,58,428,360,443,367,437,388,1,6,5,41,109,49,13,3,51,42,45,44,0,0,19,9,15,200,0,0,0,0,0,0,0,0,0,1,550,.230,0,0,11,54,154,1,0,0,0,0,0,0,0,0,0,0,0,0,0,0,0,0,0,0,0,0,0,112,88,106,73,99,93,489,1.0377,500,331,394,0,479,0,0,0,0,0,0,0,0,336,401,0,487,0,0,0,0,0,0,0,0,0,400,nunezde01,nunezde01,nunez-000ded,,0,13,eol
20135,0,24,New York Mets,Major League Baseball,Young,Jared,,29,9,7,1995,36,Canada,61005,Prince George,4,185,185,2,1,3,200,471,3,2,98,276,372,243,113,77,106,284,389,250,126,81,281,477,419,363,326,226,7,2,2,116,85,152,114,12,20,378,254,371,249,132,1,6,6,5,13,109,35,18,3,51,44,46,44,0,0,90,113,113,200,0,122,0,0,0,200,0,0,0,1,550,.132,7,1,13,23,227,7,0,0,0,0,0,0,0,0,0,0,0,0,0,0,0,0,0,0,0,0,0,152,82,124,108,118,110,247,1.0015,2,196,0,196,0,0,0,0,0,0,0,0,0,2,0,2,0,0,0,0,0,0,0,0,0,0,392,youngja02,youngja02,young-000jar,,0,18,eol
20541,0,24,New York Mets,Major League Baseball,Adcock,Ty,,52,7,2,1997,206,The United States,58202,Oxford,4,183,214,1,1,12,180,471,6,3,94,189,49,240,93,90,92,186,47,230,89,88,92,187,48,233,90,89,5,2,2,30,8,11,51,13,42,170,316,180,320,186,419,1,1,1,39,109,56,12,3,51,44,46,44,0,0,12,10,17,200,0,0,0,0,0,0,0,0,0,1,550,.291,0,0,31,65,105,1,0,0,0,0,0,0,0,0,0,0,0,0,0,0,0,0,0,0,0,0,0,93,102,104,94,121,112,380,.9874,334,283,198,0,0,376,0,0,0,0,0,0,0,230,171,0,0,324,0,0,0,0,0,0,0,0,361,adcocty01,adcocty01,adcock000ty-,,0,12,eol
20559,0,24,New York Mets,Major League Baseball,Hamel,Dom,,53,2,3,1999,206,The United States,18763,Chandler,4,188,205,1,1,12,0,0,4,0,96,191,51,243,97,92,91,186,47,229,87,88,92,187,48,233,90,89,5,0,0,16,8,11,23,8,52,308,304,308,303,298,292,6,6,5,34,109,50,10,3,51,44,46,44,0,0,2,6,19,200,0,0,0,0,0,0,0,0,0,1,550,.296,0,0,20,69,63,6,0,0,0,0,0,0,0,0,0,0,0,0,0,0,0,0,0,0,0,0,0,42,199,115,174,93,93,235,1.0021,249,190,190,228,228,190,0,0,0,0,0,0,0,157,202,246,246,202,0,0,0,0,0,0,0,0,384,hameldo01,hameldo01,hamel-000dom,,0,10,eol
20596,0,24,New York Mets,Major League Baseball,Herget,Kevin,,57,3,4,1991,206,The United States,62901,Park Ridge,4,178,185,2,1,12,362,564,7,2,89,183,46,226,86,87,94,188,49,235,92,89,92,187,48,233,90,89,5,0,0,13,8,11,17,14,15,601,378,593,374,487,450,1,6,0,49,109,36,13,3,51,42,45,43,0,0,15,9,17,200,0,0,0,0,0,0,0,0,0,1,550,.269,0,0,3,51,64,1,0,0,0,0,0,0,0,0,0,0,0,0,0,0,0,0,0,0,0,0,0,22,117,71,196,128,140,239,1.0004,241,183,0,219,183,183,0,0,0,0,0,0,0,151,0,228,189,189,0,0,0,0,0,0,0,0,400,hergeke01,hergeke01,herget000kev,,0,13,eol
20811,0,24,New York Mets,Major League Baseball,Tidwell,Blade,,40,8,6,2001,206,The United States,41916,Loretto,4,193,207,1,1,11,0,0,2,0,94,188,49,235,92,89,92,187,47,233,89,89,92,187,48,233,90,89,5,0,0,10,9,11,10,13,30,284,264,305,274,308,275,8,1,0,98,109,44,19,3,51,42,45,43,0,0,19,3,20,200,0,0,0,0,0,0,0,0,0,1,550,.295,0,0,24,80,66,8,0,0,0,0,0,0,0,0,0,0,0,0,0,0,0,0,0,0,0,0,0,79,130,78,84,13,35,246,1.0119,254,202,202,0,202,0,0,0,0,0,0,0,0,207,207,0,207,0,0,0,0,0,0,0,0,0,400,tidwebl01,tidwebl01,tidwel000bla,,0,19,eol
20185,0,24,New York Mets,Major League Baseball,Tong,Jonah,,21,19,6,2003,36,Canada,89958,Markham,2,185,181,1,1,11,0,0,3,0,96,191,50,237,96,92,91,186,47,231,88,88,92,187,48,233,90,89,5,0,0,9,7,11,10,11,9,384,305,393,308,374,296,1,6,0,110,109,38,13,3,51,41,45,43,0,0,13,7,11,200,0,0,0,0,0,0,0,0,0,1,550,.267,0,0,18,68,103,1,0,0,0,0,0,0,0,0,0,0,0,0,0,0,0,0,0,0,0,0,0,2,117,93,185,82,78,376,.9999,328,213,307,358,405,0,0,0,0,0,0,0,0,186,259,317,353,0,0,0,0,0,0,0,0,0,400,tongjo01,tongjo01,tong--000jon,,0,13,eol
20400,0,24,New York Mets,Major League Baseball,Butto,Jose,,70,19,3,1998,210,Venezuela,15992,Cumana,5,185,203,1,1,12,482,482,6,0,94,188,49,235,92,89,92,187,48,232,90,89,92,187,48,233,90,89,5,0,0,10,9,11,10,10,115,469,261,489,307,472,278,7,6,2,43,103,48,11,3,50,35,42,41,0,0,17,13,11,200,0,0,0,0,0,0,0,0,0,1,550,.240,0,0,8,73,113,7,0,0,0,0,0,0,0,0,0,0,0,0,0,0,0,0,0,0,0,0,0,91,115,87,113,87,122,407,.9955,413,203,341,0,421,0,0,0,0,0,0,0,0,205,345,0,425,0,0,0,0,0,0,0,0,0,423,buttojo01,buttojo01,butto-000jos,,0,11,eol
20614,0,24,New York Mets,Major League Baseball,Warren,Austin,,44,5,2,1996,206,The United States,25324,Fayetteville,4,183,170,1,1,12,529,529,5,0,96,191,52,239,96,91,91,186,47,231,88,88,92,187,48,233,90,89,5,0,0,10,9,11,10,7,35,392,286,399,289,404,385,1,1,0,48,109,51,10,3,51,42,45,44,0,0,9,14,7,200,0,0,0,0,0,0,0,0,0,1,550,.256,0,0,13,74,111,1,0,0,0,0,0,0,0,0,0,0,0,0,0,0,0,0,0,0,0,0,0,119,111,86,111,145,85,404,.9999,340,311,218,0,411,364,0,0,0,0,0,0,0,245,179,0,339,306,0,0,0,0,0,0,0,0,400,warreau01,warreau01,warren001aus,,0,10,eol
20660,0,24,New York Mets,Major League Baseball,Baty,Brett,,7,13,11,1999,206,The United States,4992,Austin,4,191,209,2,1,5,500,620,6,1,422,244,417,359,341,475,401,313,424,398,380,417,367,295,402,383,364,374,2,3,2,114,46,172,106,34,16,1,1,1,1,1,1,15,30,10,1,8,58,10,3,104,91,133,78,0,0,3,8,7,0,0,0,200,200,0,0,0,0,0,1,550,.272,17,3,19,47,121,2,0,0,0,0,0,0,0,0,0,0,0,0,0,0,0,0,0,0,0,0,0,72,91,100,95,125,72,1,.9302,1,3,0,0,0,0,0,0,0,0,0,0,0,1,0,0,0,0,0,0,0,0,0,0,0,0,279,batybr01,batybr01,baty--000bre,,0,10,eol
20269,0,24,New York Mets,Major League Baseball,Garcia,Rico,,50,10,1,1994,206,The United States,32457,Honolulu,5,175,201,1,1,12,591,591,8,0,94,190,50,236,93,90,92,186,47,232,89,89,92,187,48,232,89,88,5,1,1,23,7,11,38,9,54,348,429,363,436,279,366,1,6,0,35,109,51,10,3,51,39,44,42,0,0,6,12,12,200,0,0,0,0,0,0,0,0,0,1,550,.253,0,0,16,38,125,1,0,0,0,0,0,0,0,0,0,0,0,0,0,0,0,0,0,0,0,0,0,102,96,107,114,102,112,432,1.0076,328,239,440,396,333,0,0,0,0,0,0,0,0,174,330,298,236,0,0,0,0,0,0,0,0,0,400,garciri01,garciri01,garcia006ric,,0,10,eol
20460,0,24,New York Mets,Major League Baseball,Nimmo,Brandon,Nimms,9,27,3,1993,206,The United States,13117,Cheyenne,4,191,207,2,1,7,1548,1724,12,2,432,319,381,366,404,451,395,379,431,424,392,401,429,462,405,492,384,459,6,2,2,84,82,168,96,36,10,1,1,1,1,1,1,15,30,10,1,13,54,12,3,12,11,8,10,0,0,88,163,105,0,0,0,0,0,0,200,200,0,0,1,550,.270,25,1,19,54,111,6,0,0,0,0,0,0,0,0,0,0,0,0,0,0,0,0,0,0,0,0,0,102,99,162,107,200,77,1,.9302,1,3,0,0,0,0,0,0,0,0,0,0,0,1,0,0,0,0,0,0,0,0,0,0,0,0,275,nimmobr01,nimmobr01,nimmo-000bra,,0,12,eol
20297,0,24,New York Mets,Major League Baseball,Marte,Starling,Tato,6,9,10,1988,56,Dominican Republic,71432,Santo Domingo,1,185,194,1,1,9,2182,2242,17,0,475,383,303,407,414,509,430,322,354,343,407,445,450,414,394,305,408,477,10,0,1,117,120,169,121,118,15,4,1,4,1,8,1,15,30,10,1,7,53,13,3,5,4,19,1,0,0,105,118,204,0,0,0,0,0,0,110,0,200,0,1,550,.286,25,2,10,42,104,10,0,0,0,0,0,0,0,0,0,0,0,0,0,0,0,0,0,0,0,0,0,109,65,145,125,127,77,1,.9302,1,3,0,0,0,0,0,0,0,0,0,0,0,1,0,0,0,0,0,0,0,0,0,0,0,0,274,martest01,martest01,marte-001sta,,0,13,eol
20477,0,24,New York Mets,Major League Baseball,Díaz,Edwin,Sugar,39,22,3,1994,151,Puerto Rico,53856,Naguabo,5,191,165,1,1,13,1359,1475,10,1,93,188,49,233,91,89,92,187,48,233,90,89,91,187,48,232,91,84,5,0,0,10,10,11,10,7,49,424,343,467,386,463,381,12,6,0,35,79,50,16,3,50,35,42,41,0,0,13,7,5,200,0,0,0,0,0,0,0,0,0,1,550,.210,0,0,10,53,185,12,0,0,0,0,0,0,0,0,0,0,0,0,0,0,0,0,0,0,0,0,0,94,73,130,111,186,155,526,.8600,544,529,433,0,0,0,0,0,0,0,0,0,0,544,446,0,0,0,0,0,0,0,0,0,0,0,403,diazed04,diazed04,diaz--004edw,,0,16,eol
20513,0,24,New York Mets,Major League Baseball,Alonso,Pete,Polar Bear,20,7,12,1994,206,The United States,78373,Tampa,4,191,245,1,1,3,1032,1060,8,2,411,430,429,429,370,440,393,470,450,403,380,407,393,438,469,406,399,391,10,2,2,32,25,22,75,9,11,1,1,1,1,1,1,15,30,10,1,27,58,13,4,73,44,59,61,0,0,9,4,8,0,0,200,0,0,0,0,0,0,0,1,550,.272,35,0,23,53,118,10,0,0,0,0,0,0,0,0,0,0,0,0,0,0,0,0,0,0,0,0,0,96,100,125,97,113,195,1,.9756,1,3,0,0,0,0,0,0,0,0,0,0,0,1,0,0,0,0,0,0,0,0,0,0,0,0,279,alonspe01,alonspe01,alonso000pet,,0,13,eol
20547,0,24,New York Mets,Major League Baseball,Lindor,Francisco,Mr. Smile,12,14,11,1993,151,Puerto Rico,16458,Caguas,5,180,190,3,1,6,1720,1991,11,3,405,381,427,358,443,357,425,412,430,418,428,418,415,453,439,388,455,365,10,3,0,95,157,170,139,10,15,1,1,1,1,1,1,15,30,10,1,38,58,14,4,136,146,138,132,0,0,13,7,5,0,0,0,0,0,200,0,0,0,0,1,550,.281,32,0,20,52,90,10,0,0,0,0,0,0,0,0,0,0,0,0,0,0,0,0,0,0,0,0,0,17,157,50,157,111,61,1,.9756,1,3,0,0,0,0,0,0,0,0,0,0,0,1,0,0,0,0,0,0,0,0,0,0,0,0,276,lindofr01,lindofr01,lindor000fra,,0,14,eol
20554,0,24,New York Mets,Major League Baseball,Manaea,Sean,Manaealator,59,1,2,1992,206,The United States,79340,Terre Haute,5,196,245,1,2,11,1444,1516,13,0,96,191,52,238,96,93,92,186,47,232,89,88,106,246,49,244,101,110,5,0,0,10,10,11,10,12,96,398,452,386,402,405,420,11,4,0,144,111,42,9,3,50,36,42,41,0,0,3,16,19,200,0,0,0,0,0,0,0,0,0,1,550,.238,0,0,17,42,125,11,0,0,0,0,0,0,0,0,0,0,0,0,0,0,0,0,0,0,0,0,0,42,104,128,177,81,66,431,.9866,396,231,384,0,325,468,429,0,0,0,0,0,0,212,355,0,305,436,403,0,0,0,0,0,0,0,442,manaese01,manaese01,manaea000sea,,0,9,eol
19069,0,24,New York Mets,Major League Baseball,Urena,Jose,El Nueve,47,12,9,1991,56,Dominican Republic,71432,Santo Domingo,1,188,207,1,1,11,1611,1798,11,1,96,190,51,240,96,91,91,186,47,231,87,88,95,257,53,203,75,110,5,0,0,10,10,11,10,10,98,351,338,381,392,380,385,6,4,0,72,112,54,10,3,48,46,45,42,0,0,11,14,6,200,0,0,0,0,0,0,0,0,0,1,550,.273,0,0,14,52,68,6,0,0,0,0,0,0,0,0,0,0,0,0,0,0,0,0,0,0,0,0,0,118,14,89,89,83,139,250,.8512,277,249,204,0,204,0,204,0,0,0,0,0,0,269,217,0,217,0,217,0,0,0,0,0,0,0,421,urenajo01,urenajo01,urena-004jos,,0,10,eol
19527,0,24,New York Mets,Major League Baseball,Garrett,Reed,,75,2,1,1993,206,The United States,64151,Richmond,4,188,194,1,1,12,664,664,8,0,94,188,49,235,91,91,92,187,48,233,89,89,92,187,48,233,90,89,5,0,0,10,10,11,10,15,3,425,286,442,319,417,277,3,6,0,33,109,50,13,3,50,36,42,42,0,0,1,13,19,200,0,0,0,0,0,0,0,0,0,1,550,.246,0,0,11,68,144,3,0,0,0,0,0,0,0,0,0,0,0,0,0,0,0,0,0,0,0,0,0,22,147,74,194,93,92,470,.9735,463,430,326,0,0,0,430,385,0,0,0,0,0,406,308,0,0,0,440,358,0,0,0,0,0,0,351,garrere01,garrere01,garret000ree,,0,13,eol
19532,0,24,New York Mets,Major League Baseball,Holmes,Clay,,35,27,3,1993,206,The United States,21366,Dothan,4,196,225,1,1,11,1192,1462,11,3,94,188,49,238,92,90,92,186,47,232,89,88,80,187,49,223,91,61,5,0,0,15,6,11,22,12,23,404,321,437,378,453,338,11,6,1,74,117,64,12,3,50,35,42,41,0,0,12,13,1,200,0,0,0,0,0,0,0,0,0,1,550,.262,0,0,9,57,92,11,0,0,0,0,0,0,0,0,0,0,0,0,0,0,0,0,0,0,0,0,0,122,55,95,120,75,46,330,1.4370,376,262,262,262,262,262,262,0,0,0,0,0,0,298,298,298,298,298,298,0,0,0,0,0,0,0,396,holmecl01,holmecl01,holmes002cla,,0,12,eol
19542,0,24,New York Mets,Major League Baseball,McLean,Nolan,,26,24,7,2001,206,The United States,27848,Garner,4,188,214,1,1,11,0,0,2,0,96,191,51,239,96,92,92,186,47,231,89,89,92,187,48,233,90,89,5,2,2,30,7,11,51,8,5,348,360,355,363,312,354,6,6,0,163,109,68,13,3,50,38,43,42,0,0,5,20,15,200,0,0,0,0,0,0,0,0,0,1,550,.247,0,0,12,54,127,6,0,0,0,0,0,0,0,0,0,0,0,0,0,0,0,0,0,0,0,0,0,106,121,85,161,91,69,435,.9932,403,309,215,408,408,0,360,408,0,0,0,0,0,278,195,372,372,0,331,372,0,0,0,0,0,0,400,mcleano01,mcleano01,mclean000nol,,0,13,eol
19547,0,24,New York Mets,Major League Baseball,Megill,Tylor,,38,28,7,1995,206,The United States,41750,Long Beach,4,201,238,1,1,11,586,759,7,2,94,189,49,236,92,90,92,186,48,232,89,89,165,366,49,233,92,220,5,0,0,18,6,11,28,8,74,463,301,453,331,399,350,12,6,0,134,115,45,12,3,50,35,42,41,0,0,17,19,13,200,0,0,0,0,0,0,0,0,0,1,550,.254,0,0,10,65,140,12,0,0,0,0,0,0,0,0,0,0,0,0,0,0,0,0,0,0,0,0,0,72,143,115,182,84,100,461,.9386,414,222,371,454,0,316,0,417,0,0,0,0,0,201,338,418,0,289,0,382,0,0,0,0,0,0,320,megilty01,megilty01,megill000tyl,,0,12,eol
19556,0,24,New York Mets,Major League Baseball,Minter,A.J.,Mint,33,2,9,1993,206,The United States,81844,Tyler,4,183,216,2,2,12,1237,1264,9,1,89,184,46,225,86,86,93,188,49,235,91,89,92,187,48,232,89,88,5,0,0,29,8,11,49,12,114,399,346,406,359,463,391,3,1,5,31,99,50,11,3,51,42,45,43,0,0,14,11,11,200,0,0,0,0,0,0,0,0,0,1,550,.240,0,0,13,55,137,3,0,0,0,0,0,0,0,0,0,0,0,0,0,0,0,0,0,0,0,0,0,47,97,166,85,112,105,454,1.0940,459,314,0,0,451,368,0,0,0,0,0,0,0,317,0,0,455,372,0,0,0,0,0,0,0,0,405,minteaj01,minteaj01,minter000ale,,0,11,eol
20168,0,24,New York Mets,Major League Baseball,Waddell,Brandon,,82,3,6,1994,206,The United States,32688,Houston,4,191,181,2,2,12,202,202,3,0,88,183,44,227,84,86,94,189,49,234,92,90,92,187,48,232,89,88,5,2,2,10,10,11,10,12,50,405,378,409,379,405,310,5,1,0,48,109,45,15,4,51,40,44,42,0,0,3,12,7,200,0,0,0,0,0,0,0,0,0,1,550,.275,0,0,14,50,78,5,0,0,0,0,0,0,0,0,0,0,0,0,0,0,0,0,0,0,0,0,0,37,74,122,114,105,106,281,.9848,279,227,0,227,0,0,0,0,0,0,0,0,0,226,0,226,0,0,0,0,0,0,0,0,0,0,400,waddebr01,waddebr01,waddel000bra,,0,15,eol
20176,0,24,New York Mets,Major League Baseball,Carrillo,Alex,,84,6,6,1997,206,The United States,62791,Paramount,5,188,220,1,1,12,0,0,4,0,94,189,49,233,91,90,92,187,48,233,89,89,92,187,48,233,90,89,5,0,0,10,10,11,10,9,67,96,290,106,299,168,290,12,6,1,49,109,55,9,3,51,43,46,44,0,0,17,14,9,200,0,0,0,0,0,0,0,0,0,1,550,.312,0,0,42,71,76,12,0,0,0,0,0,0,0,0,0,0,0,0,0,0,0,0,0,0,0,0,0,22,75,42,122,105,123,276,1.0108,272,169,225,0,319,0,0,0,0,0,0,0,0,167,222,0,316,0,0,0,0,0,0,0,0,0,400,carrial01,carrial01,carril002ale,,0,9,eol
20134,0,24,New York Mets,Major League Baseball,Zuber,Tyler,,53,16,6,1995,206,The United States,85872,White Hall,4,180,194,1,1,12,369,369,5,0,96,192,51,244,96,93,91,186,47,230,88,88,92,187,48,232,89,88,5,0,0,9,6,11,10,11,98,330,349,340,353,361,225,1,1,0,41,109,36,12,3,51,42,45,43,0,0,3,3,12,200,0,0,0,0,0,0,0,0,0,1,550,.268,0,0,26,57,119,1,0,0,0,0,0,0,0,0,0,0,0,0,0,0,0,0,0,0,0,0,0,115,26,108,110,127,11,418,1.0302,433,198,335,0,414,378,0,0,0,0,0,0,0,204,343,0,423,388,0,0,0,0,0,0,0,0,400,zuberty01,zuberty01,zuber-000tyl,,0,12,eol
20029,0,24,New York Mets,Major League Baseball,Acuna,Luisangel,,2,12,3,2002,210,Venezuela,17321,Caracas,1,173,181,1,1,4,114,152,3,0,391,362,221,383,420,358,424,315,178,330,434,412,419,344,266,334,434,404,4,0,0,144,196,205,160,141,18,1,1,1,1,1,1,15,30,10,1,3,54,12,3,104,95,65,109,0,0,2,1,5,0,0,0,200,0,200,0,0,0,0,1,550,.257,23,1,3,38,91,4,0,0,0,0,0,0,0,0,0,0,0,0,0,0,0,0,0,0,0,0,0,98,177,100,96,126,115,1,.9302,1,3,0,0,0,0,0,0,0,0,0,0,0,1,0,0,0,0,0,0,0,0,0,0,0,0,270,acunajo01,acunajo01,acuna-003jos,,0,12,eol
20097,0,24,New York Mets,Major League Baseball,Alvarez,Francisco,,4,19,11,2001,210,Venezuela,26908,Guatire,5,180,229,1,1,2,435,676,5,1,392,441,413,465,349,425,402,388,408,410,355,434,336,394,433,412,362,314,5,2,2,60,6,21,55,9,20,1,1,1,1,1,1,15,30,10,1,26,58,12,3,1,10,12,17,50,79,14,18,4,0,200,0,0,0,0,0,0,0,0,1,550,.265,27,3,16,58,128,5,0,0,0,0,0,0,0,0,0,0,0,0,0,0,0,0,0,0,0,0,0,147,86,104,32,37,50,1,.9302,1,3,0,0,0,0,0,0,0,0,0,0,0,1,0,0,0,0,0,0,0,0,0,0,0,0,276,alvarfr01,alvarfr01,alvare006fra,,118,12,eol
20107,0,24,New York Mets,Major League Baseball,Brazoban,Huascar,,43,15,10,1989,56,Dominican Republic,71432,Santo Domingo,1,191,194,1,1,12,482,492,7,0,95,191,50,243,94,91,92,186,47,230,88,89,92,187,48,233,90,89,5,0,0,12,6,11,16,12,61,439,302,464,326,454,285,9,6,1,37,107,52,9,3,50,36,42,41,0,0,16,8,19,200,0,0,0,0,0,0,0,0,0,1,550,.250,0,0,9,66,110,9,0,0,0,0,0,0,0,0,0,0,0,0,0,0,0,0,0,0,0,0,0,109,160,185,78,71,13,401,1.0862,426,334,412,0,197,376,282,0,0,0,0,0,0,352,433,0,210,401,304,0,0,0,0,0,0,0,405,brazohu01,brazohu01,brazob000hua,,0,9,eol
20375,0,24,New York Mets,Major League Baseball,McNeil,Jeff,JT,1,8,4,1992,206,The United States,41750,Long Beach,4,185,194,2,1,4,1178,1303,10,1,405,420,329,413,465,328,394,480,393,418,479,267,489,400,381,339,485,474,9,1,1,117,35,161,122,107,16,1,1,1,1,1,1,15,30,10,1,30,57,10,3,96,118,53,126,0,0,140,100,180,0,0,0,200,0,0,100,200,96,0,1,550,.254,30,6,13,55,64,9,0,0,0,0,0,0,0,0,0,0,0,0,0,0,0,0,0,0,0,0,0,71,164,99,175,141,104,1,.9302,1,3,0,0,0,0,0,0,0,0,0,0,0,1,0,0,0,0,0,0,0,0,0,0,0,0,276,mcneije01,mcneije01,mcneil000jef,,0,10,eol
19213,0,24,New York Mets,Major League Baseball,Siri,Jose,,19,22,7,1995,56,Dominican Republic,67614,Sabana Grande de Boya,1,188,174,1,1,8,535,535,5,0,194,540,422,413,186,211,210,493,405,367,167,262,306,440,430,342,238,352,6,3,2,126,199,168,143,108,17,1,1,1,1,1,1,15,30,10,1,41,54,13,3,11,14,20,6,0,0,140,100,76,0,0,0,0,0,0,0,200,0,0,1,550,.188,26,1,16,46,192,6,0,0,0,0,0,0,0,0,0,0,0,0,0,0,0,0,0,0,0,0,0,112,81,200,123,142,90,1,.9302,1,3,0,0,0,0,0,0,0,0,0,0,0,1,0,0,0,0,0,0,0,0,0,0,0,0,274,sirijo01,sirijo01,siri--000jos,,0,13,eol
19589,0,24,New York Mets,Major League Baseball,Sproat,Brandon,,40,17,9,2000,206,The United States,61920,Pace,4,191,216,1,1,11,0,0,3,0,95,190,50,236,94,91,91,186,47,232,88,88,92,187,48,233,90,89,5,0,0,31,10,11,52,9,1,369,349,382,353,346,311,12,1,0,140,109,60,10,3,51,41,45,43,0,0,12,18,20,200,0,0,0,0,0,0,0,0,0,1,550,.289,0,0,12,57,93,12,0,0,0,0,0,0,0,0,0,0,0,0,0,0,0,0,0,0,0,0,0,86,92,124,30,10,72,335,.9824,293,261,261,355,318,0,261,0,0,0,0,0,0,213,163,307,263,0,213,0,0,0,0,0,0,0,300,sproabr01,sproabr01,sproat000bra,,0,10,eol
18718,0,24,New York Mets,Major League Baseball,Cabrera,Genesis,,92,10,10,1996,56,Dominican Republic,71432,Santo Domingo,1,188,181,2,2,12,960,960,7,0,89,185,46,227,86,87,93,188,48,236,91,89,88,187,48,230,86,84,5,0,0,26,10,11,43,8,4,281,351,262,347,397,301,6,6,4,33,100,48,12,3,51,38,43,42,0,0,3,3,4,200,0,0,0,0,0,0,0,0,0,1,550,.283,0,0,26,58,91,6,0,0,0,0,0,0,0,0,0,0,0,0,0,0,0,0,0,0,0,0,0,86,38,99,80,150,117,327,1.1658,404,212,162,305,330,0,261,0,0,0,0,0,0,277,195,370,408,0,329,0,0,0,0,0,0,0,402,cabrege01,cabrege01,cabrer000gen,,0,12,eol
18756,0,24,New York Mets,Major League Baseball,Garza,Justin,,71,20,3,1994,206,The United States,28719,Glendora,5,178,170,1,1,12,185,185,6,0,95,190,51,238,95,91,91,186,47,231,88,88,92,187,48,233,90,89,5,1,1,10,10,11,10,7,115,374,403,385,404,378,278,1,6,0,42,109,44,13,3,51,43,46,44,0,0,2,14,10,200,0,0,0,0,0,0,0,0,0,1,550,.306,0,0,17,44,75,1,0,0,0,0,0,0,0,0,0,0,0,0,0,0,0,0,0,0,0,0,0,55,91,107,120,89,94,270,.9754,352,154,238,0,280,196,0,0,0,0,0,0,0,188,319,0,356,263,0,0,0,0,0,0,0,0,300,garzaju01,garzaju01,garza-002jus,,0,13,eol
18770,0,24,New York Mets,Major League Baseball,Devenski,Chris,The Dragon,49,13,11,1990,206,The United States,4233,Artesia,4,191,212,1,1,12,1411,1448,13,1,94,188,50,235,93,90,92,187,48,232,89,89,92,187,48,232,89,88,5,0,0,15,8,11,21,10,65,361,345,371,338,444,430,10,2,1,40,86,38,12,3,51,42,45,43,0,0,15,17,11,200,0,0,0,0,0,0,0,0,0,1,550,.256,0,0,21,59,100,10,0,0,0,0,0,0,0,0,0,0,0,0,0,0,0,0,0,0,0,0,0,39,14,117,98,116,98,363,1.1182,439,266,308,0,0,334,0,0,0,0,164,0,0,354,402,0,0,435,0,0,0,0,211,0,0,0,443,devench02,devench02,devens000chr,,0,12,eol
19851,0,24,New York Mets,Major League Baseball,Montas,Frankie,,47,21,3,1993,56,Dominican Republic,69886,San Cristóbal,5,188,256,1,1,11,1416,1483,12,0,96,190,51,244,96,92,91,186,47,230,88,88,83,187,48,247,86,72,5,0,0,16,8,11,24,12,105,324,320,368,373,418,394,5,3,1,135,112,46,10,3,51,39,44,42,0,0,4,11,5,200,0,0,0,0,0,0,0,0,0,1,550,.276,0,0,19,57,100,5,0,0,0,0,0,0,0,0,0,0,0,0,0,0,0,0,0,0,0,0,0,21,128,4,127,74,91,364,1.3475,408,183,382,0,0,312,253,347,0,0,0,0,0,203,422,0,0,342,293,387,0,0,0,0,0,0,372,montafr02,montafr02,montas001fra,,0,10,eol
19904,0,24,New York Mets,Major League Baseball,Canning,Griffin,,46,11,5,1996,206,The United States,50722,Mission Viejo,4,188,181,1,1,11,768,1052,6,3,93,188,49,233,91,89,92,187,48,232,90,89,90,187,48,232,91,83,5,1,1,10,9,11,10,15,103,366,310,376,362,355,372,3,5,2,141,116,48,9,4,50,35,42,41,0,0,1,15,12,200,0,0,0,0,0,0,0,0,0,1,550,.266,0,0,16,60,93,3,0,0,0,0,0,0,0,0,0,0,0,0,0,0,0,0,0,0,0,0,0,122,121,129,104,102,118,335,.8193,382,179,306,373,339,0,0,0,0,0,0,0,0,200,337,416,381,0,0,0,0,0,0,0,0,0,409,cannigr01,cannigr01,cannin000gri,,0,9,eol
19670,0,24,New York Mets,Major League Baseball,Vientos,Mark,Swaggy V,27,11,12,1999,206,The United States,63535,Pembroke Pines,4,193,185,1,1,5,489,489,5,0,392,440,380,315,334,433,374,427,435,369,360,392,381,405,445,354,336,418,4,2,2,56,9,31,76,6,16,1,1,1,1,1,1,15,30,10,1,4,57,10,3,104,91,133,71,0,0,16,1,8,0,0,0,0,200,0,0,0,0,0,1,550,.257,29,2,19,41,128,4,0,0,0,0,0,0,0,0,0,0,0,0,0,0,0,0,0,0,0,0,0,102,87,100,72,106,86,1,.9302,1,3,0,0,0,0,0,0,0,0,0,0,0,1,0,0,0,0,0,0,0,0,0,0,0,0,278,vientma01,vientma01,viento000mar,,0,10,eol
18516,0,24,New York Mets,Major League Baseball,Azocar,Jose,,18,11,5,1996,210,Venezuela,42390,La Guaira,1,180,181,1,1,9,361,446,4,0,360,205,304,325,405,319,368,245,234,384,410,326,423,365,168,321,416,426,2,0,0,163,171,197,143,110,8,1,1,1,1,1,1,15,30,10,1,7,55,13,3,14,2,16,19,0,0,90,107,113,0,0,0,0,0,0,200,200,146,0,1,550,.233,12,2,6,43,104,2,0,0,0,0,0,0,0,0,0,0,0,0,0,0,0,0,0,0,0,0,0,102,98,120,7,57,86,1,.9302,1,3,0,0,0,0,0,0,0,0,0,0,0,1,0,0,0,0,0,0,0,0,0,0,0,0,273,azocajo01,azocajo01,azocar000jos,,0,13,eol
19393,0,24,New York Mets,Major League Baseball,Young,Danny,,81,27,5,1994,206,The United States,10206,Boca Raton,4,191,201,2,2,12,369,576,5,2,89,185,46,226,86,86,94,188,49,236,92,89,92,187,48,233,90,89,5,0,0,9,6,11,10,13,82,515,324,442,333,432,341,12,6,1,31,109,69,15,2,51,43,46,44,0,0,4,17,16,200,0,0,0,0,0,0,0,0,0,1,550,.223,0,0,6,62,156,12,0,0,0,0,0,0,0,0,0,0,0,0,0,0,0,0,0,0,0,0,0,74,80,177,125,168,77,492,1.0027,473,0,427,0,0,0,479,0,0,0,0,0,0,0,400,0,0,0,486,0,0,0,0,0,0,0,400,youngda02,youngda02,young-003dan,,0,15,eol
19575,0,24,New York Mets,Major League Baseball,Peterson,David,,23,3,9,1995,206,The United States,20170,Denver,4,198,240,2,2,11,838,1096,6,3,89,183,45,227,85,86,93,188,49,235,91,89,91,304,49,219,90,86,5,0,0,21,10,11,32,12,29,492,407,470,339,402,343,7,3,1,154,130,59,9,3,50,35,42,41,0,0,13,1,20,200,0,0,0,0,0,0,0,0,0,1,550,.271,0,0,6,55,99,7,0,0,0,0,0,0,0,0,0,0,0,0,0,0,0,0,0,0,0,0,0,70,193,106,185,74,114,357,.6660,408,264,320,395,358,0,188,0,0,0,0,0,0,298,345,426,392,0,205,0,0,0,0,0,0,0,333,peterda01,peterda01,peters009dav,,0,9,eol
19738,0,24,New York Mets,Major League Baseball,Blackburn,Paul,Blackie,58,4,12,1993,206,The United States,56465,Oakley,4,185,196,1,1,11,1252,1309,12,1,94,187,49,236,91,90,92,186,48,232,89,89,87,187,48,229,93,74,5,0,0,9,6,11,10,12,17,344,429,344,412,388,404,4,2,2,130,95,53,11,3,51,39,44,42,0,0,16,20,15,200,0,0,0,0,0,0,0,0,0,1,550,.290,0,0,17,40,88,4,0,0,0,0,0,0,0,0,0,0,0,0,0,0,0,0,0,0,0,0,0,122,105,102,196,74,117,314,.9165,314,256,256,256,256,256,256,0,0,0,0,0,0,256,256,256,256,256,256,0,0,0,0,0,0,0,331,blackpa01,blackpa01,blackb000pau,,0,11,eol
20572,0,24,New York Mets,Major League Baseball,Mauricio,Ronny,,10,4,4,2001,56,Dominican Republic,71432,Santo Domingo,1,191,165,3,1,5,73,146,5,0,400,351,360,337,323,451,363,306,411,396,320,406,383,315,370,366,331,424,3,2,2,82,87,174,133,39,5,4,1,4,1,8,1,15,30,10,1,33,53,13,4,104,91,133,74,0,0,2,19,17,0,0,0,162,200,0,0,0,0,0,1,550,.250,20,0,15,46,141,3,0,0,0,0,0,0,0,0,0,0,0,0,0,0,0,0,0,0,0,0,0,99,127,187,129,109,123,1,.9756,1,3,0,0,0,0,0,0,0,0,0,0,0,1,0,0,0,0,0,0,0,0,0,0,0,0,276,mauriro01,mauriro01,mauric000ron,,0,13,eol
20731,0,24,New York Mets,Major League Baseball,Senger,Hayden,,30,3,4,1997,206,The United States,83019,Virginia Beach,4,185,209,1,1,2,0,0,1,0,315,230,231,305,349,274,311,227,225,303,342,271,310,292,306,330,347,261,6,2,2,28,9,11,47,123,9,1,1,1,1,1,1,15,30,10,1,46,57,15,3,8,3,19,6,74,99,8,10,6,0,200,0,0,0,0,0,0,0,0,1,550,.205,12,0,5,30,132,6,0,0,0,0,0,0,0,0,0,0,0,0,0,0,0,0,0,0,0,0,0,55,125,122,162,86,69,1,.9302,1,3,0,0,0,0,0,0,0,0,0,0,0,1,0,0,0,0,0,0,0,0,0,0,0,0,276,sengeha01,sengeha01,senger000hay,,104,15,eol
18483,0,24,New York Mets,Major League Baseball,Winker,Jesse,Wink,3,17,8,1993,206,The United States,12314,Buffalo,4,188,205,2,2,7,1235,1449,12,3,376,415,328,465,367,389,422,472,370,473,395,442,451,419,422,453,458,433,7,2,2,121,113,161,108,101,17,4,1,4,1,8,1,15,30,10,1,48,53,11,4,17,12,16,18,0,0,90,113,116,0,0,0,0,0,0,200,0,192,0,1,550,.267,33,5,12,74,114,7,0,0,0,0,0,0,0,0,0,0,0,0,0,0,0,0,0,0,0,0,0,104,73,96,80,87,76,1,1.0250,1,3,0,0,0,0,0,0,0,0,0,0,0,1,0,0,0,0,0,0,0,0,0,0,0,0,271,winkeje01,winkeje01,winker001jes,,0,11,eol
19629,0,24,New York Mets,Major League Baseball,Senga,Kodai,,34,30,1,1993,98,Japan,27602,Gamagori,2,185,201,2,1,11,282,282,6,0,86,182,44,226,81,85,94,189,50,235,92,90,92,187,48,233,90,89,5,0,0,30,6,11,53,13,28,392,270,401,308,409,305,4,6,1,139,111,54,11,4,50,35,42,41,0,0,4,5,18,200,0,0,0,0,0,0,0,0,0,1,550,.244,0,0,12,71,113,4,0,0,0,0,0,0,0,0,0,0,0,0,0,0,0,0,0,0,0,0,0,108,125,85,90,28,87,408,.9533,442,311,410,0,0,410,0,0,363,0,0,0,0,317,419,0,0,456,0,0,373,0,0,0,0,0,425,sengako01,sengako01,senga-000kod,,0,11,eol
18812,0,24,New York Mets,Major League Baseball,Kranick,Max,,32,21,7,1997,206,The United States,35302,Jessup,4,191,220,1,1,12,232,319,4,1,94,188,50,236,93,90,92,186,48,233,89,89,80,187,49,223,96,55,5,1,1,10,8,11,11,6,108,415,524,421,528,454,399,1,1,1,48,109,40,8,4,51,39,44,42,0,0,16,18,7,200,0,0,0,0,0,0,0,0,0,1,550,.278,0,0,15,19,76,1,0,0,0,0,0,0,0,0,0,0,0,0,0,0,0,0,0,0,0,0,0,110,125,26,73,106,93,275,.9992,298,167,221,315,0,0,0,0,0,0,0,0,0,177,241,335,0,0,0,0,0,0,0,0,0,0,400,kranima01,kranima01,kranic000max,,0,8,eol
19595,0,24,New York Mets,Major League Baseball,Raley,Brooks,,25,29,6,1988,206,The United States,69776,San Antonio,4,191,201,2,2,12,1107,1358,9,2,89,184,46,229,85,87,93,188,49,234,91,89,97,167,49,222,103,86,5,0,0,12,9,11,15,15,99,632,428,618,416,534,409,11,1,1,32,123,30,11,3,51,40,44,43,0,0,12,6,13,200,0,0,0,0,0,0,0,0,0,1,550,.220,0,0,2,41,125,11,0,0,0,0,0,0,0,0,0,0,0,0,0,0,0,0,0,0,0,0,0,139,6,85,42,57,9,431,.9427,455,0,313,0,414,414,367,0,0,0,0,0,0,0,306,0,438,404,356,0,0,0,0,0,0,0,437,raleybr01,raleybr01,raley-001bro,,0,11,eol
19671,0,24,New York Mets,Major League Baseball,Stanek,Ryne,Stanny,55,26,7,1991,206,The United States,58136,Overland Park,4,193,225,1,1,12,1367,1367,12,0,92,187,48,233,90,89,92,188,48,233,90,89,92,187,48,233,90,89,5,0,0,14,10,11,18,11,61,454,264,470,305,466,291,2,6,0,31,113,31,14,3,50,36,42,42,0,0,11,11,17,200,0,0,0,0,0,0,0,0,0,1,550,.244,0,0,14,73,120,2,0,0,0,0,0,0,0,0,0,0,0,0,0,0,0,0,0,0,0,0,0,115,122,103,115,26,112,422,.9600,449,289,418,0,0,0,0,339,0,0,0,0,0,307,439,0,0,0,0,358,0,0,0,0,0,0,423,stanery01,stanery01,stanek001ryn,,0,14,eol
20163,0,24,New York Mets,Major League Baseball,Pintaro,Jonathan,,91,7,11,1997,206,The United States,51514,Montevallo,4,188,236,1,1,12,0,0,3,0,95,189,50,235,94,91,92,186,48,232,89,88,92,187,48,233,90,89,5,2,2,14,7,11,20,14,74,256,222,281,230,263,253,6,6,5,26,109,58,11,3,51,44,46,44,0,0,3,20,1,200,0,0,0,0,0,0,0,0,0,1,550,.293,0,0,21,94,73,6,0,0,0,0,0,0,0,0,0,0,0,0,0,0,0,0,0,0,0,0,0,112,194,103,117,125,92,266,1.0112,266,197,197,0,239,197,239,0,0,0,0,0,0,197,155,0,239,197,239,0,0,0,0,0,0,0,377,pintajo01,pintajo01,pintar000jon,,0,11,eol
20747,0,24,New York Mets,Major League Baseball,Hagenman,Justin,,51,7,10,1996,206,The United States,91060,Voorhees Township,4,191,205,1,1,12,0,0,2,0,93,188,49,236,91,89,92,187,48,233,90,88,92,187,48,233,90,89,5,0,0,34,10,11,58,8,115,366,556,406,571,395,457,6,1,0,47,109,39,17,3,51,41,45,43,0,0,9,1,20,200,0,0,0,0,0,0,0,0,0,1,550,.266,0,0,18,12,103,6,0,0,0,0,0,0,0,0,0,0,0,0,0,0,0,0,0,0,0,0,0,108,95,94,126,124,131,376,1.0282,361,259,353,0,0,0,0,0,0,0,0,0,0,258,316,0,0,0,0,0,0,0,0,0,0,0,400,hagenju01,hagenju01,hagenm000jus,,0,17,eol
// Philadelphia Phillies, ID = 25
18833,0,25,Philadelphia Phillies,Major League Baseball,de Geus,Brett,,74,4,11,1997,206,The United States,59562,Pleasanton,4,188,190,1,1,12,175,492,6,2,94,189,49,238,92,89,92,187,47,231,89,88,92,187,48,233,90,89,5,0,0,10,9,11,10,14,52,372,285,387,292,397,312,12,1,5,33,109,70,7,3,51,44,46,44,0,0,3,3,19,200,0,0,0,0,0,0,0,0,0,1,550,.302,0,0,10,73,75,12,0,0,0,0,0,0,0,0,0,0,0,0,0,0,0,0,0,0,0,0,0,127,15,58,53,94,20,271,1.0115,286,0,259,210,304,210,210,0,0,0,0,0,0,0,274,220,314,220,166,0,0,0,0,0,0,0,268,degeubr01,degeubr01,degeus000bre,,0,7,eol
20962,0,25,Philadelphia Phillies,Major League Baseball,Ross,Joe,,41,21,5,1993,206,The United States,56459,Oakland,1,193,243,1,1,12,1127,1233,11,3,94,189,49,237,93,90,91,186,48,232,88,88,327,280,223,295,234,395,5,0,0,9,6,11,10,11,19,384,366,407,397,406,396,5,1,0,44,133,47,8,3,50,37,43,42,0,0,16,13,11,200,0,0,0,0,0,0,0,0,0,1,550,.282,0,0,14,49,89,5,0,0,0,0,0,0,0,0,0,0,0,0,0,0,0,0,0,0,0,0,0,126,104,49,118,27,112,317,1.2480,375,165,269,337,311,0,0,0,0,0,0,0,0,193,328,406,368,0,0,0,0,0,0,0,0,0,348,rossjo01,rossjo01,ross--000joe,,0,8,eol
20322,0,25,Philadelphia Phillies,Major League Baseball,Ruiz,Jose,,63,21,10,1994,210,Venezuela,27033,Guacara,5,185,245,1,1,12,1249,1430,10,1,96,190,50,238,95,92,91,186,47,232,88,88,91,187,48,232,92,84,5,2,2,27,8,11,46,13,48,348,357,373,356,384,329,2,1,3,33,110,46,12,3,51,42,45,43,0,0,7,1,9,200,0,0,0,0,0,0,0,0,0,1,550,.280,0,0,18,55,105,2,0,0,0,0,0,0,0,0,0,0,0,0,0,0,0,0,0,0,0,0,0,124,23,173,129,118,89,381,.9521,397,260,354,186,390,0,317,0,0,0,0,0,0,272,366,192,404,0,326,0,0,0,0,0,0,0,337,ruizjo01,ruizjo01,ruiz--008jos,,0,12,eol
20500,0,25,Philadelphia Phillies,Major League Baseball,Hoffman,Nolan,,47,9,8,1997,206,The United States,45562,Lincoln,4,193,190,1,1,12,0,0,2,0,96,189,51,238,96,91,91,186,47,231,88,88,92,187,48,233,90,89,5,0,0,10,10,11,10,13,12,243,261,288,281,256,277,6,6,5,34,109,61,13,2,51,44,46,44,0,0,6,8,9,200,0,0,0,0,0,0,0,0,0,1,550,.288,0,0,20,79,79,6,0,0,0,0,0,0,0,0,0,0,0,0,0,0,0,0,0,0,0,0,0,119,113,125,79,122,95,283,1.0148,275,0,258,210,258,210,210,0,0,0,0,0,0,0,254,207,254,207,160,0,0,0,0,0,0,0,379,hoffmno01,hoffmno01,hoffma000nol,,0,13,eol
20939,0,25,Philadelphia Phillies,Major League Baseball,Schwarber,Kyle,Schwarbs,12,5,3,1993,206,The United States,50127,Middletown,4,180,229,2,1,7,1720,1832,11,1,341,354,502,505,319,368,306,416,500,514,301,312,320,426,498,505,321,321,6,3,2,97,61,146,124,9,14,1,1,1,1,1,1,15,30,10,1,49,56,12,4,1,7,12,4,0,0,79,84,130,0,0,0,0,0,0,200,0,0,0,1,550,.250,23,1,35,95,147,6,0,0,0,0,0,0,0,0,0,0,0,0,0,0,0,0,0,0,0,0,0,91,158,13,74,113,99,1,.9756,1,3,0,0,0,0,0,0,0,0,0,0,0,1,0,0,0,0,0,0,0,0,0,0,0,0,274,schwaky01,schwaky01,schwar001kyl,,0,12,eol
20951,0,25,Philadelphia Phillies,Major League Baseball,Kerkering,Orion,,50,4,4,2001,206,The United States,33047,Huntington Beach,5,188,205,1,1,12,344,410,3,0,94,190,49,236,93,90,92,187,47,232,89,89,92,187,48,233,90,89,5,0,0,9,8,11,10,8,13,446,351,473,388,479,374,12,6,0,31,109,52,13,3,50,36,42,42,0,0,17,4,15,200,0,0,0,0,0,0,0,0,0,1,550,.249,0,0,8,52,127,12,0,0,0,0,0,0,0,0,0,0,0,0,0,0,0,0,0,0,0,0,0,40,144,111,177,113,145,434,.9244,443,346,206,0,427,0,0,0,0,0,0,0,0,352,210,0,433,0,0,0,0,0,0,0,0,0,369,kerkeor01,kerkeor01,kerker000ori,,0,13,eol
20351,0,25,Philadelphia Phillies,Major League Baseball,Alvarado,Jose,El Pocho,46,21,5,1995,210,Venezuela,47987,Maracaibo,1,188,245,2,2,12,1274,1316,12,1,86,183,44,224,82,85,94,189,49,235,92,90,92,187,48,232,89,88,5,0,0,15,6,11,23,42,92,408,393,400,365,485,281,4,6,0,32,110,48,13,3,51,40,44,43,0,0,9,6,16,200,0,0,0,0,0,0,0,0,0,1,550,.251,0,0,13,51,125,4,0,0,0,0,0,0,0,0,0,0,0,0,0,0,0,0,0,0,0,0,0,181,52,156,114,78,35,431,1.1765,481,0,0,0,0,432,352,0,0,0,0,0,0,0,0,0,0,500,408,0,0,0,0,0,0,0,393,alvarjo03,alvarjo03,alvara004jos,,0,13,eol
20391,0,25,Philadelphia Phillies,Major League Baseball,Abel,Mick,,20,18,8,2001,206,The United States,60505,Portland,4,196,190,1,1,11,0,0,1,0,94,189,50,235,92,90,92,186,48,232,89,88,92,187,48,233,90,89,5,0,0,24,6,11,41,13,87,358,349,362,350,342,328,4,6,0,117,109,41,12,3,51,39,44,42,0,0,14,19,9,200,0,0,0,0,0,0,0,0,0,1,550,.271,0,0,20,57,101,4,0,0,0,0,0,0,0,0,0,0,0,0,0,0,0,0,0,0,0,0,0,101,116,79,173,114,176,365,1.0278,345,199,285,285,378,335,0,0,0,0,0,0,0,185,257,257,350,314,0,0,0,0,0,0,0,0,400,abelmi01,abelmi01,abel--000mcl,,0,12,eol
20403,0,25,Philadelphia Phillies,Major League Baseball,Turner,Trea,,7,30,6,1993,206,The United States,11195,Boynton Beach,4,188,185,1,1,6,1717,2000,11,3,487,405,386,347,450,501,478,366,369,327,445,489,462,399,400,339,434,471,4,2,2,147,168,186,128,6,19,1,1,1,1,1,1,15,30,10,1,2,56,12,3,169,98,126,111,0,0,12,9,8,0,0,0,0,0,200,0,0,0,0,1,550,.318,29,6,13,36,82,4,0,0,0,0,0,0,0,0,0,0,0,0,0,0,0,0,0,0,0,0,0,102,116,88,75,102,96,1,.9302,1,3,0,0,0,0,0,0,0,0,0,0,0,1,0,0,0,0,0,0,0,0,0,0,0,0,276,turnetr01,turnetr01,turner000tre,,0,12,eol
20880,0,25,Philadelphia Phillies,Major League Baseball,Stubbs,Garrett,,21,26,5,1993,206,The United States,69896,San Diego,4,178,170,2,1,2,866,1029,10,1,338,297,264,440,345,335,337,318,255,386,346,331,362,360,283,416,385,342,9,0,0,114,90,174,97,13,11,264,281,267,285,203,303,15,30,10,34,39,45,12,3,5,1,17,6,106,109,5,16,7,0,200,0,0,0,0,0,0,0,0,1,550,.221,17,2,6,51,131,9,0,0,0,0,0,0,0,0,0,0,0,0,0,0,0,0,0,0,0,0,0,113,47,100,92,91,105,222,.9900,212,188,0,0,226,0,0,0,0,0,0,0,0,182,0,0,212,0,0,0,0,0,0,0,0,0,379,stubbga01,stubbga01,stubbs000gar,,109,12,eol
21025,0,25,Philadelphia Phillies,Major League Baseball,Rojas,Johan,,23,14,8,2000,56,Dominican Republic,69965,San Francisco de Macorís,1,180,165,1,1,8,257,257,4,0,407,285,221,351,431,379,411,331,173,307,405,418,431,349,211,283,411,442,3,2,2,187,201,195,144,193,20,1,1,1,1,1,1,15,30,10,1,19,54,11,4,7,16,17,20,0,0,140,100,118,0,0,0,0,0,0,0,200,0,0,1,550,.254,15,8,3,33,102,3,0,0,0,0,0,0,0,0,0,0,0,0,0,0,0,0,0,0,0,0,0,18,86,94,89,12,69,1,.9756,1,3,0,0,0,0,0,0,0,0,0,0,0,1,0,0,0,0,0,0,0,0,0,0,0,0,272,rojasjo03,rojasjo03,rojas-001joh,,0,11,eol
20287,0,25,Philadelphia Phillies,Major League Baseball,Castellanos,Nick,,8,4,3,1992,206,The United States,22169,Davie,4,191,203,1,1,9,2064,2384,14,2,386,403,424,301,409,364,416,407,376,323,406,423,465,450,438,339,416,492,5,3,2,91,34,156,74,8,2,1,1,1,1,1,1,15,30,10,1,17,55,15,3,20,12,9,9,0,0,93,222,94,0,0,0,0,0,0,0,0,200,0,1,550,.267,28,3,14,33,105,5,0,0,0,0,0,0,0,0,0,0,0,0,0,0,0,0,0,0,0,0,0,186,59,103,83,105,12,1,.9302,1,3,0,0,0,0,0,0,0,0,0,0,0,1,0,0,0,0,0,0,0,0,0,0,0,0,277,casteni01,casteni01,castel002nic,,0,15,eol
19747,0,25,Philadelphia Phillies,Major League Baseball,Romano,Jordan,,68,21,4,1993,36,Canada,89958,Markham,4,196,209,1,1,13,983,983,9,0,95,190,50,241,94,92,91,187,47,230,88,88,92,187,48,233,90,89,5,0,0,21,10,11,32,10,74,267,376,304,382,419,356,10,1,3,31,85,42,15,3,51,38,43,42,0,0,13,3,8,200,0,0,0,0,0,0,0,0,0,1,550,.269,0,0,26,50,119,10,0,0,0,0,0,0,0,0,0,0,0,0,0,0,0,0,0,0,0,0,0,124,102,159,115,121,101,419,.9614,466,413,334,0,0,0,0,0,0,0,0,0,0,484,398,0,0,0,0,0,0,0,0,0,0,0,400,romanjo03,romanjo03,romano000jor,,0,15,eol
19789,0,25,Philadelphia Phillies,Major League Baseball,Luzardo,Jesus,,44,30,9,1997,148,Peru,45449,Lima,5,183,218,2,2,11,1020,1370,8,3,90,184,46,226,87,87,93,188,49,235,91,89,78,187,49,305,98,47,5,0,0,12,10,11,15,8,13,471,432,433,372,417,397,3,2,1,155,103,48,14,3,50,35,42,41,0,0,20,4,11,200,0,0,0,0,0,0,0,0,0,1,550,.256,0,0,10,46,128,3,0,0,0,0,0,0,0,0,0,0,0,0,0,0,0,0,0,0,0,0,0,129,106,113,117,120,117,438,.6834,440,316,371,0,417,0,417,0,0,0,0,0,0,308,358,0,406,0,440,0,0,0,0,0,0,0,345,luzarje01,luzarje01,luzard000jes,,0,14,eol
19925,0,25,Philadelphia Phillies,Major League Baseball,Kemp,Otto,,4,9,9,1999,206,The United States,24572,Fullerton,4,183,185,1,1,5,0,0,1,0,400,409,442,330,270,477,373,440,403,317,304,429,351,417,406,333,317,390,15,2,2,72,117,115,116,27,19,1,1,1,1,1,1,15,30,10,1,43,54,12,3,104,91,133,71,0,0,89,95,113,0,0,138,0,200,0,200,0,0,0,1,550,.258,32,0,17,34,150,15,0,0,0,0,0,0,0,0,0,0,0,0,0,0,0,0,0,0,0,0,0,155,129,92,1,2,58,1,.9302,1,3,0,0,0,0,0,0,0,0,0,0,0,1,0,0,0,0,0,0,0,0,0,0,0,0,272,kempot01,kempot01,kemp--000ott,,0,12,eol
19951,0,25,Philadelphia Phillies,Major League Baseball,Mercado,Michael,,63,15,4,1999,206,The United States,69896,San Diego,4,193,161,1,1,12,8,179,3,1,95,189,50,237,94,92,91,186,47,232,88,88,92,187,48,233,90,89,5,0,0,32,8,11,55,7,72,282,259,275,257,274,274,6,6,0,36,109,36,10,3,51,44,46,44,0,0,3,4,14,200,0,0,0,0,0,0,0,0,0,1,550,.316,0,0,33,83,91,6,0,0,0,0,0,0,0,0,0,0,0,0,0,0,0,0,0,0,0,0,0,121,95,124,45,62,71,327,1.0028,325,172,0,231,325,291,0,0,0,0,0,0,0,171,0,230,324,289,0,0,0,0,0,0,0,0,300,mercami01,mercami01,mercad000mic,,0,10,eol
19954,0,25,Philadelphia Phillies,Major League Baseball,Robert,Daniel,,48,30,8,1994,206,The United States,9691,Birmingham,4,193,209,2,1,12,38,38,4,0,87,184,44,222,83,85,94,188,49,237,92,90,92,187,48,233,90,89,5,2,2,17,10,11,25,15,116,441,201,461,207,454,286,9,1,1,34,109,27,13,3,51,42,45,43,0,0,20,12,10,200,0,0,0,0,0,0,0,0,0,1,550,.252,0,0,18,101,130,9,0,0,0,0,0,0,0,0,0,0,0,0,0,0,0,0,0,0,0,0,0,90,74,85,100,71,107,440,1.0090,401,222,370,0,0,453,0,0,0,0,0,0,0,194,328,0,0,406,0,0,0,0,0,0,0,0,400,roberda11,roberda11,robert005dan,,0,13,eol
19967,0,25,Philadelphia Phillies,Major League Baseball,Wheeler,Zack,Wheels,45,30,5,1990,206,The United States,21782,Dallas,4,193,194,2,1,11,1668,1668,13,0,89,185,46,230,86,86,93,188,49,234,91,89,244,342,148,157,163,317,5,0,0,10,9,11,10,14,83,350,410,422,470,447,452,7,4,0,173,118,48,13,3,50,65,52,41,0,0,18,8,16,200,0,0,0,0,0,0,0,0,0,1,550,.222,0,0,13,36,147,7,0,0,0,0,0,0,0,0,0,0,0,0,0,0,0,0,0,0,0,0,0,113,92,111,127,98,79,474,.9404,430,223,317,418,455,0,372,0,0,0,0,0,0,206,300,394,427,0,347,0,0,0,0,0,0,0,444,wheelza01,wheelza01,wheele001zac,,0,13,eol
20188,0,25,Philadelphia Phillies,Major League Baseball,Marsh,Brandon,,16,18,12,1997,206,The United States,12319,Buford,4,188,216,2,1,8,676,955,5,3,396,376,353,414,275,469,460,432,384,428,333,528,445,441,382,453,302,526,1,0,0,117,111,171,100,122,6,4,1,4,1,8,1,15,30,10,1,30,53,13,3,13,3,16,14,0,0,104,68,111,0,0,0,0,0,0,200,200,0,0,1,550,.294,33,4,13,58,141,1,0,0,0,0,0,0,0,0,0,0,0,0,0,0,0,0,0,0,0,0,0,120,123,98,174,112,174,1,.9302,1,3,0,0,0,0,0,0,0,0,0,0,0,1,0,0,0,0,0,0,0,0,0,0,0,0,275,marshbr02,marshbr02,marsh-000bra,,0,13,eol
20812,0,25,Philadelphia Phillies,Major League Baseball,Sanchez,Cristopher,,61,12,12,1996,56,Dominican Republic,42625,La Romana,1,198,201,2,2,11,676,991,8,2,86,181,43,217,81,85,94,189,49,238,93,90,92,187,48,233,90,89,5,0,0,9,8,11,10,10,72,509,495,447,447,422,466,3,5,1,166,111,65,11,3,50,35,42,41,0,0,5,13,15,200,0,0,0,0,0,0,0,0,0,1,550,.256,0,0,6,33,112,3,0,0,0,0,0,0,0,0,0,0,0,0,0,0,0,0,0,0,0,0,0,59,128,64,112,127,94,405,1.0812,397,0,433,0,388,0,328,0,0,0,0,0,0,0,434,0,353,0,304,0,0,0,0,0,0,0,362,sanchcr01,sanchcr01,sanche000cri,,0,11,eol
18543,0,25,Philadelphia Phillies,Major League Baseball,Kennedy,Buddy,,19,5,10,1998,206,The United States,50389,Millville,4,178,190,1,1,5,360,509,5,2,247,420,337,395,363,88,237,415,327,386,350,84,302,407,308,417,363,216,7,2,2,101,41,153,105,10,12,1,1,1,1,1,1,15,30,10,1,39,57,11,3,105,94,133,72,0,0,4,17,11,0,0,91,98,200,0,0,0,0,0,1,550,.162,17,2,10,47,128,7,0,0,0,0,0,0,0,0,0,0,0,0,0,0,0,0,0,0,0,0,0,92,82,98,118,94,110,1,.9302,1,3,0,0,0,0,0,0,0,0,0,0,0,1,0,0,0,0,0,0,0,0,0,0,0,0,274,kennebu01,kennebu01,kenned000bud,,0,11,eol
19057,0,25,Philadelphia Phillies,Major League Baseball,Robertson,David,Houdini,30,9,4,1985,206,The United States,9691,Birmingham,4,180,194,1,1,12,2630,2672,20,1,94,187,49,235,92,90,92,187,48,232,90,89,92,187,48,232,89,88,5,0,0,9,8,11,10,50,23,366,369,401,374,421,334,7,6,1,34,104,51,18,4,51,42,45,43,0,0,15,2,5,200,0,0,0,0,0,0,0,0,0,1,550,.237,0,0,14,51,155,7,0,0,0,0,0,0,0,0,0,0,0,0,0,0,0,0,0,0,0,0,0,128,47,98,92,85,105,491,.9203,513,0,460,0,0,377,0,0,0,0,0,377,0,0,501,0,0,345,0,0,0,0,0,409,0,0,384,roberda08,roberda08,robert009dav,,0,18,eol
19701,0,25,Philadelphia Phillies,Major League Baseball,Banks,Tanner,,58,24,10,1991,206,The United States,66636,Riverton,4,185,209,1,2,12,516,763,7,1,95,191,51,241,95,91,92,186,46,230,89,88,92,187,48,233,90,89,5,0,0,10,9,11,10,14,73,421,494,392,456,398,424,3,3,0,33,94,50,11,3,50,35,42,41,0,0,11,4,12,200,0,0,0,0,0,0,0,0,0,1,550,.257,0,0,13,32,110,3,0,0,0,0,0,0,0,0,0,0,0,0,0,0,0,0,0,0,0,0,0,95,133,113,16,17,81,401,.8554,395,282,197,0,375,0,412,0,0,0,0,0,0,277,195,0,370,0,408,0,0,0,0,0,0,0,398,banksta01,banksta01,banks-000tan,,0,11,eol
20002,0,25,Philadelphia Phillies,Major League Baseball,Clemens,Kody,,2,15,5,1996,206,The United States,32688,Houston,4,183,201,2,1,3,487,487,7,0,323,459,396,327,400,223,291,520,447,370,373,174,302,490,426,342,377,199,6,0,0,135,88,152,104,115,20,120,294,140,302,281,359,15,30,10,34,27,59,11,3,66,43,81,70,0,0,104,101,128,0,0,200,200,200,0,121,0,200,0,1,550,.216,23,8,21,41,117,6,0,0,0,0,0,0,0,0,0,0,0,0,0,0,0,0,0,0,0,0,0,53,191,193,186,113,146,224,.9744,236,0,202,0,0,202,0,0,0,0,0,0,0,0,220,0,0,209,0,0,0,0,0,0,0,0,367,clemeko01,clemeko01,clemen000kod,,0,11,eol
20584,0,25,Philadelphia Phillies,Major League Baseball,Suarez,Ranger,,55,26,8,1995,210,Venezuela,17560,Carora,5,185,216,2,2,11,1162,1478,9,2,87,183,44,219,83,85,94,188,49,237,92,91,116,362,49,234,105,126,5,0,0,10,9,11,10,11,21,393,494,439,427,432,400,5,1,1,158,124,56,10,3,67,35,47,41,0,0,16,11,7,200,0,0,0,0,0,0,0,0,0,1,550,.267,0,0,10,36,108,5,0,0,0,0,0,0,0,0,0,0,0,0,0,0,0,0,0,0,0,0,0,71,126,97,185,54,114,393,.7439,383,350,398,350,350,398,0,0,0,0,0,0,0,337,380,337,337,380,0,0,0,0,0,0,0,0,343,suarera01,suarera01,suarez000ran,,0,10,eol
19474,0,25,Philadelphia Phillies,Major League Baseball,Strahm,Matt,Strahmy,25,12,11,1991,206,The United States,86272,West Fargo,4,191,185,1,2,12,1541,1811,11,2,95,190,50,238,95,91,92,186,47,232,89,88,153,299,49,252,94,189,5,0,0,25,10,11,41,15,41,541,442,536,424,493,433,8,6,0,33,115,27,12,3,50,36,42,41,0,0,20,4,15,200,0,0,0,0,0,0,0,0,0,1,550,.222,0,0,8,39,138,8,0,0,0,0,0,0,0,0,0,0,0,0,0,0,0,0,0,0,0,0,0,11,82,125,73,114,90,457,1.1706,446,215,359,407,441,0,0,0,0,0,0,0,0,211,354,402,435,0,0,0,0,0,0,0,0,0,438,strahma01,strahma01,strahm000mat,,0,12,eol
19570,0,25,Philadelphia Phillies,Major League Baseball,Harper,Bryce,Bam-Bam,3,16,10,1992,206,The United States,43942,Las Vegas,4,188,209,2,1,3,2222,2489,16,3,438,429,408,434,400,464,409,493,447,461,402,416,459,480,505,538,374,510,4,2,0,72,89,147,116,20,19,1,1,1,1,1,1,15,30,10,1,10,57,12,3,59,43,51,52,0,0,19,12,20,0,0,200,0,0,0,0,0,0,0,1,550,.282,39,0,22,68,108,4,0,0,0,0,0,0,0,0,0,0,0,0,0,0,0,0,0,0,0,0,0,105,152,14,176,104,114,1,.9302,1,3,0,0,0,0,0,0,0,0,0,0,0,1,0,0,0,0,0,0,0,0,0,0,0,0,277,harpebr03,harpebr03,harper002bry,,0,12,eol
19664,0,25,Philadelphia Phillies,Major League Baseball,Stott,Bryson,,5,6,10,1997,206,The United States,43942,Las Vegas,4,185,201,2,1,4,516,667,5,2,414,318,307,453,466,349,421,364,338,413,442,400,437,352,336,360,457,412,1,2,2,141,160,171,135,84,129,3,1,4,1,8,1,15,30,10,1,48,53,10,2,104,162,59,107,0,0,6,1,19,0,0,0,200,0,0,0,0,0,0,1,550,.265,23,4,10,58,81,1,0,0,0,0,0,0,0,0,0,0,0,0,0,0,0,0,0,0,0,0,0,71,73,97,164,90,171,1,.8163,1,3,0,0,0,0,0,0,0,0,0,0,0,1,0,0,0,0,0,0,0,0,0,0,0,0,274,stottbr01,stottbr01,stott-000bry,,0,10,eol
19669,0,25,Philadelphia Phillies,Major League Baseball,Walker,Taijuan,Sky,99,13,8,1992,206,The United States,88558,Yucaipa,1,193,254,1,1,12,2030,2341,16,3,96,190,51,241,96,91,92,186,47,230,88,89,158,194,151,205,111,192,5,2,2,10,9,11,10,7,33,327,342,313,402,367,391,5,1,1,123,102,47,8,4,67,30,46,41,0,0,6,19,20,200,0,0,0,0,0,0,0,0,0,1,550,.284,0,0,21,51,76,5,0,0,0,0,0,0,0,0,0,0,0,0,0,0,0,0,0,0,0,0,0,192,29,152,79,97,35,275,.9125,357,254,254,254,0,254,254,254,0,0,0,0,0,364,364,364,0,364,364,364,0,0,0,0,0,0,402,walketa01,walketa01,walker001tai,,0,8,eol
18544,0,25,Philadelphia Phillies,Major League Baseball,Walton,Donovan,,18,25,5,1994,206,The United States,81568,Tulsa,4,178,183,2,1,4,690,735,7,0,205,198,326,306,295,127,212,203,335,310,303,131,292,492,331,323,391,152,7,0,0,28,8,11,47,131,1,274,19,272,19,350,288,15,30,10,34,8,35,20,4,108,110,63,118,0,0,17,8,20,0,0,0,200,0,0,0,0,0,0,1,550,.171,8,0,10,31,149,7,0,0,0,0,0,0,0,0,0,0,0,0,0,0,0,0,0,0,0,0,0,127,90,90,109,138,152,2,1.0095,239,3,0,0,1,0,0,0,0,0,0,0,0,204,0,0,170,0,0,0,0,0,0,0,0,0,339,waltodo01,waltodo01,walton000don,,0,20,eol
19094,0,25,Philadelphia Phillies,Major League Baseball,Kepler,Max,Rozycki,17,10,2,1993,74,Germany,8808,Berlin,4,193,225,2,2,7,1700,1700,11,1,342,401,379,394,393,293,359,412,405,407,428,273,371,428,444,423,424,312,5,2,2,67,28,170,104,52,18,1,1,1,1,1,1,15,30,10,1,37,55,10,4,12,14,5,4,0,0,97,204,92,0,0,0,0,0,0,200,0,200,0,1,550,.237,27,0,15,51,97,5,0,0,0,0,0,0,0,0,0,0,0,0,0,0,0,0,0,0,0,0,0,195,1,151,124,118,51,1,1.0250,1,3,0,0,0,0,0,0,0,0,0,0,0,1,0,0,0,0,0,0,0,0,0,0,0,0,273,keplema01,keplema01,kepler001max,,0,10,eol
19632,0,25,Philadelphia Phillies,Major League Baseball,Realmuto,J.T.,Real,10,18,3,1991,206,The United States,22416,Del City,4,185,212,1,1,2,1881,2167,13,2,394,393,313,308,365,416,442,372,370,348,395,474,429,435,422,369,416,435,7,1,0,74,61,143,82,10,17,4,1,4,1,8,1,15,30,10,1,11,53,10,3,5,14,2,8,123,129,9,9,10,0,200,0,0,0,0,0,0,0,0,1,550,.280,29,1,11,37,115,7,0,0,0,0,0,0,0,0,0,0,0,0,0,0,0,0,0,0,0,0,0,106,98,73,87,127,113,1,.9302,1,3,0,0,0,0,0,0,0,0,0,0,0,1,0,0,0,0,0,0,0,0,0,0,0,0,274,realmjt01,realmjt01,realmu001jac,,133,10,eol
20183,0,25,Philadelphia Phillies,Major League Baseball,Stevenson,Cal,,47,12,9,1996,206,The United States,24811,Fremont,4,175,174,2,2,8,350,398,7,1,252,365,259,321,311,197,263,373,275,330,320,203,309,418,268,428,346,261,3,0,0,43,11,21,71,116,1,1,1,1,1,1,1,15,30,10,1,50,57,13,3,8,1,3,7,0,0,142,115,118,0,0,0,0,0,0,0,200,94,0,1,550,.187,20,0,6,35,143,3,0,0,0,0,0,0,0,0,0,0,0,0,0,0,0,0,0,0,0,0,0,106,110,116,123,114,101,1,1.0750,1,3,0,0,0,0,0,0,0,0,0,0,0,1,0,0,0,0,0,0,0,0,0,0,0,0,269,steveca01,steveca01,steven000cal,,0,13,eol
20786,0,25,Philadelphia Phillies,Major League Baseball,Johnson,Seth,,51,19,9,1998,206,The United States,14794,Concord,4,185,205,1,1,12,25,256,3,2,95,189,50,239,94,91,92,186,48,231,88,89,92,187,48,233,90,89,5,0,0,29,8,11,49,9,17,235,370,227,365,280,344,1,6,0,34,109,55,18,3,51,42,45,43,0,0,1,4,2,200,0,0,0,0,0,0,0,0,0,1,550,.264,0,0,26,53,128,1,0,0,0,0,0,0,0,0,0,0,0,0,0,0,0,0,0,0,0,0,0,192,36,124,103,80,44,436,.9870,376,0,0,0,407,407,0,0,0,0,0,0,0,0,0,0,328,328,0,0,0,0,0,0,0,0,400,johnsse01,johnsse01,johnso006set,,0,18,eol
21033,0,25,Philadelphia Phillies,Major League Baseball,Lazar,Max,,60,3,6,1999,206,The United States,15008,Coral Springs,4,191,185,1,1,12,90,129,2,1,95,191,51,239,95,91,92,186,47,231,88,89,92,187,48,233,90,89,5,0,0,10,10,11,10,9,105,344,428,348,427,350,439,1,6,0,38,109,47,11,4,51,38,43,42,0,0,2,19,19,200,0,0,0,0,0,0,0,0,0,1,550,.285,0,0,19,39,72,1,0,0,0,0,0,0,0,0,0,0,0,0,0,0,0,0,0,0,0,0,0,161,75,108,90,111,120,262,.8695,268,154,280,196,0,0,0,0,0,0,0,0,0,156,285,199,0,0,0,0,0,0,0,0,0,0,400,lazarma01,lazarma01,lazar-000max,,0,11,eol
19598,0,25,Philadelphia Phillies,Major League Baseball,Marchan,Rafael,,13,25,2,1999,210,Venezuela,69887,San Cristóbal,5,175,170,3,1,2,394,549,7,1,380,394,374,391,490,202,370,368,348,396,454,248,396,361,385,380,457,314,5,1,1,16,7,11,55,132,20,1,1,1,1,1,1,15,30,10,1,49,55,15,3,6,19,13,19,74,99,13,10,13,0,200,0,0,0,0,0,0,0,0,1,550,.234,25,0,11,48,72,5,0,0,0,0,0,0,0,0,0,0,0,0,0,0,0,0,0,0,0,0,0,22,76,93,85,124,103,1,.9302,1,3,0,0,0,0,0,0,0,0,0,0,0,1,0,0,0,0,0,0,0,0,0,0,0,0,272,marchra01,marchra01,marcha000raf,,87,15,eol
19608,0,25,Philadelphia Phillies,Major League Baseball,Nola,Aaron,Nols,27,4,6,1993,206,The United States,7611,Baton Rouge,4,188,201,1,1,11,1633,1680,13,0,93,188,48,234,91,89,92,187,48,232,90,89,118,386,57,368,98,139,5,0,0,15,6,11,22,11,29,293,401,348,453,388,440,4,1,0,160,99,51,17,3,50,83,58,41,0,0,10,3,11,200,0,0,0,0,0,0,0,0,0,1,550,.267,0,0,19,39,112,4,0,0,0,0,0,0,0,0,0,0,0,0,0,0,0,0,0,0,0,0,0,130,94,101,73,37,39,405,1.5000,433,234,0,173,328,358,295,0,0,0,0,0,0,274,0,193,368,406,328,0,0,0,0,0,0,0,383,nolaaa01,nolaaa01,nola--000aar,,0,17,eol
19650,0,25,Philadelphia Phillies,Major League Baseball,Sosa,Edmundo,,33,6,3,1996,145,Panama,62478,Panama,5,180,170,1,1,4,967,1207,10,1,479,441,447,310,439,498,413,389,397,241,386,433,426,388,398,259,408,438,7,1,1,121,84,143,110,153,170,1,1,1,1,1,1,15,30,10,1,15,57,13,3,131,118,156,95,0,0,4,20,11,0,0,0,200,200,200,0,0,0,0,1,550,.286,27,6,17,24,106,7,0,0,0,0,0,0,0,0,0,0,0,0,0,0,0,0,0,0,0,0,0,99,63,98,110,122,112,1,.9302,1,3,0,0,0,0,0,0,0,0,0,0,0,1,0,0,0,0,0,0,0,0,0,0,0,0,274,sosaed01,sosaed01,sosa--000edm,,0,13,eol
19535,0,25,Philadelphia Phillies,Major League Baseball,Bohm,Alec,,28,3,8,1996,206,The United States,57291,Omaha,4,196,218,1,1,5,832,840,7,0,437,359,388,372,460,409,471,383,325,315,458,464,450,396,359,332,460,430,5,3,2,94,22,150,86,8,19,1,1,1,1,1,1,15,30,10,1,17,56,11,3,125,120,150,64,0,0,12,15,4,0,0,112,0,200,0,0,0,0,0,1,550,.298,29,4,10,35,74,5,0,0,0,0,0,0,0,0,0,0,0,0,0,0,0,0,0,0,0,0,0,75,80,91,86,105,97,1,.9302,1,3,0,0,0,0,0,0,0,0,0,0,0,1,0,0,0,0,0,0,0,0,0,0,0,0,278,bohmal01,bohmal01,bohm--000ale,,0,11,eol
20334,0,25,Philadelphia Phillies,Major League Baseball,Wilson,Weston,,37,11,9,1994,206,The United States,31782,High Point,4,191,216,1,1,4,237,359,3,1,370,484,447,452,354,390,327,432,405,409,322,336,384,433,416,446,330,427,4,3,2,114,165,138,115,115,19,419,348,413,348,398,322,1,1,0,42,14,35,18,4,104,95,81,109,0,0,89,93,113,0,0,87,200,200,0,200,0,0,0,1,550,.237,28,2,18,57,137,4,0,0,0,0,0,0,0,0,0,0,0,0,0,0,0,0,0,0,0,0,0,93,94,82,129,146,86,207,1.0004,229,0,0,156,0,178,0,0,0,0,0,0,0,0,0,160,0,208,0,0,0,0,0,0,0,0,397,wilsowe01,wilsowe01,wilson001wes,,0,18,eol
20589,0,25,Philadelphia Phillies,Major League Baseball,Hernandez,Carlos,,35,11,3,1997,210,Venezuela,27033,Guacara,5,193,245,1,1,12,791,791,7,0,94,190,49,235,93,90,92,186,47,233,89,89,89,187,48,230,87,84,5,0,0,9,8,11,10,7,102,524,294,539,309,488,304,6,6,1,36,107,30,10,3,51,38,43,42,0,0,13,18,6,200,0,0,0,0,0,0,0,0,0,1,550,.263,0,0,8,69,97,6,0,0,0,0,0,0,0,0,0,0,0,0,0,0,0,0,0,0,0,0,0,120,83,126,74,116,98,350,1.0665,358,185,315,257,0,0,0,351,0,0,0,0,0,192,326,272,0,0,0,366,0,0,0,0,0,0,376,hernaca04,hernaca04,hernan026car,,0,10,eol
20756,0,25,Philadelphia Phillies,Major League Baseball,Rangel,Alan,,56,21,8,1997,124,Mexico,31520,Hermosillo,5,188,170,1,1,12,0,0,4,0,95,189,50,235,94,90,92,187,48,232,89,88,92,187,48,233,90,89,5,0,0,26,7,11,44,10,120,445,298,444,297,433,315,1,1,5,47,109,36,13,4,51,42,45,43,0,0,3,3,18,200,0,0,0,0,0,0,0,0,0,1,550,.270,0,0,14,70,89,1,0,0,0,0,0,0,0,0,0,0,0,0,0,0,0,0,0,0,0,0,0,187,15,127,90,120,51,318,1.0040,328,208,208,301,0,0,0,255,0,0,0,0,0,216,216,309,0,0,0,267,0,0,0,0,0,0,400,rangeal01,rangeal01,rangel000ala,,0,13,eol
// Washington Nationals, ID = 30
19971,0,30,Washington Nationals,Major League Baseball,Cavalli,Cade,,24,14,8,1998,206,The United States,9836,Bixby,4,193,218,1,1,11,50,188,4,2,94,190,50,237,93,90,92,186,48,231,88,89,92,187,48,233,90,89,5,2,2,34,9,11,58,14,1,337,405,345,388,337,372,11,6,0,131,109,58,13,3,50,37,43,42,0,0,6,10,14,200,0,0,0,0,0,0,0,0,0,1,550,.296,0,0,15,45,88,11,0,0,0,0,0,0,0,0,0,0,0,0,0,0,0,0,0,0,0,0,0,81,120,85,127,77,77,313,.8723,335,173,293,233,327,0,0,0,0,0,0,0,0,188,320,264,357,0,0,0,0,0,0,0,0,0,300,cavalca01,cavalca01,cavall000cad,,0,13,eol
19982,0,30,Washington Nationals,Major League Baseball,Irvin,Jake,,27,18,2,1997,206,The United States,10078,Bloomington,4,198,234,1,1,11,337,346,6,1,94,187,49,235,92,90,92,186,48,232,90,89,92,187,48,233,90,89,5,0,0,17,6,11,26,8,110,264,355,326,416,322,386,4,3,1,153,123,50,8,3,50,35,42,41,0,0,14,14,13,200,0,0,0,0,0,0,0,0,0,1,550,.270,0,0,21,45,81,4,0,0,0,0,0,0,0,0,0,0,0,0,0,0,0,0,0,0,0,0,0,98,104,85,192,159,107,290,1.2518,311,170,0,227,321,284,227,0,0,0,0,0,0,180,0,248,341,308,248,0,0,0,0,0,0,0,429,irvinja01,irvinja01,irvin-000jak,,0,8,eol
20195,0,30,Washington Nationals,Major League Baseball,Nunez,Nasim,,26,18,8,2000,206,The United States,44165,Lawrenceville,1,175,165,3,1,6,47,153,5,2,374,230,412,481,423,319,370,197,397,443,394,350,357,250,364,442,386,332,0,0,0,120,220,212,160,192,7,1,1,1,1,1,1,15,30,10,1,36,55,10,3,133,101,118,120,0,0,12,15,4,0,0,0,136,0,200,0,0,0,0,1,550,.247,13,0,15,68,108,0,0,0,0,0,0,0,0,0,0,0,0,0,0,0,0,0,0,0,0,0,0,79,101,26,104,136,80,1,.9302,1,3,0,0,0,0,0,0,0,0,0,0,0,1,0,0,0,0,0,0,0,0,0,0,0,0,272,nunezna01,nunezna01,nunez-000nas,,0,10,eol
20202,0,30,Washington Nationals,Major League Baseball,Millas,Drew,,81,15,1,1998,206,The United States,77220,Swansea,4,188,205,3,1,2,194,248,4,1,430,446,270,383,419,435,425,444,262,374,412,432,410,391,316,397,406,414,2,2,2,143,145,191,118,122,12,1,1,1,1,1,1,15,30,10,1,29,54,13,3,13,3,20,10,75,99,13,16,6,0,200,0,0,0,0,0,0,0,0,1,550,.269,33,5,6,45,101,2,0,0,0,0,0,0,0,0,0,0,0,0,0,0,0,0,0,0,0,0,0,114,91,81,124,76,117,1,.9302,1,3,0,0,0,0,0,0,0,0,0,0,0,1,0,0,0,0,0,0,0,0,0,0,0,0,274,milladr01,milladr01,millas000dre,,100,13,eol
20208,0,30,Washington Nationals,Major League Baseball,Chaparro,Andres,,87,4,5,1999,210,Venezuela,23282,El Vigía,5,180,198,1,1,3,41,180,3,2,318,539,312,372,352,278,317,504,343,327,387,225,322,508,361,342,388,236,10,2,2,58,42,115,112,54,3,1,1,1,1,1,1,15,30,10,1,29,54,12,2,72,43,57,56,0,0,2,12,1,0,0,200,0,0,0,0,0,0,0,1,550,.211,35,0,10,37,118,10,0,0,0,0,0,0,0,0,0,0,0,0,0,0,0,0,0,0,0,0,0,154,101,108,100,110,53,1,.8163,1,3,0,0,0,0,0,0,0,0,0,0,0,1,0,0,0,0,0,0,0,0,0,0,0,0,272,chapaan01,chapaan01,chapar000and,,0,12,eol
20563,0,30,Washington Nationals,Major League Baseball,Chafin,Andrew,The Sheriff,39,17,6,1990,206,The United States,37960,Kettering,4,188,236,1,2,12,1825,1870,13,2,95,189,50,240,94,90,91,186,47,230,88,88,98,176,48,229,92,99,5,0,0,20,9,11,31,9,72,511,268,482,275,500,333,1,6,1,31,115,41,11,3,51,39,44,42,0,0,14,14,7,200,0,0,0,0,0,0,0,0,0,1,550,.254,0,0,8,79,134,1,0,0,0,0,0,0,0,0,0,0,0,0,0,0,0,0,0,0,0,0,0,112,73,96,167,124,87,449,.9650,441,486,400,0,0,0,335,0,0,0,0,0,0,474,389,0,0,0,328,0,0,0,0,0,0,0,325,chafian01,chafian01,chafin000and,,0,11,eol
20750,0,30,Washington Nationals,Major League Baseball,Finnegan,Kyle,,64,4,9,1991,206,The United States,70363,San Marcos,4,188,198,1,1,13,828,871,8,2,95,189,50,236,93,91,92,186,47,233,89,88,92,187,48,233,90,89,5,0,0,9,7,11,10,15,61,421,383,434,409,378,359,2,6,0,34,92,51,11,4,50,36,42,42,0,0,19,19,16,200,0,0,0,0,0,0,0,0,0,1,550,.252,0,0,11,44,111,2,0,0,0,0,0,0,0,0,0,0,0,0,0,0,0,0,0,0,0,0,0,184,86,84,87,12,135,404,.8490,404,201,419,0,0,0,0,339,0,0,0,0,0,201,419,0,0,0,0,339,0,0,0,0,0,0,404,finneky01,finneky01,finneg000kyl,,0,11,eol
18662,0,30,Washington Nationals,Major League Baseball,Adams,Riley,,15,26,6,1996,206,The United States,23653,Encinitas,4,193,262,1,1,2,616,799,7,2,301,381,389,367,222,351,328,333,351,337,222,403,349,450,360,386,281,407,8,3,2,50,11,31,82,10,3,4,1,4,1,8,1,15,30,10,1,5,53,14,3,16,5,13,15,75,99,14,15,6,0,200,0,0,0,0,0,0,0,0,1,550,.218,19,1,12,38,176,8,0,0,0,0,0,0,0,0,0,0,0,0,0,0,0,0,0,0,0,0,0,114,176,12,130,111,140,1,.9302,1,3,0,0,0,0,0,0,0,0,0,0,0,1,0,0,0,0,0,0,0,0,0,0,0,0,276,adamsri03,adamsri03,adams-000ril,,94,14,eol
20823,0,30,Washington Nationals,Major League Baseball,Hassell III,Robert,,57,15,8,2001,206,The United States,24946,Franklin,4,185,185,2,2,8,0,0,1,0,375,356,254,234,318,422,385,363,275,252,331,427,361,359,309,293,336,390,2,2,2,71,83,174,103,31,1,1,1,1,1,1,1,15,30,10,1,4,56,10,4,9,17,19,18,0,0,140,100,118,0,0,0,0,0,0,62,200,126,0,1,550,.244,26,0,6,23,138,2,0,0,0,0,0,0,0,0,0,0,0,0,0,0,0,0,0,0,0,0,0,127,104,109,115,89,116,1,1.0250,1,3,0,0,0,0,0,0,0,0,0,0,0,1,0,0,0,0,0,0,0,0,0,0,0,0,271,hassero02,hassero02,hassel002rob,,0,10,eol
20876,0,30,Washington Nationals,Major League Baseball,Ribalta,Orlando,,64,5,3,1998,49,Cuba,71022,Santa Clara,1,201,245,1,1,12,55,150,3,2,96,191,51,238,97,92,91,186,46,231,88,88,92,187,48,233,90,89,5,1,1,26,6,11,45,14,43,336,238,356,246,366,253,7,1,5,36,109,38,11,3,51,40,44,43,0,0,1,3,3,200,0,0,0,0,0,0,0,0,0,1,550,.274,0,0,23,89,102,7,0,0,0,0,0,0,0,0,0,0,0,0,0,0,0,0,0,0,0,0,0,83,127,93,113,84,147,371,.9738,367,195,409,0,331,0,0,0,0,0,0,0,0,194,407,0,329,0,0,0,0,0,0,0,0,0,400,ribalor01,ribalor01,ribalt000orl,,0,11,eol
20713,0,30,Washington Nationals,Major League Baseball,Sims,Lucas,,39,10,5,1994,206,The United States,44165,Lawrenceville,4,188,214,1,1,12,1249,1291,11,1,96,190,50,236,95,92,91,186,47,231,88,88,91,162,50,211,93,83,5,0,0,9,8,11,10,9,37,418,166,420,175,449,298,12,6,1,29,110,33,14,3,51,42,45,43,0,0,11,4,4,200,0,0,0,0,0,0,0,0,0,1,550,.246,0,0,18,112,113,12,0,0,0,0,0,0,0,0,0,0,0,0,0,0,0,0,0,0,0,0,0,120,194,89,103,86,95,408,1.1912,463,303,177,367,0,335,0,0,0,0,0,0,0,354,211,435,0,402,0,0,0,0,0,0,0,0,439,simslu01,simslu01,sims--001luc,,0,14,eol
20752,0,30,Washington Nationals,Major League Baseball,Lowe,Nathaniel,,33,7,7,1995,206,The United States,19312,Chesapeake,4,193,220,2,1,3,1032,1032,8,1,336,409,340,441,318,357,400,345,405,451,377,418,447,344,408,440,391,483,2,1,0,63,9,31,55,8,15,1,1,1,1,1,1,15,30,10,1,1,59,11,3,39,87,60,55,0,0,3,11,11,0,0,200,0,0,0,0,0,0,0,1,550,.254,22,3,14,67,125,2,0,0,0,0,0,0,0,0,0,0,0,0,0,0,0,0,0,0,0,0,0,189,120,108,89,109,151,1,.9302,1,3,0,0,0,0,0,0,0,0,0,0,0,1,0,0,0,0,0,0,0,0,0,0,0,0,280,lowena01,lowena01,lowe--000nat,,0,11,eol
18695,0,30,Washington Nationals,Major League Baseball,Salazar,Eduardo,,62,5,5,1998,210,Venezuela,15992,Cumana,5,188,176,1,1,12,247,470,4,2,96,192,52,238,95,92,91,186,47,232,88,88,92,187,48,233,90,89,5,0,0,28,9,11,47,11,74,270,308,294,317,359,324,4,6,3,35,109,64,10,3,51,40,44,43,0,0,8,6,17,200,0,0,0,0,0,0,0,0,0,1,550,.278,0,0,18,66,82,4,0,0,0,0,0,0,0,0,0,0,0,0,0,0,0,0,0,0,0,0,0,95,113,195,116,50,76,294,1.0161,286,261,212,0,261,0,212,0,0,0,0,0,0,245,201,0,290,0,201,0,0,0,0,0,0,0,400,salazed01,salazed01,salaza000edu,,0,10,eol
19232,0,30,Washington Nationals,Major League Baseball,Poche,Colin,,41,17,1,1994,206,The United States,25876,Flower Mound,4,191,225,2,2,12,551,727,8,1,86,181,43,218,82,84,94,189,49,238,93,90,92,187,48,233,90,89,5,2,2,10,9,11,10,9,17,414,198,407,209,419,357,1,6,0,30,105,35,13,3,51,42,45,44,0,0,1,20,15,200,0,0,0,0,0,0,0,0,0,1,550,.246,0,0,18,101,111,1,0,0,0,0,0,0,0,0,0,0,0,0,0,0,0,0,0,0,0,0,0,107,128,127,75,67,103,404,.9081,441,298,345,0,0,0,0,392,0,0,0,0,0,308,358,0,0,0,0,440,0,0,0,0,0,0,443,pocheco01,pocheco01,poche-000col,,0,13,eol
20492,0,30,Washington Nationals,Major League Baseball,Stubbs,C.J.,,36,12,11,1996,206,The United States,22418,Del Mar,4,191,207,1,1,2,0,0,4,0,193,293,323,307,291,81,185,286,314,299,272,78,178,288,321,307,260,69,5,0,0,29,8,11,49,66,17,4,1,4,1,8,1,15,30,10,1,42,53,14,3,4,9,15,2,105,108,9,20,4,0,200,0,0,0,0,0,0,0,0,1,550,.148,10,0,9,30,157,5,0,0,0,0,0,0,0,0,0,0,0,0,0,0,0,0,0,0,0,0,0,50,121,91,196,123,126,1,.9302,1,3,0,0,0,0,0,0,0,0,0,0,0,1,0,0,0,0,0,0,0,0,0,0,0,0,276,stubbcj01,stubbcj01,stubbs000cj-,,109,14,eol
20533,0,30,Washington Nationals,Major League Baseball,Bell,Josh,JB,19,14,8,1992,206,The United States,33714,Irving,1,193,249,3,1,3,1544,1771,13,2,368,391,378,445,416,317,373,327,424,427,442,284,431,437,431,448,445,413,5,2,2,57,30,11,63,10,14,1,1,1,1,1,1,15,30,10,1,26,58,11,3,32,28,35,47,0,0,13,19,18,0,0,200,0,0,0,0,0,0,0,1,550,.249,21,2,18,60,89,5,0,0,0,0,0,0,0,0,0,0,0,0,0,0,0,0,0,0,0,0,0,108,78,73,76,77,110,1,.9302,1,3,0,0,0,0,0,0,0,0,0,0,0,1,0,0,0,0,0,0,0,0,0,0,0,0,280,belljo02,belljo02,bell--007jos,,0,11,eol
20551,0,30,Washington Nationals,Major League Baseball,Soroka,Michael,Rock,34,4,8,1997,36,Canada,16637,Calgary,4,196,225,1,1,11,786,911,6,1,95,189,49,236,93,91,92,186,47,231,89,89,90,155,49,231,107,66,5,2,2,30,10,11,51,10,83,351,322,375,368,397,389,12,3,2,99,105,49,11,3,50,35,42,41,0,0,8,13,2,200,0,0,0,0,0,0,0,0,0,1,550,.239,0,0,16,58,121,12,0,0,0,0,0,0,0,0,0,0,0,0,0,0,0,0,0,0,0,0,0,84,174,128,129,105,94,424,.9080,387,350,208,0,430,0,397,0,0,0,0,0,0,329,194,0,407,0,370,0,0,0,0,0,0,0,441,sorokmi01,sorokmi01,soroka000mic,,0,11,eol
20641,0,30,Washington Nationals,Major League Baseball,Crews,Dylan,,3,26,2,2002,206,The United States,41832,Longwood,4,180,203,1,1,9,102,102,3,0,307,323,345,341,377,213,337,372,402,395,400,268,332,371,384,387,401,249,7,2,2,164,209,181,128,9,9,1,1,1,1,1,1,15,30,10,1,49,58,13,3,20,1,2,8,0,0,104,100,128,0,0,0,0,0,0,0,200,200,0,1,550,.223,17,5,14,46,112,7,0,0,0,0,0,0,0,0,0,0,0,0,0,0,0,0,0,0,0,0,0,171,122,126,110,97,112,1,.9302,1,3,0,0,0,0,0,0,0,0,0,0,0,1,0,0,0,0,0,0,0,0,0,0,0,0,276,crewsdy01,crewsdy01,crews-000dyl,,0,13,eol
20646,0,30,Washington Nationals,Major League Baseball,Rutledge,Jackson,,79,1,4,1999,206,The United States,69095,St. Louis,4,203,240,1,1,12,330,393,3,0,95,189,51,237,94,91,92,186,48,232,88,89,92,187,48,233,90,89,5,0,0,14,10,11,19,15,71,307,393,315,408,322,409,12,6,1,38,109,45,11,3,50,35,42,41,0,0,16,15,7,200,0,0,0,0,0,0,0,0,0,1,550,.277,0,0,22,44,95,12,0,0,0,0,0,0,0,0,0,0,0,0,0,0,0,0,0,0,0,0,0,91,30,185,111,117,101,344,1.1147,332,279,279,279,279,279,0,279,0,0,0,0,0,270,270,270,270,270,0,270,0,0,0,0,0,0,400,rutleja01,rutleja01,rutled002jac,,0,11,eol
19528,0,30,Washington Nationals,Major League Baseball,Rosario,Amed,El Nino,13,20,11,1995,56,Dominican Republic,71432,Santo Domingo,1,188,190,1,1,5,1280,1593,12,2,495,410,360,219,484,486,445,379,307,211,425,452,464,360,306,279,439,469,5,0,1,117,117,156,124,10,12,152,249,151,248,1,12,15,30,10,34,15,67,18,3,93,107,124,69,0,0,105,115,129,0,0,0,176,200,200,0,0,200,0,1,550,.295,32,3,9,18,85,5,0,0,0,0,0,0,0,0,0,0,0,0,0,0,0,0,0,0,0,0,0,89,12,107,126,120,128,225,.9948,3,189,0,163,0,0,0,0,0,0,0,0,0,3,0,2,0,0,0,0,0,0,0,0,0,0,362,rosaram01,rosaram01,rosari000ame,,0,18,eol
19739,0,30,Washington Nationals,Major League Baseball,Abrams,CJ,,5,3,10,2000,206,The United States,1819,Alpharetta,1,188,192,2,1,6,516,572,7,1,374,440,345,307,408,341,415,505,407,333,423,406,404,469,394,321,423,383,11,1,1,154,181,187,140,57,11,4,1,4,1,8,1,15,30,10,1,35,53,12,3,153,88,124,131,0,0,8,3,10,0,0,0,0,0,200,0,0,0,0,1,550,.264,33,7,14,35,98,11,0,0,0,0,0,0,0,0,0,0,0,0,0,0,0,0,0,0,0,0,0,37,34,107,102,125,123,1,.9302,1,3,0,0,0,0,0,0,0,0,0,0,0,1,0,0,0,0,0,0,0,0,0,0,0,0,275,abramcj01,abramcj01,abrams000pau,,0,12,eol
19745,0,30,Washington Nationals,Major League Baseball,Garcia Jr.,Luis,,2,16,5,2000,56,Dominican Republic,69965,San Francisco de Macorís,1,188,216,2,1,4,855,1205,8,2,399,442,357,328,456,323,423,393,404,267,456,384,434,365,385,297,463,402,1,0,0,109,165,158,137,9,3,1,1,1,1,1,1,15,30,10,1,43,57,13,4,91,97,50,125,0,0,15,15,11,0,0,0,200,0,0,0,0,0,0,1,550,.269,31,1,14,28,76,1,0,0,0,0,0,0,0,0,0,0,0,0,0,0,0,0,0,0,0,0,0,129,16,97,85,125,97,1,.9756,1,3,0,0,0,0,0,0,0,0,0,0,0,1,0,0,0,0,0,0,0,0,0,0,0,0,277,garcilu04,garcilu04,garcia019lui,,0,13,eol
19751,0,30,Washington Nationals,Major League Baseball,Lile,Daylen,,51,30,11,2002,206,The United States,42078,Louisville,1,180,194,2,1,9,0,0,3,0,484,455,407,309,428,513,467,517,343,338,465,450,474,503,361,333,453,474,5,3,2,170,164,140,138,100,1,1,1,1,1,1,1,15,30,10,1,29,55,12,3,7,20,5,1,0,0,104,100,128,0,0,0,0,0,0,134,0,200,0,1,550,.308,33,18,12,36,76,5,0,0,0,0,0,0,0,0,0,0,0,0,0,0,0,0,0,0,0,0,0,184,2,166,104,24,16,1,.9302,1,3,0,0,0,0,0,0,0,0,0,0,0,1,0,0,0,0,0,0,0,0,0,0,0,0,273,lileda01,lileda01,lile--000day,,0,12,eol
19754,0,30,Washington Nationals,Major League Baseball,Lord,Brad,,61,14,2,2000,206,The United States,78226,Tallahassee,4,191,209,1,1,12,0,0,2,0,95,190,50,241,94,92,91,186,48,230,88,88,92,187,48,233,90,89,5,2,1,31,8,11,53,12,69,339,359,385,405,367,390,3,1,1,74,109,55,12,3,50,35,42,41,0,0,18,2,2,200,0,0,0,0,0,0,0,0,0,1,550,.268,0,0,14,48,95,3,0,0,0,0,0,0,0,0,0,0,0,0,0,0,0,0,0,0,0,0,0,111,83,14,112,85,109,341,.8330,349,182,346,0,311,0,252,0,0,0,0,0,0,187,356,0,318,0,262,0,0,0,0,0,0,0,398,lordbr02,lordbr02,lord--000bra,,0,12,eol
19773,0,30,Washington Nationals,Major League Baseball,Poulin,PJ,,50,25,7,1996,206,The United States,48294,Marion,4,185,194,1,2,12,0,0,2,0,94,189,49,234,92,90,92,186,48,232,90,89,92,187,48,233,90,89,5,0,0,10,9,11,10,6,62,506,301,454,276,417,310,12,1,0,31,109,47,9,2,51,40,44,43,0,0,20,13,17,200,0,0,0,0,0,0,0,0,0,1,550,.245,0,0,9,76,122,12,0,0,0,0,0,0,0,0,0,0,0,0,0,0,0,0,0,0,0,0,0,123,74,109,183,104,115,426,.9867,401,214,359,0,406,0,440,0,0,0,0,0,0,203,341,0,386,0,421,0,0,0,0,0,0,0,400,poulipj01,poulipj01,poulin000pj-,,0,9,eol
19776,0,30,Washington Nationals,Major League Baseball,Williams,Trevor,Project,32,25,4,1992,206,The United States,69896,San Diego,4,191,231,1,1,11,1461,1461,11,0,94,187,49,234,91,90,92,186,48,233,90,88,119,67,53,283,133,104,5,0,0,9,8,11,10,6,118,448,424,462,466,414,410,2,1,1,134,115,41,9,3,50,35,42,41,0,0,16,6,9,200,0,0,0,0,0,0,0,0,0,1,550,.290,0,0,11,35,87,2,0,0,0,0,0,0,0,0,0,0,0,0,0,0,0,0,0,0,0,0,0,25,182,27,121,82,104,309,1.2960,321,171,230,324,230,0,289,0,0,0,0,0,0,179,246,339,246,0,306,0,0,0,0,0,0,0,309,willitr01,willitr01,willia002tre,,0,9,eol
19784,0,30,Washington Nationals,Major League Baseball,Wood,James,,29,17,9,2002,206,The United States,66419,Rockville,1,201,234,2,1,7,172,253,5,0,418,421,406,417,316,484,411,482,436,476,249,502,419,446,423,462,280,503,2,3,2,105,145,147,128,6,8,1,1,1,1,1,1,15,30,10,1,25,59,12,3,11,1,3,17,0,0,89,93,113,0,0,0,0,0,0,200,0,0,0,1,550,.278,36,2,20,71,159,2,0,0,0,0,0,0,0,0,0,0,0,0,0,0,0,0,0,0,0,0,0,94,92,90,127,130,170,1,.9302,1,3,0,0,0,0,0,0,0,0,0,0,0,1,0,0,0,0,0,0,0,0,0,0,0,0,283,woodja03,woodja03,wood--009jam,,0,12,eol
19788,0,30,Washington Nationals,Major League Baseball,Young,Jacob,,30,27,7,1999,206,The United States,34776,Jacksonville,4,180,192,1,1,8,316,316,6,0,435,260,199,363,438,426,421,323,158,357,427,412,426,343,168,358,429,420,7,0,0,134,201,163,139,185,13,4,1,4,1,8,1,15,30,10,1,45,53,12,3,1,19,12,4,0,0,140,100,105,0,0,0,0,0,0,0,200,0,0,1,550,.261,21,2,2,41,91,7,0,0,0,0,0,0,0,0,0,0,0,0,0,0,0,0,0,0,0,0,0,118,190,98,98,46,172,1,.9302,1,3,0,0,0,0,0,0,0,0,0,0,0,1,0,0,0,0,0,0,0,0,0,0,0,0,272,youngja03,youngja03,young-001jac,,0,12,eol
19849,0,30,Washington Nationals,Major League Baseball,Alfaro,Jorge,El Oso,44,11,6,1993,44,Colombia,74182,Sincelejo,5,188,225,1,1,2,1221,1246,9,1,374,325,314,275,337,410,374,351,294,267,321,419,432,346,362,247,264,523,3,2,1,103,61,142,105,9,11,1,1,1,1,1,1,15,30,10,1,13,55,13,3,14,14,10,10,50,128,14,8,7,0,200,0,0,0,0,0,0,0,0,1,550,.241,21,2,8,25,140,3,0,0,0,0,0,0,0,0,0,0,0,0,0,0,0,0,0,0,0,0,0,82,82,129,118,79,32,1,.9302,1,3,0,0,0,0,0,0,0,0,0,0,0,1,0,0,0,0,0,0,0,0,0,0,0,0,276,alfarjo01,alfarjo01,alfaro001jor,,104,13,eol
20032,0,30,Washington Nationals,Major League Baseball,Lipscomb,Trey,,38,14,6,2000,206,The United States,24887,Frederick,1,191,201,1,1,3,4,4,2,0,344,174,204,333,421,240,351,211,253,383,405,301,344,208,244,378,410,267,5,2,2,156,170,189,133,106,7,1,1,1,1,1,1,15,30,10,1,39,59,11,3,107,111,136,75,0,0,6,19,9,0,0,50,0,200,0,0,0,0,0,1,550,.223,10,1,5,44,104,5,0,0,0,0,0,0,0,0,0,0,0,0,0,0,0,0,0,0,0,0,0,74,86,80,82,80,77,1,.9302,1,3,0,0,0,0,0,0,0,0,0,0,0,1,0,0,0,0,0,0,0,0,0,0,0,0,280,lipsctr01,lipsctr01,lipsco000tre,,0,11,eol
20046,0,30,Washington Nationals,Major League Baseball,Ogasawara,Shinnosuke,Big Cowboy,16,8,10,1997,98,Japan,24603,Fujisawa,2,180,205,2,2,12,0,0,4,0,86,182,44,219,81,84,93,188,49,236,91,88,92,187,48,232,89,88,5,0,0,18,7,11,28,42,99,301,335,295,332,298,335,11,4,1,43,109,43,14,4,51,39,44,42,0,0,2,2,1,200,0,0,0,0,0,0,0,0,0,1,550,.286,0,0,25,62,85,11,0,0,0,0,0,0,0,0,0,0,0,0,0,0,0,0,0,0,0,0,0,164,165,126,100,101,78,303,.9750,309,214,265,265,0,0,0,0,0,0,214,0,0,203,249,294,0,0,0,0,0,0,203,0,0,0,400,ogasash01,ogasash01,ogasaw000shi,,0,14,eol
20051,0,30,Washington Nationals,Major League Baseball,Lara,Andry,,72,6,1,2003,210,Venezuela,47987,Maracaibo,1,193,181,1,1,12,0,0,1,0,94,187,49,233,92,89,92,187,48,233,89,89,92,187,48,233,90,89,5,0,0,9,8,11,10,10,40,364,322,373,322,328,336,8,1,0,49,109,63,9,3,51,42,45,43,0,0,19,16,17,200,0,0,0,0,0,0,0,0,0,1,550,.281,0,0,12,64,63,8,0,0,0,0,0,0,0,0,0,0,0,0,0,0,0,0,0,0,0,0,0,119,92,113,79,53,94,236,1.0055,287,191,152,0,270,0,0,0,0,0,0,0,0,227,170,0,320,0,0,0,0,0,0,0,0,0,400,laraan01,laraan01,lara--002and,,0,9,eol
20124,0,30,Washington Nationals,Major League Baseball,Brzykcy,Zach,,66,12,7,1999,206,The United States,78854,Taylorsville,4,188,207,1,1,12,65,186,3,2,95,190,50,239,94,91,92,185,47,231,89,88,92,187,48,233,90,89,5,0,0,26,6,11,45,14,32,360,303,357,304,354,306,10,6,1,32,109,30,12,3,51,41,45,43,0,0,18,12,3,200,0,0,0,0,0,0,0,0,0,1,550,.279,0,0,28,69,104,10,0,0,0,0,0,0,0,0,0,0,0,0,0,0,0,0,0,0,0,0,0,124,87,111,100,109,186,377,1.0017,370,195,0,329,408,0,0,0,0,0,0,0,0,193,0,327,405,0,0,0,0,0,0,0,0,0,400,brzykza01,brzykza01,brzykc000zac,,0,12,eol
20228,0,30,Washington Nationals,Major League Baseball,Pilkington,Konnor,,45,12,9,1997,206,The United States,41524,Lucedale,4,191,240,2,2,12,252,252,6,0,90,184,46,230,87,87,94,188,49,234,91,90,92,187,48,233,90,89,5,2,2,9,8,11,10,8,100,338,243,325,237,428,262,11,6,1,31,109,33,12,3,51,40,44,43,0,0,2,10,4,200,0,0,0,0,0,0,0,0,0,1,550,.260,0,0,29,90,141,11,0,0,0,0,0,0,0,0,0,0,0,0,0,0,0,0,0,0,0,0,0,15,111,99,199,62,110,463,.9944,408,214,308,359,441,0,407,0,0,0,0,0,0,194,276,329,407,0,370,0,0,0,0,0,0,0,400,pilkiko01,pilkiko01,pilkin000kon,,0,12,eol
20532,0,30,Washington Nationals,Major League Baseball,House,Brady,,55,4,6,2003,206,The United States,86935,Winder,4,193,207,1,1,5,0,0,1,0,404,280,216,213,305,468,408,337,287,202,358,443,401,331,273,210,346,439,0,2,2,79,145,142,111,10,7,1,1,1,1,1,1,15,30,10,1,26,58,16,3,104,91,133,71,0,0,20,1,20,0,0,0,0,200,0,0,0,0,0,1,550,.259,24,0,6,17,132,0,0,0,0,0,0,0,0,0,0,0,0,0,0,0,0,0,0,0,0,0,0,31,71,199,75,72,98,1,.9302,1,3,0,0,0,0,0,0,0,0,0,0,0,1,0,0,0,0,0,0,0,0,0,0,0,0,280,housebr01,housebr01,house-000bra,,0,16,eol
19750,0,30,Washington Nationals,Major League Baseball,Ferrer,Jose A.,,47,3,3,2000,56,Dominican Republic,46930,Maimón,1,185,234,2,2,12,344,478,5,2,88,182,45,226,84,86,94,189,49,235,92,90,92,187,48,233,90,89,5,3,2,9,6,11,10,15,38,474,504,461,477,441,453,12,6,1,35,109,67,8,3,50,35,42,41,0,0,17,17,8,200,0,0,0,0,0,0,0,0,0,1,550,.267,0,0,6,27,100,12,0,0,0,0,0,0,0,0,0,0,0,0,0,0,0,0,0,0,0,0,0,85,110,177,92,119,119,362,1.0205,350,269,401,0,362,0,191,0,0,0,0,0,0,256,385,0,349,0,184,0,0,0,0,0,0,0,345,ferrejo01,ferrejo01,ferrer006jos,,0,8,eol
18874,0,30,Washington Nationals,Major League Baseball,Thompson,Mason,,71,20,2,1998,206,The United States,65670,Round Rock,4,201,223,1,1,12,379,518,4,1,94,188,50,234,93,90,92,186,48,232,90,89,92,187,48,233,90,89,5,2,2,9,7,11,10,11,6,420,204,433,260,462,301,1,1,1,28,109,43,8,3,51,42,45,43,0,0,16,12,13,200,0,0,0,0,0,0,0,0,0,1,550,.282,0,0,13,91,97,1,0,0,0,0,0,0,0,0,0,0,0,0,0,0,0,0,0,0,0,0,0,160,77,174,93,193,93,352,.7612,317,0,343,0,389,0,204,0,0,0,0,0,0,0,306,0,339,0,179,0,0,0,0,0,0,0,324,thompma02,thompma02,thomps000mas,,0,8,eol
18945,0,30,Washington Nationals,Major League Baseball,Lopez,Jorge,,21,10,2,1993,151,Puerto Rico,18060,Cayey,5,191,201,1,1,12,1441,1661,12,2,96,190,52,239,97,92,91,186,47,231,88,88,96,282,48,227,90,99,5,0,0,10,9,11,10,11,76,445,391,466,399,366,367,11,6,0,34,112,52,12,3,51,40,44,43,0,0,8,8,10,200,0,0,0,0,0,0,0,0,0,1,550,.275,0,0,9,46,94,11,0,0,0,0,0,0,0,0,0,0,0,0,0,0,0,0,0,0,0,0,0,64,82,81,129,193,65,337,.9500,347,0,309,249,343,0,181,0,0,0,0,0,0,0,320,264,357,0,188,0,0,0,0,0,0,0,341,lopezjo02,lopezjo02,lopez-006jor,,0,12,eol
19685,0,30,Washington Nationals,Major League Baseball,Gore,MacKenzie,,1,24,2,1999,206,The United States,85809,Whiteville,4,188,194,2,2,11,494,536,5,0,88,183,45,228,84,86,94,188,49,234,92,90,92,187,48,233,90,89,5,0,0,9,7,11,10,7,29,405,353,447,349,410,341,6,6,0,142,103,44,10,3,50,35,42,41,0,0,17,2,8,200,0,0,0,0,0,0,0,0,0,1,550,.276,0,0,12,57,128,6,0,0,0,0,0,0,0,0,0,0,0,0,0,0,0,0,0,0,0,0,0,83,112,101,73,118,96,436,1.0768,431,322,425,380,425,0,0,0,0,0,0,0,0,305,403,354,436,0,0,0,0,0,0,0,0,0,222,gorema01,gorema01,gore--000mac,,0,10,eol
19753,0,30,Washington Nationals,Major League Baseball,DeJong,Paul,Pauly,14,2,8,1993,206,The United States,57649,Orlando,4,183,205,1,1,5,1272,1272,11,0,323,332,420,328,241,383,374,398,418,278,289,437,387,434,432,353,364,409,6,2,2,70,67,152,119,10,5,4,1,4,1,8,1,15,30,10,1,35,53,10,3,122,145,135,139,0,0,19,1,19,0,0,0,116,200,200,0,0,0,0,1,550,.249,26,0,18,30,157,6,0,0,0,0,0,0,0,0,0,0,0,0,0,0,0,0,0,0,0,0,0,106,141,116,177,105,86,1,.9302,1,3,0,0,0,0,0,0,0,0,0,0,0,1,0,0,0,0,0,0,0,0,0,0,0,0,273,dejonpa01,dejonpa01,dejong000pau,,0,10,eol
20030,0,30,Washington Nationals,Major League Baseball,Tena,Jose,,8,20,3,2001,56,Dominican Republic,69886,San Cristóbal,1,175,159,2,1,5,232,232,6,0,383,429,144,324,348,413,448,493,183,386,410,470,434,417,210,354,386,466,2,2,2,133,111,161,141,16,106,4,1,4,1,8,1,15,30,10,1,3,53,14,3,104,91,133,73,0,0,15,2,11,0,0,0,149,200,0,0,0,0,0,1,550,.271,37,6,2,44,109,2,0,0,0,0,0,0,0,0,0,0,0,0,0,0,0,0,0,0,0,0,0,75,151,127,77,55,96,1,.9302,1,3,0,0,0,0,0,0,0,0,0,0,0,1,0,0,0,0,0,0,0,0,0,0,0,0,271,tenajo01,tenajo01,tena--001jos,,0,14,eol
19509,0,30,Washington Nationals,Major League Baseball,Call,Alex,,12,27,9,1994,206,The United States,12749,Burnsville,4,180,190,1,1,8,476,506,4,0,481,348,340,431,432,506,453,400,303,477,435,456,398,376,341,468,428,360,9,2,2,100,61,143,81,190,8,1,1,1,1,1,1,15,30,10,1,6,56,13,3,8,14,2,20,0,0,104,100,110,0,0,0,0,0,0,200,200,200,0,1,550,.297,30,4,8,72,89,9,0,0,0,0,0,0,0,0,0,0,0,0,0,0,0,0,0,0,0,0,0,54,114,97,198,115,95,1,.9302,1,3,0,0,0,0,0,0,0,0,0,0,0,1,0,0,0,0,0,0,0,0,0,0,0,0,274,callal02,callal02,call--000ale,,0,13,eol
19730,0,30,Washington Nationals,Major League Baseball,Ruiz,Keibert,,20,20,7,1998,210,Venezuela,83920,Valencia,1,183,201,3,1,2,770,770,6,0,376,307,232,231,479,213,415,360,305,206,510,282,411,343,369,322,499,292,5,0,0,48,44,101,89,7,14,4,1,4,1,8,1,15,30,10,1,12,53,12,3,19,8,13,20,123,95,8,1,13,0,200,0,0,0,0,0,0,0,0,1,550,.247,25,0,7,18,48,5,0,0,0,0,0,0,0,0,0,0,0,0,0,0,0,0,0,0,0,0,0,22,129,24,106,86,24,1,.9302,1,3,0,0,0,0,0,0,0,0,0,0,0,1,0,0,0,0,0,0,0,0,0,0,0,0,273,ruizke01,ruizke01,ruiz--000kei,,140,12,eol
20687,0,30,Washington Nationals,Major League Baseball,Parker,Mitchell,,70,27,9,1999,206,The United States,1405,Albuquerque,4,193,238,2,2,11,158,370,4,1,88,184,45,222,84,86,94,188,49,236,93,89,92,187,48,233,90,89,5,0,0,9,6,11,10,8,92,471,385,405,398,422,401,3,4,0,141,173,40,10,3,50,35,42,41,0,0,8,11,18,200,0,0,0,0,0,0,0,0,0,1,550,.279,0,0,15,46,76,3,0,0,0,0,0,0,0,0,0,0,0,0,0,0,0,0,0,0,0,0,0,122,186,98,130,78,76,274,.7998,293,224,280,224,0,0,0,224,0,0,0,0,0,234,295,234,0,0,0,234,0,0,0,0,0,0,393,parkemi01,parkemi01,parker000mit,,0,10,eol
19998,0,30,Washington Nationals,Major League Baseball,Henry,Cole,,99,15,7,1999,206,The United States,25831,Florence,4,193,201,1,1,12,0,0,4,0,95,189,50,237,95,91,92,186,47,231,89,88,92,187,48,233,90,89,5,0,0,28,6,11,48,14,115,439,249,436,248,439,245,12,6,3,32,109,35,17,3,50,37,43,42,0,0,1,11,18,200,0,0,0,0,0,0,0,0,0,1,550,.257,0,0,15,87,114,12,0,0,0,0,0,0,0,0,0,0,0,0,0,0,0,0,0,0,0,0,0,122,127,21,183,126,73,409,1.0131,414,324,0,364,0,0,0,0,0,0,0,0,0,333,0,375,0,0,0,0,0,0,0,0,0,0,400,henryco01,henryco01,henry-000col,,0,17,eol
20662,0,30,Washington Nationals,Major League Baseball,Alvarez,Andrew,,54,13,6,1999,206,The United States,41941,Los Alamitos,5,191,216,2,2,11,0,0,2,0,89,183,45,223,86,87,94,188,49,236,92,90,92,187,48,233,90,89,5,0,0,27,10,11,44,10,67,398,342,379,335,358,298,6,6,1,125,109,55,12,3,51,41,45,43,0,0,8,10,1,200,0,0,0,0,0,0,0,0,0,1,550,.290,0,0,13,60,94,6,0,0,0,0,0,0,0,0,0,0,0,0,0,0,0,0,0,0,0,0,0,69,111,86,196,198,81,338,.9862,300,255,255,313,349,0,255,0,0,0,0,0,0,166,220,274,314,0,220,0,0,0,0,0,0,0,300,alvaran01,alvaran01,alvare005and,,0,12,eol
// Chicago Cubs, ID = 18
18839,0,18,Chicago Cubs,Major League Baseball,Kriske,Brooks,,57,3,2,1994,206,The United States,72398,Scottsdale,4,191,205,1,1,12,384,384,4,0,94,189,50,234,92,91,92,186,48,233,89,88,92,187,48,233,90,89,5,0,0,9,7,11,10,14,119,494,181,521,192,241,183,1,6,0,37,109,49,13,3,51,42,45,43,0,0,3,5,20,200,0,0,0,0,0,0,0,0,0,1,550,.249,0,0,6,107,108,1,0,0,0,0,0,0,0,0,0,0,0,0,0,0,0,0,0,0,0,0,0,94,117,82,86,37,76,394,.9925,416,312,383,0,0,0,0,183,0,0,0,0,0,332,411,0,0,0,0,196,0,0,0,0,0,0,400,kriskbr01,kriskbr01,kriske000bro,,0,13,eol
19584,0,18,Chicago Cubs,Major League Baseball,Keller,Brad,B.K.,40,27,7,1995,206,The United States,25877,Flowery Branch,4,196,256,1,1,12,1204,1204,11,0,93,188,49,235,90,90,92,187,48,232,90,89,100,163,49,242,92,103,5,0,0,10,9,11,11,11,70,415,383,415,385,497,382,11,4,0,38,125,56,9,3,50,35,42,41,0,0,4,14,10,200,0,0,0,0,0,0,0,0,0,1,550,.239,0,0,11,49,117,11,0,0,0,0,0,0,0,0,0,0,0,0,0,0,0,0,0,0,0,0,0,198,26,118,100,115,36,415,1.0994,333,0,227,423,0,320,377,320,0,0,0,0,0,0,173,328,0,234,295,234,0,0,0,0,0,0,428,kellebr01,kellebr01,keller000bra,,0,9,eol
20292,0,18,Chicago Cubs,Major League Baseball,Palencia,Daniel,,48,5,2,2000,210,Venezuela,69864,San Carlos,5,180,161,1,1,13,307,480,3,2,94,188,48,234,91,90,92,187,47,232,89,89,92,187,48,233,90,89,5,0,0,31,7,11,54,9,101,453,361,479,380,466,322,6,5,0,35,109,45,13,3,50,37,43,42,0,0,4,17,16,200,0,0,0,0,0,0,0,0,0,1,550,.240,0,0,9,52,133,6,0,0,0,0,0,0,0,0,0,0,0,0,0,0,0,0,0,0,0,0,0,71,15,104,185,81,125,447,.9520,451,313,366,0,0,0,0,448,0,0,0,0,0,316,371,0,0,0,0,454,0,0,0,0,0,0,400,palenda01,palenda01,palenc000dan,,0,13,eol
20444,0,18,Chicago Cubs,Major League Baseball,Amaya,Miguel,,9,9,3,1999,145,Panama,13457,Chitré,5,183,229,1,1,2,206,474,6,2,371,492,329,331,398,349,423,428,393,311,445,401,378,392,378,348,420,332,5,2,2,46,9,11,55,179,19,1,1,1,1,1,1,15,30,10,1,44,54,12,3,8,7,12,14,74,99,7,9,19,0,200,0,0,0,0,0,0,0,0,1,550,.265,33,2,13,33,90,5,0,0,0,0,0,0,0,0,0,0,0,0,0,0,0,0,0,0,0,0,0,84,106,101,17,60,97,1,.9302,1,3,0,0,0,0,0,0,0,0,0,0,0,1,0,0,0,0,0,0,0,0,0,0,0,0,272,amayami01,amayami01,amaya-000mig,,107,12,eol
20542,0,18,Chicago Cubs,Major League Baseball,Tucker,Kyle,,30,17,1,1997,206,The United States,78373,Tampa,4,193,190,2,1,9,1195,1475,10,2,431,374,426,497,438,419,412,428,448,511,455,359,438,481,440,419,461,410,3,2,2,132,126,177,125,46,127,4,1,4,1,8,1,15,30,10,1,38,53,15,4,12,14,4,2,0,0,110,143,128,0,0,0,0,0,0,0,0,200,0,1,550,.281,28,4,23,92,79,3,0,0,0,0,0,0,0,0,0,0,0,0,0,0,0,0,0,0,0,0,0,34,149,102,189,30,89,1,.9756,1,3,0,0,0,0,0,0,0,0,0,0,0,1,0,0,0,0,0,0,0,0,0,0,0,0,276,tuckeky01,tuckeky01,tucker001kyl,,0,15,eol
20602,0,18,Chicago Cubs,Major League Baseball,Hollowell,Gavin,,46,4,11,1997,206,The United States,90914,Montgomery Township,4,201,216,1,1,12,362,702,5,2,93,188,48,232,90,90,92,186,48,233,90,89,92,187,48,233,90,89,5,0,0,9,6,11,10,8,37,321,258,373,285,262,275,1,6,0,42,109,60,10,2,51,42,45,44,0,0,7,7,11,200,0,0,0,0,0,0,0,0,0,1,550,.286,0,0,14,79,103,1,0,0,0,0,0,0,0,0,0,0,0,0,0,0,0,0,0,0,0,0,0,98,23,109,182,126,94,375,1.0102,403,281,412,0,0,0,0,0,0,0,0,0,0,298,426,0,0,0,0,0,0,0,0,0,0,0,300,holloga01,holloga01,hollow000gav,,0,10,eol
20608,0,18,Chicago Cubs,Major League Baseball,Roberts,Ethan,,39,4,7,1997,206,The United States,75558,Sparta,4,178,181,1,1,12,197,290,3,2,96,189,51,237,95,92,92,186,47,232,89,89,92,187,48,233,90,89,5,0,0,9,7,11,10,12,41,260,403,285,408,259,346,9,6,0,38,109,56,12,3,51,43,46,44,0,0,10,2,15,200,0,0,0,0,0,0,0,0,0,1,550,.278,0,0,21,43,92,9,0,0,0,0,0,0,0,0,0,0,0,0,0,0,0,0,0,0,0,0,0,112,26,190,81,122,110,329,1.0053,375,0,227,0,0,349,0,0,0,0,0,0,0,0,279,0,0,410,0,0,0,0,0,0,0,0,400,roberet01,roberet01,robert000eth,,0,12,eol
20839,0,18,Chicago Cubs,Major League Baseball,Morgan,Eli,,33,13,5,1996,206,The United States,64997,Rancho Palos Verdes,4,178,190,1,1,12,534,534,7,0,95,190,50,238,95,91,92,186,47,232,88,89,91,187,48,232,88,87,5,0,0,9,6,11,10,11,81,389,433,385,452,409,438,2,1,1,40,103,36,12,4,51,43,46,44,0,0,16,15,16,200,0,0,0,0,0,0,0,0,0,1,550,.283,0,0,20,36,84,2,0,0,0,0,0,0,0,0,0,0,0,0,0,0,0,0,0,0,0,0,0,8,177,90,194,107,53,299,.9968,402,159,252,0,323,0,0,0,0,0,0,0,0,200,337,0,417,0,0,0,0,0,0,0,0,0,387,morgael01,morgael01,morgan000eli,,0,12,eol
20935,0,18,Chicago Cubs,Major League Baseball,Crow-Armstrong,Pete,PCA,4,25,3,2002,206,The United States,41955,Los Angeles,4,183,183,2,2,8,344,351,5,0,384,494,420,220,336,423,380,508,435,293,400,364,372,485,417,290,382,367,7,2,2,162,210,189,151,179,175,1,1,1,1,1,1,15,30,10,1,36,58,11,4,18,17,10,9,0,0,140,100,164,0,0,0,0,0,0,0,200,0,0,1,550,.260,32,7,21,26,115,7,0,0,0,0,0,0,0,0,0,0,0,0,0,0,0,0,0,0,0,0,0,121,104,88,191,36,95,1,1.0250,1,3,0,0,0,0,0,0,0,0,0,0,0,1,0,0,0,0,0,0,0,0,0,0,0,0,274,crowape01,crowape01,crow-a000pet,,0,11,eol
20740,0,18,Chicago Cubs,Major League Baseball,Brasier,Ryan,,54,26,8,1987,206,The United States,86419,Wichita Falls,4,183,223,1,1,12,1277,1386,11,2,92,188,48,232,90,89,93,187,47,233,90,90,92,187,48,233,90,89,5,1,1,9,8,11,10,10,32,443,492,463,482,434,426,1,2,1,23,101,48,11,3,51,40,44,43,0,0,5,6,4,200,0,0,0,0,0,0,0,0,0,1,550,.254,0,0,10,27,92,1,0,0,0,0,0,0,0,0,0,0,0,0,0,0,0,0,0,0,0,0,0,117,117,164,130,12,106,331,1.1183,406,248,158,0,319,0,293,0,0,0,0,0,0,330,195,0,409,0,372,0,0,0,0,0,0,0,421,brasiry01,brasiry01,brasie001rya,,0,11,eol
20780,0,18,Chicago Cubs,Major League Baseball,McGuire,Reese,,20,2,3,1995,206,The United States,15447,Covington,4,183,234,2,1,2,1086,1086,8,0,301,198,496,233,399,166,331,184,431,305,419,206,411,375,329,318,410,413,2,0,0,62,31,170,103,126,3,311,260,332,273,142,23,15,30,10,34,37,33,10,4,9,12,15,15,121,114,16,4,20,0,200,0,0,0,0,0,0,0,0,1,550,.228,10,0,24,28,101,2,0,0,0,0,0,0,0,0,0,0,0,0,0,0,0,0,0,0,0,0,0,178,106,76,85,11,120,235,.9989,3,214,214,0,0,0,0,0,0,0,0,0,0,4,4,0,0,0,0,0,0,0,0,0,0,0,390,mcguire01,mcguire01,mcguir001ree,,187,10,eol
20854,0,18,Chicago Cubs,Major League Baseball,Assad,Javier,,72,30,7,1997,124,Mexico,79944,Tijuana,5,185,201,1,1,11,382,382,5,0,94,188,49,235,92,89,92,187,48,233,89,89,92,187,48,233,90,89,5,0,0,10,10,11,10,7,86,406,354,386,347,390,342,8,5,0,136,103,51,8,4,51,39,44,42,0,0,10,18,5,200,0,0,0,0,0,0,0,0,0,1,550,.268,0,0,13,57,87,8,0,0,0,0,0,0,0,0,0,0,0,0,0,0,0,0,0,0,0,0,0,95,112,106,168,88,93,310,.7639,335,170,284,284,349,227,0,0,0,0,0,0,0,184,314,314,385,256,0,0,0,0,0,0,0,0,404,assadja01,assadja01,assad-000jav,,0,8,eol
20861,0,18,Chicago Cubs,Major League Baseball,Alcantara,Kevin,Jaguar,13,12,7,2002,56,Dominican Republic,71432,Santo Domingo,1,198,187,1,1,8,12,97,3,0,271,153,295,319,294,256,259,150,277,315,275,250,208,190,298,306,281,151,4,0,0,25,13,31,28,63,2,1,1,1,1,1,1,15,30,10,1,25,55,13,4,9,4,11,9,0,0,142,111,118,0,0,0,0,0,0,45,200,62,0,1,550,.193,7,0,7,33,156,4,0,0,0,0,0,0,0,0,0,0,0,0,0,0,0,0,0,0,0,0,0,182,19,167,43,93,6,1,.9756,1,3,0,0,0,0,0,0,0,0,0,0,0,1,0,0,0,0,0,0,0,0,0,0,0,0,279,alcanke01,alcanke01,alcant000kev,,0,13,eol
20707,0,18,Chicago Cubs,Major League Baseball,Little,Luke,,43,30,8,2000,206,The United States,48929,Matthews,4,203,225,2,2,12,177,421,4,1,89,184,46,230,86,86,94,188,49,234,92,89,92,187,48,233,90,89,5,0,0,29,7,11,49,13,1,513,123,500,119,510,134,12,6,1,28,109,73,11,3,51,44,46,44,0,0,5,19,4,200,0,0,0,0,0,0,0,0,0,1,550,.180,0,0,4,135,149,12,0,0,0,0,0,0,0,0,0,0,0,0,0,0,0,0,0,0,0,0,0,40,125,77,98,90,123,479,.9558,499,407,407,0,0,0,0,497,0,0,0,0,0,351,416,0,0,0,0,509,0,0,0,0,0,0,521,littllu01,littllu01,little000luk,,0,11,eol
20889,0,18,Chicago Cubs,Major League Baseball,Bruján,Vidal,,17,9,2,1998,56,Dominican Republic,70516,San Pedro de Macorís,1,178,181,3,1,8,589,830,7,3,388,468,160,326,417,356,417,412,156,389,415,417,340,400,210,368,407,261,6,0,0,121,152,131,121,81,9,300,270,297,269,303,265,12,1,0,32,35,35,20,3,109,112,86,119,0,0,142,116,118,0,0,0,200,200,200,0,200,89,0,1,550,.251,31,3,2,44,100,6,0,0,0,0,0,0,0,0,0,0,0,0,0,0,0,0,0,0,0,0,0,126,77,73,103,117,97,209,1.0006,231,168,0,149,0,0,0,0,0,0,0,0,0,192,0,157,0,0,0,0,0,0,0,0,0,0,385,brujavi01,brujavi01,brujan000vid,,0,20,eol
19339,0,18,Chicago Cubs,Major League Baseball,Taillon,Jameson,Jamo,50,18,11,1991,206,The United States,79572,The Woodlands,4,196,229,1,1,11,1319,1319,12,0,96,192,51,238,97,92,91,185,47,231,88,88,108,153,52,191,124,88,5,0,0,30,7,11,52,6,90,366,436,370,505,407,458,1,2,1,157,101,42,10,3,50,35,42,41,0,0,9,8,18,200,0,0,0,0,0,0,0,0,0,1,550,.259,0,0,19,29,85,1,0,0,0,0,0,0,0,0,0,0,0,0,0,0,0,0,0,0,0,0,0,88,124,100,103,116,197,303,.6660,358,252,252,252,252,252,252,0,0,0,0,0,0,300,300,300,300,300,300,0,0,0,0,0,0,0,447,taillja01,taillja01,taillo001jam,,0,10,eol
19348,0,18,Chicago Cubs,Major League Baseball,Thielbar,Caleb,,24,31,1,1987,206,The United States,56262,Northfield,4,183,205,1,2,12,1372,1656,12,2,95,189,50,236,93,91,92,186,48,233,89,88,92,187,48,233,90,89,5,0,0,13,10,11,17,12,116,478,410,452,411,447,412,1,2,0,30,110,40,11,3,50,36,42,42,0,0,5,5,8,200,0,0,0,0,0,0,0,0,0,1,550,.241,0,0,11,42,119,1,0,0,0,0,0,0,0,0,0,0,0,0,0,0,0,0,0,0,0,0,0,132,20,92,53,117,2,418,.9054,449,321,378,424,0,0,0,0,0,0,0,0,0,319,375,458,0,0,0,0,0,0,0,0,0,0,423,thielca01,thielca01,thielb001cal,,0,11,eol
19368,0,18,Chicago Cubs,Major League Baseball,Rea,Colin,,53,1,7,1990,206,The United States,17705,Cascade,4,196,220,1,1,12,1008,1064,8,0,92,188,49,233,89,88,91,187,48,232,88,87,109,214,50,264,96,120,5,0,0,10,7,11,11,54,44,341,403,408,456,377,408,6,2,1,152,101,45,12,3,50,35,42,41,0,0,12,9,3,200,0,0,0,0,0,0,0,0,0,1,550,.266,0,0,16,38,91,6,0,0,0,0,0,0,0,0,0,0,0,0,0,0,0,0,0,0,0,0,0,120,153,191,96,120,106,327,1.1435,344,166,219,313,0,219,0,272,0,0,0,0,0,173,234,327,0,234,0,294,0,0,0,0,0,0,413,reaco01,reaco01,rea---000col,,0,12,eol
20245,0,18,Chicago Cubs,Major League Baseball,Shaw,Matt,,6,6,11,2001,206,The United States,11744,Brimfield,4,178,185,1,1,5,0,0,4,0,403,533,377,447,432,367,351,475,396,396,397,311,354,489,391,410,407,303,2,2,2,148,177,170,145,8,123,1,1,1,1,1,1,15,30,10,1,8,59,11,3,104,91,133,71,0,0,18,6,17,0,0,0,0,200,0,0,0,0,0,1,550,.243,31,5,14,53,105,2,0,0,0,0,0,0,0,0,0,0,0,0,0,0,0,0,0,0,0,0,0,128,112,116,106,33,16,1,.9302,1,3,0,0,0,0,0,0,0,0,0,0,0,1,0,0,0,0,0,0,0,0,0,0,0,0,276,shawma01,shawma01,shaw--000mat,,0,11,eol
18494,0,18,Chicago Cubs,Major League Baseball,Berti,Jon,,5,22,1,1990,206,The United States,81265,Troy,4,178,194,1,1,5,1096,1201,9,1,409,66,173,310,426,392,410,97,137,321,421,401,445,355,288,404,404,471,8,1,1,182,225,201,152,103,11,407,216,428,226,397,247,1,1,0,32,29,35,15,4,116,115,143,99,0,0,15,3,17,0,0,0,164,200,0,0,0,0,0,1,550,.250,5,1,2,33,96,8,0,0,0,0,0,0,0,0,0,0,0,0,0,0,0,0,0,0,0,0,0,119,92,200,78,117,116,204,1.0252,229,164,164,0,0,0,0,0,0,0,0,0,0,179,195,0,0,0,0,0,0,0,0,0,0,0,389,bertijo01,bertijo01,berti-001jon,,0,15,eol
19112,0,18,Chicago Cubs,Major League Baseball,Pressly,Ryan,,55,15,12,1988,206,The United States,21777,Dallas,4,191,209,1,1,12,2002,2048,15,0,95,189,51,238,94,92,91,186,47,232,88,88,92,187,48,233,90,89,5,1,1,9,8,11,10,14,43,387,362,377,374,405,406,6,6,1,33,117,59,13,3,51,38,43,42,0,0,20,9,19,200,0,0,0,0,0,0,0,0,0,1,550,.277,0,0,12,52,90,6,0,0,0,0,0,0,0,0,0,0,0,0,0,0,0,0,0,0,0,0,0,96,75,122,95,111,95,321,.8753,426,245,157,289,289,0,0,0,245,0,0,0,0,337,200,380,416,0,0,0,337,0,0,0,0,0,359,pressry01,pressry01,pressl002rya,,0,13,eol
19143,0,18,Chicago Cubs,Major League Baseball,Merryweather,Julian,,66,14,10,1991,206,The United States,8786,Berkeley,4,193,216,1,1,12,741,877,6,3,96,190,51,242,96,92,92,186,48,230,89,88,92,187,48,233,90,89,5,0,0,9,6,11,10,15,108,464,278,477,307,396,321,8,6,1,32,109,51,15,4,51,41,45,43,0,0,1,6,16,200,0,0,0,0,0,0,0,0,0,1,550,.278,0,0,8,70,90,8,0,0,0,0,0,0,0,0,0,0,0,0,0,0,0,0,0,0,0,0,0,172,92,123,73,38,91,321,.9282,443,246,157,0,317,0,0,0,0,0,0,0,0,346,206,0,427,0,0,0,0,0,0,0,0,0,332,merryju01,merryju01,merryw000jul,,0,15,eol
19301,0,18,Chicago Cubs,Major League Baseball,Horton,Cade,,22,20,8,2001,206,The United States,56028,Norman,4,185,212,1,1,11,0,0,3,0,94,188,48,234,92,89,92,186,48,233,90,89,92,187,48,233,90,89,5,1,1,10,10,11,10,11,86,460,416,460,413,461,416,8,1,1,142,109,46,11,3,50,35,42,41,0,0,1,12,10,200,0,0,0,0,0,0,0,0,0,1,550,.246,0,0,10,42,96,8,0,0,0,0,0,0,0,0,0,0,0,0,0,0,0,0,0,0,0,0,0,14,126,49,103,117,134,346,1.2185,354,186,259,389,352,0,0,0,0,0,0,0,0,190,268,400,361,0,0,0,0,0,0,0,0,0,436,hortoca01,hortoca01,horton000cad,,0,11,eol
19304,0,18,Chicago Cubs,Major League Baseball,Kelly,Carson,,15,14,7,1994,206,The United States,13181,Chicago,4,188,212,1,1,2,1509,1509,11,0,421,276,461,438,448,392,377,328,407,434,421,328,373,357,423,454,416,328,5,0,0,63,7,31,68,9,20,1,1,1,1,257,324,15,30,10,1,35,59,12,3,19,16,12,15,130,126,20,16,11,0,200,0,0,0,0,0,0,0,0,1,550,.260,19,2,19,62,93,5,0,0,0,0,0,0,0,0,0,0,0,0,0,0,0,0,0,0,0,0,0,73,109,84,116,105,81,1,.9302,1,3,0,0,0,0,0,0,0,0,0,0,0,1,0,0,0,0,0,0,0,0,0,0,0,0,279,kellyca02,kellyca02,kelly-001car,,102,12,eol
20142,0,18,Chicago Cubs,Major League Baseball,Cosgrove,Tom,,38,14,6,1996,206,The United States,55211,New York,4,188,190,2,2,12,177,332,4,1,88,182,44,221,84,86,94,188,49,237,92,90,92,187,48,233,90,89,5,2,2,30,7,11,52,14,15,402,380,394,367,466,366,12,1,1,32,109,44,9,3,51,43,46,44,0,0,8,1,19,200,0,0,0,0,0,0,0,0,0,1,550,.293,0,0,15,52,93,12,0,0,0,0,0,0,0,0,0,0,0,0,0,0,0,0,0,0,0,0,0,122,65,126,109,118,72,334,.9591,373,274,166,0,0,340,0,0,0,0,0,0,0,329,194,0,0,407,0,0,0,0,0,0,0,0,300,cosgrto01,cosgrto01,cosgro000tom,,0,9,eol
18553,0,18,Chicago Cubs,Major League Baseball,Turner,Justin,Redturn2,3,23,11,1984,206,The United States,41750,Long Beach,4,180,203,1,1,3,2676,2676,18,0,431,402,271,399,441,417,399,336,329,449,423,371,460,414,420,436,464,441,8,0,0,49,22,133,86,10,11,121,1,129,1,140,23,15,30,10,1,39,35,19,3,71,43,84,57,0,0,16,3,14,0,0,200,0,200,0,0,0,0,0,1,550,.257,26,0,9,62,93,8,0,0,0,0,0,0,0,0,0,0,0,0,0,0,0,0,0,0,0,0,0,112,91,26,82,26,72,1,.9302,1,3,0,0,0,0,0,0,0,0,0,0,0,1,0,0,0,0,0,0,0,0,0,0,0,0,289,turneju01,turneju01,turner001jus,,0,19,eol
20114,0,18,Chicago Cubs,Major League Baseball,Brown,Ben,,32,9,9,1999,206,The United States,72983,Setauket-East Setauket,4,198,209,1,1,11,100,126,2,1,95,189,51,240,94,92,92,186,47,230,89,88,92,187,48,233,90,89,5,0,0,32,8,11,55,10,54,361,392,398,420,400,402,5,6,1,98,109,43,11,3,50,35,42,41,0,0,16,7,10,200,0,0,0,0,0,0,0,0,0,1,550,.268,0,0,17,43,122,5,0,0,0,0,0,0,0,0,0,0,0,0,0,0,0,0,0,0,0,0,0,125,110,126,193,106,153,425,.8100,432,317,418,372,418,0,0,0,0,0,0,0,0,308,441,359,407,0,0,0,0,0,0,0,0,0,343,brownbe02,brownbe02,brown-009ben,,0,11,eol
20668,0,18,Chicago Cubs,Major League Baseball,Swanson,Dansby,Dans,7,11,2,1994,206,The United States,37818,Kennesaw,4,185,190,1,1,6,1548,1548,12,0,408,375,410,333,327,460,392,395,409,398,378,407,443,353,417,368,362,496,1,3,2,135,142,172,138,37,1,1,1,1,1,1,1,15,30,10,1,50,55,11,3,171,173,155,122,0,0,5,17,4,0,0,0,0,0,200,0,0,0,0,1,550,.263,25,3,16,46,124,1,0,0,0,0,0,0,0,0,0,0,0,0,0,0,0,0,0,0,0,0,0,93,87,119,104,105,65,1,.9302,1,3,0,0,0,0,0,0,0,0,0,0,0,1,0,0,0,0,0,0,0,0,0,0,0,0,275,swansda01,swansda01,swanso001dan,,0,11,eol
18607,0,18,Chicago Cubs,Major League Baseball,Workman,Gage,,25,24,10,1999,206,The United States,63803,Queen Creek,4,193,203,2,1,5,0,0,2,0,188,365,271,312,216,175,197,372,284,317,228,179,179,340,304,315,232,133,4,2,2,33,13,31,45,64,20,1,1,1,1,1,1,15,30,10,1,32,55,12,3,105,101,134,73,0,0,15,8,14,0,0,0,0,200,0,0,0,0,0,1,550,.169,17,0,7,33,175,4,0,0,0,0,0,0,0,0,0,0,0,0,0,0,0,0,0,0,0,0,0,86,96,76,113,102,81,1,.9302,1,3,0,0,0,0,0,0,0,0,0,0,0,1,0,0,0,0,0,0,0,0,0,0,0,0,277,workmga01,workmga01,workma000gag,,0,12,eol
19475,0,18,Chicago Cubs,Major League Baseball,Boyd,Matthew,Matty B,16,2,2,1991,206,The United States,49702,Mercer Island,4,191,234,2,2,11,1703,1961,14,3,91,185,46,227,87,88,94,188,49,235,91,90,112,157,48,247,95,130,5,0,0,27,7,11,46,13,72,459,479,439,431,403,413,7,1,0,153,113,40,11,3,67,35,47,41,0,0,13,15,18,200,0,0,0,0,0,0,0,0,0,1,550,.255,0,0,13,36,103,7,0,0,0,0,0,0,0,0,0,0,0,0,0,0,0,0,0,0,0,0,0,72,76,82,101,96,76,373,.8857,397,193,328,406,368,0,0,0,0,0,0,0,0,201,339,418,383,0,0,0,0,0,0,0,0,0,414,boydma01,boydma01,boyd--000mat,,0,11,eol
19489,0,18,Chicago Cubs,Major League Baseball,Busch,Michael,,29,9,11,1997,206,The United States,34606,Inver Grove Heights,4,183,209,2,1,3,344,657,5,3,362,466,413,471,316,408,404,466,470,417,374,425,383,457,440,438,346,415,7,3,2,103,21,160,86,9,4,1,1,1,1,1,1,15,30,10,1,6,56,13,4,66,43,55,56,0,0,13,10,8,0,0,200,0,0,0,0,0,0,0,1,550,.274,30,6,26,60,125,7,0,0,0,0,0,0,0,0,0,0,0,0,0,0,0,0,0,0,0,0,0,128,16,122,93,49,80,1,.9756,1,3,0,0,0,0,0,0,0,0,0,0,0,1,0,0,0,0,0,0,0,0,0,0,0,0,275,buschmi02,buschmi02,busch-002mic,,0,13,eol
19497,0,18,Chicago Cubs,Major League Baseball,Happ,Ian,Happer,8,12,8,1994,206,The United States,59354,Pittsburgh,4,183,205,3,1,7,1376,1450,10,1,387,408,372,469,380,397,389,462,429,492,367,410,403,458,409,462,372,425,2,3,2,62,61,143,82,10,8,1,1,1,1,1,19,15,30,10,1,3,59,13,3,18,13,13,7,0,0,123,213,158,0,0,0,0,0,0,200,0,0,0,1,550,.260,33,0,18,80,122,2,0,0,0,0,0,0,0,0,0,0,0,0,0,0,0,0,0,0,0,0,0,88,104,102,71,107,30,1,.9302,1,3,0,0,0,0,0,0,0,0,0,0,0,1,0,0,0,0,0,0,0,0,0,0,0,0,278,happia01,happia01,happ--000ian,,0,13,eol
19522,0,18,Chicago Cubs,Major League Baseball,Hoerner,Nico,,2,13,5,1997,206,The United States,56459,Oakland,4,185,201,1,1,4,1032,1330,9,3,512,352,279,310,527,477,485,353,211,343,532,418,475,347,255,335,511,423,6,1,1,133,163,167,127,9,12,1,1,1,1,1,1,15,30,10,1,38,58,11,4,172,135,112,111,0,0,11,20,19,0,0,0,200,0,0,0,0,0,0,1,550,.302,28,3,5,36,40,6,0,0,0,0,0,0,0,0,0,0,0,0,0,0,0,0,0,0,0,0,0,86,193,53,71,86,99,1,.9756,1,3,0,0,0,0,0,0,0,0,0,0,0,1,0,0,0,0,0,0,0,0,0,0,0,0,278,hoernni01,hoernni01,hoerne000nic,,0,11,eol
19586,0,18,Chicago Cubs,Major League Baseball,Pomeranz,Drew,Big Smooth,45,22,11,1988,206,The United States,14457,Collierville,4,198,240,1,2,12,1873,2149,12,3,95,189,49,240,94,90,91,186,47,230,88,88,110,241,189,203,85,135,5,0,0,15,6,11,23,12,50,477,415,452,408,448,354,12,3,0,23,105,39,13,3,50,37,43,42,0,0,17,10,3,200,0,0,0,0,0,0,0,0,0,1,550,.245,0,0,12,42,135,12,0,0,0,0,0,0,0,0,0,0,0,0,0,0,0,0,0,0,0,0,0,113,35,91,121,154,103,451,.9673,441,317,0,0,0,0,0,0,0,0,0,455,0,310,0,0,0,0,0,0,0,0,0,443,0,0,385,pomerdr01,pomerdr01,pomera001tho,,0,13,eol
19938,0,18,Chicago Cubs,Major League Baseball,Pearson,Nate,,56,20,8,1996,206,The United States,56812,Odessa,4,198,256,1,1,12,544,721,7,2,96,192,52,245,97,92,91,186,47,229,88,88,92,187,48,233,90,89,5,2,2,9,7,11,10,13,55,385,344,390,364,369,339,7,6,0,36,109,40,11,4,51,42,45,43,0,0,9,14,14,200,0,0,0,0,0,0,0,0,0,1,550,.277,0,0,18,56,98,7,0,0,0,0,0,0,0,0,0,0,0,0,0,0,0,0,0,0,0,0,0,100,77,122,92,23,119,355,1.0156,401,183,312,383,0,0,0,0,0,0,0,0,0,201,338,418,0,0,0,0,0,0,0,0,0,0,365,pearsna01,pearsna01,pearso000nat,,0,11,eol
21053,0,18,Chicago Cubs,Major League Baseball,Wicks,Jordan,,36,1,9,1999,206,The United States,14937,Conway,4,191,220,2,2,11,192,412,5,2,88,182,45,222,84,86,94,188,49,237,92,90,92,187,48,233,90,89,5,0,0,10,10,11,10,6,103,367,386,366,399,366,387,3,5,1,87,109,46,9,3,51,42,45,43,0,0,7,3,3,200,0,0,0,0,0,0,0,0,0,1,550,.298,0,0,17,46,89,3,0,0,0,0,0,0,0,0,0,0,0,0,0,0,0,0,0,0,0,0,0,131,91,100,193,94,85,319,.9802,316,186,317,353,259,0,0,0,0,0,0,0,0,183,312,348,254,0,0,0,0,0,0,0,0,0,300,wicksjo01,wicksjo01,wicks-000jor,,0,9,eol
20042,0,18,Chicago Cubs,Major League Baseball,Ballesteros,Moises,,25,8,11,2003,210,Venezuela,42014,Los Teques,5,173,216,2,1,2,0,0,4,0,407,360,381,429,394,418,411,363,391,435,402,420,359,357,378,414,377,345,2,0,0,36,7,11,64,13,20,1,1,1,1,1,1,15,30,10,1,17,59,15,4,86,59,68,60,106,109,16,15,4,0,200,200,0,0,0,0,0,0,0,1,550,.268,26,1,14,61,109,2,0,0,0,0,0,0,0,0,0,0,0,0,0,0,0,0,0,0,0,0,0,98,174,194,80,112,91,1,.9756,1,3,0,0,0,0,0,0,0,0,0,0,0,1,0,0,0,0,0,0,0,0,0,0,0,0,275,ballemo01,ballemo01,balles000moi,,109,15,eol
21023,0,18,Chicago Cubs,Major League Baseball,Suzuki,Seiya,,27,18,8,1994,98,Japan,77661,Tokyo,2,180,183,1,1,9,516,516,6,0,403,495,453,497,368,427,405,458,434,431,342,447,432,444,423,442,357,481,2,2,2,110,87,139,94,9,20,1,1,1,1,1,1,15,30,10,1,38,58,12,3,12,18,3,3,0,0,101,80,98,0,0,0,0,0,0,134,0,200,0,1,550,.276,32,5,22,66,130,2,0,0,0,0,0,0,0,0,0,0,0,0,0,0,0,0,0,0,0,0,0,39,126,4,117,128,73,1,.9302,1,3,0,0,0,0,0,0,0,0,0,0,0,1,0,0,0,0,0,0,0,0,0,0,0,0,276,suzukse01,suzukse01,suzuki001sei,,0,12,eol
20092,0,18,Chicago Cubs,Major League Baseball,Hodge,Porter,,37,21,2,2001,206,The United States,69520,Salt Lake City,4,193,229,1,1,12,90,139,5,0,94,189,49,234,92,90,92,186,47,232,89,89,92,187,48,233,90,89,5,0,0,9,6,11,10,15,5,324,288,333,291,375,284,1,6,3,34,109,44,15,3,51,40,44,42,0,0,1,4,18,200,0,0,0,0,0,0,0,0,0,1,550,.250,0,0,21,73,143,1,0,0,0,0,0,0,0,0,0,0,0,0,0,0,0,0,0,0,0,0,0,122,77,87,117,99,105,466,.9568,477,0,381,0,0,323,0,465,0,0,0,0,0,0,392,0,0,330,0,477,0,0,0,0,0,0,400,hodgepo01,hodgepo01,hodge-000por,,0,15,eol
20719,0,18,Chicago Cubs,Major League Baseball,Imanaga,Shota,Mike,18,1,9,1993,98,Japan,24592,Fukuoka,2,178,174,2,2,11,125,425,3,2,88,184,45,224,84,86,94,188,49,235,91,90,92,187,48,233,90,89,5,0,0,9,6,11,10,15,86,408,475,339,503,374,497,2,2,1,160,136,37,11,3,50,35,42,41,0,0,19,20,15,200,0,0,0,0,0,0,0,0,0,1,550,.252,0,0,22,25,101,2,0,0,0,0,0,0,0,0,0,0,0,0,0,0,0,0,0,0,0,0,0,44,122,7,124,104,83,366,.7404,387,191,363,363,363,0,0,269,0,0,0,0,0,213,357,405,357,0,0,307,0,0,0,0,0,0,455,imanash01,imanash01,imanag000sho,,0,11,eol
21112,0,18,Chicago Cubs,Major League Baseball,Steele,Justin,,35,11,7,1995,206,The United States,41524,Lucedale,4,188,205,2,2,11,536,792,6,2,89,185,46,224,85,86,94,188,49,235,91,90,100,165,49,222,100,96,5,0,0,27,6,11,47,10,78,402,431,389,433,439,402,5,1,1,153,114,50,13,4,51,41,45,43,0,0,16,4,3,200,0,0,0,0,0,0,0,0,0,1,550,.253,0,0,14,38,111,5,0,0,0,0,0,0,0,0,0,0,0,0,0,0,0,0,0,0,0,0,0,119,123,110,118,73,173,404,.8838,411,0,279,410,373,196,331,0,0,0,0,0,0,0,286,416,380,199,337,0,0,0,0,0,0,0,410,steelju01,steelju01,steele000jus,,0,13,eol
20085,0,18,Chicago Cubs,Major League Baseball,Caissie,Owen,,19,8,7,2002,36,Canada,89965,Burlington,4,191,190,2,1,9,0,0,1,0,287,357,370,333,307,268,301,365,386,339,319,278,179,324,349,301,232,133,4,2,2,24,6,11,41,62,2,1,1,1,1,1,1,15,30,10,1,6,59,11,4,16,16,15,12,0,0,104,108,128,0,0,0,0,0,0,75,0,200,0,1,550,.212,20,0,13,37,143,4,0,0,0,0,0,0,0,0,0,0,0,0,0,0,0,0,0,0,0,0,0,71,189,127,95,113,93,1,.9756,1,3,0,0,0,0,0,0,0,0,0,0,0,1,0,0,0,0,0,0,0,0,0,0,0,0,280,caissow01,caissow01,caissi000owe,,0,11,eol
20577,0,18,Chicago Cubs,Major League Baseball,Flexen,Chris,,58,1,7,1994,206,The United States,55220,Newark,4,191,218,1,1,11,1087,1092,8,1,96,191,51,245,97,91,91,186,47,229,88,88,105,256,49,218,99,109,5,0,0,33,7,11,58,13,107,378,375,413,389,416,384,1,6,1,114,122,39,8,3,51,38,43,42,0,0,9,16,20,200,0,0,0,0,0,0,0,0,0,1,550,.287,0,0,17,49,73,1,0,0,0,0,0,0,0,0,0,0,0,0,0,0,0,0,0,0,0,0,0,154,52,196,127,126,20,265,.8849,285,207,300,254,207,207,0,0,0,0,0,0,0,169,319,281,225,225,0,0,0,0,0,0,0,0,378,flexech01,flexech01,flexen000chr,,0,8,eol
// Cincinnati Reds, ID = 19
19677,0,19,Cincinnati Reds,Major League Baseball,Rogers,Taylor,M. Rogers,17,17,12,1990,206,The United States,45840,Littleton,4,191,190,2,2,12,1519,1812,10,2,86,181,44,219,82,85,94,189,50,237,93,90,92,187,48,233,90,89,5,0,0,32,10,11,54,10,71,408,337,355,349,412,410,7,1,0,32,113,53,11,3,50,37,43,42,0,0,2,7,3,200,0,0,0,0,0,0,0,0,0,1,550,.263,0,0,15,58,120,7,0,0,0,0,0,0,0,0,0,0,0,0,0,0,0,0,0,0,0,0,0,36,136,27,118,68,113,421,.8709,450,0,440,0,0,0,308,0,0,0,0,0,0,0,478,0,0,0,331,0,0,0,0,0,0,0,356,rogerta01,rogerta01,rogers002tay,,0,11,eol
20647,0,19,Cincinnati Reds,Major League Baseball,Espinal,Santiago,,4,13,11,1994,56,Dominican Republic,71389,Santiago,1,178,174,1,1,5,825,952,8,2,428,327,244,336,488,352,403,265,188,337,481,301,434,336,308,361,471,394,2,0,0,61,61,152,95,159,5,1,1,1,1,1,28,15,30,10,1,25,56,10,3,125,136,150,92,0,0,15,8,8,0,0,0,200,200,0,0,0,0,0,1,550,.250,20,0,4,37,60,2,0,0,0,0,0,0,0,0,0,0,0,0,0,0,0,0,0,0,0,0,0,71,56,85,77,126,45,1,.9302,1,3,0,0,0,0,0,0,0,0,0,0,0,1,0,0,0,0,0,0,0,0,0,0,0,0,273,espinsa01,espinsa01,espina000san,,0,10,eol
20749,0,19,Cincinnati Reds,Major League Baseball,Zulueta,Yosver,,67,23,1,1998,49,Cuba,66827,Remedios,1,185,190,1,1,12,18,102,5,1,94,189,50,238,92,90,92,186,48,231,90,89,92,187,48,233,90,89,5,0,0,10,9,11,10,9,23,354,293,371,299,346,323,5,6,1,40,109,55,13,3,51,43,46,44,0,0,1,7,10,200,0,0,0,0,0,0,0,0,0,1,550,.258,0,0,14,71,111,5,0,0,0,0,0,0,0,0,0,0,0,0,0,0,0,0,0,0,0,0,0,20,48,114,71,119,86,403,1.0150,395,326,272,0,404,0,192,0,0,0,0,0,0,323,268,0,400,0,190,0,0,0,0,0,0,0,400,zulueyo01,zulueyo01,zuluet000yos,,0,13,eol
20883,0,19,Cincinnati Reds,Major League Baseball,Candelario,Jeimer,Candy,3,24,11,1993,206,The United States,55211,New York,5,188,223,3,1,5,1402,1584,13,1,279,511,366,405,364,160,277,481,424,340,346,187,433,501,377,426,412,446,4,3,2,91,105,109,78,7,12,1,1,1,1,1,1,15,30,10,1,19,59,10,3,90,126,122,67,0,0,9,17,4,0,0,160,0,200,0,0,0,0,0,1,550,.204,26,2,17,41,129,4,0,0,0,0,0,0,0,0,0,0,0,0,0,0,0,0,0,0,0,0,0,57,79,76,130,80,112,1,.9302,1,3,0,0,0,0,0,0,0,0,0,0,0,1,0,0,0,0,0,0,0,0,0,0,0,0,279,candeje01,candeje01,candel000jei,,0,10,eol
20482,0,19,Cincinnati Reds,Major League Baseball,Marte,Noelvi,,16,16,10,2001,56,Dominican Republic,15322,Cotuí,1,188,216,1,1,9,280,373,4,1,344,348,339,311,332,361,407,411,404,241,389,421,412,376,378,281,378,437,4,2,2,131,161,157,128,8,7,1,1,1,1,1,1,15,30,10,1,32,56,10,3,104,91,133,71,0,0,104,100,128,0,0,0,0,200,0,0,0,200,0,1,550,.258,27,3,14,25,120,4,0,0,0,0,0,0,0,0,0,0,0,0,0,0,0,0,0,0,0,0,0,113,82,107,108,34,108,1,.9302,1,3,0,0,0,0,0,0,0,0,0,0,0,1,0,0,0,0,0,0,0,0,0,0,0,0,276,marteno01,marteno01,marte-000noe,,0,10,eol
20609,0,19,Cincinnati Reds,Major League Baseball,Mey,Luis,,62,24,6,2001,56,Dominican Republic,70516,San Pedro de Macorís,1,196,236,1,1,12,0,0,4,0,94,188,49,238,92,91,92,186,47,231,89,88,92,187,48,233,90,89,5,0,0,10,9,11,10,15,77,322,79,352,86,334,245,7,6,1,32,109,55,10,3,51,41,45,43,0,0,9,2,7,200,0,0,0,0,0,0,0,0,0,1,550,.258,0,0,16,153,116,7,0,0,0,0,0,0,0,0,0,0,0,0,0,0,0,0,0,0,0,0,0,158,72,105,12,85,53,413,.9839,384,448,365,0,0,0,219,0,0,0,0,0,0,417,337,0,0,0,200,0,0,0,0,0,0,0,400,meylu01,meylu01,mey---000lui,,0,10,eol
20044,0,19,Cincinnati Reds,Major League Baseball,Petty,Chase,,61,4,4,2003,206,The United States,75002,Somers Point,4,185,190,1,1,12,0,0,2,0,95,188,49,237,93,91,92,186,47,231,89,88,92,187,48,233,90,89,5,0,0,9,7,11,10,10,28,348,224,371,234,360,229,12,1,1,74,109,30,14,3,51,43,46,44,0,0,14,19,13,200,0,0,0,0,0,0,0,0,0,1,550,.284,0,0,27,93,94,12,0,0,0,0,0,0,0,0,0,0,0,0,0,0,0,0,0,0,0,0,0,59,155,71,100,151,123,338,1.0039,284,237,299,0,299,237,237,0,0,0,0,0,0,160,254,0,254,207,207,0,0,0,0,0,0,0,400,pettych02,pettych02,petty-003cha,,0,14,eol
20060,0,19,Cincinnati Reds,Major League Baseball,Spiers,Carson,,68,11,11,1997,206,The United States,29773,Greenville,4,191,205,1,1,11,185,477,6,3,94,188,49,239,93,90,92,187,47,231,89,89,92,187,48,233,90,89,5,0,0,9,7,11,10,12,108,325,362,345,407,352,392,8,1,1,95,109,40,10,2,51,42,45,43,0,0,9,1,9,200,0,0,0,0,0,0,0,0,0,1,550,.292,0,0,23,47,90,8,0,0,0,0,0,0,0,0,0,0,0,0,0,0,0,0,0,0,0,0,0,78,45,102,81,97,104,323,1.2150,326,174,236,0,329,297,236,0,0,0,0,0,0,175,238,0,332,301,238,0,0,0,0,0,0,0,349,spierca01,spierca01,spiers000car,,0,10,eol
20068,0,19,Cincinnati Reds,Major League Baseball,Richardson,Lyon,,72,18,1,2000,206,The United States,35252,Jensen Beach,5,188,207,3,1,12,257,566,6,3,94,188,48,234,91,90,92,186,48,232,90,88,92,187,48,233,90,89,5,2,2,14,8,11,20,8,118,438,318,472,313,298,241,7,1,1,36,109,63,9,3,51,39,44,42,0,0,11,16,7,200,0,0,0,0,0,0,0,0,0,1,550,.260,0,0,7,66,90,7,0,0,0,0,0,0,0,0,0,0,0,0,0,0,0,0,0,0,0,0,0,85,66,123,109,85,124,321,1.2107,315,166,314,274,220,0,274,0,0,0,0,0,0,164,308,266,214,0,266,0,0,0,0,0,0,0,400,richaly01,richaly01,richar000lyo,,0,9,eol
18656,0,19,Cincinnati Reds,Major League Baseball,Miley,Wade,Miles,22,13,11,1986,206,The United States,30509,Hammond,4,188,220,2,2,12,2249,2249,18,0,89,185,46,228,86,87,93,188,48,235,91,89,261,304,162,275,357,135,5,0,0,9,7,11,10,11,111,271,303,247,278,387,382,12,1,5,115,117,55,10,3,53,45,47,43,0,0,9,10,5,200,0,0,0,0,0,0,0,0,0,1,550,.277,0,0,24,74,63,12,0,0,0,0,0,0,0,0,0,0,0,0,0,0,0,0,0,0,0,0,0,82,179,105,184,89,115,234,.8971,338,196,196,196,0,196,196,0,0,0,196,0,0,283,283,283,0,283,283,0,0,0,283,0,0,0,447,mileywa01,mileywa01,miley-001wad,,0,10,eol
18664,0,19,Cincinnati Reds,Major League Baseball,Stewart,Sal,,43,7,12,2003,206,The United States,50031,Miami,4,191,216,1,1,3,0,0,3,0,320,285,462,331,366,266,319,283,460,331,364,263,313,320,424,347,358,255,2,2,2,25,10,11,41,12,12,1,1,1,1,1,1,15,30,10,1,39,55,13,3,56,43,81,56,0,0,11,3,19,0,0,200,0,200,0,0,0,0,0,1,550,.237,15,0,27,36,124,2,0,0,0,0,0,0,0,0,0,0,0,0,0,0,0,0,0,0,0,0,0,182,79,99,125,12,107,1,.9302,1,3,0,0,0,0,0,0,0,0,0,0,0,1,0,0,0,0,0,0,0,0,0,0,0,0,277,stewasa02,stewasa02,stewar000sal,,0,13,eol
20041,0,19,Cincinnati Reds,Major League Baseball,La Sorsa,Joe,,66,29,4,1998,206,The United States,52154,Mount Kisco,4,196,231,2,2,12,185,339,3,1,87,183,45,228,84,85,94,188,49,235,92,91,92,187,48,233,90,89,5,2,2,9,8,11,10,7,33,216,441,188,454,323,434,4,1,1,38,109,47,8,3,51,43,46,44,0,0,7,12,12,200,0,0,0,0,0,0,0,0,0,1,550,.311,0,0,35,34,61,4,0,0,0,0,0,0,0,0,0,0,0,0,0,0,0,0,0,0,0,0,0,95,108,84,195,72,119,229,.8538,300,223,186,0,223,0,186,0,0,0,0,0,0,300,206,0,253,0,206,0,0,0,0,0,0,0,400,lasorjo01,lasorjo01,lasors000joe,,0,8,eol
20204,0,19,Cincinnati Reds,Major League Baseball,Benson,Will,,30,16,6,1998,206,The United States,4704,Atlanta,1,196,229,2,2,9,452,586,4,2,245,503,379,419,244,255,303,497,434,377,281,320,360,501,413,426,263,428,2,3,2,141,166,145,127,39,16,1,1,1,1,1,1,15,30,10,1,10,59,12,3,14,3,6,8,0,0,89,93,115,0,0,0,0,0,0,200,200,200,0,1,550,.220,26,6,19,48,159,2,0,0,0,0,0,0,0,0,0,0,0,0,0,0,0,0,0,0,0,0,0,32,123,121,175,78,65,1,1.0750,1,3,0,0,0,0,0,0,0,0,0,0,0,1,0,0,0,0,0,0,0,0,0,0,0,0,277,bensowi01,bensowi01,benson002wil,,0,12,eol
20219,0,19,Cincinnati Reds,Major League Baseball,Phillips,Connor,,34,4,5,2001,206,The United States,46754,Magnolia,4,188,209,1,1,12,53,192,4,1,96,191,51,244,96,92,91,185,47,229,88,87,92,187,48,233,90,89,5,2,2,28,10,11,46,7,95,428,272,428,272,382,267,12,6,0,39,109,37,12,4,51,40,44,43,0,0,2,13,17,200,0,0,0,0,0,0,0,0,0,1,550,.230,0,0,15,79,165,12,0,0,0,0,0,0,0,0,0,0,0,0,0,0,0,0,0,0,0,0,0,137,83,93,182,109,80,505,1.0022,485,339,403,448,448,0,0,0,0,0,0,0,0,317,372,418,455,0,0,0,0,0,0,0,0,0,400,phillco01,phillco01,philli000con,,0,12,eol
20225,0,19,Cincinnati Reds,Major League Baseball,Banfield,Will,,49,18,11,1999,206,The United States,44165,Lawrenceville,4,183,216,1,1,2,0,0,3,0,165,235,307,276,197,141,161,228,295,270,187,134,165,256,311,292,213,100,4,2,2,24,10,11,39,65,19,1,1,1,1,1,1,15,30,10,1,1,54,12,4,8,5,4,3,96,105,9,19,7,0,200,0,0,0,0,0,0,0,0,1,550,.155,9,0,8,26,186,4,0,0,0,0,0,0,0,0,0,0,0,0,0,0,0,0,0,0,0,0,0,123,116,145,114,11,72,1,.9756,1,3,0,0,0,0,0,0,0,0,0,0,0,1,0,0,0,0,0,0,0,0,0,0,0,0,272,banfiwi01,banfiwi01,banfie000wil,,107,12,eol
20229,0,19,Cincinnati Reds,Major League Baseball,Encarnacion-Strand,Christian,,33,1,12,1999,206,The United States,87590,Walnut Creek,5,183,225,1,1,3,215,242,3,0,280,330,354,159,360,169,303,393,416,201,391,181,356,326,420,266,360,355,6,1,1,66,110,60,129,34,2,1,1,1,1,1,1,15,30,10,1,16,55,13,3,66,43,86,54,0,0,11,20,13,0,0,200,0,200,0,0,0,0,0,1,550,.207,21,0,16,15,116,6,0,0,0,0,0,0,0,0,0,0,0,0,0,0,0,0,0,0,0,0,0,152,76,95,126,120,80,1,.9302,1,3,0,0,0,0,0,0,0,0,0,0,0,1,0,0,0,0,0,0,0,0,0,0,0,0,274,encarch01,encarch01,encarn000chr,,0,13,eol
20840,0,19,Cincinnati Reds,Major League Baseball,Hinds,Rece,,57,5,9,2000,206,The United States,55436,Niceville,1,193,216,1,1,9,18,249,2,1,198,530,444,315,251,161,195,529,438,311,246,159,248,510,436,340,295,212,4,3,2,149,120,190,143,12,13,1,1,1,1,1,1,15,30,10,1,4,54,12,3,4,1,6,3,0,0,104,100,128,0,0,0,0,0,0,0,0,200,0,1,550,.190,25,4,22,32,167,4,0,0,0,0,0,0,0,0,0,0,0,0,0,0,0,0,0,0,0,0,0,108,94,74,18,93,93,1,.9302,1,3,0,0,0,0,0,0,0,0,0,0,0,1,0,0,0,0,0,0,0,0,0,0,0,0,275,hindsre01,hindsre01,hinds-000rec,,0,12,eol
20842,0,19,Cincinnati Reds,Major League Baseball,Maxwell,Zach,,78,26,1,2001,206,The United States,2185,Acworth,4,198,276,1,1,12,0,0,4,0,94,188,49,236,92,91,92,187,47,231,89,88,92,187,48,233,90,89,5,0,0,9,6,11,10,14,5,270,348,260,346,257,299,1,1,1,40,109,50,18,3,51,42,45,44,0,0,8,8,19,200,0,0,0,0,0,0,0,0,0,1,550,.291,0,0,25,58,117,1,0,0,0,0,0,0,0,0,0,0,0,0,0,0,0,0,0,0,0,0,0,169,80,165,101,83,81,414,.9813,341,0,0,366,0,366,0,0,0,0,0,0,0,0,0,276,0,276,0,0,0,0,0,0,0,0,300,maxweza01,maxweza01,maxwel000zac,,0,18,eol
19182,0,19,Cincinnati Reds,Major League Baseball,Stephenson,Tyler,,37,16,8,1996,206,The United States,37818,Kennesaw,4,193,225,1,1,2,794,1073,7,2,414,506,452,479,340,462,368,441,401,419,295,427,428,402,402,432,390,454,5,3,2,23,17,17,55,7,4,1,1,1,1,1,1,15,30,10,1,10,56,11,3,16,13,5,14,150,100,10,2,9,0,200,0,0,0,0,0,0,0,0,1,550,.258,34,0,17,61,146,5,0,0,0,0,0,0,0,0,0,0,0,0,0,0,0,0,0,0,0,0,0,80,110,114,111,128,91,1,.9302,1,3,0,0,0,0,0,0,0,0,0,0,0,1,0,0,0,0,0,0,0,0,0,0,0,0,277,stephty01,stephty01,stephe000tyl,,96,11,eol
19188,0,19,Cincinnati Reds,Major League Baseball,Friedl,TJ,,29,14,8,1995,206,The United States,59562,Pleasanton,4,178,181,2,2,8,688,688,7,0,386,245,315,464,427,338,414,313,353,462,444,380,433,374,381,431,445,416,13,1,1,112,82,151,109,127,20,4,1,4,1,8,1,15,30,10,1,50,53,11,3,2,17,11,19,0,0,140,143,139,0,0,0,0,0,0,0,200,0,0,1,550,.260,18,2,11,71,85,13,0,0,0,0,0,0,0,0,0,0,0,0,0,0,0,0,0,0,0,0,0,195,127,109,106,52,113,1,1.0750,1,3,0,0,0,0,0,0,0,0,0,0,0,1,0,0,0,0,0,0,0,0,0,0,0,0,268,friedtj01,friedtj01,friedl000tj-,,0,11,eol
19191,0,19,Cincinnati Reds,Major League Baseball,McLain,Matt,,9,6,8,1999,206,The United States,81751,Tustin,4,180,181,1,1,4,172,487,5,3,373,352,351,461,349,401,335,315,357,417,298,375,404,383,401,411,323,458,4,0,0,87,125,175,127,121,1,1,1,1,1,1,1,15,30,10,1,43,54,12,3,103,95,59,109,0,0,12,19,20,0,0,0,200,0,0,0,0,0,0,1,550,.232,20,0,11,59,145,4,0,0,0,0,0,0,0,0,0,0,0,0,0,0,0,0,0,0,0,0,0,34,186,150,182,83,144,1,.9302,1,3,0,0,0,0,0,0,0,0,0,0,0,1,0,0,0,0,0,0,0,0,0,0,0,0,272,mclaima01,mclaima01,mclain000mat,,0,12,eol
19194,0,19,Cincinnati Reds,Major League Baseball,Ashcraft,Graham,,23,11,2,1998,206,The United States,33063,Huntsville,4,188,247,2,1,12,499,767,6,3,86,181,44,227,82,85,95,189,50,236,93,91,92,187,48,233,90,89,5,2,2,23,9,11,37,13,96,431,367,471,380,365,391,4,6,1,37,115,62,8,3,50,35,42,41,0,0,12,11,14,200,0,0,0,0,0,0,0,0,0,1,550,.281,0,0,7,51,96,4,0,0,0,0,0,0,0,0,0,0,0,0,0,0,0,0,0,0,0,0,0,182,86,20,122,126,75,345,1.0435,302,0,276,0,370,194,329,0,0,0,0,0,0,0,222,0,316,167,277,0,0,0,0,0,0,0,305,ashcrgr01,ashcrgr01,ashcra000gra,,0,8,eol
19353,0,19,Cincinnati Reds,Major League Baseball,Burns,Chase,,26,16,1,2003,206,The United States,27576,Gallatin,1,191,209,1,1,11,0,0,1,0,95,189,51,227,95,91,91,186,47,235,88,88,92,187,48,233,90,89,5,0,0,16,8,11,23,7,113,411,362,414,364,394,355,1,1,0,95,109,44,12,3,51,38,43,42,0,0,4,4,13,200,0,0,0,0,0,0,0,0,0,1,550,.241,0,0,14,54,141,1,0,0,0,0,0,0,0,0,0,0,0,0,0,0,0,0,0,0,0,0,0,129,103,30,88,92,50,464,.9972,418,230,383,428,324,467,0,0,0,0,0,0,0,208,350,398,302,430,0,0,0,0,0,0,0,0,400,burnsch01,burnsch01,burns-008cha,,0,12,eol
19356,0,19,Cincinnati Reds,Major League Baseball,Santillan,Tony,,64,15,4,1997,206,The United States,4076,Arlington,5,191,284,1,1,12,688,932,8,2,95,189,50,238,94,91,92,186,47,231,89,89,96,279,48,227,96,90,5,0,0,10,9,11,10,8,106,459,348,471,347,439,328,9,6,1,32,109,41,11,3,50,35,42,41,0,0,8,10,11,200,0,0,0,0,0,0,0,0,0,1,550,.238,0,0,10,58,131,9,0,0,0,0,0,0,0,0,0,0,0,0,0,0,0,0,0,0,0,0,0,48,155,37,185,117,118,443,1.0115,458,332,394,0,438,0,0,0,0,0,0,0,0,319,375,0,458,0,0,0,0,0,0,0,0,0,411,santito01,santito01,santil000ant,,0,11,eol
19363,0,19,Cincinnati Reds,Major League Baseball,Singer,Brady,,51,4,8,1996,206,The United States,44606,Leesburg,4,196,216,1,1,12,848,1146,6,3,95,190,51,237,94,91,92,186,47,232,88,89,92,187,48,233,90,89,5,0,0,14,8,11,19,14,31,362,340,437,409,401,399,11,2,0,148,113,51,12,3,50,35,42,41,0,0,15,1,10,200,0,0,0,0,0,0,0,0,0,1,550,.262,0,0,12,49,115,11,0,0,0,0,0,0,0,0,0,0,0,0,0,0,0,0,0,0,0,0,0,27,105,48,128,125,105,411,.7003,403,370,194,0,407,0,329,0,0,0,0,0,0,363,191,0,402,0,324,0,0,0,0,0,0,0,362,singebr01,singebr01,singer000bra,,0,12,eol
19370,0,19,Cincinnati Reds,Major League Baseball,Trevino,Jose,,35,28,11,1992,206,The United States,15185,Corpus Christi,5,180,212,1,1,2,1145,1145,9,0,368,444,326,371,474,199,384,432,310,315,469,260,390,349,362,300,451,311,1,0,0,26,8,31,75,107,19,366,274,405,295,373,280,1,1,0,36,10,42,17,3,6,4,15,7,118,96,15,14,15,0,200,0,0,0,0,0,0,0,0,1,550,.234,31,0,8,35,68,1,0,0,0,0,0,0,0,0,0,0,0,0,0,0,0,0,0,0,0,0,0,72,82,24,82,109,72,219,1.0053,232,171,171,0,0,0,0,0,0,0,0,0,0,192,169,0,0,0,0,0,0,0,0,0,0,0,387,trevijo01,trevijo01,trevin001jos,,128,17,eol
19576,0,19,Cincinnati Reds,Major League Baseball,Barlow,Scott,,58,18,12,1992,206,The United States,55136,New London,4,191,216,1,1,12,1204,1335,8,2,92,187,48,232,89,90,92,187,48,233,90,89,92,187,48,233,90,89,5,0,0,17,7,11,26,9,24,390,240,409,237,430,310,12,5,1,31,95,53,13,4,50,35,42,41,0,0,19,12,4,200,0,0,0,0,0,0,0,0,0,1,550,.243,0,0,12,90,135,12,0,0,0,0,0,0,0,0,0,0,0,0,0,0,0,0,0,0,0,0,0,154,58,143,122,120,37,451,.9034,456,475,329,390,0,0,0,0,0,0,0,0,0,484,334,398,0,0,0,0,0,0,0,0,0,0,394,barlosc01,barlosc01,barlow000sco,,0,13,eol
19687,0,19,Cincinnati Reds,Major League Baseball,Wynns,Austin,Winnie,29,10,12,1990,206,The United States,69896,San Diego,4,183,190,1,1,2,908,1225,9,3,451,533,436,247,300,534,464,506,441,272,350,526,394,344,350,306,399,394,2,0,0,19,9,11,64,119,4,120,1,129,1,321,292,15,30,10,1,9,35,17,3,14,9,6,19,74,99,11,11,18,0,200,0,0,0,0,0,0,0,0,1,550,.317,50,0,23,25,134,2,0,0,0,0,0,0,0,0,0,0,0,0,0,0,0,0,0,0,0,0,0,116,42,87,82,86,23,1,.9302,1,3,0,0,0,0,0,0,0,0,0,0,0,1,0,0,0,0,0,0,0,0,0,0,0,0,290,wynnsau01,wynnsau01,wynns-000aus,,92,17,eol
18474,0,19,Cincinnati Reds,Major League Baseball,Steer,Spencer,,7,7,12,1997,206,The United States,41750,Long Beach,4,180,185,1,1,3,516,760,6,1,329,445,365,431,380,273,360,435,415,428,404,319,400,447,408,437,407,394,5,0,0,119,105,160,112,39,14,1,1,1,1,1,1,15,30,10,1,9,56,11,3,71,43,57,57,0,0,89,93,113,0,0,200,0,0,0,200,0,0,0,1,550,.240,27,3,16,60,110,5,0,0,0,0,0,0,0,0,0,0,0,0,0,0,0,0,0,0,0,0,0,16,167,197,179,107,96,1,.9302,1,3,0,0,0,0,0,0,0,0,0,0,0,1,0,0,0,0,0,0,0,0,0,0,0,0,274,steersp01,steersp01,steer-000spe,,0,11,eol
18580,0,19,Cincinnati Reds,Major League Baseball,De La Cruz,Elly,,44,11,1,2002,56,Dominican Republic,67614,Sabana Grande de Boya,1,196,194,3,1,6,344,441,5,1,387,432,433,396,336,426,426,498,377,414,331,489,416,470,405,409,312,484,2,2,2,171,201,182,143,34,19,1,1,1,1,1,1,15,30,10,1,22,59,12,4,184,84,137,144,0,0,14,7,2,0,0,0,0,0,200,0,0,0,0,1,550,.276,30,11,15,53,137,2,0,0,0,0,0,0,0,0,0,0,0,0,0,0,0,0,0,0,0,0,0,30,146,129,173,80,143,1,.9756,1,3,0,0,0,0,0,0,0,0,0,0,0,1,0,0,0,0,0,0,0,0,0,0,0,0,281,delacel01,delacel01,delacr000ell,,0,12,eol
18630,0,19,Cincinnati Reds,Major League Baseball,Abbott,Andrew,,41,1,6,1999,206,The United States,41130,Lynchburg,4,183,192,2,2,11,317,378,5,1,86,182,44,217,81,85,94,189,50,238,93,90,92,187,48,233,90,89,5,0,0,10,9,11,10,7,104,503,452,430,399,433,387,2,4,0,153,111,34,10,3,50,35,42,41,0,0,7,18,11,200,0,0,0,0,0,0,0,0,0,1,550,.250,0,0,14,42,99,2,0,0,0,0,0,0,0,0,0,0,0,0,0,0,0,0,0,0,0,0,0,106,101,72,108,12,112,356,1.0392,384,189,359,397,321,0,0,0,0,0,0,0,0,198,378,414,335,0,0,0,0,0,0,0,0,0,438,abbotan01,abbotan01,abbott000and,,0,10,eol
18697,0,19,Cincinnati Reds,Major League Baseball,Wynne,Randy,,53,9,3,1993,206,The United States,69896,San Diego,1,185,181,1,1,12,3,171,2,2,94,187,49,234,91,90,92,187,48,232,90,89,92,187,48,233,90,89,5,0,0,9,6,11,10,14,111,349,296,355,299,384,297,6,6,5,48,109,33,14,3,51,44,46,44,0,0,15,16,20,200,0,0,0,0,0,0,0,0,0,1,550,.291,0,0,26,70,78,6,0,0,0,0,0,0,0,0,0,0,0,0,0,0,0,0,0,0,0,0,0,101,100,130,117,112,118,282,.9763,256,203,248,203,248,203,0,0,0,0,0,0,0,187,225,187,225,149,0,0,0,0,0,0,0,0,399,wynnera01,wynnera01,wynne-000ran,,0,14,eol
20938,0,19,Cincinnati Reds,Major League Baseball,Sanmartin,Reiver,,48,15,4,1996,44,Colombia,17630,Cartagena,1,188,161,2,2,12,347,637,7,3,89,183,45,229,85,86,94,189,49,234,92,90,85,187,48,226,88,74,5,0,0,10,9,11,10,48,117,286,317,231,306,338,306,6,6,5,48,109,67,10,2,51,44,46,44,0,0,5,2,6,200,0,0,0,0,0,0,0,0,0,1,550,.290,0,0,20,67,79,6,0,0,0,0,0,0,0,0,0,0,0,0,0,0,0,0,0,0,0,0,0,114,52,151,99,91,78,284,.9451,342,223,186,0,148,0,260,0,0,0,0,0,0,277,222,0,167,0,316,0,0,0,0,0,0,0,369,sanmare01,sanmare01,sanmar000rei,,0,10,eol
19957,0,19,Cincinnati Reds,Major League Baseball,Moll,Sam,,50,3,1,1992,206,The United States,43307,Lakeland,4,175,190,2,2,12,746,886,7,1,86,182,43,224,82,85,95,188,49,236,93,91,92,187,48,233,90,89,5,0,0,24,6,11,41,6,102,395,330,365,319,455,307,4,6,0,29,109,45,11,3,51,41,45,43,0,0,13,19,5,200,0,0,0,0,0,0,0,0,0,1,550,.243,0,0,17,64,128,4,0,0,0,0,0,0,0,0,0,0,0,0,0,0,0,0,0,0,0,0,0,25,137,120,181,61,67,437,.9654,441,208,397,0,430,0,350,0,0,0,0,0,0,209,399,0,432,0,351,0,0,0,0,0,0,0,426,mollsa01,mollsa01,moll--000sam,,0,11,eol
19423,0,19,Cincinnati Reds,Major League Baseball,Hays,Austin,,12,5,7,1995,206,The United States,22245,Daytona Beach,4,180,201,1,1,7,1156,1156,11,0,447,502,340,364,370,497,409,436,405,309,372,434,420,439,404,334,402,434,4,1,1,130,68,159,107,32,9,1,1,1,1,1,1,15,30,10,1,4,55,10,3,1,11,15,14,0,0,114,180,102,0,0,0,0,0,0,200,0,0,0,1,550,.275,29,9,14,34,121,4,0,0,0,0,0,0,0,0,0,0,0,0,0,0,0,0,0,0,0,0,0,34,76,73,78,75,93,1,.9302,1,3,0,0,0,0,0,0,0,0,0,0,0,1,0,0,0,0,0,0,0,0,0,0,0,0,273,haysau01,haysau01,hays--000aus,,0,10,eol
19852,0,19,Cincinnati Reds,Major League Baseball,Martinez,Nick,Tricky,28,5,8,1990,206,The United States,50031,Miami,5,185,201,2,1,11,1197,1358,8,1,87,183,44,222,83,86,94,188,49,237,92,91,82,187,49,247,92,65,5,0,0,34,10,11,58,10,36,431,462,431,479,392,404,5,5,0,120,110,44,12,3,50,35,42,41,0,0,11,4,1,200,0,0,0,0,0,0,0,0,0,1,550,.262,0,0,12,30,82,5,0,0,0,0,0,0,0,0,0,0,0,0,0,0,0,0,0,0,0,0,0,126,51,110,129,92,80,292,.6660,296,229,229,229,229,229,229,0,0,0,0,0,0,232,232,232,232,232,232,0,0,0,0,0,0,0,423,martini01,martini01,martin006nic,,0,12,eol
18940,0,19,Cincinnati Reds,Major League Baseball,Gibaut,Ian,,79,19,11,1993,206,The United States,32688,Houston,4,191,249,1,1,12,923,1236,7,3,95,190,50,236,95,91,91,186,47,232,88,88,92,187,48,233,90,89,5,2,2,9,7,11,10,12,86,459,380,475,408,475,360,1,1,1,34,97,35,10,3,51,40,44,43,0,0,20,19,19,200,0,0,0,0,0,0,0,0,0,1,550,.291,0,0,12,45,64,1,0,0,0,0,0,0,0,0,0,0,0,0,0,0,0,0,0,0,0,0,0,27,174,142,194,17,116,239,1.1421,402,102,189,0,241,215,0,0,0,0,0,0,0,195,330,0,409,372,0,0,0,0,0,0,0,0,361,gibauia01,gibauia01,gibaut000ian,,0,10,eol
19609,0,19,Cincinnati Reds,Major League Baseball,Suter,Brent,,31,29,8,1989,206,The United States,13776,Cincinnati,4,193,214,2,2,12,1504,1725,12,2,87,182,45,226,83,86,94,188,49,235,92,90,103,198,140,257,105,97,5,0,0,17,6,11,26,13,77,381,494,376,453,403,442,5,4,0,38,130,46,9,3,50,35,42,41,0,0,6,5,12,200,0,0,0,0,0,0,0,0,0,1,550,.266,0,0,16,32,85,5,0,0,0,0,0,0,0,0,0,0,0,0,0,0,0,0,0,0,0,0,0,93,109,75,83,118,101,302,1.0276,337,0,308,0,265,163,214,0,0,0,0,0,0,0,359,0,321,189,265,0,0,0,0,0,0,0,421,suterbr01,suterbr01,suter-000bre,,0,9,eol
20036,0,19,Cincinnati Reds,Major League Baseball,Hurtubise,Jacob,,26,11,12,1997,206,The United States,89268,Zionsville,4,178,181,2,1,7,14,14,4,0,270,340,283,372,304,242,288,347,304,396,318,251,299,347,311,391,329,260,18,1,1,96,30,152,101,182,8,1,1,1,1,1,1,15,30,10,1,29,54,11,4,14,18,4,4,0,0,90,107,113,0,0,0,0,0,0,200,0,120,0,1,550,.199,18,1,8,47,144,18,0,0,0,0,0,0,0,0,0,0,0,0,0,0,0,0,0,0,0,0,0,85,60,131,130,79,83,1,.9756,1,3,0,0,0,0,0,0,0,0,0,0,0,1,0,0,0,0,0,0,0,0,0,0,0,0,271,hurtuja01,hurtuja01,hurtub000jac,,0,11,eol
20824,0,19,Cincinnati Reds,Major League Baseball,Lux,Gavin,,2,23,11,1997,206,The United States,37826,Kenosha,4,180,190,2,1,4,856,1182,6,2,390,375,200,459,348,422,452,431,263,438,404,483,448,412,281,438,407,473,1,0,0,91,25,146,99,6,10,1,1,1,1,1,1,15,30,10,1,40,55,13,2,148,80,93,140,0,0,89,93,113,0,0,0,200,0,0,200,0,0,0,1,550,.278,34,3,5,65,112,1,0,0,0,0,0,0,0,0,0,0,0,0,0,0,0,0,0,0,0,0,0,105,97,80,85,101,119,1,.8163,1,3,0,0,0,0,0,0,0,0,0,0,0,1,0,0,0,0,0,0,0,0,0,0,0,0,273,luxga01,luxga01,lux---000gav,,0,13,eol
21132,0,19,Cincinnati Reds,Major League Baseball,Greene,Hunter,,21,6,8,1999,206,The United States,71027,Santa Clarita,1,196,243,1,1,11,439,439,6,0,96,190,51,238,96,91,91,186,47,232,88,88,92,187,48,233,90,89,5,1,1,10,10,11,10,8,78,444,367,465,408,420,364,10,6,0,157,94,36,14,3,50,35,42,41,0,0,5,15,2,200,0,0,0,0,0,0,0,0,0,1,550,.214,0,0,13,46,142,10,0,0,0,0,0,0,0,0,0,0,0,0,0,0,0,0,0,0,0,0,0,75,74,31,126,26,20,465,.6904,472,328,389,434,0,0,0,434,0,0,0,0,0,318,374,457,0,0,0,420,0,0,0,0,0,0,470,greenhu01,greenhu01,greene000hun,,0,14,eol
19814,0,19,Cincinnati Reds,Major League Baseball,Fraley,Jake,,16,25,5,1995,206,The United States,24887,Frederick,4,183,205,2,2,9,951,951,10,0,372,329,260,446,364,385,435,393,323,407,423,439,406,359,413,441,409,404,3,1,1,119,164,152,140,10,1,1,1,1,1,1,1,15,30,10,1,20,57,12,3,20,12,16,13,0,0,104,100,112,0,0,0,0,0,0,106,0,200,0,1,550,.269,28,2,8,55,102,3,0,0,0,0,0,0,0,0,0,0,0,0,0,0,0,0,0,0,0,0,0,83,73,68,130,6,63,1,1.0750,1,3,0,0,0,0,0,0,0,0,0,0,0,1,0,0,0,0,0,0,0,0,0,0,0,0,272,fraleja01,fraleja01,fraley000jak,,0,12,eol
20424,0,19,Cincinnati Reds,Major League Baseball,Pagan,Emilio,Emiliooooo,15,7,5,1991,206,The United States,74154,Simpsonville,4,191,205,2,1,13,1376,1720,10,2,89,185,46,226,87,86,93,187,49,235,91,89,87,187,48,229,90,77,5,0,0,9,7,11,10,7,22,442,372,450,400,425,414,3,2,3,33,113,31,15,3,50,35,42,41,0,0,15,12,5,200,0,0,0,0,0,0,0,0,0,1,550,.213,0,0,16,48,140,3,0,0,0,0,0,0,0,0,0,0,0,0,0,0,0,0,0,0,0,0,0,99,113,124,121,50,117,461,.9090,449,210,0,434,0,353,0,401,0,0,0,0,0,205,0,425,0,345,0,391,0,0,0,0,0,0,487,paganem01,paganem01,pagan-000emi,,0,15,eol
20718,0,19,Cincinnati Reds,Major League Baseball,Callihan,Tyler,,32,22,6,2000,206,The United States,54730,Neptune Beach,4,180,205,2,1,7,0,0,4,0,186,234,301,271,263,105,195,242,312,294,283,110,183,262,316,301,261,91,4,2,2,16,8,11,23,66,2,1,1,1,1,1,1,15,30,10,1,5,59,14,3,110,115,64,121,0,0,90,109,113,0,0,0,200,0,0,200,0,0,0,1,550,.158,9,0,8,28,157,4,0,0,0,0,0,0,0,0,0,0,0,0,0,0,0,0,0,0,0,0,0,72,81,87,96,85,96,1,.9302,1,3,0,0,0,0,0,0,0,0,0,0,0,1,0,0,0,0,0,0,0,0,0,0,0,0,277,callity01,callity01,callih000tyl,,0,14,eol
20640,0,19,Cincinnati Reds,Major League Baseball,Dunn,Blake,,59,5,9,1998,206,The United States,71813,Saugatuck,4,178,209,1,1,9,36,66,4,1,238,391,340,431,270,217,230,385,333,422,256,214,254,378,354,405,295,223,30,2,2,135,125,147,135,8,14,1,1,1,1,1,1,15,30,10,1,41,57,10,2,1,6,13,18,0,0,89,100,113,0,0,0,0,0,0,200,200,200,0,1,550,.186,18,2,10,58,163,30,0,0,0,0,0,0,0,0,0,0,0,0,0,0,0,0,0,0,0,0,0,193,105,172,81,112,94,1,.8163,1,3,0,0,0,0,0,0,0,0,0,0,0,1,0,0,0,0,0,0,0,0,0,0,0,0,274,dunnbl01,dunnbl01,dunn--000bla,,0,10,eol
20645,0,19,Cincinnati Reds,Major League Baseball,Diaz,Alexis,,40,28,9,1996,151,Puerto Rico,53856,Naguabo,1,188,225,1,1,13,389,541,6,1,95,189,50,236,93,91,91,186,47,232,88,88,92,187,48,233,90,89,5,2,2,9,6,11,10,7,84,332,230,374,257,457,257,12,2,2,33,90,37,13,3,51,42,45,43,0,0,4,13,1,200,0,0,0,0,0,0,0,0,0,1,550,.251,0,0,23,88,113,12,0,0,0,0,0,0,0,0,0,0,0,0,0,0,0,0,0,0,0,0,0,90,105,104,88,69,94,407,.9537,469,287,416,0,0,0,0,0,0,0,0,0,0,332,481,0,0,0,0,0,0,0,0,0,0,0,443,diazal03,diazal03,diaz--015ale,,0,13,eol
21146,0,19,Cincinnati Reds,Major League Baseball,Lodolo,Nick,,40,5,2,1998,206,The United States,42725,La Verne,4,198,216,2,2,11,487,581,7,2,87,182,44,222,83,85,94,188,50,237,92,91,92,187,48,233,90,89,5,0,0,31,9,11,52,8,55,439,420,359,471,384,414,12,2,1,149,100,49,13,3,50,35,42,41,0,0,1,14,16,200,0,0,0,0,0,0,0,0,0,1,550,.256,0,0,14,33,115,12,0,0,0,0,0,0,0,0,0,0,0,0,0,0,0,0,0,0,0,0,0,73,88,120,115,129,43,411,1.5000,433,200,338,0,417,0,382,0,0,0,0,0,0,209,351,0,432,0,399,0,0,0,0,0,0,0,397,lodolni01,lodolni01,lodolo000nic,,0,13,eol
// Milwaukee Brewers, ID = 23
18941,0,23,Milwaukee Brewers,Major League Baseball,Zimmermann,Bruce,,55,9,2,1995,206,The United States,6650,Baltimore,4,185,220,2,2,11,521,800,5,3,86,182,44,219,82,84,94,189,49,237,93,90,88,187,48,230,89,81,5,2,2,9,6,11,10,10,51,223,310,204,303,196,458,1,1,0,163,109,61,9,3,51,43,46,44,0,0,13,6,1,200,0,0,0,0,0,0,0,0,0,1,550,.310,0,0,25,68,57,1,0,0,0,0,0,0,0,0,0,0,0,0,0,0,0,0,0,0,0,0,0,3,123,20,163,26,76,217,.9886,286,207,176,176,176,0,207,0,0,0,0,0,0,273,220,220,220,0,273,0,0,0,0,0,0,0,365,zimmebr02,zimmebr02,zimmer002bru,,0,9,eol
19373,0,23,Milwaukee Brewers,Major League Baseball,Misiorowski,Jacob,,32,3,4,2002,206,The United States,29420,Grain Valley,4,201,190,1,1,11,0,0,2,0,94,187,48,233,91,90,92,187,48,233,89,89,92,187,48,233,90,89,5,1,1,22,9,11,35,8,11,417,290,424,300,404,322,7,2,0,121,109,41,18,3,50,35,42,41,0,0,17,14,13,200,0,0,0,0,0,0,0,0,0,1,550,.233,0,0,14,71,156,7,0,0,0,0,0,0,0,0,0,0,0,0,0,0,0,0,0,0,0,0,0,83,84,48,197,92,121,493,.9533,429,230,383,428,428,428,0,0,0,0,0,0,0,202,340,385,385,385,0,0,0,0,0,0,0,0,400,misioja01,misioja01,misior000jac,,0,18,eol
19444,0,23,Milwaukee Brewers,Major League Baseball,Mears,Nick,,25,7,10,1996,206,The United States,66430,Rocklin,4,188,216,1,1,12,846,1093,7,3,95,188,50,240,94,90,92,187,48,231,89,89,92,187,48,232,89,88,5,0,0,9,7,11,10,12,58,416,427,440,416,483,352,2,6,0,33,109,40,11,3,50,36,42,42,0,0,13,15,15,200,0,0,0,0,0,0,0,0,0,1,550,.259,0,0,14,40,112,2,0,0,0,0,0,0,0,0,0,0,0,0,0,0,0,0,0,0,0,0,0,69,101,39,85,71,134,406,1.1025,417,203,342,422,0,0,0,0,0,0,0,0,0,209,350,431,0,0,0,0,0,0,0,0,0,0,390,mearsni01,mearsni01,mears-000nic,,0,11,eol
19531,0,23,Milwaukee Brewers,Major League Baseball,Bauers,Jake,JB,9,6,10,1995,206,The United States,33047,Huntington Beach,4,185,194,2,2,9,791,918,8,1,387,408,350,464,321,435,326,385,413,502,256,380,313,481,398,487,312,316,6,0,2,120,130,177,117,10,10,435,298,434,295,359,259,12,1,1,34,29,53,10,3,63,43,65,89,0,0,105,111,128,0,0,200,0,0,0,132,0,200,0,1,550,.235,24,2,15,82,156,6,0,0,0,0,0,0,0,0,0,0,0,0,0,0,0,0,0,0,0,0,0,74,52,75,103,93,157,228,.9809,212,217,0,0,0,0,0,0,0,0,217,0,0,191,0,0,0,0,0,0,0,0,216,0,0,0,184,bauerja01,bauerja01,bauers000jak,,0,10,eol
19538,0,23,Milwaukee Brewers,Major League Baseball,Frelick,Sal,,10,19,4,2000,206,The United States,45185,Lexington,4,178,181,2,1,9,342,343,3,0,463,355,309,389,448,461,462,310,254,391,475,435,449,336,258,408,463,425,5,2,2,140,136,160,134,117,178,4,1,4,1,8,1,15,30,10,1,26,53,13,3,19,19,19,4,0,0,104,100,167,0,0,0,0,0,0,101,200,200,0,1,550,.293,22,4,6,48,69,5,0,0,0,0,0,0,0,0,0,0,0,0,0,0,0,0,0,0,0,0,0,102,99,128,91,43,112,1,.9302,1,3,0,0,0,0,0,0,0,0,0,0,0,1,0,0,0,0,0,0,0,0,0,0,0,0,272,frelisa01,frelisa01,frelic000sal,,0,13,eol
19546,0,23,Milwaukee Brewers,Major League Baseball,Hall,DL,,37,19,9,1998,206,The United States,87749,Warner Robins,4,188,209,2,2,12,402,402,4,0,89,184,46,224,85,86,94,187,49,235,91,90,92,187,48,233,90,89,5,0,0,9,7,11,10,15,104,468,310,462,308,461,335,5,1,0,46,109,46,10,4,51,39,44,42,0,0,12,5,19,200,0,0,0,0,0,0,0,0,0,1,550,.265,0,0,9,68,95,5,0,0,0,0,0,0,0,0,0,0,0,0,0,0,0,0,0,0,0,0,0,42,199,118,186,72,132,341,1.0828,403,174,295,359,328,0,0,0,0,0,0,0,0,199,336,415,379,0,0,0,0,0,0,0,0,0,383,halldl01,halldl01,hall--000dl-,,0,10,eol
19554,0,23,Milwaukee Brewers,Major League Baseball,Koenig,Jared,,47,24,1,1994,206,The United States,3617,Aptos,4,196,236,1,2,12,344,570,4,2,95,190,49,240,93,91,92,186,47,230,89,88,92,187,48,233,90,89,5,1,1,9,6,11,10,15,26,466,417,457,400,456,382,9,2,1,29,109,48,9,3,50,35,42,41,0,0,6,8,12,200,0,0,0,0,0,0,0,0,0,1,550,.249,0,0,9,44,120,9,0,0,0,0,0,0,0,0,0,0,0,0,0,0,0,0,0,0,0,0,0,74,107,105,120,112,114,420,1.1089,387,0,0,388,423,343,204,0,0,0,0,0,0,0,0,368,406,328,193,0,0,0,0,0,0,0,389,koenija01,koenija01,koenig000jar,,0,9,eol
19557,0,23,Milwaukee Brewers,Major League Baseball,Megill,Trevor,,29,5,12,1993,206,The United States,41750,Long Beach,4,203,236,2,1,13,641,697,7,1,89,183,45,229,84,87,94,189,49,234,91,90,92,187,48,233,90,89,5,0,0,10,10,11,10,13,103,500,409,481,421,454,387,1,6,0,33,84,42,14,4,50,38,43,42,0,0,16,10,13,200,0,0,0,0,0,0,0,0,0,1,550,.245,0,0,8,41,145,1,0,0,0,0,0,0,0,0,0,0,0,0,0,0,0,0,0,0,0,0,0,100,44,77,190,77,95,471,.9458,459,326,0,470,0,0,0,0,0,0,0,0,0,318,0,457,0,0,0,0,0,0,0,0,0,0,340,megiltr01,megiltr01,megill000tre,,0,14,eol
19562,0,23,Milwaukee Brewers,Major League Baseball,Mitchell,Garrett,,5,4,9,1998,206,The United States,57495,Orange,4,191,225,2,1,8,374,541,6,1,420,480,299,403,216,523,393,537,349,454,287,462,431,468,399,441,252,525,4,0,0,161,175,180,134,143,5,1,1,1,1,1,1,15,30,10,1,41,56,13,4,15,10,6,2,0,0,140,100,118,0,0,0,0,0,0,0,200,95,0,1,550,.260,35,12,10,64,160,4,0,0,0,0,0,0,0,0,0,0,0,0,0,0,0,0,0,0,0,0,0,119,87,169,108,81,93,1,.9756,1,3,0,0,0,0,0,0,0,0,0,0,0,1,0,0,0,0,0,0,0,0,0,0,0,0,277,mitchga01,mitchga01,mitche005gar,,0,13,eol
20119,0,23,Milwaukee Brewers,Major League Baseball,Myers,Tobias,,36,5,8,1998,206,The United States,86833,Winter Haven,5,183,194,1,1,11,70,216,5,2,94,188,49,236,92,89,92,186,47,231,90,88,92,187,48,233,90,89,5,0,0,9,7,11,10,15,103,443,406,436,445,428,428,5,2,4,124,109,41,10,3,50,37,43,42,0,0,5,19,13,200,0,0,0,0,0,0,0,0,0,1,550,.266,0,0,13,39,92,5,0,0,0,0,0,0,0,0,0,0,0,0,0,0,0,0,0,0,0,0,0,27,78,91,192,46,130,332,1.3655,353,171,229,352,288,288,0,0,0,0,0,0,0,184,255,384,313,313,0,0,0,0,0,0,0,0,399,myersto01,myersto01,myers-000tob,,0,10,eol
20456,0,23,Milwaukee Brewers,Major League Baseball,Contreras,William,,24,24,12,1997,210,Venezuela,61321,Puerto Cabello,5,183,181,1,1,2,860,1047,9,3,449,394,406,502,419,464,425,373,374,459,421,426,450,421,406,448,414,469,2,2,2,62,70,135,78,9,5,1,1,1,1,1,1,15,30,10,1,40,58,13,3,4,4,17,8,119,127,6,2,17,0,200,0,0,0,0,0,0,0,0,1,550,.282,30,0,13,74,97,2,0,0,0,0,0,0,0,0,0,0,0,0,0,0,0,0,0,0,0,0,0,132,73,107,81,61,164,1,.9302,1,3,0,0,0,0,0,0,0,0,0,0,0,1,0,0,0,0,0,0,0,0,0,0,0,0,277,contrwi02,contrwi02,contre003wil,,129,13,eol
20792,0,23,Milwaukee Brewers,Major League Baseball,Rodriguez,Carlos,,14,27,11,2001,206,The United States,50031,Miami,1,183,205,1,1,11,10,325,5,2,92,187,49,235,90,89,92,188,48,232,90,89,92,187,48,233,90,89,5,2,2,33,7,11,58,9,96,409,260,421,267,396,289,1,6,0,72,109,33,14,3,51,42,45,44,0,0,7,8,18,200,0,0,0,0,0,0,0,0,0,1,550,.277,0,0,18,82,85,1,0,0,0,0,0,0,0,0,0,0,0,0,0,0,0,0,0,0,0,0,0,111,75,87,102,72,118,301,1.0104,286,247,247,0,307,0,0,0,0,0,0,0,0,237,237,0,299,0,0,0,0,0,0,0,0,0,400,rodrica02,rodrica02,rodrig038car,,0,14,eol
20888,0,23,Milwaukee Brewers,Major League Baseball,Berroa,Steward,,35,5,6,1999,56,Dominican Republic,71432,Santo Domingo,1,175,179,3,1,8,2,51,2,1,180,267,246,428,232,139,191,280,267,437,250,147,188,276,268,432,248,143,3,0,0,122,117,126,124,58,136,4,1,4,1,8,1,15,30,10,1,8,53,12,3,18,15,18,20,0,0,86,119,129,0,0,0,0,0,0,133,200,200,0,1,550,.164,10,1,6,62,168,3,0,0,0,0,0,0,0,0,0,0,0,0,0,0,0,0,0,0,0,0,0,125,77,121,199,104,34,1,.9302,1,3,0,0,0,0,0,0,0,0,0,0,0,1,0,0,0,0,0,0,0,0,0,0,0,0,271,berrost01,berrost01,berroa000ste,,0,12,eol
20819,0,23,Milwaukee Brewers,Major League Baseball,Henderson,Logan,,43,2,3,2002,206,The United States,37454,Katy,4,183,209,1,1,11,0,0,1,0,93,186,49,234,90,90,92,187,48,232,90,89,92,187,48,233,90,89,5,1,0,10,10,11,10,15,38,351,358,349,357,317,324,1,1,0,137,109,53,10,3,51,40,44,43,0,0,12,12,16,200,0,0,0,0,0,0,0,0,0,1,550,.258,0,0,16,55,115,1,0,0,0,0,0,0,0,0,0,0,0,0,0,0,0,0,0,0,0,0,0,151,27,197,105,93,42,410,.9976,401,339,0,0,404,448,0,0,0,0,0,0,0,315,0,0,369,452,0,0,0,0,0,0,0,0,400,hendelo01,hendelo01,hender001log,,0,10,eol
20860,0,23,Milwaukee Brewers,Major League Baseball,McGee,Easton,,50,26,12,1997,206,The United States,32499,Hopkinsville,4,198,205,1,1,12,195,400,4,1,95,188,49,236,93,91,92,186,48,232,89,89,92,187,48,233,90,89,5,0,0,9,6,11,10,10,82,446,423,459,427,395,393,1,1,1,49,109,62,12,3,51,42,45,43,0,0,2,17,16,200,0,0,0,0,0,0,0,0,0,1,550,.255,0,0,7,40,100,1,0,0,0,0,0,0,0,0,0,0,0,0,0,0,0,0,0,0,0,0,0,113,13,124,118,91,118,363,.9794,304,287,287,287,287,287,287,0,0,0,0,0,0,239,239,239,239,239,239,0,0,0,0,0,0,0,400,mcgeeea01,mcgeeea01,mcgee-000eas,,0,12,eol
20708,0,23,Milwaukee Brewers,Major League Baseball,Rodriguez,Elvin,,35,31,3,1998,56,Dominican Republic,69886,San Cristóbal,1,191,161,1,1,12,195,522,6,3,94,188,50,234,93,90,92,186,47,232,89,89,92,187,48,233,90,89,5,0,0,9,6,11,10,7,16,262,390,258,390,252,357,7,1,1,47,109,37,20,3,51,41,45,43,0,0,15,15,9,200,0,0,0,0,0,0,0,0,0,1,550,.292,0,0,35,47,95,7,0,0,0,0,0,0,0,0,0,0,0,0,0,0,0,0,0,0,0,0,0,91,118,173,15,18,72,343,1.0080,350,224,0,318,0,0,0,0,0,0,0,0,0,242,0,304,0,0,0,0,0,0,0,0,0,0,400,rodriel02,rodriel02,rodrig004elv,,0,20,eol
20903,0,23,Milwaukee Brewers,Major League Baseball,Peguero,Elvis,,47,20,3,1997,56,Dominican Republic,15322,Cotuí,1,196,207,1,1,12,539,721,7,1,95,189,50,238,94,91,92,187,47,232,89,89,92,187,48,233,90,89,5,1,1,25,7,11,42,10,44,415,298,443,288,408,324,8,6,2,33,109,59,8,3,51,42,45,44,0,0,20,5,19,200,0,0,0,0,0,0,0,0,0,1,550,.263,0,0,9,72,99,8,0,0,0,0,0,0,0,0,0,0,0,0,0,0,0,0,0,0,0,0,0,95,89,76,91,76,99,358,.8568,364,0,301,0,0,0,429,0,0,0,0,0,0,0,304,0,0,0,434,0,0,0,0,0,0,0,380,pegueel01,pegueel01,peguer000elv,,0,8,eol
21026,0,23,Milwaukee Brewers,Major League Baseball,Hoskins,Rhys,Big Fella,12,17,3,1993,206,The United States,67700,Sacramento,4,193,225,1,1,3,1140,1461,9,3,333,322,442,490,340,329,344,383,430,439,302,391,349,503,446,502,366,335,7,3,2,87,31,146,118,7,6,1,1,1,1,1,1,15,30,10,1,2,59,14,3,55,41,50,56,0,0,13,10,15,0,0,200,0,0,0,0,0,0,0,1,550,.243,22,1,21,68,145,7,0,0,0,0,0,0,0,0,0,0,0,0,0,0,0,0,0,0,0,0,0,83,128,108,94,95,123,1,.9302,1,3,0,0,0,0,0,0,0,0,0,0,0,1,0,0,0,0,0,0,0,0,0,0,0,0,280,hoskirh01,hoskirh01,hoskin000rhy,,0,14,eol
19303,0,23,Milwaukee Brewers,Major League Baseball,Payamps,Joel,,31,7,4,1994,56,Dominican Republic,71389,Santiago,5,188,201,1,1,12,935,1250,10,3,96,191,51,237,96,91,92,186,47,232,88,89,92,187,48,233,90,89,5,1,1,10,7,11,11,10,73,375,427,404,426,418,413,8,1,0,31,114,45,13,3,51,40,44,43,0,0,16,20,6,200,0,0,0,0,0,0,0,0,0,1,550,.251,0,0,15,39,110,8,0,0,0,0,0,0,0,0,0,0,0,0,0,0,0,0,0,0,0,0,0,126,86,93,103,128,119,401,1.0178,391,275,194,0,406,0,328,0,0,0,0,0,0,270,191,0,402,0,324,0,0,0,0,0,0,0,423,payamjo01,payamjo01,payamp000joe,,0,13,eol
19420,0,23,Milwaukee Brewers,Major League Baseball,Monasterio,Andruw,,14,30,5,1997,210,Venezuela,17321,Caracas,1,183,185,1,1,6,254,505,6,1,419,403,358,395,399,434,413,426,327,363,360,448,420,371,269,407,393,440,6,1,1,88,140,152,135,31,6,1,1,1,1,1,1,15,30,10,1,7,58,16,4,105,98,133,79,0,0,14,7,20,0,0,88,185,200,0,0,0,0,0,1,550,.267,34,0,10,44,122,6,0,0,0,0,0,0,0,0,0,0,0,0,0,0,0,0,0,0,0,0,0,88,167,122,71,105,93,1,.9756,1,3,0,0,0,0,0,0,0,0,0,0,0,1,0,0,0,0,0,0,0,0,0,0,0,0,277,monasan01,monasan01,monast000and,,0,16,eol
19564,0,23,Milwaukee Brewers,Major League Baseball,Peralta,Freddy,Kaciki,51,4,6,1996,56,Dominican Republic,50912,Moca,5,180,174,1,1,11,1197,1197,10,0,94,187,49,235,92,89,92,187,48,232,90,89,93,132,51,206,105,74,5,0,0,9,8,11,10,6,54,437,317,391,378,415,351,8,5,1,146,110,42,16,3,50,35,42,41,0,0,15,5,7,200,0,0,0,0,0,0,0,0,0,1,550,.224,0,0,14,57,135,8,0,0,0,0,0,0,0,0,0,0,0,0,0,0,0,0,0,0,0,0,0,109,76,101,92,89,116,452,1.1389,465,320,377,422,422,0,0,0,0,0,0,0,0,314,367,450,414,0,0,0,0,0,0,0,0,0,456,peralfr01,peralfr01,peralt000fre,,0,16,eol
19635,0,23,Milwaukee Brewers,Major League Baseball,Alexander,Tyler,,33,14,7,1994,206,The United States,75459,Southlake,4,188,203,1,2,12,1003,1025,7,0,89,186,48,232,93,80,89,187,48,232,93,80,89,187,48,231,92,79,5,0,0,10,7,11,11,52,110,454,503,427,439,404,465,4,1,2,48,111,37,8,2,50,35,42,41,0,0,10,13,4,200,0,0,0,0,0,0,0,0,0,1,550,.276,0,0,15,33,92,4,0,0,0,0,0,0,0,0,0,0,0,0,0,0,0,0,0,0,0,0,0,76,82,56,105,110,121,328,1.4055,318,259,352,0,316,186,259,0,0,0,0,0,0,245,338,0,305,179,245,0,0,0,0,0,0,0,370,alexaty01,alexaty01,alexan000tyl,,0,8,eol
20581,0,23,Milwaukee Brewers,Major League Baseball,Priester,Quinn,,46,16,9,2000,206,The United States,17664,Cary,4,191,209,1,1,11,305,341,4,0,96,191,51,238,95,92,92,186,47,232,88,89,92,187,48,233,90,89,5,2,2,9,8,11,10,15,6,368,360,365,413,316,380,6,4,1,162,117,63,10,4,50,35,42,41,0,0,10,7,6,200,0,0,0,0,0,0,0,0,0,1,550,.265,0,0,12,45,92,6,0,0,0,0,0,0,0,0,0,0,0,0,0,0,0,0,0,0,0,0,0,125,110,83,83,86,92,328,1.4005,316,275,275,275,275,275,275,0,0,0,0,0,0,265,265,265,265,265,265,0,0,0,0,0,0,0,403,priesqu01,priesqu01,priest000cha,,0,10,eol
20790,0,23,Milwaukee Brewers,Major League Baseball,Gasser,Robert,,54,31,5,1999,206,The United States,23072,El Dorado Hills,4,185,192,2,2,11,10,10,5,0,87,182,44,228,83,86,94,189,49,235,93,90,92,187,48,233,90,89,5,0,0,28,7,11,47,15,112,406,393,395,385,403,410,12,1,0,130,109,44,11,3,51,43,46,44,0,0,9,20,17,200,0,0,0,0,0,0,0,0,0,1,550,.280,0,0,15,48,72,12,0,0,0,0,0,0,0,0,0,0,0,0,0,0,0,0,0,0,0,0,0,110,118,77,168,39,118,263,.9605,259,205,205,0,251,251,0,0,0,0,0,0,0,202,202,0,247,247,0,0,0,0,0,0,0,0,400,gassero01,gassero01,gasser000rob,,0,11,eol
19592,0,23,Milwaukee Brewers,Major League Baseball,Civale,Aaron,,32,12,6,1995,206,The United States,90535,Windsor,4,188,216,1,1,12,963,1073,10,1,95,188,50,236,94,91,92,187,47,232,88,89,89,187,48,254,90,82,5,0,0,19,7,11,30,9,89,373,355,394,416,416,423,8,1,2,138,116,39,11,4,50,35,42,41,0,0,14,4,2,200,0,0,0,0,0,0,0,0,0,1,550,.261,0,0,18,45,100,8,0,0,0,0,0,0,0,0,0,0,0,0,0,0,0,0,0,0,0,0,0,43,55,110,90,102,115,362,.6660,360,250,310,344,378,181,0,0,0,0,0,0,0,249,308,342,376,181,0,0,0,0,0,0,0,0,422,civalaa01,civalaa01,civale000aar,,0,11,eol
19830,0,23,Milwaukee Brewers,Major League Baseball,Capra,Vinny,,18,7,7,1996,206,The United States,49487,Melbourne,4,173,174,1,1,5,400,691,7,3,263,338,241,190,360,133,276,365,209,213,392,108,266,369,286,328,371,116,4,1,1,88,111,190,131,179,16,354,353,351,352,360,320,1,1,0,34,19,35,16,3,104,91,133,71,0,0,17,15,1,0,0,0,118,200,0,0,0,0,0,1,550,.170,18,0,4,17,116,4,0,0,0,0,0,0,0,0,0,0,0,0,0,0,0,0,0,0,0,0,0,107,45,127,109,88,92,223,.9919,242,182,0,182,0,0,0,0,0,0,0,0,0,198,0,198,0,0,0,0,0,0,0,0,0,0,391,capravi01,capravi01,capra-001vin,,0,16,eol
18783,0,23,Milwaukee Brewers,Major League Baseball,Thomas,Connor,,57,29,5,1998,206,The United States,57302,Omega,4,183,201,2,2,12,0,0,4,0,87,183,45,226,83,85,94,189,50,236,92,90,92,187,48,233,90,89,5,1,1,9,6,11,10,12,91,212,381,196,371,209,310,6,6,5,47,109,55,11,3,51,43,46,44,0,0,2,8,5,200,0,0,0,0,0,0,0,0,0,1,550,.314,0,0,29,51,85,6,0,0,0,0,0,0,0,0,0,0,0,0,0,0,0,0,0,0,0,0,0,126,110,107,78,154,113,304,.9765,266,263,213,0,263,213,213,0,0,0,0,0,0,237,154,0,237,195,195,0,0,0,0,0,0,0,300,thomaco02,thomaco02,thomas003con,,0,11,eol
20157,0,23,Milwaukee Brewers,Major League Baseball,Dunn,Oliver,,15,2,9,1997,206,The United States,32277,Holladay,4,178,185,2,1,5,17,151,3,1,327,395,242,322,280,368,336,402,262,337,300,376,349,378,284,340,291,404,5,2,2,127,116,189,103,166,115,4,1,4,1,8,1,15,30,10,1,7,53,13,3,104,91,133,71,0,0,12,15,12,0,0,0,0,200,0,0,0,0,0,1,550,.220,24,3,6,36,151,5,0,0,0,0,0,0,0,0,0,0,0,0,0,0,0,0,0,0,0,0,0,114,102,88,123,79,113,1,.9302,1,3,0,0,0,0,0,0,0,0,0,0,0,1,0,0,0,0,0,0,0,0,0,0,0,0,272,dunnol01,dunnol01,dunn--001oli,,0,13,eol
21060,0,23,Milwaukee Brewers,Major League Baseball,Durbin,Caleb,,21,22,2,2000,206,The United States,43207,Lake Forest,4,170,183,1,1,5,0,0,4,0,431,343,373,302,533,290,419,395,328,347,483,337,418,387,340,337,499,311,23,1,1,85,153,156,118,127,16,1,1,1,1,1,1,15,30,10,1,34,54,12,4,104,91,133,73,0,0,6,3,3,0,0,0,154,200,0,0,0,0,0,1,550,.267,30,0,10,37,49,23,0,0,0,0,0,0,0,0,0,0,0,0,0,0,0,0,0,0,0,0,0,73,117,92,72,93,88,1,.9756,1,3,0,0,0,0,0,0,0,0,0,0,0,1,0,0,0,0,0,0,0,0,0,0,0,0,269,durbica01,durbica01,durbin000cal,,0,12,eol
21061,0,23,Milwaukee Brewers,Major League Baseball,Haase,Eric,,13,18,12,1992,206,The United States,86001,Westland,4,178,209,1,1,2,1068,1266,10,1,457,247,459,335,189,575,403,315,406,277,174,515,372,379,419,343,341,405,8,2,2,17,7,11,58,120,9,1,1,1,1,1,1,15,30,10,1,5,56,11,4,4,8,16,7,74,99,14,17,10,0,200,0,0,0,0,0,0,0,0,1,550,.274,21,0,18,30,190,8,0,0,0,0,0,0,0,0,0,0,0,0,0,0,0,0,0,0,0,0,0,156,80,90,169,42,88,1,.9756,1,3,0,0,0,0,0,0,0,0,0,0,0,1,0,0,0,0,0,0,0,0,0,0,0,0,273,haaseer01,haaseer01,haase-000eri,,88,11,eol
19540,0,23,Milwaukee Brewers,Major League Baseball,Collins,Isaac,,6,22,7,1997,206,The United States,47925,Maple Grove,1,173,185,3,1,7,156,207,2,0,415,476,329,454,399,429,441,428,335,506,387,476,426,437,331,495,383,455,7,1,1,134,160,150,120,134,10,1,1,1,1,1,1,15,30,10,1,47,58,14,4,20,18,12,12,0,0,89,93,113,0,0,0,0,0,0,200,0,200,0,1,550,.281,33,6,10,84,114,7,0,0,0,0,0,0,0,0,0,0,0,0,0,0,0,0,0,0,0,0,0,121,60,93,121,41,114,1,.9756,1,3,0,0,0,0,0,0,0,0,0,0,0,1,0,0,0,0,0,0,0,0,0,0,0,0,274,colliis01,colliis01,collin000isa,,0,14,eol
19593,0,23,Milwaukee Brewers,Major League Baseball,Turang,Brice,,2,21,11,1999,206,The United States,15159,Corona,4,183,172,2,1,4,344,378,3,0,422,305,340,391,399,439,465,358,330,430,413,496,427,332,311,412,418,431,1,1,1,141,169,182,140,116,12,1,1,1,1,1,1,15,30,10,1,28,56,13,4,177,119,116,132,0,0,11,6,14,0,0,0,200,0,0,0,0,0,0,1,550,.295,26,3,10,57,103,1,0,0,0,0,0,0,0,0,0,0,0,0,0,0,0,0,0,0,0,0,0,144,117,92,192,88,102,1,.9756,1,3,0,0,0,0,0,0,0,0,0,0,0,1,0,0,0,0,0,0,0,0,0,0,0,0,275,turanbr02,turanbr02,turang002bri,,0,13,eol
19597,0,23,Milwaukee Brewers,Major League Baseball,Woodruff,Brandon,,53,10,2,1993,206,The United States,81649,Tupelo,4,193,216,2,1,11,1092,1146,11,2,89,183,45,223,85,86,94,188,49,236,92,90,187,255,154,259,120,257,5,0,0,9,7,11,10,10,17,452,464,450,457,468,442,7,2,0,150,101,34,12,4,50,35,42,41,0,0,10,14,19,200,0,0,0,0,0,0,0,0,0,1,550,.217,0,0,14,32,150,7,0,0,0,0,0,0,0,0,0,0,0,0,0,0,0,0,0,0,0,0,0,102,14,126,115,120,155,480,1.0605,458,341,451,451,406,0,0,0,0,0,0,0,0,317,419,456,373,0,0,0,0,0,0,0,0,0,456,woodrbr01,woodrbr01,woodru000bra,,0,12,eol
19605,0,23,Milwaukee Brewers,Major League Baseball,Yelich,Christian,Yeli,22,5,12,1991,206,The United States,79767,Thousand Oaks,4,191,194,2,1,7,2064,2388,16,3,445,351,413,452,372,493,425,302,430,420,367,463,468,409,481,455,411,502,4,0,1,107,122,163,118,22,17,1,1,1,1,1,1,15,30,10,1,14,57,11,3,10,8,6,4,0,0,90,169,97,0,0,0,0,0,0,200,0,0,0,1,550,.290,22,1,20,59,122,4,0,0,0,0,0,0,0,0,0,0,0,0,0,0,0,0,0,0,0,0,0,130,83,107,80,101,108,1,.9302,1,3,0,0,0,0,0,0,0,0,0,0,0,1,0,0,0,0,0,0,0,0,0,0,0,0,278,yelicch01,yelicch01,yelich001chr,,0,11,eol
19441,0,23,Milwaukee Brewers,Major League Baseball,Quintana,Jose,Lelo,62,24,1,1989,44,Colombia,4032,Arjona,5,185,220,1,2,12,2184,2238,16,0,95,191,50,239,95,91,92,186,47,231,89,88,137,259,223,238,155,109,5,0,0,10,10,11,10,9,119,335,392,398,346,417,407,7,3,1,149,112,50,11,3,60,90,69,59,0,0,4,6,9,200,0,0,0,0,0,0,0,0,0,1,550,.262,0,0,14,55,86,7,0,0,0,0,0,0,0,0,0,0,0,0,0,0,0,0,0,0,0,0,0,159,76,108,88,109,105,308,.6660,387,257,0,209,303,0,209,0,0,0,0,0,0,345,0,298,392,0,298,0,0,0,0,0,0,0,424,quintjo01,quintjo01,quinta001jos,,0,11,eol
18703,0,23,Milwaukee Brewers,Major League Baseball,Cortes,Nestor,,65,10,12,1994,49,Cuba,89943,Batabanó,5,180,209,1,2,11,1072,1072,8,1,94,187,49,238,93,90,92,187,47,232,89,88,91,187,48,232,92,84,5,0,0,12,9,11,14,9,32,376,405,364,383,424,426,5,1,1,147,118,36,14,3,51,39,44,42,0,0,3,18,16,200,0,0,0,0,0,0,0,0,0,1,550,.258,0,0,22,47,102,5,0,0,0,0,0,0,0,0,0,0,0,0,0,0,0,0,0,0,0,0,0,75,128,129,83,111,74,369,.7837,411,181,343,0,377,309,0,0,0,0,0,0,0,199,380,0,416,337,0,0,0,0,0,0,0,0,438,cortene01,cortene01,cortes000nes,,0,14,eol
19524,0,23,Milwaukee Brewers,Major League Baseball,Ashby,Aaron,,26,24,5,1998,206,The United States,36925,Kansas City,4,188,181,1,2,12,454,535,4,0,96,190,51,238,95,92,91,186,47,231,88,87,91,187,48,255,88,87,5,1,1,9,6,11,10,7,23,483,354,472,365,360,348,7,6,0,46,107,69,12,3,50,35,42,41,0,0,10,7,15,200,0,0,0,0,0,0,0,0,0,1,550,.242,0,0,5,54,135,7,0,0,0,0,0,0,0,0,0,0,0,0,0,0,0,0,0,0,0,0,0,128,124,46,72,105,97,450,.9380,448,445,410,311,363,0,217,0,0,0,0,0,0,443,409,310,362,0,216,0,0,0,0,0,0,0,364,ashbyaa01,ashbyaa01,ashby-001aar,,0,12,eol
19953,0,23,Milwaukee Brewers,Major League Baseball,Patrick,Chad,,39,14,8,1998,206,The United States,31197,Hebron,4,185,216,1,1,11,0,0,3,0,94,189,49,238,92,90,92,186,47,232,90,89,92,187,48,233,90,89,5,0,0,10,9,11,10,14,116,462,363,470,405,459,391,5,1,0,128,109,38,14,3,50,35,42,41,0,0,15,4,17,200,0,0,0,0,0,0,0,0,0,1,550,.258,0,0,11,47,120,5,0,0,0,0,0,0,0,0,0,0,0,0,0,0,0,0,0,0,0,0,0,76,126,109,117,90,147,420,1.0193,424,286,380,0,416,199,337,0,0,0,0,0,0,289,382,0,418,201,338,0,0,0,0,0,0,0,362,patrich01,patrich01,patric002cha,,0,14,eol
19985,0,23,Milwaukee Brewers,Major League Baseball,Uribe,Abner,,45,20,6,2000,56,Dominican Republic,71432,Santo Domingo,1,191,216,1,1,12,344,344,5,0,95,189,51,238,95,91,92,187,48,231,88,89,92,187,48,233,90,89,5,0,0,21,9,11,33,11,33,457,336,478,358,494,284,11,6,2,34,109,63,15,3,50,35,42,41,0,0,10,17,16,200,0,0,0,0,0,0,0,0,0,1,550,.229,0,0,6,58,145,11,0,0,0,0,0,0,0,0,0,0,0,0,0,0,0,0,0,0,0,0,0,20,132,60,190,162,150,471,.9432,477,0,377,0,460,0,320,0,0,0,0,0,0,0,381,0,465,0,323,0,0,0,0,0,0,0,400,uribeab01,uribeab01,uribe-000abn,,0,15,eol
20685,0,23,Milwaukee Brewers,Major League Baseball,Cameron,Daz,,20,15,1,1997,206,The United States,46373,McDonough,1,183,185,1,1,9,541,668,5,2,321,321,367,334,346,300,304,336,357,311,337,262,319,403,346,350,328,313,2,0,0,132,116,189,114,55,176,4,1,4,1,8,1,15,30,10,1,24,53,13,3,13,12,19,6,0,0,90,103,113,0,0,0,0,0,0,200,200,200,0,1,550,.214,16,3,12,33,134,2,0,0,0,0,0,0,0,0,0,0,0,0,0,0,0,0,0,0,0,0,0,72,149,120,71,103,93,1,.9302,1,3,0,0,0,0,0,0,0,0,0,0,0,1,0,0,0,0,0,0,0,0,0,0,0,0,273,camerda01,camerda01,camero000daz,,0,13,eol
20863,0,23,Milwaukee Brewers,Major League Baseball,Seigler,Anthony,,18,20,6,1999,206,The United States,17637,Cartersville,4,178,192,2,1,5,0,0,4,0,319,234,224,417,363,267,329,243,241,430,378,275,318,303,315,403,363,261,6,2,2,130,87,174,130,123,157,257,31,286,33,137,19,15,30,10,34,2,35,17,3,104,91,133,71,0,0,17,7,5,0,0,0,0,200,0,0,0,0,0,1,550,.212,12,1,5,59,120,6,0,0,0,0,0,0,0,0,0,0,0,0,0,0,0,0,0,0,0,0,0,97,118,125,95,162,147,3,.8772,2,4,1,0,0,0,0,0,0,0,0,0,0,3,1,0,0,0,0,0,0,0,0,0,0,0,342,seiglan01,seiglan01,seigle000ant,,0,17,eol
20000,0,23,Milwaukee Brewers,Major League Baseball,Anderson,Grant,,56,21,6,1997,206,The United States,7959,Beaumont,1,183,181,1,1,12,337,648,4,3,93,188,49,235,91,89,92,187,48,232,89,89,92,187,48,233,90,89,5,0,0,20,8,11,32,11,26,334,354,382,389,337,361,4,1,1,36,109,45,13,2,50,35,42,41,0,0,2,11,17,200,0,0,0,0,0,0,0,0,0,1,550,.260,0,0,18,51,120,4,0,0,0,0,0,0,0,0,0,0,0,0,0,0,0,0,0,0,0,0,0,118,25,18,88,108,108,421,.9182,410,401,210,0,401,0,353,0,0,0,0,0,0,373,196,0,373,0,332,0,0,0,0,0,0,0,389,andergr01,andergr01,anders001gra,,0,13,eol
20832,0,23,Milwaukee Brewers,Major League Baseball,Yoho,Craig,,48,23,10,1999,206,The United States,25672,Fishers,4,191,236,1,1,12,0,0,2,0,94,188,49,234,91,90,92,187,48,233,90,89,92,187,48,233,90,89,5,2,2,15,7,11,21,14,34,369,203,364,202,312,212,12,1,1,36,109,50,13,3,51,43,46,44,0,0,9,14,13,200,0,0,0,0,0,0,0,0,0,1,550,.293,0,0,16,102,94,12,0,0,0,0,0,0,0,0,0,0,0,0,0,0,0,0,0,0,0,0,0,22,178,127,164,103,141,339,.9780,284,233,0,233,233,294,0,0,0,0,0,0,0,198,0,198,198,240,0,0,0,0,0,0,0,0,300,yohocr01,yohocr01,yoho--000cra,,0,13,eol
20838,0,23,Milwaukee Brewers,Major League Baseball,Zastryzny,Rob,,58,26,3,1992,36,Canada,22795,Edmonton,4,191,205,1,2,12,928,946,7,0,95,189,49,239,94,90,91,186,47,232,88,88,95,177,48,228,94,92,5,0,0,9,7,11,10,10,2,423,403,411,396,473,305,8,6,0,17,109,44,10,3,51,41,45,43,0,0,5,18,2,200,0,0,0,0,0,0,0,0,0,1,550,.261,0,0,14,45,105,8,0,0,0,0,0,0,0,0,0,0,0,0,0,0,0,0,0,0,0,0,0,103,183,93,121,101,121,382,.9760,370,192,364,0,403,271,0,0,0,0,0,0,0,188,356,0,394,263,0,0,0,0,0,0,0,0,400,zastrro01,zastrro01,zastry000rob,,0,10,eol
20862,0,23,Milwaukee Brewers,Major League Baseball,Chourio,Jackson,,11,11,3,2004,210,Venezuela,47987,Maracaibo,5,180,165,1,1,8,157,247,4,1,451,462,356,326,420,467,427,457,417,302,418,431,431,449,411,317,418,436,2,0,0,140,174,166,132,60,144,1,1,1,1,1,1,15,30,10,1,49,59,15,3,7,13,1,6,0,0,100,93,113,0,0,0,0,0,0,200,200,200,0,1,550,.286,34,5,16,31,99,2,0,0,0,0,0,0,0,0,0,0,0,0,0,0,0,0,0,0,0,0,0,16,120,98,77,105,88,1,.9302,1,3,0,0,0,0,0,0,0,0,0,0,0,1,0,0,0,0,0,0,0,0,0,0,0,0,277,chourja01,chourja01,chouri000jac,,0,15,eol
20874,0,23,Milwaukee Brewers,Major League Baseball,Ortiz,Joey,,3,14,7,1998,206,The United States,27779,Garden Grove,4,180,174,1,1,5,344,482,6,1,378,424,332,361,438,307,395,365,273,373,453,318,389,409,308,398,438,328,4,2,0,125,137,157,105,162,16,1,1,1,1,1,1,15,30,10,1,14,58,15,3,120,82,146,76,0,0,14,13,4,0,0,0,0,200,0,0,0,0,0,1,550,.245,24,4,7,43,80,4,0,0,0,0,0,0,0,0,0,0,0,0,0,0,0,0,0,0,0,0,0,41,71,124,94,127,130,1,.9302,1,3,0,0,0,0,0,0,0,0,0,0,0,1,0,0,0,0,0,0,0,0,0,0,0,0,276,ortizjo06,ortizjo06,ortiz-002joe,,0,15,eol
20798,0,23,Milwaukee Brewers,Major League Baseball,Black,Tyler,,7,26,7,2000,36,Canada,80680,Toronto,4,178,205,2,1,3,6,259,4,1,324,380,307,463,345,306,330,384,314,472,355,309,322,364,319,438,346,303,6,2,2,98,70,133,95,55,16,4,1,4,1,8,1,15,30,10,1,1,53,13,3,79,58,65,59,0,0,90,112,113,0,0,200,0,0,0,200,0,0,0,1,550,.220,22,2,8,74,129,6,0,0,0,0,0,0,0,0,0,0,0,0,0,0,0,0,0,0,0,0,0,95,40,120,114,103,78,1,.9302,1,3,0,0,0,0,0,0,0,0,0,0,0,1,0,0,0,0,0,0,0,0,0,0,0,0,272,blackty01,blackty01,black-001tyl,,0,13,eol
20816,0,23,Milwaukee Brewers,Major League Baseball,Perkins,Blake,,16,10,9,1996,206,The United States,45785,Litchfield Park,1,180,181,3,1,8,237,398,4,1,399,316,316,373,401,400,404,374,273,430,335,450,394,352,307,440,354,424,3,0,0,158,173,178,128,6,12,1,1,1,1,1,1,15,30,10,1,43,59,12,3,3,15,8,1,0,0,140,100,118,0,0,0,0,0,0,0,200,0,0,1,550,.256,20,6,7,56,129,3,0,0,0,0,0,0,0,0,0,0,0,0,0,0,0,0,0,0,0,0,0,16,102,53,23,42,73,1,.9302,1,3,0,0,0,0,0,0,0,0,0,0,0,1,0,0,0,0,0,0,0,0,0,0,0,0,277,perkibl01,perkibl01,perkin000bla,,0,12,eol
20916,0,23,Milwaukee Brewers,Major League Baseball,Hudson,Bryan,,52,8,5,1997,206,The United States,28845,Godfrey,4,203,220,2,2,12,212,212,3,0,86,182,43,224,82,84,94,188,50,236,93,90,92,187,48,233,90,89,5,0,0,9,8,11,10,8,37,410,311,391,316,404,333,12,2,5,42,109,46,11,3,51,42,45,43,0,0,9,1,14,200,0,0,0,0,0,0,0,0,0,1,550,.247,0,0,14,66,132,12,0,0,0,0,0,0,0,0,0,0,0,0,0,0,0,0,0,0,0,0,0,36,126,190,166,105,134,445,1.0839,430,326,386,0,0,471,0,0,0,0,0,0,0,314,367,0,0,450,0,0,0,0,0,0,0,0,400,hudsobr01,hudsobr01,hudson001bry,,0,11,eol
// Pittsburgh Pirates, ID = 26
20129,0,26,Pittsburgh Pirates,Major League Baseball,Bae,Ji-hwan,,3,26,7,1999,177,South Korea,77908,Daegu,2,185,170,2,1,7,360,360,5,0,243,238,200,395,308,187,251,309,263,446,306,204,393,376,156,402,368,413,2,2,2,202,250,206,176,14,2,1,1,1,1,1,1,15,30,10,1,28,57,11,3,2,18,16,9,0,0,142,113,118,0,0,0,0,0,0,63,200,65,0,1,550,.184,12,3,5,61,147,2,0,0,0,0,0,0,0,0,0,0,0,0,0,0,0,0,0,0,0,0,0,74,112,129,76,52,89,1,.9302,1,3,0,0,0,0,0,0,0,0,0,0,0,1,0,0,0,0,0,0,0,0,0,0,0,0,276,baeji01,baeji01,bae---000ji-,,0,11,eol
20591,0,26,Pittsburgh Pirates,Major League Baseball,Gorski,Matt,,62,22,12,1997,206,The United States,25672,Fishers,4,188,220,1,1,3,0,0,2,0,291,361,408,307,312,266,286,358,405,306,309,262,183,324,378,276,242,136,3,2,2,54,32,60,63,60,19,4,1,4,1,8,1,15,30,10,1,5,53,12,4,59,43,52,56,0,0,142,116,118,0,0,200,0,0,0,0,200,0,0,1,550,.212,19,0,16,31,145,3,0,0,0,0,0,0,0,0,0,0,0,0,0,0,0,0,0,0,0,0,0,116,80,109,162,117,132,1,.9756,1,3,0,0,0,0,0,0,0,0,0,0,0,1,0,0,0,0,0,0,0,0,0,0,0,0,275,gorskma01,gorskma01,gorski000mat,,0,12,eol
20338,0,26,Pittsburgh Pirates,Major League Baseball,Moreta,Dauri,,36,15,4,1996,56,Dominican Republic,14674,Comendador,1,188,185,1,1,12,389,645,5,2,95,190,51,242,94,91,92,187,47,230,88,89,92,187,48,233,90,89,5,0,0,17,6,11,27,7,102,460,328,497,381,455,352,1,1,0,32,109,27,14,4,51,42,45,43,0,0,13,12,7,200,0,0,0,0,0,0,0,0,0,1,550,.244,0,0,14,55,137,1,0,0,0,0,0,0,0,0,0,0,0,0,0,0,0,0,0,0,0,0,0,42,110,182,122,122,117,454,.9484,461,474,389,0,0,0,0,0,0,0,0,0,0,484,398,0,0,0,0,0,0,0,0,0,0,0,400,moretda01,moretda01,moreta000dau,,0,14,eol
20892,0,26,Pittsburgh Pirates,Major League Baseball,Frazier,Adam,Fraz,26,14,12,1991,206,The United States,4648,Athens,4,178,185,2,1,4,1537,1691,12,1,411,335,223,310,431,390,417,329,296,332,436,398,489,413,235,364,493,466,9,1,1,75,115,127,100,111,5,1,1,1,1,1,1,15,30,10,1,10,54,12,3,96,126,53,117,0,0,104,104,128,0,0,0,200,0,0,168,0,200,0,1,550,.260,24,0,7,35,89,9,0,0,0,0,0,0,0,0,0,0,0,0,0,0,0,0,0,0,0,0,0,125,10,122,48,104,5,1,.9302,1,3,0,0,0,0,0,0,0,0,0,0,0,1,0,0,0,0,0,0,0,0,0,0,0,0,271,fraziad01,fraziad01,frazie001ada,,0,12,eol
20972,0,26,Pittsburgh Pirates,Major League Baseball,Borucki,Ryan,,35,31,3,1994,206,The United States,52535,Mundelein,4,193,209,2,2,12,1130,1387,8,1,89,186,46,230,86,87,93,188,49,234,91,89,92,187,48,233,90,89,5,0,0,9,7,11,10,14,107,392,325,341,329,374,401,5,6,4,31,93,59,9,2,51,39,44,42,0,0,20,8,14,200,0,0,0,0,0,0,0,0,0,1,550,.253,0,0,14,62,111,5,0,0,0,0,0,0,0,0,0,0,0,0,0,0,0,0,0,0,0,0,0,78,55,101,130,109,111,404,.9960,319,0,221,0,416,0,370,0,0,0,0,0,0,0,172,0,326,0,292,0,0,0,0,0,0,0,411,borucry01,borucry01,boruck000rya,,0,9,eol
20487,0,26,Pittsburgh Pirates,Major League Baseball,Hayes,Ke'Bryan,,3,28,1,1997,206,The United States,80498,Tomball,1,185,209,1,1,5,860,902,6,1,419,282,251,372,424,413,396,258,192,315,431,351,429,435,328,348,421,430,4,0,0,138,120,164,136,46,15,1,1,1,1,1,1,15,30,10,1,48,59,12,3,182,211,197,134,0,0,6,9,18,0,0,0,0,200,0,0,0,0,0,1,550,.248,15,3,4,35,92,4,0,0,0,0,0,0,0,0,0,0,0,0,0,0,0,0,0,0,0,0,0,88,22,95,81,121,104,1,.9302,1,3,0,0,0,0,0,0,0,0,0,0,0,1,0,0,0,0,0,0,0,0,0,0,0,0,278,hayeske01,hayeske01,hayes-000keb,,0,12,eol
20666,0,26,Pittsburgh Pirates,Major League Baseball,Flores Jr.,Rafael,,43,7,11,2000,206,The United States,2845,Anaheim,5,193,231,1,1,3,0,0,1,0,208,512,294,373,222,205,202,510,281,363,214,203,178,434,305,343,227,142,4,2,2,18,10,11,26,64,12,1,1,1,1,1,1,15,30,10,1,8,56,12,4,56,52,55,58,105,108,10,1,7,0,200,200,0,0,0,0,0,0,0,1,550,.173,28,1,7,43,178,4,0,0,0,0,0,0,0,0,0,0,0,0,0,0,0,0,0,0,0,0,0,48,116,23,120,129,83,1,.9756,1,3,0,0,0,0,0,0,0,0,0,0,0,1,0,0,0,0,0,0,0,0,0,0,0,0,277,florera03,florera03,flores002raf,,109,12,eol
20723,0,26,Pittsburgh Pirates,Major League Baseball,Shugart,Chase,,55,24,10,1996,206,The United States,11657,Bridge City,4,178,201,2,1,12,88,149,2,0,89,184,45,224,84,87,94,189,49,236,92,90,92,187,48,233,90,89,5,0,0,32,9,11,55,6,54,423,368,439,376,436,358,3,6,0,41,109,35,13,3,50,38,43,42,0,0,16,14,12,200,0,0,0,0,0,0,0,0,0,1,550,.274,0,0,16,51,85,3,0,0,0,0,0,0,0,0,0,0,0,0,0,0,0,0,0,0,0,0,0,93,103,94,122,78,106,303,1.0008,316,247,202,0,247,202,202,0,0,0,0,0,0,262,162,0,262,212,212,0,0,0,0,0,0,0,400,shugach01,shugach01,shugar000cha,,0,13,eol
20870,0,26,Pittsburgh Pirates,Major League Baseball,Nicolas,Kyle,,66,22,2,1999,206,The United States,48759,Massillon,4,193,223,1,1,12,250,250,4,0,95,190,50,236,94,91,91,186,47,231,88,88,92,187,48,233,90,89,5,0,0,28,9,11,46,14,105,484,275,485,301,477,275,9,6,1,37,109,43,11,4,51,39,44,42,0,0,15,9,20,200,0,0,0,0,0,0,0,0,0,1,550,.253,0,0,8,73,106,9,0,0,0,0,0,0,0,0,0,0,0,0,0,0,0,0,0,0,0,0,0,124,120,55,107,184,184,386,.9448,406,196,331,410,0,0,0,0,0,0,0,0,0,203,342,422,0,0,0,0,0,0,0,0,0,0,400,nicolky01,nicolky01,nicola000kyl,,0,11,eol
21000,0,26,Pittsburgh Pirates,Major League Baseball,Wentz,Joey,,33,6,10,1997,206,The United States,44160,Lawrence,4,196,220,2,2,12,474,596,7,1,88,184,45,221,84,86,94,188,49,237,92,90,92,187,48,233,90,89,5,3,2,9,8,11,10,11,96,444,321,433,350,392,350,3,6,1,44,90,44,10,3,50,35,42,41,0,0,4,18,1,200,0,0,0,0,0,0,0,0,0,1,550,.273,0,0,12,59,105,3,0,0,0,0,0,0,0,0,0,0,0,0,0,0,0,0,0,0,0,0,0,124,125,132,118,165,157,383,.8076,377,194,0,406,368,275,0,0,0,0,0,0,0,192,0,403,364,271,0,0,0,0,0,0,0,0,337,wentzjo01,wentzjo01,wentz-000joe,,0,10,eol
19567,0,26,Pittsburgh Pirates,Major League Baseball,Reynolds,Bryan,,10,27,1,1995,206,The United States,11565,Brentwood,4,191,205,3,1,9,1032,1265,9,2,401,407,378,390,354,432,420,447,379,406,368,455,441,412,418,415,414,456,6,2,2,97,47,140,84,8,4,1,1,1,1,1,1,15,30,10,1,35,57,13,4,3,1,17,1,0,0,104,169,172,0,0,0,0,0,0,200,0,200,0,1,550,.272,31,4,13,51,124,6,0,0,0,0,0,0,0,0,0,0,0,0,0,0,0,0,0,0,0,0,0,144,78,124,83,17,88,1,.9756,1,3,0,0,0,0,0,0,0,0,0,0,0,1,0,0,0,0,0,0,0,0,0,0,0,0,278,reynobr01,reynobr01,reynol000bry,,0,13,eol
19573,0,26,Pittsburgh Pirates,Major League Baseball,Santana,Dennis,Anfernee,60,12,4,1996,56,Dominican Republic,70516,San Pedro de Macorís,1,188,190,1,1,12,1204,1440,9,1,94,187,48,236,91,90,92,187,47,232,89,89,107,268,48,228,92,120,5,0,0,10,6,11,13,6,85,493,408,499,436,506,360,7,1,1,36,111,42,11,3,50,35,42,41,0,0,14,9,4,200,0,0,0,0,0,0,0,0,0,1,550,.233,0,0,8,40,107,7,0,0,0,0,0,0,0,0,0,0,0,0,0,0,0,0,0,0,0,0,0,111,125,128,3,25,79,391,.8435,409,191,325,0,402,364,0,0,0,0,0,0,0,197,332,0,411,374,0,0,0,0,0,0,0,0,448,santade01,santade01,santan000den,,0,11,eol
20019,0,26,Pittsburgh Pirates,Major League Baseball,Stratton,Hunter,,63,17,11,1996,206,The United States,11773,Bristol,4,193,225,1,1,12,210,529,6,2,94,188,48,235,92,90,92,187,47,232,89,89,92,187,48,233,90,89,5,0,0,25,10,11,41,9,39,421,433,444,434,434,449,12,4,1,37,109,43,11,3,51,41,45,43,0,0,15,3,16,200,0,0,0,0,0,0,0,0,0,1,550,.266,0,0,12,38,92,12,0,0,0,0,0,0,0,0,0,0,0,0,0,0,0,0,0,0,0,0,0,85,69,84,95,122,127,331,.9751,344,268,310,0,0,164,0,0,0,0,0,0,0,286,322,0,0,170,0,0,0,0,0,0,0,0,400,strathu01,strathu01,stratt001hun,,0,11,eol
18570,0,26,Pittsburgh Pirates,Major League Baseball,Solak,Nick,,46,11,1,1995,206,The United States,86562,Woodridge,4,178,190,1,1,3,693,1030,8,3,211,273,332,314,301,133,196,227,273,246,295,89,415,323,326,374,422,409,4,0,0,70,23,126,66,102,4,1,1,1,1,1,1,15,30,10,1,22,58,13,3,78,56,64,61,0,0,90,112,113,0,0,200,167,0,0,200,0,0,0,1,550,.156,9,0,7,25,150,4,0,0,0,0,0,0,0,0,0,0,0,0,0,0,0,0,0,0,0,0,0,122,60,130,80,90,137,1,.9302,1,3,0,0,0,0,0,0,0,0,0,0,0,1,0,0,0,0,0,0,0,0,0,0,0,0,276,solakni01,solakni01,solak-000nic,,0,13,eol
18956,0,26,Pittsburgh Pirates,Major League Baseball,Rainey,Tanner,,27,25,12,1992,206,The United States,74612,Slidell,4,188,247,1,1,12,1065,1065,9,1,95,190,50,239,94,92,92,187,48,231,89,88,92,187,48,232,89,88,5,0,0,16,6,11,24,7,105,493,193,479,254,443,238,12,6,4,33,111,29,13,4,51,42,45,44,0,0,19,17,13,200,0,0,0,0,0,0,0,0,0,1,550,.253,0,0,12,94,106,12,0,0,0,0,0,0,0,0,0,0,0,0,0,0,0,0,0,0,0,0,0,104,110,187,82,106,96,385,1.0831,473,275,328,0,406,0,0,0,0,0,0,0,0,322,380,0,464,0,0,0,0,0,0,0,0,0,415,raineta01,raineta01,rainey000tan,,0,13,eol
19430,0,26,Pittsburgh Pirates,Major League Baseball,Oviedo,Johan,,24,2,3,1998,49,Cuba,31031,Havana,1,196,209,1,1,11,561,659,5,2,96,190,50,243,95,92,91,186,47,230,88,88,105,154,49,260,98,111,5,1,1,11,10,11,13,12,103,404,248,430,305,475,297,11,4,4,120,114,34,8,3,51,38,43,42,0,0,5,16,7,200,0,0,0,0,0,0,0,0,0,1,550,.278,0,0,17,75,111,11,0,0,0,0,0,0,0,0,0,0,0,0,0,0,0,0,0,0,0,0,0,79,75,73,174,89,141,404,.8366,366,206,347,394,427,0,0,0,0,0,0,0,0,195,330,372,409,0,0,0,0,0,0,0,0,0,330,oviedjo01,oviedjo01,oviedo000joh,,0,8,eol
19935,0,26,Pittsburgh Pirates,Major League Baseball,Peguero,Liover,,31,31,12,2000,56,Dominican Republic,31762,Higüey,1,185,161,1,1,3,384,384,4,0,287,309,443,391,309,264,293,254,404,339,349,213,359,233,405,321,316,404,8,0,0,145,144,192,123,9,4,1,1,1,1,1,1,15,30,10,1,49,55,13,2,64,47,70,66,0,0,4,15,1,0,0,200,200,0,200,0,0,0,0,1,550,.212,12,2,17,40,134,8,0,0,0,0,0,0,0,0,0,0,0,0,0,0,0,0,0,0,0,0,0,71,109,49,102,147,14,1,.8163,1,3,0,0,0,0,0,0,0,0,0,0,0,1,0,0,0,0,0,0,0,0,0,0,0,0,275,pegueli01,pegueli01,peguer001lio,,0,13,eol
19983,0,26,Pittsburgh Pirates,Major League Baseball,Triolo,Jared,,19,8,2,1998,206,The United States,4992,Austin,4,191,212,1,1,5,300,300,4,0,407,423,317,427,428,384,347,364,322,436,370,328,399,346,319,438,366,423,4,2,2,121,118,171,104,119,9,320,278,318,277,127,19,15,30,10,34,21,35,19,3,104,91,133,78,0,0,1,15,9,0,0,132,200,200,0,0,0,0,0,1,550,.237,23,3,9,61,113,4,0,0,0,0,0,0,0,0,0,0,0,0,0,0,0,0,0,0,0,0,0,58,120,98,129,114,110,229,1.0017,3,189,0,163,0,0,0,0,0,0,0,0,0,3,0,2,0,0,0,0,0,0,0,0,0,0,391,triolja01,triolja01,triolo000jar,,0,19,eol
19996,0,26,Pittsburgh Pirates,Major League Baseball,Davis,Henry,,32,21,9,1999,206,The United States,8067,Bedford,4,188,209,1,1,2,276,562,3,2,231,403,319,415,307,165,221,337,346,353,319,120,268,371,346,403,320,211,8,0,0,59,47,133,104,165,2,4,1,4,1,8,1,15,30,10,1,8,53,12,4,19,1,6,18,75,99,14,1,9,0,200,0,0,0,0,0,0,0,0,1,550,.176,17,0,10,44,143,8,0,0,0,0,0,0,0,0,0,0,0,0,0,0,0,0,0,0,0,0,0,18,105,14,186,71,126,1,.9756,1,3,0,0,0,0,0,0,0,0,0,0,0,1,0,0,0,0,0,0,0,0,0,0,0,0,275,davishe01,davishe01,davis-004hen,,173,12,eol
20003,0,26,Pittsburgh Pirates,Major League Baseball,Yorke,Nick,,38,2,4,2002,206,The United States,16915,Campbell,4,183,194,1,1,4,26,121,3,1,356,317,348,330,397,320,351,314,340,327,389,317,334,304,367,350,374,296,2,2,2,123,87,174,116,7,10,4,1,4,1,8,1,15,30,10,1,42,53,10,4,103,95,59,109,0,0,105,112,129,0,0,104,200,0,0,0,0,200,0,1,550,.233,17,2,10,35,113,2,0,0,0,0,0,0,0,0,0,0,0,0,0,0,0,0,0,0,0,0,0,98,110,108,74,181,89,1,.9756,1,3,0,0,0,0,0,0,0,0,0,0,0,1,0,0,0,0,0,0,0,0,0,0,0,0,273,yorkeni01,yorkeni01,yorke-000nic,,0,10,eol
20007,0,26,Pittsburgh Pirates,Major League Baseball,Ashcraft,Braxton,,67,5,10,1999,206,The United States,87332,Waco,4,196,220,2,1,12,0,0,1,0,89,184,45,237,85,86,94,189,49,232,92,90,92,187,48,233,90,89,5,2,2,10,10,11,10,10,85,510,378,512,393,510,384,4,2,0,47,109,58,9,3,50,35,42,41,0,0,16,8,2,200,0,0,0,0,0,0,0,0,0,1,550,.243,0,0,5,48,115,4,0,0,0,0,0,0,0,0,0,0,0,0,0,0,0,0,0,0,0,0,0,85,117,121,101,112,71,412,.9520,417,204,343,423,388,0,0,0,0,0,0,0,0,205,346,426,392,0,0,0,0,0,0,0,0,0,400,ashcrbr01,ashcrbr01,ashcra000bra,,0,9,eol
20024,0,26,Pittsburgh Pirates,Major League Baseball,Cook,Billy,,25,7,1,1999,206,The United States,69520,Salt Lake City,4,180,205,1,1,9,4,45,5,1,332,339,407,302,345,323,322,332,397,295,332,316,315,348,404,304,333,299,3,2,2,38,9,31,57,57,8,1,1,1,1,1,1,15,30,10,1,13,58,11,3,60,60,60,60,0,0,142,117,118,0,0,200,0,0,0,66,200,61,0,1,550,.227,19,0,15,29,136,3,0,0,0,0,0,0,0,0,0,0,0,0,0,0,0,0,0,0,0,0,0,127,126,126,84,87,112,1,.9302,1,3,0,0,0,0,0,0,0,0,0,0,0,1,0,0,0,0,0,0,0,0,0,0,0,0,276,cookbi01,cookbi01,cook--000bil,,0,11,eol
20094,0,26,Pittsburgh Pirates,Major League Baseball,Holderman,Colin,,35,8,10,1995,206,The United States,11062,Bourbonnais,4,193,240,1,1,12,404,673,7,2,94,189,50,234,92,91,92,187,48,232,90,88,92,187,48,233,90,89,5,0,0,31,8,11,54,10,107,377,270,387,293,426,323,12,6,0,33,109,49,10,3,51,40,44,43,0,0,9,7,6,200,0,0,0,0,0,0,0,0,0,1,550,.277,0,0,15,75,98,12,0,0,0,0,0,0,0,0,0,0,0,0,0,0,0,0,0,0,0,0,0,138,128,181,108,114,79,355,.9426,403,291,172,0,0,355,0,0,0,0,0,0,0,343,204,0,0,423,0,0,0,0,0,0,0,0,351,holdeco01,holdeco01,holder000col,,0,10,eol
20267,0,26,Pittsburgh Pirates,Major League Baseball,Burrows,Mike,,53,8,11,1999,206,The United States,85417,Waterford,4,185,190,1,1,11,105,105,2,0,94,187,49,234,91,90,92,187,48,232,89,89,92,187,48,233,90,89,5,0,0,11,7,11,13,11,107,396,376,378,401,380,374,7,3,0,122,109,46,11,4,50,35,42,41,0,0,16,13,11,200,0,0,0,0,0,0,0,0,0,1,550,.258,0,0,15,47,113,7,0,0,0,0,0,0,0,0,0,0,0,0,0,0,0,0,0,0,0,0,0,35,182,39,120,138,142,408,1.0610,401,205,0,425,391,345,0,0,0,0,0,0,0,201,0,419,384,339,0,0,0,0,0,0,0,0,400,burromi01,burromi01,burrow002mic,,0,11,eol
20401,0,26,Pittsburgh Pirates,Major League Baseball,Harrington,Thomas,,78,12,7,2001,206,The United States,70800,Sanford,4,188,185,1,1,12,0,0,3,0,95,190,50,236,95,90,91,186,47,232,88,88,92,187,48,233,90,89,5,1,1,9,7,11,10,13,87,303,284,306,286,293,267,1,6,0,48,109,44,13,3,51,43,46,44,0,0,3,5,9,200,0,0,0,0,0,0,0,0,0,1,550,.310,0,0,24,75,81,1,0,0,0,0,0,0,0,0,0,0,0,0,0,0,0,0,0,0,0,0,0,122,100,75,90,108,72,290,.9809,262,199,199,242,199,242,0,0,0,0,0,0,0,149,187,225,187,225,0,0,0,0,0,0,0,0,300,harrito03,harrito03,harrin000tho,,0,13,eol
20886,0,26,Pittsburgh Pirates,Major League Baseball,Sanders,Cam,,64,9,12,1996,206,The United States,79627,Thibodaux,4,188,190,1,1,12,0,0,4,0,94,188,50,239,93,90,92,187,48,231,89,88,92,187,48,233,90,89,5,1,1,10,9,11,10,8,117,254,283,270,289,243,265,1,1,1,37,109,56,11,3,51,43,46,44,0,0,4,9,8,200,0,0,0,0,0,0,0,0,0,1,550,.311,0,0,22,74,78,1,0,0,0,0,0,0,0,0,0,0,0,0,0,0,0,0,0,0,0,0,0,160,9,132,93,90,7,281,.9861,252,209,209,0,0,209,0,258,0,0,0,0,0,191,191,0,0,191,0,231,0,0,0,0,0,0,300,sandeca01,sandeca01,sander001cam,,0,11,eol
20929,0,26,Pittsburgh Pirates,Major League Baseball,McCutchen,Andrew,Cutch,22,10,10,1986,206,The United States,25190,Fort Meade,1,178,190,1,1,9,2742,2742,20,0,389,370,393,453,349,421,376,349,387,463,396,361,469,428,457,476,408,504,3,3,2,31,29,22,73,9,11,1,1,1,1,1,1,15,30,10,1,31,56,11,3,1,2,15,9,0,0,101,124,126,0,0,0,0,0,0,73,0,200,0,1,550,.251,24,0,14,71,116,3,0,0,0,0,0,0,0,0,0,0,0,0,0,0,0,0,0,0,0,0,0,94,83,112,107,100,89,1,.9302,1,3,0,0,0,0,0,0,0,0,0,0,0,1,0,0,0,0,0,0,0,0,0,0,0,0,273,mccutan01,mccutan01,mccutc001and,,0,11,eol
19103,0,26,Pittsburgh Pirates,Major League Baseball,Heaney,Andrew,Heandog,33,5,6,1991,206,The United States,57035,Oklahoma City,4,188,201,2,2,12,1845,1845,12,1,89,183,45,228,85,86,94,188,49,235,91,90,104,152,50,234,93,114,5,0,0,29,6,11,50,8,35,335,405,369,422,387,413,10,2,0,135,120,42,11,3,50,35,42,41,0,0,6,5,3,200,0,0,0,0,0,0,0,0,0,1,550,.276,0,0,19,41,91,10,0,0,0,0,0,0,0,0,0,0,0,0,0,0,0,0,0,0,0,0,0,193,11,168,87,112,52,325,1.5000,421,228,228,322,322,0,0,0,0,0,0,0,0,321,321,424,378,0,0,0,0,0,0,0,0,0,396,heanean01,heanean01,heaney001and,,0,11,eol
19403,0,26,Pittsburgh Pirates,Major League Baseball,Kiner-Falefa,Isiah,Izzy,7,23,3,1995,206,The United States,32457,Honolulu,2,180,190,1,1,6,1198,1198,8,1,424,303,188,188,455,391,455,354,201,245,453,443,438,318,234,332,463,409,6,1,1,133,139,163,121,156,99,388,269,387,269,413,303,15,30,10,31,22,35,18,3,135,124,161,83,0,0,20,17,5,0,0,0,200,200,200,0,0,0,0,1,550,.279,24,4,3,20,77,6,0,0,0,0,0,0,0,0,0,0,0,0,0,0,0,0,0,0,0,0,0,97,165,28,90,108,84,232,1.0028,225,205,0,0,175,0,0,0,0,0,0,0,0,203,0,0,165,0,0,0,0,0,0,0,0,0,391,kineris01,kineris01,kiner-000isa,,0,18,eol
19932,0,26,Pittsburgh Pirates,Major League Baseball,Canario,Alexander,,29,7,5,2000,56,Dominican Republic,51421,Monte Cristi,1,180,212,1,1,7,276,480,5,1,355,351,397,322,304,406,377,301,352,383,238,459,389,348,379,355,248,471,1,3,2,122,90,146,112,17,13,1,1,1,1,1,1,15,30,10,1,43,57,10,3,8,8,20,17,0,0,100,93,113,0,0,0,0,0,0,200,200,200,0,1,550,.244,17,3,12,43,165,1,0,0,0,0,0,0,0,0,0,0,0,0,0,0,0,0,0,0,0,0,0,76,124,95,109,112,77,1,.9302,1,3,0,0,0,0,0,0,0,0,0,0,0,1,0,0,0,0,0,0,0,0,0,0,0,0,274,canaral01,canaral01,canari000ale,,0,10,eol
18498,0,26,Pittsburgh Pirates,Major League Baseball,Pham,Tommy,Phamtastic,28,8,3,1988,206,The United States,43942,Las Vegas,1,185,216,1,1,7,1864,2057,12,3,383,361,339,465,406,363,415,355,331,410,406,422,445,363,416,495,401,475,2,0,0,108,83,132,111,6,9,1,1,1,1,1,1,15,30,10,1,14,58,10,4,18,10,8,6,0,0,84,121,154,0,0,0,0,0,0,200,200,200,0,1,550,.261,24,3,10,58,106,2,0,0,0,0,0,0,0,0,0,0,0,0,0,0,0,0,0,0,0,0,0,69,71,90,103,189,122,1,.9756,1,3,0,0,0,0,0,0,0,0,0,0,0,1,0,0,0,0,0,0,0,0,0,0,0,0,278,phamth01,phamth01,pham--001tho,,0,10,eol
20537,0,26,Pittsburgh Pirates,Major League Baseball,Rodriguez,Endy,,5,26,5,2000,56,Dominican Republic,71389,Santiago,1,183,201,3,1,2,22,363,2,3,296,480,246,381,350,221,310,494,267,393,370,230,350,430,242,400,388,316,2,2,2,113,145,92,109,6,2,4,1,4,1,8,1,15,30,10,1,44,53,13,3,67,43,55,56,79,100,18,12,16,0,200,200,0,0,0,0,0,0,0,1,550,.201,28,3,6,47,124,2,0,0,0,0,0,0,0,0,0,0,0,0,0,0,0,0,0,0,0,0,0,125,24,63,130,80,96,1,.9302,1,3,0,0,0,0,0,0,0,0,0,0,0,1,0,0,0,0,0,0,0,0,0,0,0,0,273,rodrien01,rodrien01,rodrig001end,,106,13,eol
20821,0,26,Pittsburgh Pirates,Major League Baseball,Skenes,Paul,,30,29,5,2002,206,The United States,24572,Fullerton,4,198,260,1,1,11,160,202,5,0,95,190,51,238,95,91,92,186,47,231,89,88,92,187,48,233,90,89,5,3,2,9,6,11,10,9,34,476,415,478,477,470,446,5,2,0,161,127,53,17,3,50,35,42,41,0,0,3,7,17,200,0,0,0,0,0,0,0,0,0,1,550,.226,0,0,7,35,141,5,0,0,0,0,0,0,0,0,0,0,0,0,0,0,0,0,0,0,0,0,0,94,99,83,118,87,119,463,.7704,472,217,362,444,410,0,310,0,0,0,0,0,0,220,368,450,414,0,314,0,0,0,0,0,0,0,417,skenepa01,skenepa01,skenes000pau,,0,17,eol
19559,0,26,Pittsburgh Pirates,Major League Baseball,Falter,Bailey,,6,24,4,1997,206,The United States,13363,Chino Hills,4,193,205,1,2,11,641,762,5,2,95,189,49,235,94,91,92,186,47,233,89,88,87,187,48,229,86,83,5,2,2,32,6,11,57,8,23,427,417,378,354,378,415,1,4,1,136,93,42,8,3,50,35,42,41,0,0,11,20,1,200,0,0,0,0,0,0,0,0,0,1,550,.270,0,0,16,51,75,1,0,0,0,0,0,0,0,0,0,0,0,0,0,0,0,0,0,0,0,0,0,91,103,86,86,112,117,272,1.0975,291,168,223,278,316,0,0,0,0,0,0,0,0,174,236,298,330,0,0,0,0,0,0,0,0,0,423,falteba01,falteba01,falter000bai,,0,8,eol
19781,0,26,Pittsburgh Pirates,Major League Baseball,Gonzales,Nick,,39,27,5,1999,206,The United States,83796,Vail,5,178,190,1,1,4,287,424,3,1,432,418,313,329,433,424,443,374,244,268,440,436,430,408,285,294,426,429,3,1,1,116,61,106,108,29,8,1,1,1,1,1,1,15,30,10,1,14,55,12,4,104,95,59,109,0,0,9,14,8,0,0,0,200,0,0,0,0,0,0,1,550,.277,26,7,6,29,87,3,0,0,0,0,0,0,0,0,0,0,0,0,0,0,0,0,0,0,0,0,0,86,68,106,88,102,115,1,.9756,1,3,0,0,0,0,0,0,0,0,0,0,0,1,0,0,0,0,0,0,0,0,0,0,0,0,273,gonzani01,gonzani01,gonzal004nic,,0,12,eol
19799,0,26,Pittsburgh Pirates,Major League Baseball,Horwitz,Spencer,,2,14,11,1997,206,The United States,41218,Timonium,4,183,190,2,1,3,302,565,5,3,411,457,400,462,415,408,437,405,381,440,438,429,430,421,393,446,427,427,4,0,0,17,8,11,59,8,12,1,1,1,1,1,1,15,30,10,1,49,57,11,3,67,43,54,61,0,0,3,19,6,0,0,200,200,0,0,0,0,0,0,1,550,.280,35,0,14,66,90,4,0,0,0,0,0,0,0,0,0,0,0,0,0,0,0,0,0,0,0,0,0,101,117,100,173,74,73,1,.9302,1,3,0,0,0,0,0,0,0,0,0,0,0,1,0,0,0,0,0,0,0,0,0,0,0,0,275,horwisp01,horwisp01,horwit000spe,,0,11,eol
19749,0,26,Pittsburgh Pirates,Major League Baseball,Chandler,Bubba,,57,14,9,2002,206,The United States,10294,Bogart,4,191,218,3,1,11,0,0,4,0,95,190,50,236,94,91,92,186,48,232,89,89,92,187,48,233,90,89,5,2,0,32,7,11,56,11,18,396,419,401,420,386,407,12,5,0,98,109,52,12,3,51,40,44,42,0,0,20,13,2,200,0,0,0,0,0,0,0,0,0,1,550,.261,0,0,13,40,101,12,0,0,0,0,0,0,0,0,0,0,0,0,0,0,0,0,0,0,0,0,0,27,192,111,194,122,116,365,1.0047,347,196,280,410,332,0,0,0,0,0,0,0,0,191,269,401,323,0,0,0,0,0,0,0,0,0,400,chandbu01,chandbu01,chandl002roy,,0,12,eol
20035,0,26,Pittsburgh Pirates,Major League Baseball,Devanney,Cam,,34,13,4,1997,206,The United States,2688,Amherst,4,185,194,1,1,5,0,0,2,0,295,353,313,337,239,331,285,344,303,345,226,326,164,310,276,311,167,171,3,0,0,34,31,11,48,60,3,1,1,1,1,1,1,15,30,10,1,48,55,14,3,104,91,133,71,0,0,20,19,20,0,0,0,0,200,0,0,0,0,0,1,550,.202,19,0,8,38,173,3,0,0,0,0,0,0,0,0,0,0,0,0,0,0,0,0,0,0,0,0,0,92,16,99,123,87,108,1,.9302,1,3,0,0,0,0,0,0,0,0,0,0,0,1,0,0,0,0,0,0,0,0,0,0,0,0,275,devanca01,devanca01,devann000cam,,0,14,eol
20206,0,26,Pittsburgh Pirates,Major League Baseball,Suwinski,Jack,,65,29,7,1998,206,The United States,13181,Chicago,4,188,205,2,2,8,415,749,6,3,169,411,323,466,226,91,212,466,366,461,301,136,298,426,443,481,275,314,7,2,2,91,143,175,132,56,8,1,1,1,1,1,1,15,30,10,1,14,54,9,3,4,6,4,2,0,0,140,100,76,0,0,0,0,0,0,200,200,144,0,1,550,.169,22,0,11,71,156,7,0,0,0,0,0,0,0,0,0,0,0,0,0,0,0,0,0,0,0,0,0,97,178,23,193,114,11,1,1.0750,1,3,0,0,0,0,0,0,0,0,0,0,0,1,0,0,0,0,0,0,0,0,0,0,0,0,270,suwinja01,suwinja01,suwins000jac,,0,9,eol
20540,0,26,Pittsburgh Pirates,Major League Baseball,Ferguson,Caleb,,43,2,7,1996,206,The United States,86304,West Jefferson,4,191,227,1,2,12,1032,1285,8,3,96,191,51,237,96,93,91,186,47,231,88,88,107,246,48,227,93,119,5,1,1,24,7,11,40,9,44,507,358,489,388,427,354,12,4,0,32,114,54,12,3,50,35,42,41,0,0,14,17,16,200,0,0,0,0,0,0,0,0,0,1,550,.257,0,0,6,49,105,12,0,0,0,0,0,0,0,0,0,0,0,0,0,0,0,0,0,0,0,0,0,198,101,144,121,131,102,382,1.1820,434,174,0,329,0,297,360,0,0,0,0,0,0,209,0,400,0,352,433,0,0,0,0,0,0,0,373,ferguca01,ferguca01,fergus000cal,,0,12,eol
21020,0,26,Pittsburgh Pirates,Major League Baseball,Sullivan,Brett,,59,22,2,1994,206,The United States,76303,Stockton,4,178,194,2,1,2,176,176,4,0,172,196,335,341,239,84,181,202,349,347,257,88,321,313,338,337,377,250,11,2,2,27,9,11,45,48,4,1,1,1,1,1,1,15,30,10,1,16,55,12,3,14,10,12,18,97,106,16,20,14,0,200,0,0,0,0,0,0,0,0,1,550,.151,7,0,11,39,165,11,0,0,0,0,0,0,0,0,0,0,0,0,0,0,0,0,0,0,0,0,0,100,110,79,85,82,94,1,.9302,1,3,0,0,0,0,0,0,0,0,0,0,0,1,0,0,0,0,0,0,0,0,0,0,0,0,273,sullibr01,sullibr01,sulliv003bre,,108,12,eol
19715,0,26,Pittsburgh Pirates,Major League Baseball,Bednar,David,,51,10,10,1994,206,The United States,59354,Pittsburgh,4,183,225,2,1,13,1020,1231,8,1,90,185,46,226,87,87,94,187,48,235,92,89,92,187,48,232,89,88,5,0,0,17,6,11,27,9,34,455,368,469,402,498,404,4,6,0,33,100,42,15,3,50,36,42,41,0,0,2,7,11,200,0,0,0,0,0,0,0,0,0,1,550,.233,0,0,10,48,145,4,0,0,0,0,0,0,0,0,0,0,0,0,0,0,0,0,0,0,0,0,0,115,74,100,79,120,78,471,1.1964,487,322,0,380,0,0,0,464,0,0,0,0,0,335,0,399,0,0,0,485,0,0,0,0,0,0,404,bednada01,bednada01,bednar002dav,,0,15,eol
19812,0,26,Pittsburgh Pirates,Major League Baseball,Keller,Mitch,,23,4,4,1996,206,The United States,18112,Cedar Rapids,4,191,220,1,1,11,1020,1225,9,2,94,188,49,236,92,90,92,187,48,232,90,88,90,152,50,244,104,71,5,0,0,10,9,11,10,11,2,356,403,427,437,419,398,9,3,1,153,98,48,12,3,50,35,42,41,0,0,8,19,3,200,0,0,0,0,0,0,0,0,0,1,550,.279,0,0,13,40,96,9,0,0,0,0,0,0,0,0,0,0,0,0,0,0,0,0,0,0,0,0,0,110,82,71,110,79,70,348,.8170,382,170,228,322,322,0,322,0,0,0,0,0,0,207,300,348,395,0,348,0,0,0,0,0,0,0,338,kellemi03,kellemi03,keller000mit,,0,12,eol
19829,0,26,Pittsburgh Pirates,Major League Baseball,Lawrence,Justin,,61,25,11,1994,145,Panama,62478,Panama,4,191,212,1,1,12,559,804,6,1,96,191,52,239,96,93,91,186,47,231,88,88,92,187,48,233,90,89,5,0,0,29,7,11,50,9,61,352,275,419,313,457,306,12,6,1,35,110,60,11,2,51,42,45,43,0,0,19,8,11,200,0,0,0,0,0,0,0,0,0,1,550,.265,0,0,11,69,111,12,0,0,0,0,0,0,0,0,0,0,0,0,0,0,0,0,0,0,0,0,0,33,114,12,173,152,129,404,1.0841,425,0,425,0,0,0,297,0,0,0,0,0,0,0,445,0,0,0,311,0,0,0,0,0,0,0,350,lawreju01,lawreju01,lawren000jus,,0,11,eol
19854,0,26,Pittsburgh Pirates,Major League Baseball,Mattson,Isaac,,72,14,7,1995,206,The United States,23889,Erie,4,188,205,1,1,12,282,500,5,1,95,189,49,236,93,91,92,186,47,232,89,89,92,187,48,233,90,89,5,0,0,15,7,11,21,14,86,519,342,524,344,536,288,7,1,0,37,109,29,11,3,50,38,43,42,0,0,14,8,18,200,0,0,0,0,0,0,0,0,0,1,550,.250,0,0,9,59,113,7,0,0,0,0,0,0,0,0,0,0,0,0,0,0,0,0,0,0,0,0,0,64,103,181,170,80,59,407,1.0011,407,200,337,416,381,0,0,0,0,0,0,0,0,200,337,416,381,0,0,0,0,0,0,0,0,0,400,mattsis01,mattsis01,mattso000isa,,0,11,eol
19865,0,26,Pittsburgh Pirates,Major League Baseball,Mlodzinski,Carmen,,50,19,2,1999,206,The United States,31914,Hilton Head Island,4,188,220,1,1,12,287,492,4,1,95,190,49,239,93,91,92,186,47,231,89,88,92,187,48,233,90,89,5,0,0,13,8,11,18,6,65,460,429,462,406,461,381,6,6,1,41,109,53,11,3,50,35,42,41,0,0,9,13,8,200,0,0,0,0,0,0,0,0,0,1,550,.263,0,0,8,41,100,6,0,0,0,0,0,0,0,0,0,0,0,0,0,0,0,0,0,0,0,0,0,117,71,193,87,15,107,364,1.0703,381,178,243,0,369,336,0,0,0,0,0,0,0,189,265,0,396,358,0,0,0,0,0,0,0,0,370,mlodzca01,mlodzca01,mlodzi000car,,0,11,eol
19913,0,26,Pittsburgh Pirates,Major League Baseball,Ramirez,Yohan,,49,6,5,1995,56,Dominican Republic,71432,Santo Domingo,1,193,212,1,1,12,748,748,8,0,96,190,51,240,97,92,91,186,46,231,88,88,92,187,48,233,90,89,5,0,0,10,8,11,12,15,6,427,346,427,360,410,297,12,6,1,40,116,49,13,4,51,39,44,42,0,0,4,9,2,200,0,0,0,0,0,0,0,0,0,1,550,.260,0,0,11,56,131,12,0,0,0,0,0,0,0,0,0,0,0,0,0,0,0,0,0,0,0,0,0,121,108,71,96,117,109,444,.9423,427,348,301,395,0,428,207,0,0,0,0,0,0,331,279,373,0,410,196,0,0,0,0,0,0,0,322,ramiryo01,ramiryo01,ramire000yoh,,0,13,eol
20555,0,26,Pittsburgh Pirates,Major League Baseball,Cheng,Tsung-Che,Z,71,26,7,2001,43,Chinese Taipei,59137,Pingtung,2,173,181,2,1,4,0,0,3,0,177,280,300,279,226,139,184,290,307,285,239,143,168,288,315,300,238,59,4,0,0,44,27,11,70,65,15,1,1,1,1,1,1,15,30,10,1,47,54,13,3,110,114,64,120,0,0,15,11,19,0,0,0,200,0,0,0,0,0,0,1,550,.164,12,0,8,27,171,4,0,0,0,0,0,0,0,0,0,0,0,0,0,0,0,0,0,0,0,0,0,33,101,41,129,96,146,1,.9302,1,3,0,0,0,0,0,0,0,0,0,0,0,1,0,0,0,0,0,0,0,0,0,0,0,0,270,chengts01,chengts01,cheng-000tsu,,0,13,eol
20594,0,26,Pittsburgh Pirates,Major League Baseball,Valdez,Enmanuel,,48,28,12,1998,56,Dominican Republic,70230,San Juan de la Maguana,1,173,192,2,1,3,209,508,3,2,336,509,341,415,413,234,344,511,352,419,421,240,363,463,388,383,404,325,0,2,2,103,21,115,88,88,14,1,1,1,1,1,1,15,30,10,1,41,59,12,3,108,109,63,118,0,0,5,12,6,0,0,185,200,0,0,0,0,0,0,1,550,.222,29,8,11,56,98,0,0,0,0,0,0,0,0,0,0,0,0,0,0,0,0,0,0,0,0,0,0,79,150,26,86,75,20,1,.9302,1,3,0,0,0,0,0,0,0,0,0,0,0,1,0,0,0,0,0,0,0,0,0,0,0,0,275,valdeen01,valdeen01,valdez000enm,,0,12,eol
19691,0,26,Pittsburgh Pirates,Major League Baseball,Barco,Hunter,,45,15,12,2000,206,The United States,34776,Jacksonville,4,193,236,2,2,12,0,0,3,0,87,183,44,220,83,85,94,189,49,237,93,90,92,187,48,233,90,89,5,3,2,15,6,11,22,7,33,365,346,333,336,316,311,6,6,5,46,109,50,11,2,51,44,46,44,0,0,6,20,14,200,0,0,0,0,0,0,0,0,0,1,550,.283,0,0,18,60,78,6,0,0,0,0,0,0,0,0,0,0,0,0,0,0,0,0,0,0,0,0,0,111,165,97,79,103,101,282,.9818,274,206,206,0,0,252,0,206,0,0,0,0,0,202,202,0,0,247,0,202,0,0,0,0,0,0,388,barcohu01,barcohu01,barco-000hun,,0,11,eol
19702,0,26,Pittsburgh Pirates,Major League Baseball,Bart,Joey,,14,15,12,1996,206,The United States,12319,Buford,4,191,236,1,1,2,800,1020,6,2,406,310,392,460,326,459,430,331,328,450,327,496,402,339,371,408,300,469,10,0,0,51,22,21,65,9,14,1,1,1,1,1,1,15,30,10,1,24,58,12,4,17,1,12,11,86,98,3,11,11,0,200,0,0,0,0,0,0,0,0,1,550,.276,23,1,11,68,139,10,0,0,0,0,0,0,0,0,0,0,0,0,0,0,0,0,0,0,0,0,0,114,149,73,109,75,55,1,.9756,1,3,0,0,0,0,0,0,0,0,0,0,0,1,0,0,0,0,0,0,0,0,0,0,0,0,279,bartjo01,bartjo01,bart--000joe,,87,12,eol
19761,0,26,Pittsburgh Pirates,Major League Baseball,Cruz,Oneil,,15,4,10,1998,56,Dominican Republic,55747,Nizao,1,201,209,2,1,8,678,925,6,2,337,430,390,395,221,415,346,485,420,446,294,399,411,468,420,389,298,483,3,3,2,161,183,202,152,7,10,4,1,4,1,8,1,15,30,10,1,23,53,12,4,107,92,109,129,0,0,140,100,118,0,0,0,0,0,200,0,200,0,0,1,550,.238,27,6,17,61,158,3,0,0,0,0,0,0,0,0,0,0,0,0,0,0,0,0,0,0,0,0,0,74,89,109,109,107,83,1,.9756,1,3,0,0,0,0,0,0,0,0,0,0,0,1,0,0,0,0,0,0,0,0,0,0,0,0,278,cruzon01,cruzon01,cruz--000one,,0,12,eol
20869,0,26,Pittsburgh Pirates,Major League Baseball,Mayza,Tim,,18,15,1,1992,206,The United States,63610,Pennsburg,4,191,216,2,2,12,1070,1187,9,2,87,182,45,228,83,86,94,188,49,235,92,90,92,187,48,233,90,89,5,0,0,15,9,11,21,7,106,421,421,374,417,400,391,9,5,1,32,103,56,12,3,51,42,45,43,0,0,18,13,18,200,0,0,0,0,0,0,0,0,0,1,550,.288,0,0,12,41,81,9,0,0,0,0,0,0,0,0,0,0,0,0,0,0,0,0,0,0,0,0,0,21,145,129,169,89,66,289,1.0633,416,0,296,0,0,0,186,0,0,0,0,0,0,0,430,0,0,0,302,0,0,0,0,0,0,0,336,mayzati01,mayzati01,mayza-000tim,,0,12,eol
// St. Louis Cardinals, ID = 29
19942,0,29,St. Louis Cardinals,Major League Baseball,Vilade,Ryan,,13,18,2,1999,206,The United States,76267,Stillwater,4,188,227,1,1,9,180,351,5,2,274,267,336,371,346,179,273,265,336,369,346,178,279,278,344,364,357,172,3,2,2,36,7,11,63,118,9,4,1,4,1,8,1,15,30,10,1,40,53,13,4,14,19,20,16,0,0,90,113,113,0,0,0,0,0,0,200,200,178,0,1,550,.192,12,0,10,43,131,3,0,0,0,0,0,0,0,0,0,0,0,0,0,0,0,0,0,0,0,0,0,5,112,36,147,20,131,1,.9756,1,3,0,0,0,0,0,0,0,0,0,0,0,1,0,0,0,0,0,0,0,0,0,0,0,0,275,viladry01,viladry01,vilade000rya,,0,13,eol
20485,0,29,St. Louis Cardinals,Major League Baseball,Fernandez,Ryan,,64,11,6,1998,206,The United States,78373,Tampa,4,183,201,1,1,12,80,113,4,1,94,188,49,234,91,90,92,187,47,233,90,89,92,187,48,233,90,89,5,0,0,24,10,11,38,15,113,374,319,401,338,421,303,4,1,0,35,109,50,12,3,51,40,44,42,0,0,11,13,7,200,0,0,0,0,0,0,0,0,0,1,550,.251,0,0,14,62,123,4,0,0,0,0,0,0,0,0,0,0,0,0,0,0,0,0,0,0,0,0,0,104,111,79,91,36,107,427,.9413,432,350,209,0,0,431,0,0,0,0,0,0,0,355,212,0,0,437,0,0,0,0,0,0,0,0,400,fernary01,fernary01,fernan000rya,,0,12,eol
20797,0,29,St. Louis Cardinals,Major League Baseball,Graceffo,Gordon,,44,17,3,2000,206,The United States,15549,Cranford,4,193,220,1,1,12,65,394,5,3,94,187,49,235,92,90,92,187,48,233,90,89,92,187,48,233,90,89,5,1,2,9,7,11,10,8,111,513,430,509,415,497,423,6,6,1,49,109,52,11,3,51,38,43,42,0,0,20,1,10,200,0,0,0,0,0,0,0,0,0,1,550,.254,0,0,5,40,96,6,0,0,0,0,0,0,0,0,0,0,0,0,0,0,0,0,0,0,0,0,0,97,121,199,102,84,132,348,.9199,354,183,253,312,382,0,0,0,0,0,0,0,0,186,260,317,391,0,0,0,0,0,0,0,0,0,400,gracego01,gracego01,gracef000gor,,0,11,eol
20808,0,29,St. Louis Cardinals,Major League Baseball,Arenado,Nolan,Nado,28,16,4,1991,206,The United States,55285,Newport Beach,4,188,216,1,1,5,2020,2107,16,1,410,342,389,288,503,280,404,336,369,342,474,310,448,446,451,392,457,430,3,3,2,70,21,148,100,6,13,1,1,1,1,1,1,15,30,10,1,27,59,12,4,113,169,140,91,0,0,6,8,2,0,0,0,0,200,0,0,0,0,0,1,550,.259,23,1,13,36,60,3,0,0,0,0,0,0,0,0,0,0,0,0,0,0,0,0,0,0,0,0,0,75,96,127,129,103,118,1,.9756,1,3,0,0,0,0,0,0,0,0,0,0,0,1,0,0,0,0,0,0,0,0,0,0,0,0,279,arenano01,arenano01,arenad001nol,,0,12,eol
20538,0,29,St. Louis Cardinals,Major League Baseball,Gray,Sonny,Pickles,54,7,11,1989,206,The United States,74714,Smyrna,4,178,192,1,1,11,2052,2052,16,0,96,192,52,245,97,92,91,185,47,229,87,88,119,170,51,225,125,113,5,1,1,15,6,11,22,9,22,381,449,356,484,416,387,2,3,1,157,108,52,12,4,61,70,57,41,0,0,20,13,18,200,0,0,0,0,0,0,0,0,0,1,550,.258,0,0,15,31,128,2,0,0,0,0,0,0,0,0,0,0,0,0,0,0,0,0,0,0,0,0,0,84,153,85,87,108,87,436,.9198,417,404,404,404,404,404,404,0,0,0,0,0,0,376,376,376,376,376,376,0,0,0,0,0,0,0,366,grayso01,grayso01,gray--001son,,0,12,eol
19917,0,29,St. Louis Cardinals,Major League Baseball,Burleson,Alec,,41,25,11,1998,206,The United States,18952,Charlotte,4,188,225,2,2,9,511,511,6,0,428,303,361,331,478,367,451,354,417,355,468,425,446,343,406,351,471,413,3,2,2,80,65,144,77,63,9,195,26,170,24,283,322,15,30,10,34,23,50,18,3,57,43,50,52,0,0,104,100,128,0,0,200,0,0,0,200,0,200,0,1,550,.292,25,1,16,39,67,3,0,0,0,0,0,0,0,0,0,0,0,0,0,0,0,0,0,0,0,0,0,102,188,128,118,116,78,2,1.2375,240,2,2,0,0,0,0,0,0,0,0,0,0,182,190,0,0,0,0,0,0,0,0,0,0,0,327,burleal01,burleal01,burles000ale,,0,18,eol
19249,0,29,St. Louis Cardinals,Major League Baseball,Church,Nathan,,27,12,7,2000,206,The United States,43209,Lake Forest,4,178,181,2,2,8,0,0,4,0,285,276,321,325,325,233,297,286,332,330,338,240,300,320,349,346,343,243,15,0,0,122,70,173,124,153,19,1,1,1,1,1,1,15,30,10,1,1,58,12,3,4,6,5,20,0,0,140,100,118,0,0,0,0,0,0,51,200,75,0,1,550,.203,13,1,10,35,136,15,0,0,0,0,0,0,0,0,0,0,0,0,0,0,0,0,0,0,0,0,0,124,112,62,89,78,116,1,1.0750,1,3,0,0,0,0,0,0,0,0,0,0,0,1,0,0,0,0,0,0,0,0,0,0,0,0,272,churcna01,churcna01,church000nat,,0,12,eol
19725,0,29,St. Louis Cardinals,Major League Baseball,King,John,,47,14,9,1994,206,The United States,43842,Laredo,4,188,216,2,2,12,816,1052,8,3,86,181,44,225,81,85,94,189,50,236,92,91,91,187,48,232,92,84,5,0,0,10,10,11,10,9,52,341,472,324,440,390,446,1,6,1,34,111,68,8,4,50,37,43,42,0,0,20,11,3,200,0,0,0,0,0,0,0,0,0,1,550,.292,0,0,14,35,63,1,0,0,0,0,0,0,0,0,0,0,0,0,0,0,0,0,0,0,0,0,0,103,96,118,121,24,105,235,1.0378,257,0,281,0,197,0,155,0,0,0,0,0,0,0,300,0,207,0,160,0,0,0,0,0,0,0,369,kingjo01,kingjo01,king--012joh,,0,8,eol
19803,0,29,St. Louis Cardinals,Major League Baseball,Raquet,Nick,,70,12,12,1995,206,The United States,10158,Boalsburg,4,183,216,1,2,12,0,0,3,0,94,189,50,235,93,90,92,187,48,233,89,89,92,187,48,233,90,89,5,0,0,13,8,11,18,12,8,386,283,356,267,353,277,6,6,5,38,109,40,10,3,51,44,46,44,0,0,9,7,1,200,0,0,0,0,0,0,0,0,0,1,550,.291,0,0,20,79,70,6,0,0,0,0,0,0,0,0,0,0,0,0,0,0,0,0,0,0,0,0,0,199,56,93,120,117,82,257,1.0183,261,238,196,196,0,0,196,0,0,0,0,0,0,243,199,199,0,0,199,0,0,0,0,0,0,0,387,raqueni01,raqueni01,raquet000nic,,0,10,eol
20116,0,29,St. Louis Cardinals,Major League Baseball,Pages,Pedro,,43,17,9,1998,210,Venezuela,47991,Maracay,5,185,245,1,1,2,134,144,2,0,390,372,421,321,335,430,370,315,379,278,355,389,377,317,387,306,353,404,3,2,2,47,6,31,55,137,8,1,1,1,1,1,1,15,30,10,1,49,58,13,3,7,10,13,1,75,99,11,13,2,0,200,0,0,0,0,0,0,0,0,1,550,.249,20,1,14,29,130,3,0,0,0,0,0,0,0,0,0,0,0,0,0,0,0,0,0,0,0,0,0,76,80,29,105,81,24,1,.9302,1,3,0,0,0,0,0,0,0,0,0,0,0,1,0,0,0,0,0,0,0,0,0,0,0,0,278,pagespe02,pagespe02,pages-002ped,,118,13,eol
20121,0,29,St. Louis Cardinals,Major League Baseball,Scott II,Victor,,11,12,2,2001,206,The United States,60714,Powder Springs,1,180,190,2,2,8,166,385,3,1,341,319,256,363,340,346,365,379,233,417,372,362,347,385,247,396,365,332,10,0,0,127,194,201,131,194,18,1,1,1,1,1,1,15,30,10,1,25,59,7,3,3,16,6,13,0,0,140,100,118,0,0,0,0,0,0,0,200,0,0,1,550,.230,23,1,5,52,124,10,0,0,0,0,0,0,0,0,0,0,0,0,0,0,0,0,0,0,0,0,0,87,99,109,110,55,108,1,1.0750,1,3,0,0,0,0,0,0,0,0,0,0,0,1,0,0,0,0,0,0,0,0,0,0,0,0,273,scottvi01,scottvi01,scott-003vic,,0,7,eol
20127,0,29,St. Louis Cardinals,Major League Baseball,Saggese,Thomas,,25,10,4,2002,206,The United States,17469,Carlsbad,4,180,185,1,1,4,98,137,3,0,408,338,212,258,349,447,446,403,186,315,339,511,432,388,210,307,346,488,2,0,0,61,32,171,99,102,14,1,1,1,1,1,1,15,30,10,1,5,57,16,3,103,95,86,109,0,0,8,4,2,0,0,0,200,200,0,0,0,0,0,1,550,.278,34,0,3,31,133,2,0,0,0,0,0,0,0,0,0,0,0,0,0,0,0,0,0,0,0,0,0,27,173,107,180,97,68,1,.9302,1,3,0,0,0,0,0,0,0,0,0,0,0,1,0,0,0,0,0,0,0,0,0,0,0,0,274,saggeth01,saggeth01,sagges000tho,,0,16,eol
20133,0,29,St. Louis Cardinals,Major League Baseball,McGreevy,Michael,,36,8,7,2000,206,The United States,69878,San Clemente,4,193,220,2,1,11,83,83,4,0,87,182,45,220,84,85,94,189,50,237,92,91,92,187,48,233,90,89,5,0,0,18,9,11,26,7,101,351,461,382,502,393,489,5,1,1,163,109,57,8,3,50,35,42,41,0,0,16,5,4,200,0,0,0,0,0,0,0,0,0,1,550,.274,0,0,14,28,69,5,0,0,0,0,0,0,0,0,0,0,0,0,0,0,0,0,0,0,0,0,0,113,93,119,91,129,181,254,.9533,267,241,241,241,241,241,241,0,0,0,0,0,0,253,253,253,253,253,253,0,0,0,0,0,0,0,414,mcgremi01,mcgremi01,mcgree000mic,,0,8,eol
20139,0,29,St. Louis Cardinals,Major League Baseball,Svanson,Matt,,49,31,1,1999,206,The United States,31083,Hawthorn Woods,4,196,236,1,1,12,0,0,3,0,95,189,51,240,94,90,92,187,48,230,89,88,92,187,48,233,90,89,5,2,1,9,8,11,10,8,29,510,347,525,382,519,370,10,3,1,49,109,45,12,3,50,36,42,42,0,0,8,13,12,200,0,0,0,0,0,0,0,0,0,1,550,.232,0,0,6,53,140,10,0,0,0,0,0,0,0,0,0,0,0,0,0,0,0,0,0,0,0,0,0,110,129,93,85,78,118,460,.8892,466,0,398,0,0,484,334,0,0,0,0,0,0,0,402,0,0,490,338,0,0,0,0,0,0,0,400,svansma01,svansma01,svanso000mat,,0,12,eol
20155,0,29,St. Louis Cardinals,Major League Baseball,Prieto,Cesar,,31,10,5,1999,49,Cuba,13749,Cienfuegos,5,175,194,2,1,4,0,0,4,0,189,205,302,274,166,222,196,211,312,293,173,229,169,242,316,301,204,145,4,2,2,13,10,11,17,66,14,1,1,1,1,1,1,15,30,10,1,7,56,14,4,109,113,63,120,0,0,18,8,17,0,0,0,200,0,0,0,0,0,0,1,550,.173,9,0,8,28,192,4,0,0,0,0,0,0,0,0,0,0,0,0,0,0,0,0,0,0,0,0,0,142,113,92,94,93,113,1,.9756,1,3,0,0,0,0,0,0,0,0,0,0,0,1,0,0,0,0,0,0,0,0,0,0,0,0,272,prietce01,prietce01,prieto000ces,,0,14,eol
20165,0,29,St. Louis Cardinals,Major League Baseball,Roycroft,Chris,,58,21,6,1997,206,The United States,83395,Villa Park,4,203,229,1,1,12,50,275,3,1,93,188,49,233,91,89,92,186,48,232,90,89,92,187,48,233,90,89,5,0,0,22,7,11,36,7,103,433,268,459,310,456,291,11,6,1,38,109,59,13,3,51,41,45,43,0,0,12,10,13,200,0,0,0,0,0,0,0,0,0,1,550,.262,0,0,8,70,88,11,0,0,0,0,0,0,0,0,0,0,0,0,0,0,0,0,0,0,0,0,0,98,112,88,76,116,102,316,.8804,342,214,308,0,0,0,163,0,0,0,0,0,0,245,339,0,0,0,179,0,0,0,0,0,0,0,400,roycrch01,roycrch01,roycro000chr,,0,13,eol
20604,0,29,St. Louis Cardinals,Major League Baseball,Contreras,Willson,Willy the Beast,40,13,5,1992,210,Venezuela,61321,Puerto Cabello,5,185,240,1,1,3,1538,1749,11,1,411,500,415,427,345,454,411,433,424,412,347,453,390,438,433,430,376,406,19,2,2,74,50,151,112,48,12,1,1,1,1,1,1,15,30,10,1,37,54,11,4,64,43,53,52,52,112,19,16,7,0,200,200,0,0,0,0,0,0,0,1,550,.276,35,1,19,55,131,19,0,0,0,0,0,0,0,0,0,0,0,0,0,0,0,0,0,0,0,0,0,78,127,112,111,104,104,1,.9756,1,3,0,0,0,0,0,0,0,0,0,0,0,1,0,0,0,0,0,0,0,0,0,0,0,0,273,contrwi01,contrwi01,contre002wil,,83,11,eol
19313,0,29,St. Louis Cardinals,Major League Baseball,Maton,Phil,Spin Rate,88,25,3,1993,206,The United States,19017,Chatham,4,188,205,1,1,12,1362,1380,10,0,93,187,49,233,91,89,92,187,48,232,90,89,99,175,48,229,93,101,5,0,0,10,9,11,10,6,49,461,343,482,375,452,358,12,2,0,32,114,49,15,3,50,36,42,41,0,0,2,10,16,200,0,0,0,0,0,0,0,0,0,1,550,.226,0,0,8,54,145,12,0,0,0,0,0,0,0,0,0,0,0,0,0,0,0,0,0,0,0,0,0,151,94,14,83,76,121,471,.9549,467,420,420,374,0,318,0,0,0,0,0,0,0,440,406,358,0,308,0,0,0,0,0,0,0,0,415,matonph01,matonph01,maton-000phi,,0,15,eol
19433,0,29,St. Louis Cardinals,Major League Baseball,Helsley,Ryan,,56,18,7,1994,206,The United States,78014,Tahlequah,4,188,236,1,1,13,1005,1005,10,1,95,190,51,241,95,91,92,186,47,230,88,89,103,173,48,231,90,114,5,1,1,13,10,11,16,13,1,440,381,445,364,466,344,2,6,0,34,118,43,15,3,50,36,42,42,0,0,12,6,13,200,0,0,0,0,0,0,0,0,0,1,550,.256,0,0,12,51,129,2,0,0,0,0,0,0,0,0,0,0,0,0,0,0,0,0,0,0,0,0,0,93,114,123,92,83,55,439,.9618,465,340,292,420,0,0,0,0,0,0,0,0,0,360,309,442,0,0,0,0,0,0,0,0,0,0,349,helslry01,helslry01,helsle000rya,,0,15,eol
19760,0,29,St. Louis Cardinals,Major League Baseball,Mikolas,Miles,Lizard King,39,23,8,1988,206,The United States,35822,Jupiter,4,193,229,1,1,11,1531,1794,11,2,96,190,52,226,96,93,91,186,47,235,88,88,117,212,188,206,113,122,5,1,1,10,10,11,10,8,65,343,469,332,500,394,495,3,1,0,141,120,47,7,3,51,71,54,41,0,0,13,1,11,200,0,0,0,0,0,0,0,0,0,1,550,.287,0,0,19,27,71,3,0,0,0,0,0,0,0,0,0,0,0,0,0,0,0,0,0,0,0,0,0,127,106,60,94,124,122,260,.8746,287,215,164,266,309,0,215,0,0,0,0,0,0,233,173,293,327,0,233,0,0,0,0,0,0,0,396,mikolmi01,mikolmi01,mikola001mil,,0,7,eol
19792,0,29,St. Louis Cardinals,Major League Baseball,Barrero,Jose,,27,5,4,1998,49,Cuba,31031,Havana,1,188,174,1,1,4,542,542,6,0,272,378,366,372,371,132,263,381,381,317,339,172,315,354,235,332,253,359,8,0,0,123,111,128,128,14,6,1,1,1,1,1,1,15,30,10,1,38,56,11,3,109,113,63,120,0,0,142,109,118,0,0,0,200,0,0,0,200,0,0,1,550,.193,18,2,13,36,131,8,0,0,0,0,0,0,0,0,0,0,0,0,0,0,0,0,0,0,0,0,0,129,108,125,119,118,117,1,.9302,1,3,0,0,0,0,0,0,0,0,0,0,0,1,0,0,0,0,0,0,0,0,0,0,0,0,276,garcijo02,garcijo02,garcia047jos,,0,11,eol
20054,0,29,St. Louis Cardinals,Major League Baseball,Granillo,Andre,,65,12,5,2000,206,The United States,31370,Hemet,4,193,249,1,1,12,0,0,3,0,95,189,51,242,94,92,92,186,47,230,89,89,92,187,48,233,90,89,5,1,1,28,9,11,47,13,13,447,387,466,395,450,369,7,6,0,46,109,30,13,3,51,41,45,43,0,0,16,1,12,200,0,0,0,0,0,0,0,0,0,1,550,.269,0,0,15,46,94,7,0,0,0,0,0,0,0,0,0,0,0,0,0,0,0,0,0,0,0,0,0,186,103,98,74,94,93,337,1.0232,340,181,309,0,343,0,0,0,0,0,0,0,0,183,313,0,348,0,0,0,0,0,0,0,0,0,400,granian01,granian01,granil000and,,0,13,eol
20087,0,29,St. Louis Cardinals,Major League Baseball,Baker,Luken,,26,10,3,1997,206,The United States,21777,Dallas,4,193,284,1,1,3,195,254,3,0,341,449,315,451,367,320,323,481,340,483,351,298,319,403,352,470,334,307,2,3,2,86,23,170,76,13,19,1,1,1,1,1,1,15,30,10,1,49,56,13,3,57,59,58,60,0,0,13,19,20,0,0,200,0,0,0,0,0,0,0,1,550,.222,30,2,10,76,127,2,0,0,0,0,0,0,0,0,0,0,0,0,0,0,0,0,0,0,0,0,0,100,90,81,101,12,93,1,.9302,1,3,0,0,0,0,0,0,0,0,0,0,0,1,0,0,0,0,0,0,0,0,0,0,0,0,277,bakerlu01,bakerlu01,baker-002luk,,0,13,eol
20339,0,29,St. Louis Cardinals,Major League Baseball,Fedde,Erick,Feddeccini,12,25,2,1993,206,The United States,43942,Las Vegas,4,193,205,1,1,11,1172,1309,11,2,94,188,50,235,93,90,92,186,48,232,90,88,73,165,50,226,110,24,5,1,1,9,8,11,10,13,97,348,313,425,377,388,367,3,2,0,147,89,45,8,3,50,35,42,41,0,0,7,17,3,200,0,0,0,0,0,0,0,0,0,1,550,.271,0,0,14,58,78,3,0,0,0,0,0,0,0,0,0,0,0,0,0,0,0,0,0,0,0,0,0,83,96,85,120,102,81,279,1.2208,303,0,280,0,318,224,224,0,0,0,0,0,0,0,303,0,335,241,241,0,0,0,0,0,0,0,414,feddeer01,feddeer01,fedde-000eri,,0,8,eol
20788,0,29,St. Louis Cardinals,Major League Baseball,Siani,Michael,,22,16,7,1999,206,The United States,28735,Glenside,4,185,194,2,2,8,367,372,4,1,452,242,206,317,364,506,385,238,162,372,309,441,394,230,175,340,337,434,4,0,0,172,173,195,145,188,85,1,1,1,1,1,1,15,30,10,1,42,55,12,3,12,17,8,20,0,0,140,102,118,0,0,0,0,0,0,0,200,0,0,1,550,.253,12,4,2,41,140,4,0,0,0,0,0,0,0,0,0,0,0,0,0,0,0,0,0,0,0,0,0,81,181,83,186,109,47,1,1.0750,1,3,0,0,0,0,0,0,0,0,0,0,0,1,0,0,0,0,0,0,0,0,0,0,0,0,271,sianimi01,sianimi01,siani-001mik,,0,12,eol
20896,0,29,St. Louis Cardinals,Major League Baseball,Nootbaar,Lars,,21,8,9,1997,206,The United States,23244,El Segundo,4,191,205,2,1,7,678,678,7,0,377,403,370,413,369,390,389,399,366,470,422,352,404,396,377,486,415,394,4,2,2,103,87,119,116,67,11,4,1,4,1,8,1,15,30,10,1,40,53,12,4,3,15,18,6,0,0,111,138,101,0,0,0,0,0,0,200,200,200,0,1,550,.251,27,2,12,69,102,4,0,0,0,0,0,0,0,0,0,0,0,0,0,0,0,0,0,0,0,0,0,17,171,113,157,100,103,1,.9756,1,3,0,0,0,0,0,0,0,0,0,0,0,1,0,0,0,0,0,0,0,0,0,0,0,0,276,nootbla01,nootbla01,nootba000lar,,0,12,eol
20943,0,29,St. Louis Cardinals,Major League Baseball,O'Brien,Riley,,55,6,2,1995,206,The United States,73689,Shoreline,2,193,181,1,1,12,449,690,5,1,95,189,51,242,95,91,91,186,48,230,88,88,92,187,48,233,90,89,5,0,0,9,6,11,10,15,55,465,290,483,298,396,254,12,6,0,37,109,58,13,3,50,38,43,42,0,0,15,4,10,200,0,0,0,0,0,0,0,0,0,1,550,.245,0,0,7,71,117,12,0,0,0,0,0,0,0,0,0,0,0,0,0,0,0,0,0,0,0,0,0,116,54,123,124,126,75,415,.8773,422,0,342,0,0,422,203,0,0,0,0,0,0,0,349,0,0,430,208,0,0,0,0,0,0,0,400,obrieri01,obrieri01,obrien001ril,,0,13,eol
19622,0,29,St. Louis Cardinals,Major League Baseball,Leahy,Kyle,,62,4,6,1997,206,The United States,11032,Boulder,4,196,225,3,1,12,330,484,6,2,89,184,45,224,85,86,94,188,48,235,92,90,92,187,48,233,90,89,5,0,0,10,9,11,10,8,116,477,399,503,426,486,422,2,6,0,44,109,48,9,3,50,35,42,41,0,0,16,19,19,200,0,0,0,0,0,0,0,0,0,1,550,.253,0,0,7,42,99,2,0,0,0,0,0,0,0,0,0,0,0,0,0,0,0,0,0,0,0,0,0,71,111,77,122,136,170,356,.8287,350,190,267,322,399,0,0,0,0,0,0,0,0,186,260,317,391,0,0,0,0,0,0,0,0,0,405,leahyky01,leahyky01,leahy-000kyl,,0,9,eol
19626,0,29,St. Louis Cardinals,Major League Baseball,Liberatore,Matthew,,52,6,11,1999,206,The United States,63646,Peoria,4,193,216,2,2,11,489,489,4,0,89,185,46,228,85,88,94,187,48,234,92,90,92,187,48,233,90,89,5,0,0,9,6,11,10,14,62,431,441,403,432,424,396,4,5,0,71,100,44,10,3,50,35,42,41,0,0,2,13,15,200,0,0,0,0,0,0,0,0,0,1,550,.274,0,0,14,38,89,4,0,0,0,0,0,0,0,0,0,0,0,0,0,0,0,0,0,0,0,0,0,126,78,120,37,99,77,317,.7448,318,266,266,266,266,266,266,0,0,0,0,0,0,267,267,267,267,267,267,0,0,0,0,0,0,0,384,liberma01,liberma01,libera000mat,,0,10,eol
19646,0,29,St. Louis Cardinals,Major League Baseball,Pallante,Andre,,53,18,9,1998,206,The United States,69878,San Clemente,5,183,216,1,1,11,499,779,5,3,95,188,49,234,93,91,92,187,47,232,89,88,92,187,48,233,90,89,5,0,0,9,7,11,10,13,11,373,357,329,365,383,358,4,6,2,138,88,68,9,4,50,35,42,41,0,0,8,11,19,200,0,0,0,0,0,0,0,0,0,1,550,.277,0,0,12,54,78,4,0,0,0,0,0,0,0,0,0,0,0,0,0,0,0,0,0,0,0,0,0,177,109,30,117,64,87,279,.7789,277,226,226,282,282,0,226,0,0,0,0,0,0,211,211,260,305,0,211,0,0,0,0,0,0,0,386,pallaan01,pallaan01,pallan000and,,0,9,eol
19861,0,29,St. Louis Cardinals,Major League Baseball,Matz,Steven,Matzy,32,29,5,1991,206,The United States,76358,Stony Brook,4,188,205,1,2,12,1686,1686,12,0,95,191,51,239,95,91,92,186,47,231,89,88,279,300,317,293,358,170,5,0,0,31,8,11,54,9,6,415,509,400,484,384,428,4,5,0,44,99,50,8,3,67,35,47,41,0,0,18,8,14,200,0,0,0,0,0,0,0,0,0,1,550,.279,0,0,13,26,85,4,0,0,0,0,0,0,0,0,0,0,0,0,0,0,0,0,0,0,0,0,0,127,110,95,72,183,37,304,1.1977,381,155,313,283,241,0,0,0,0,0,0,0,0,197,412,375,333,0,0,0,0,0,0,0,0,0,363,matzst01,matzst01,matz--001ste,,0,8,eol
19653,0,29,St. Louis Cardinals,Major League Baseball,Pozo,Yohel,,63,14,6,1997,210,Venezuela,47987,Maracaibo,1,180,201,1,1,2,80,188,3,1,372,367,413,236,453,258,382,403,364,271,489,208,403,371,346,259,480,302,0,1,1,16,7,11,57,44,20,1,1,1,1,1,1,15,30,10,1,3,58,10,3,11,1,15,3,74,99,7,5,13,0,200,0,0,0,0,0,0,0,0,1,550,.237,27,0,13,24,61,0,0,0,0,0,0,0,0,0,0,0,0,0,0,0,0,0,0,0,0,0,0,123,177,116,113,91,80,1,.9302,1,3,0,0,0,0,0,0,0,0,0,0,0,1,0,0,0,0,0,0,0,0,0,0,0,0,276,pozoyo01,pozoyo01,pozo--002yoh,,104,10,eol
19658,0,29,St. Louis Cardinals,Major League Baseball,Romero,JoJo,,59,9,9,1996,206,The United States,16792,Camarillo,5,180,216,2,2,12,851,851,9,1,87,181,44,226,83,85,94,188,49,236,92,91,92,187,48,233,90,89,5,0,0,15,7,11,22,7,60,501,375,447,359,452,376,7,4,0,32,128,58,13,2,50,36,42,41,0,0,10,18,1,200,0,0,0,0,0,0,0,0,0,1,550,.245,0,0,8,54,105,7,0,0,0,0,0,0,0,0,0,0,0,0,0,0,0,0,0,0,0,0,0,120,190,16,107,176,75,384,.8777,405,359,295,0,328,0,174,0,0,0,0,0,0,401,323,0,362,0,191,0,0,0,0,0,0,0,418,romerjo01,romerjo01,romero000joj,,0,13,eol
19930,0,29,St. Louis Cardinals,Major League Baseball,Munoz,Roddery,,35,14,4,2000,56,Dominican Republic,71432,Santo Domingo,1,188,209,1,1,11,23,368,4,2,92,188,48,233,89,89,93,187,48,232,90,90,92,187,48,233,90,89,5,0,0,31,6,11,54,9,82,244,276,270,269,275,295,7,6,1,114,109,40,12,3,51,42,45,43,0,0,1,17,1,200,0,0,0,0,0,0,0,0,0,1,550,.287,0,0,32,79,100,7,0,0,0,0,0,0,0,0,0,0,0,0,0,0,0,0,0,0,0,0,0,82,80,45,95,53,113,362,1.0464,346,203,293,0,386,341,0,0,0,0,0,0,0,191,269,0,362,323,0,0,0,0,0,0,0,0,400,munozro01,munozro01,munoz-000rod,,0,12,eol
19968,0,29,St. Louis Cardinals,Major League Baseball,Fermin,Jose,,15,29,3,1999,56,Dominican Republic,61363,Puerto Plata,1,175,198,1,1,4,208,402,6,2,393,392,245,403,444,326,367,424,295,433,430,293,360,351,251,419,434,264,6,1,1,147,173,143,137,120,3,1,1,1,1,1,1,15,30,10,1,38,56,15,3,104,95,81,109,0,0,90,109,113,0,0,0,200,200,0,200,0,0,0,1,550,.236,26,4,7,59,90,6,0,0,0,0,0,0,0,0,0,0,0,0,0,0,0,0,0,0,0,0,0,110,146,146,106,89,118,1,.9302,1,3,0,0,0,0,0,0,0,0,0,0,0,1,0,0,0,0,0,0,0,0,0,0,0,0,272,fermijo01,fermijo01,fermin003jos,,0,15,eol
19599,0,29,St. Louis Cardinals,Major League Baseball,Gorman,Nolan,,16,10,5,2000,206,The United States,28713,Glendale,4,185,225,2,1,4,477,706,6,2,352,424,444,401,258,421,303,409,419,452,212,361,326,396,446,443,254,382,0,2,2,73,43,140,81,9,8,1,1,1,1,1,1,15,30,10,1,8,54,11,3,104,95,86,109,0,0,11,19,19,0,0,0,200,200,0,0,0,0,0,1,550,.226,24,1,20,63,175,0,0,0,0,0,0,0,0,0,0,0,0,0,0,0,0,0,0,0,0,0,0,174,82,19,181,128,112,1,.9302,1,3,0,0,0,0,0,0,0,0,0,0,0,1,0,0,0,0,0,0,0,0,0,0,0,0,273,gormano01,gormano01,gorman000nol,,0,11,eol
19612,0,29,St. Louis Cardinals,Major League Baseball,Herrera,Ivan,,48,1,6,2000,145,Panama,62478,Panama,1,180,220,1,1,2,472,762,5,2,460,324,448,445,394,502,445,261,414,422,429,449,453,299,403,432,413,476,14,2,2,82,70,153,121,10,9,1,1,1,1,1,1,15,30,10,1,4,54,13,4,12,17,2,14,74,99,90,104,113,0,200,0,0,0,0,200,0,0,0,1,550,.301,21,0,19,59,97,14,0,0,0,0,0,0,0,0,0,0,0,0,0,0,0,0,0,0,0,0,0,83,118,67,87,86,95,1,.9756,1,3,0,0,0,0,0,0,0,0,0,0,0,1,0,0,0,0,0,0,0,0,0,0,0,0,272,herreiv01,herreiv01,herrer002iva,,168,13,eol
19710,0,29,St. Louis Cardinals,Major League Baseball,Walker,Jordan,,18,22,5,2002,206,The United States,76337,Stone Mountain,1,196,249,1,1,9,305,323,6,0,384,328,339,403,309,439,348,392,283,337,293,402,394,374,361,368,353,424,4,2,2,127,127,159,138,7,122,1,1,1,1,1,1,15,30,10,1,38,59,12,3,12,3,4,2,0,0,104,100,125,0,0,0,0,0,0,0,0,200,0,1,550,.233,23,2,8,41,150,4,0,0,0,0,0,0,0,0,0,0,0,0,0,0,0,0,0,0,0,0,0,21,188,173,89,109,122,1,.9302,1,3,0,0,0,0,0,0,0,0,0,0,0,1,0,0,0,0,0,0,0,0,0,0,0,0,281,walkejo02,walkejo02,walker000jor,,0,12,eol
19733,0,29,St. Louis Cardinals,Major League Baseball,Donovan,Brendan,,33,16,1,1997,206,The United States,0,,4,185,209,2,1,4,486,763,7,2,442,420,281,330,463,415,468,402,337,395,483,437,460,405,329,382,478,429,8,2,2,70,67,115,100,84,4,1,1,1,1,1,1,15,30,10,1,18,55,14,4,103,95,59,109,0,0,89,93,113,0,0,0,200,0,0,200,0,0,0,1,550,.295,35,1,9,45,63,8,0,0,0,0,0,0,0,0,0,0,0,0,0,0,0,0,0,0,0,0,0,118,109,85,88,66,171,1,.9756,1,3,0,0,0,0,0,0,0,0,0,0,0,1,0,0,0,0,0,0,0,0,0,0,0,0,275,donovbr01,donovbr01,donova002bre,,0,14,eol
19721,0,29,St. Louis Cardinals,Major League Baseball,Winn,Masyn,Energizer Bunny,1,21,3,2002,206,The United States,32688,Houston,1,180,185,1,1,6,327,343,6,0,409,415,335,385,421,398,434,384,320,325,440,422,418,387,324,346,438,398,5,1,1,110,113,146,136,111,1,1,1,1,1,1,1,15,30,10,1,21,56,11,3,134,101,118,120,0,0,13,15,9,0,0,0,0,0,200,0,0,0,0,1,550,.272,30,2,9,38,88,5,0,0,0,0,0,0,0,0,0,0,0,0,0,0,0,0,0,0,0,0,0,114,153,116,20,35,74,1,.9302,1,3,0,0,0,0,0,0,0,0,0,0,0,1,0,0,0,0,0,0,0,0,0,0,0,0,274,winnma01,winnma01,winn--000mas,,0,11,eol
19729,0,29,St. Louis Cardinals,Major League Baseball,Crooks,Jimmy,,8,19,7,2001,206,The United States,24272,Euless,4,183,229,2,1,2,0,0,1,0,223,370,339,245,304,157,235,379,352,251,314,161,177,339,326,233,247,88,7,3,2,27,8,11,46,59,16,1,1,1,1,1,1,15,30,10,1,47,55,12,3,7,4,16,13,74,99,2,4,1,0,200,0,0,0,0,0,0,0,0,1,550,.184,19,0,11,23,145,7,0,0,0,0,0,0,0,0,0,0,0,0,0,0,0,0,0,0,0,0,0,90,39,185,36,58,70,1,.9302,1,3,0,0,0,0,0,0,0,0,0,0,0,1,0,0,0,0,0,0,0,0,0,0,0,0,274,crookji01,crookji01,crooks000jim,,104,12,eol
// Arizona Diamondbacks, ID = 16
18775,0,16,Arizona Diamondbacks,Major League Baseball,Rashi,Taylor,,54,15,1,1996,206,The United States,80688,Torrance,4,193,220,1,1,12,0,0,2,0,94,188,49,237,92,90,92,187,48,232,89,89,92,187,48,233,90,89,5,0,0,29,10,11,48,8,33,612,302,611,302,468,327,1,6,1,48,109,42,12,4,51,42,45,43,0,0,19,6,10,200,0,0,0,0,0,0,0,0,0,1,550,.221,0,0,2,69,148,1,0,0,0,0,0,0,0,0,0,0,0,0,0,0,0,0,0,0,0,0,0,162,103,96,89,39,111,478,.9999,417,222,370,416,453,0,0,0,0,0,0,0,0,201,339,384,419,0,0,0,0,0,0,0,0,0,400,rashita01,rashita01,rashi-000tay,,0,12,eol
18830,0,16,Arizona Diamondbacks,Major League Baseball,Pope,Austin,,66,26,10,1998,206,The United States,11866,Bronxville,4,191,209,1,1,12,0,0,3,0,96,191,51,245,96,92,91,186,47,229,88,88,92,187,48,233,90,89,5,0,0,9,6,11,10,10,81,270,277,290,284,265,282,6,6,5,47,109,60,10,3,51,44,46,44,0,0,17,16,12,200,0,0,0,0,0,0,0,0,0,1,550,.294,0,0,19,76,68,6,0,0,0,0,0,0,0,0,0,0,0,0,0,0,0,0,0,0,0,0,0,113,133,77,77,81,88,249,1.0060,256,158,204,0,296,0,0,0,0,0,0,0,0,161,209,0,303,0,0,0,0,0,0,0,0,0,376,popeau01,popeau01,pope--000aus,,0,10,eol
19047,0,16,Arizona Diamondbacks,Major League Baseball,Kelly,Casey,,60,4,10,1989,206,The United States,71603,Sarasota,4,191,214,1,1,12,693,704,8,1,95,190,49,237,94,91,92,186,47,231,89,89,95,166,49,218,95,88,5,2,2,29,6,11,51,6,93,350,290,367,299,443,427,1,6,0,47,109,40,11,3,51,44,46,44,0,0,2,1,8,200,0,0,0,0,0,0,0,0,0,1,550,.292,0,0,21,71,66,1,0,0,0,0,0,0,0,0,0,0,0,0,0,0,0,0,0,0,0,0,0,52,179,85,169,79,150,246,1.0184,270,184,184,184,220,0,220,0,0,0,0,0,0,158,203,203,248,0,248,0,0,0,0,0,0,0,393,kellyca01,kellyca01,kelly-001cas,,0,11,eol
20778,0,16,Arizona Diamondbacks,Major League Baseball,Grichuk,Randal,Grich,15,13,8,1991,206,The United States,65496,Rosenberg,4,188,216,1,1,9,1856,1958,13,1,380,561,403,288,437,311,389,505,409,342,425,347,370,505,437,320,335,406,3,2,2,57,27,11,67,9,10,4,1,4,1,20,15,15,30,10,1,48,53,15,3,19,14,17,16,0,0,98,144,115,0,0,0,0,0,0,133,0,200,0,1,550,.255,39,3,16,36,93,3,0,0,0,0,0,0,0,0,0,0,0,0,0,0,0,0,0,0,0,0,0,78,112,169,156,130,134,1,.9302,1,3,0,0,0,0,0,0,0,0,0,0,0,1,0,0,0,0,0,0,0,0,0,0,0,0,275,grichra01,grichra01,grichu001ran,,0,15,eol
20868,0,16,Arizona Diamondbacks,Major League Baseball,Woodford,Jake,,41,28,10,1996,206,The United States,78373,Tampa,4,193,220,1,1,12,743,977,6,2,96,189,51,243,96,92,92,186,47,230,88,89,98,162,49,218,95,97,5,0,0,30,7,11,51,9,101,424,417,440,431,398,404,11,5,0,49,123,49,8,3,51,39,44,42,0,0,13,17,5,200,0,0,0,0,0,0,0,0,0,1,550,.294,0,0,11,40,68,11,0,0,0,0,0,0,0,0,0,0,0,0,0,0,0,0,0,0,0,0,0,64,106,90,107,96,84,250,1.0140,261,230,230,230,230,230,230,0,0,0,0,0,0,241,241,241,241,241,241,0,0,0,0,0,0,0,335,woodfja01,woodfja01,woodfo000jak,,0,8,eol
20982,0,16,Arizona Diamondbacks,Major League Baseball,Vargas,Ildemaro,,6,16,7,1991,210,Venezuela,91202,Caripito,5,183,203,3,1,5,1250,1250,10,0,408,357,299,260,484,308,431,315,239,269,496,349,436,384,269,295,506,349,5,1,1,110,117,136,95,180,14,268,31,278,32,333,309,15,30,10,34,10,35,19,3,105,103,134,80,0,0,74,114,110,0,0,138,183,200,152,200,0,0,0,1,550,.262,21,2,6,25,54,5,0,0,0,0,0,0,0,0,0,0,0,0,0,0,0,0,0,0,0,0,0,18,173,44,166,108,102,2,.9697,225,3,0,0,1,0,0,0,0,0,0,0,0,197,0,0,169,0,0,0,0,0,0,0,0,0,344,vargail01,vargail01,vargas001ild,,0,19,eol
18486,0,16,Arizona Diamondbacks,Major League Baseball,Kaiser,Connor,,65,20,11,1996,206,The United States,58136,Overland Park,4,191,194,1,1,4,13,349,5,2,205,409,287,313,296,125,196,405,272,310,282,120,178,359,297,306,262,64,3,2,2,20,10,11,30,63,13,4,1,4,1,8,1,15,30,10,1,5,53,14,3,105,101,60,113,0,0,9,19,7,0,0,0,200,0,0,0,0,0,0,1,550,.161,19,0,7,32,155,3,0,0,0,0,0,0,0,0,0,0,0,0,0,0,0,0,0,0,0,0,0,108,66,40,93,13,119,1,.9302,1,3,0,0,0,0,0,0,0,0,0,0,0,1,0,0,0,0,0,0,0,0,0,0,0,0,276,kaiseco01,kaiseco01,kaiser000con,,0,14,eol
20307,0,16,Arizona Diamondbacks,Major League Baseball,Castillo,Jose,Big Dude,54,10,1,1996,210,Venezuela,83920,Valencia,5,198,247,2,2,12,589,729,5,2,89,184,47,229,86,87,94,188,49,235,91,90,91,187,48,232,92,84,5,0,0,19,10,11,29,7,54,393,369,353,353,394,339,12,4,5,36,109,61,12,3,51,40,44,42,0,0,17,17,16,200,0,0,0,0,0,0,0,0,0,1,550,.262,0,0,13,55,100,12,0,0,0,0,0,0,0,0,0,0,0,0,0,0,0,0,0,0,0,0,0,77,130,126,78,82,36,362,.9771,454,355,291,0,0,0,0,0,0,0,0,0,0,491,403,0,0,0,0,0,0,0,0,0,0,0,400,castijo03,castijo03,castil012jos,,0,12,eol
20473,0,16,Arizona Diamondbacks,Major League Baseball,Jameson,Drey,,99,17,8,1997,206,The United States,29735,Greenfield,4,183,165,1,1,12,180,523,6,3,96,190,51,239,96,92,91,186,47,231,88,88,92,187,48,233,90,89,5,0,0,10,10,11,10,9,7,329,224,336,225,399,342,1,6,0,34,109,50,10,3,51,44,46,44,0,0,9,6,4,200,0,0,0,0,0,0,0,0,0,1,550,.293,0,0,18,95,57,1,0,0,0,0,0,0,0,0,0,0,0,0,0,0,0,0,0,0,0,0,0,27,72,109,91,82,96,217,1.0063,378,157,180,225,202,0,89,0,0,0,0,0,0,269,324,402,363,0,191,0,0,0,0,0,0,0,400,jamesdr01,jamesdr01,jameso000dre,,0,10,eol
20517,0,16,Arizona Diamondbacks,Major League Baseball,Mantiply,Joe,,35,1,3,1991,206,The United States,21958,Danville,4,193,218,1,2,12,1057,1249,9,1,94,189,50,235,93,90,92,186,48,232,89,88,92,187,48,233,90,89,5,0,0,9,7,11,10,14,96,369,509,334,488,469,455,3,5,2,27,108,61,9,2,51,42,45,44,0,0,16,17,1,200,0,0,0,0,0,0,0,0,0,1,550,.276,0,0,14,26,92,3,0,0,0,0,0,0,0,0,0,0,0,0,0,0,0,0,0,0,0,0,0,108,109,91,119,108,123,330,1.0096,377,0,299,0,362,0,175,0,0,0,0,0,0,0,331,0,409,0,195,0,0,0,0,0,0,0,367,mantijo01,mantijo01,mantip001jos,,0,9,eol
20630,0,16,Arizona Diamondbacks,Major League Baseball,Nelson,Kyle,,24,8,7,1996,206,The United States,69999,San Francisco,4,185,174,2,2,12,696,963,6,3,86,181,44,225,81,84,95,189,50,235,93,91,92,187,48,233,90,89,5,0,0,26,8,11,44,13,64,356,257,336,266,416,360,1,6,1,32,109,38,9,3,51,44,46,44,0,0,18,1,13,200,0,0,0,0,0,0,0,0,0,1,550,.296,0,0,24,82,95,1,0,0,0,0,0,0,0,0,0,0,0,0,0,0,0,0,0,0,0,0,0,174,155,103,130,102,97,343,.9434,405,295,234,0,0,328,0,0,0,0,0,0,0,352,304,0,0,433,0,0,0,0,0,0,0,0,323,nelsoky01,nelsoky01,nelson000kyl,,0,9,eol
20279,0,16,Arizona Diamondbacks,Major League Baseball,Crismatt,Nabil,,61,25,12,1994,44,Colombia,7310,Barranquilla,4,185,220,1,1,12,721,1055,9,2,94,188,49,234,92,89,92,186,48,233,90,89,82,187,48,224,91,66,5,0,0,9,6,11,10,9,4,284,424,353,492,399,418,4,4,0,47,98,54,9,3,51,39,44,42,0,0,10,6,20,200,0,0,0,0,0,0,0,0,0,1,550,.284,0,0,18,32,79,4,0,0,0,0,0,0,0,0,0,0,0,0,0,0,0,0,0,0,0,0,0,124,160,115,99,95,117,284,1.5000,351,187,299,225,149,0,0,0,0,0,0,0,0,260,391,317,186,0,0,0,0,0,0,0,0,0,381,crismna01,crismna01,crisma000nab,,0,9,eol
20635,0,16,Arizona Diamondbacks,Major League Baseball,Naylor,Josh,,12,22,6,1997,36,Canada,89954,Mississauga,1,180,249,2,2,3,1032,1214,8,1,442,360,407,368,449,427,422,376,430,387,466,369,469,381,401,327,475,446,4,3,2,95,126,178,124,8,13,1,1,1,1,1,1,15,30,10,1,17,58,11,3,71,54,70,86,0,0,12,16,19,0,0,200,0,0,0,0,0,0,0,1,550,.283,28,0,19,46,72,4,0,0,0,0,0,0,0,0,0,0,0,0,0,0,0,0,0,0,0,0,0,85,63,82,115,17,124,1,1.0750,1,3,0,0,0,0,0,0,0,0,0,0,0,1,0,0,0,0,0,0,0,0,0,0,0,0,273,naylojo01,naylojo01,naylor001jos,,0,11,eol
19974,0,16,Arizona Diamondbacks,Major League Baseball,English,Tristin,,30,14,5,1997,206,The United States,76284,Stockbridge,4,188,207,1,1,3,0,0,4,0,181,411,269,303,255,97,180,410,266,301,253,95,175,362,297,306,249,71,3,2,2,21,9,11,32,63,15,1,1,1,1,1,1,15,30,10,1,2,54,12,3,59,46,53,56,0,0,3,4,16,0,0,200,0,0,0,0,0,0,0,1,550,.148,17,0,6,30,165,3,0,0,0,0,0,0,0,0,0,0,0,0,0,0,0,0,0,0,0,0,0,110,105,95,197,73,114,1,.9302,1,3,0,0,0,0,0,0,0,0,0,0,0,1,0,0,0,0,0,0,0,0,0,0,0,0,274,englitr01,englitr01,englis000tri,,0,12,eol
20123,0,16,Arizona Diamondbacks,Major League Baseball,Morillo,Juan,,67,19,3,1999,210,Venezuela,47987,Maracaibo,5,185,150,1,1,12,0,0,4,0,97,192,51,244,97,93,91,186,47,229,88,88,92,187,48,233,90,89,5,0,0,10,10,11,10,12,15,471,250,494,260,485,258,4,6,1,30,109,56,11,3,51,39,44,42,0,0,13,12,9,200,0,0,0,0,0,0,0,0,0,1,550,.244,0,0,6,84,119,4,0,0,0,0,0,0,0,0,0,0,0,0,0,0,0,0,0,0,0,0,0,185,53,124,96,116,29,418,1.0113,423,207,347,0,428,0,0,0,0,0,0,0,0,209,350,0,431,0,0,0,0,0,0,0,0,0,400,morilju02,morilju02,morill002jua,,0,11,eol
19322,0,16,Arizona Diamondbacks,Major League Baseball,Miller,Shelby,Millzy,18,10,10,1990,206,The United States,32688,Houston,4,191,225,1,1,13,2012,2171,15,1,95,189,50,236,94,91,92,187,48,232,89,89,123,609,181,326,99,149,5,0,0,15,7,11,22,46,96,418,433,419,448,457,374,12,3,0,35,97,39,10,3,50,38,43,42,0,0,13,17,19,200,0,0,0,0,0,0,0,0,0,1,550,.216,0,0,15,36,127,12,0,0,0,0,0,0,0,0,0,0,0,0,0,0,0,0,0,0,0,0,0,130,72,101,114,190,154,435,.8900,414,225,0,0,0,374,0,458,0,0,0,0,0,211,0,0,0,353,0,434,0,0,0,0,0,0,494,millesh01,millesh01,miller002she,,0,10,eol
20298,0,16,Arizona Diamondbacks,Major League Baseball,Del Castillo,Adrian,,25,27,9,1999,206,The United States,50031,Miami,5,178,209,2,1,2,53,396,3,3,419,386,401,346,236,515,424,395,408,352,251,517,446,383,413,362,261,539,3,2,2,44,36,115,74,42,18,1,1,1,1,1,1,15,30,10,1,33,56,13,4,6,11,16,5,92,104,11,13,1,0,200,0,0,0,0,0,0,0,0,1,550,.280,31,0,16,40,167,3,0,0,0,0,0,0,0,0,0,0,0,0,0,0,0,0,0,0,0,0,0,113,120,79,21,71,71,1,.9756,1,3,0,0,0,0,0,0,0,0,0,0,0,1,0,0,0,0,0,0,0,0,0,0,0,0,273,delcaad01,delcaad01,delcas000adr,,107,13,eol
20787,0,16,Arizona Diamondbacks,Major League Baseball,Abner,Philip,,50,5,5,2002,206,The United States,18952,Charlotte,4,185,229,2,2,12,0,0,2,0,87,183,45,222,83,85,94,189,49,237,92,91,92,187,48,233,90,89,5,0,0,17,7,11,26,6,97,401,255,393,250,372,264,1,1,1,28,109,40,8,3,51,43,46,44,0,0,3,18,1,200,0,0,0,0,0,0,0,0,0,1,550,.273,0,0,17,86,89,1,0,0,0,0,0,0,0,0,0,0,0,0,0,0,0,0,0,0,0,0,0,103,179,82,176,104,112,319,.9960,295,179,246,306,340,0,0,0,0,0,0,0,0,167,222,277,316,0,0,0,0,0,0,0,0,0,400,abnerph01,abnerph01,abner-000phi,,0,8,eol
18470,0,16,Arizona Diamondbacks,Major League Baseball,Garcia,Aramis,,35,12,1,1993,206,The United States,31718,Hialeah,5,188,227,1,1,2,690,690,6,0,150,248,288,311,177,100,159,301,309,268,209,77,343,169,379,219,256,410,4,2,2,36,9,11,63,116,11,1,1,1,1,1,1,15,30,10,1,36,54,12,4,17,3,8,10,104,108,19,18,20,0,200,0,0,0,0,0,0,0,0,1,550,.140,10,0,8,27,182,4,0,0,0,0,0,0,0,0,0,0,0,0,0,0,0,0,0,0,0,0,0,37,144,130,185,76,86,1,.9756,1,3,0,0,0,0,0,0,0,0,0,0,0,1,0,0,0,0,0,0,0,0,0,0,0,0,274,garciar01,garciar01,garcia000ara,,111,12,eol
19699,0,16,Arizona Diamondbacks,Major League Baseball,Backhus,Kyle,,43,31,1,1998,206,The United States,14445,College Station,4,193,185,2,2,12,0,0,2,0,89,184,46,226,86,87,94,188,49,236,92,90,92,187,48,233,90,89,5,0,0,9,8,11,10,10,101,460,419,414,407,428,412,12,5,1,29,109,46,17,2,51,40,44,43,0,0,6,3,17,200,0,0,0,0,0,0,0,0,0,1,550,.266,0,0,12,42,92,12,0,0,0,0,0,0,0,0,0,0,0,0,0,0,0,0,0,0,0,0,0,174,12,84,41,128,17,328,.9874,336,253,253,0,0,0,0,0,0,0,0,0,0,260,260,0,0,0,0,0,0,0,0,0,0,0,400,backhky01,backhky01,backhu000kyl,,0,17,eol
20073,0,16,Arizona Diamondbacks,Major League Baseball,Locklear,Tyler,,28,24,11,2000,206,The United States,6650,Baltimore,4,188,209,1,1,3,37,240,5,1,223,99,409,370,219,236,232,78,372,408,188,281,250,204,387,383,256,251,12,2,2,118,122,159,96,53,5,1,1,1,1,1,1,15,30,10,1,8,54,11,4,59,43,52,56,0,0,8,15,6,0,0,200,0,0,0,0,0,0,0,1,550,.192,4,0,13,50,184,12,0,0,0,0,0,0,0,0,0,0,0,0,0,0,0,0,0,0,0,0,0,87,44,102,116,94,124,1,.9756,1,3,0,0,0,0,0,0,0,0,0,0,0,1,0,0,0,0,0,0,0,0,0,0,0,0,274,locklty01,locklty01,lockle000tyl,,0,11,eol
20080,0,16,Arizona Diamondbacks,Major League Baseball,Saalfrank,Andrew,,27,18,8,1997,206,The United States,25148,Fort Wayne,4,191,205,2,2,12,242,242,3,0,86,182,43,225,82,85,94,189,49,236,93,90,92,187,48,233,90,89,5,0,0,34,9,11,58,14,39,578,363,550,351,577,298,1,6,1,34,109,46,12,3,51,40,44,43,0,0,4,2,5,200,0,0,0,0,0,0,0,0,0,1,550,.262,0,0,4,56,79,1,0,0,0,0,0,0,0,0,0,0,0,0,0,0,0,0,0,0,0,0,0,36,77,76,122,121,118,285,1.0098,280,0,0,157,0,0,289,0,0,0,0,0,0,0,0,156,0,0,285,0,0,0,0,0,0,0,400,saalfan01,saalfan01,saalfr000and,,0,12,eol
20093,0,16,Arizona Diamondbacks,Major League Baseball,Diaz,Yilber,,45,19,8,2000,210,Venezuela,26908,Guatire,5,183,190,1,1,11,3,3,3,0,94,189,51,242,93,90,91,187,47,230,88,88,92,187,48,233,90,89,5,0,0,28,7,11,48,12,23,411,279,416,282,402,291,1,6,0,98,109,41,13,3,51,44,46,44,0,0,3,11,2,200,0,0,0,0,0,0,0,0,0,1,550,.282,0,0,15,76,69,1,0,0,0,0,0,0,0,0,0,0,0,0,0,0,0,0,0,0,0,0,0,83,105,173,102,98,119,253,1.0019,262,200,200,244,244,0,0,0,0,0,0,0,0,199,199,242,285,0,0,0,0,0,0,0,0,0,400,diazyi01,diazyi01,diaz--000yil,,0,13,eol
20101,0,16,Arizona Diamondbacks,Major League Baseball,Jarvis,Bryce,,40,26,12,1997,206,The United States,24946,Franklin,4,188,194,2,1,12,202,207,6,1,89,184,46,227,85,86,94,188,49,235,91,90,92,187,48,233,90,89,5,2,2,29,9,11,49,8,71,416,289,421,304,418,291,10,6,0,45,109,45,10,3,51,41,45,43,0,0,18,17,7,200,0,0,0,0,0,0,0,0,0,1,550,.251,0,0,13,70,89,10,0,0,0,0,0,0,0,0,0,0,0,0,0,0,0,0,0,0,0,0,0,21,118,6,160,151,147,318,1.0939,288,265,265,265,265,265,265,0,0,0,0,0,0,242,242,242,242,242,242,0,0,0,0,0,0,0,444,jarvibr01,jarvibr01,jarvis000bry,,0,10,eol
20109,0,16,Arizona Diamondbacks,Major League Baseball,Henry,Tommy,,47,29,7,1997,206,The United States,60469,Portage,4,191,205,2,2,11,349,349,4,0,89,183,45,227,85,86,94,188,49,235,91,90,92,187,48,233,90,89,5,1,1,9,7,11,10,10,18,282,360,275,350,311,346,12,1,0,96,109,52,9,3,51,43,46,44,0,0,12,2,11,200,0,0,0,0,0,0,0,0,0,1,550,.303,0,0,23,57,92,12,0,0,0,0,0,0,0,0,0,0,0,0,0,0,0,0,0,0,0,0,0,79,160,95,79,72,94,329,1.1847,297,262,262,262,319,0,356,0,0,0,0,0,0,165,217,217,269,0,311,0,0,0,0,0,0,0,298,henryto01,henryto01,henry-002tom,,0,9,eol
18394,0,16,Arizona Diamondbacks,Major League Baseball,Hampson,Garrett,,6,10,10,1994,206,The United States,66889,Reno,4,180,196,1,1,7,1106,1455,8,2,340,413,148,407,348,336,342,403,141,414,316,372,420,391,283,371,372,453,0,0,0,121,165,157,136,184,11,287,36,285,36,158,27,15,30,10,42,10,33,15,4,103,95,59,109,0,0,141,104,89,0,0,0,200,0,0,192,200,80,0,1,550,.218,26,2,1,54,140,0,0,0,0,0,0,0,0,0,0,0,0,0,0,0,0,0,0,0,0,0,0,118,28,109,92,124,121,3,1.0101,2,4,0,1,0,0,0,0,0,0,0,0,0,3,0,1,0,0,0,0,0,0,0,0,0,0,346,hampsga01,hampsga01,hampso000gar,,0,15,eol
18522,0,16,Arizona Diamondbacks,Major League Baseball,Herrera,Jose,,11,24,2,1997,210,Venezuela,69864,San Carlos,1,175,216,3,1,2,414,642,5,2,334,401,188,416,362,311,311,356,245,474,363,241,344,333,182,436,358,333,2,0,0,45,8,11,55,187,1,246,327,281,333,266,332,15,30,10,34,27,67,17,3,9,11,4,13,75,99,3,9,16,0,200,0,0,0,0,0,0,0,0,1,550,.207,21,1,5,70,124,2,0,0,0,0,0,0,0,0,0,0,0,0,0,0,0,0,0,0,0,0,0,96,79,72,125,160,81,218,.9941,223,170,170,0,0,0,0,0,0,0,0,0,0,180,167,0,0,0,0,0,0,0,0,0,0,0,366,herrejo04,herrejo04,herrer014jos,,195,17,eol
20349,0,16,Arizona Diamondbacks,Major League Baseball,Lawlar,Jordan,,10,17,7,2002,206,The United States,33714,Irving,1,185,190,1,1,5,34,86,4,0,323,564,241,397,294,352,316,560,230,382,279,347,292,475,273,370,308,274,6,0,0,139,125,190,121,12,8,1,1,1,1,1,1,15,30,10,1,37,59,14,3,104,91,133,72,0,0,13,8,20,0,0,0,145,200,0,0,0,0,0,1,550,.211,39,6,5,47,155,6,0,0,0,0,0,0,0,0,0,0,0,0,0,0,0,0,0,0,0,0,0,117,122,96,104,150,79,1,.9302,1,3,0,0,0,0,0,0,0,0,0,0,0,1,0,0,0,0,0,0,0,0,0,0,0,0,278,lawlajo01,lawlajo01,lawlar000jor,,0,14,eol
20616,0,16,Arizona Diamondbacks,Major League Baseball,Gallen,Zac,Milkman,23,3,8,1995,206,The United States,74999,Somerdale,4,188,190,1,1,11,1025,1174,7,1,96,190,51,237,95,92,91,186,46,231,88,88,115,249,49,223,97,134,5,0,0,15,8,11,21,7,111,381,379,340,379,401,400,3,2,1,151,110,50,14,4,50,35,42,41,0,0,6,12,19,200,0,0,0,0,0,0,0,0,0,1,550,.255,0,0,16,50,106,3,0,0,0,0,0,0,0,0,0,0,0,0,0,0,0,0,0,0,0,0,0,135,18,84,57,70,4,388,1.2392,419,184,349,313,349,349,0,0,0,0,0,0,0,222,370,315,370,416,0,0,0,0,0,0,0,0,421,galleza01,galleza01,gallen000zac,,0,14,eol
20627,0,16,Arizona Diamondbacks,Major League Baseball,Marte,Ketel,Pike,4,12,10,1993,56,Dominican Republic,55747,Nizao,5,185,209,3,1,4,1699,1869,12,2,445,422,446,451,451,430,412,384,470,443,444,373,458,413,447,420,460,441,7,1,1,72,47,142,112,7,8,1,1,1,1,1,1,15,30,10,1,38,54,13,3,133,123,82,141,0,0,15,10,4,0,0,0,200,0,0,0,0,0,0,1,550,.289,30,1,27,65,82,7,0,0,0,0,0,0,0,0,0,0,0,0,0,0,0,0,0,0,0,0,0,103,103,133,120,191,144,1,.9302,1,3,0,0,0,0,0,0,0,0,0,0,0,1,0,0,0,0,0,0,0,0,0,0,0,0,273,marteke01,marteke01,marte-000ket,,0,13,eol
20638,0,16,Arizona Diamondbacks,Major League Baseball,Perdomo,Geraldo,,2,22,10,1999,56,Dominican Republic,71432,Santo Domingo,1,188,203,3,1,6,688,688,5,0,462,354,371,460,503,410,450,416,367,495,464,427,447,407,364,500,468,418,6,0,0,121,130,165,99,186,3,1,1,1,1,1,1,15,30,10,1,44,58,13,4,140,153,155,173,0,0,9,8,16,0,0,0,0,0,200,0,0,0,0,1,550,.292,31,4,12,80,65,6,0,0,0,0,0,0,0,0,0,0,0,0,0,0,0,0,0,0,0,0,0,62,104,82,175,71,54,1,.9756,1,3,0,0,0,0,0,0,0,0,0,0,0,1,0,0,0,0,0,0,0,0,0,0,0,0,279,perdoge01,perdoge01,perdom000ger,,0,13,eol
20904,0,16,Arizona Diamondbacks,Major League Baseball,Mena,Cristian,,64,21,12,2002,56,Dominican Republic,59018,Pimentel,5,188,214,1,1,12,8,23,4,0,92,187,48,235,90,89,93,187,48,233,91,89,92,187,48,233,90,89,5,0,0,18,7,11,27,12,91,254,296,275,303,218,264,1,6,5,49,109,56,10,3,51,43,46,44,0,0,9,20,5,200,0,0,0,0,0,0,0,0,0,1,550,.292,0,0,22,69,109,1,0,0,0,0,0,0,0,0,0,0,0,0,0,0,0,0,0,0,0,0,0,80,116,79,92,116,104,397,1.0042,310,357,307,307,405,0,307,0,0,0,0,0,0,264,214,163,307,0,214,0,0,0,0,0,0,0,300,menacr01,menacr01,mena--000cri,,0,10,eol
19973,0,16,Arizona Diamondbacks,Major League Baseball,McCarthy,Jake,,31,30,7,1997,206,The United States,72403,Scranton,4,188,216,2,2,8,596,596,8,0,407,340,242,258,411,405,408,405,311,322,460,340,453,351,313,361,426,465,9,1,1,172,153,171,136,178,165,1,1,1,1,1,1,15,30,10,1,32,59,11,3,10,17,8,15,0,0,140,176,88,0,0,0,0,0,0,200,200,200,0,1,550,.255,20,10,8,32,81,9,0,0,0,0,0,0,0,0,0,0,0,0,0,0,0,0,0,0,0,0,0,5,120,36,175,120,105,1,1.0750,1,3,0,0,0,0,0,0,0,0,0,0,0,1,0,0,0,0,0,0,0,0,0,0,0,0,275,mccarja02,mccarja02,mccart005jac,,0,11,eol
18705,0,16,Arizona Diamondbacks,Major League Baseball,Curtiss,John,,46,5,4,1993,206,The United States,21777,Dallas,4,196,220,1,1,12,1107,1453,8,3,95,189,50,235,94,91,92,187,47,232,89,88,87,187,48,229,90,77,5,0,0,9,8,11,10,14,115,394,544,417,509,456,476,1,1,0,38,109,35,12,3,51,39,44,42,0,0,3,8,19,200,0,0,0,0,0,0,0,0,0,1,550,.275,0,0,18,20,75,1,0,0,0,0,0,0,0,0,0,0,0,0,0,0,0,0,0,0,0,0,0,84,59,101,184,119,130,271,.7398,356,152,231,0,305,0,0,0,0,0,0,0,0,185,315,0,388,0,0,0,0,0,0,0,0,0,417,curtijo02,curtijo02,curtis008joh,,0,12,eol
18742,0,16,Arizona Diamondbacks,Major League Baseball,DeSclafani,Anthony,Disco,21,18,4,1990,206,The United States,24860,Freehold,4,185,194,1,1,12,1419,1534,13,3,94,187,48,235,92,89,92,187,48,232,90,89,170,200,160,232,105,225,5,0,0,10,10,11,10,9,25,219,432,210,442,373,442,12,1,0,47,99,48,9,3,53,39,44,42,0,0,19,19,16,200,0,0,0,0,0,0,0,0,0,1,550,.286,0,0,32,37,103,12,0,0,0,0,0,0,0,0,0,0,0,0,0,0,0,0,0,0,0,0,0,117,111,171,95,118,74,375,1.2725,366,270,191,363,402,0,0,0,0,0,0,0,0,264,188,357,395,0,0,0,0,0,0,0,0,0,391,desclan01,desclan01,descla001ant,,0,9,eol
18802,0,16,Arizona Diamondbacks,Major League Baseball,Feyereisen,J.P.,,40,7,2,1993,206,The United States,76266,Stillwater,4,188,216,1,1,12,526,802,5,2,96,190,51,238,95,93,91,186,47,232,88,88,92,187,48,233,90,89,5,0,0,19,10,11,29,7,117,260,389,285,400,455,294,6,1,0,36,109,45,11,3,51,43,46,44,0,0,3,7,13,200,0,0,0,0,0,0,0,0,0,1,550,.309,0,0,27,46,90,6,0,0,0,0,0,0,0,0,0,0,0,0,0,0,0,0,0,0,0,0,0,174,98,109,71,78,66,320,1.0095,410,168,280,0,346,0,0,0,0,0,0,0,0,204,343,0,423,0,0,0,0,0,0,0,0,0,300,feyerjo01,feyerjo01,feyere000jp-,,0,11,eol
18806,0,16,Arizona Diamondbacks,Major League Baseball,McGough,Scott,Scooter,30,31,10,1989,206,The United States,59354,Pittsburgh,4,180,190,1,1,12,377,646,7,2,95,190,50,238,94,90,91,186,47,230,88,88,92,187,48,232,89,88,5,1,1,15,9,11,21,56,80,319,257,329,305,350,306,6,2,2,35,109,42,13,3,51,42,45,43,0,0,8,17,20,200,0,0,0,0,0,0,0,0,0,1,550,.275,0,0,23,74,94,6,0,0,0,0,0,0,0,0,0,0,0,0,0,0,0,0,0,0,0,0,0,73,85,93,81,86,158,338,.8472,412,163,334,0,0,0,0,266,0,0,0,0,0,200,417,0,0,0,0,337,0,0,0,0,0,0,407,mcgousc01,mcgousc01,mcgoug001sco,,0,13,eol
18963,0,16,Arizona Diamondbacks,Major League Baseball,Graveman,Kendall,,49,21,12,1990,206,The United States,1523,Alexander City,4,188,201,1,1,12,1424,1424,13,0,96,190,51,237,96,91,91,186,47,232,88,88,87,187,48,229,87,81,5,0,0,14,6,11,20,7,110,381,212,393,228,375,379,8,1,1,32,106,57,10,3,51,42,45,43,0,0,10,13,3,200,0,0,0,0,0,0,0,0,0,1,550,.290,0,0,12,96,57,8,0,0,0,0,0,0,0,0,0,0,0,0,0,0,0,0,0,0,0,0,0,134,113,154,83,53,154,217,1.0845,314,192,165,192,165,0,165,0,0,0,0,0,0,257,209,303,209,0,209,0,0,0,0,0,0,0,382,graveke01,graveke01,gravem000ken,,0,10,eol
19252,0,16,Arizona Diamondbacks,Major League Baseball,Burnes,Corbin,Burnsey,39,22,10,1994,206,The United States,6327,Bakersfield,4,191,245,1,1,11,1087,1286,10,2,92,187,48,232,90,89,92,187,47,233,89,88,120,127,49,243,101,141,5,0,0,27,7,11,46,15,115,403,354,387,417,405,411,4,4,3,164,91,53,16,3,50,16,35,41,0,0,9,1,12,200,0,0,0,0,0,0,0,0,0,1,550,.239,0,0,13,45,110,4,0,0,0,0,0,0,0,0,0,0,0,0,0,0,0,0,0,0,0,0,0,120,114,105,116,97,135,401,.9419,447,0,269,269,401,191,362,0,0,0,0,0,0,0,302,302,431,209,398,0,0,0,0,0,0,0,445,burneco01,burneco01,burnes000cor,,0,16,eol
19261,0,16,Arizona Diamondbacks,Major League Baseball,Ginkel,Kevin,,37,24,3,1994,206,The United States,69896,San Diego,4,193,236,2,1,12,933,933,8,0,86,182,44,219,83,84,94,188,50,238,93,90,92,187,48,233,90,89,5,0,0,9,6,11,10,8,51,460,388,483,393,458,364,8,6,0,33,114,46,13,4,51,40,44,43,0,0,4,4,16,200,0,0,0,0,0,0,0,0,0,1,550,.253,0,0,9,47,120,8,0,0,0,0,0,0,0,0,0,0,0,0,0,0,0,0,0,0,0,0,0,13,121,25,182,155,134,421,.8987,429,207,347,0,428,0,0,0,0,0,0,0,0,210,352,0,433,0,0,0,0,0,0,0,0,0,371,ginkeke01,ginkeke01,ginkel000kev,,0,13,eol
19268,0,16,Arizona Diamondbacks,Major League Baseball,Kelly,Merrill,,23,14,10,1988,206,The United States,32688,Houston,4,188,203,1,1,11,1020,1243,10,1,95,190,51,235,94,91,92,185,48,232,89,88,68,236,51,265,104,20,5,0,0,23,10,11,36,12,12,348,403,399,457,392,413,2,1,2,156,105,50,11,3,50,35,42,41,0,0,1,14,12,200,0,0,0,0,0,0,0,0,0,1,550,.248,0,0,15,38,102,2,0,0,0,0,0,0,0,0,0,0,0,0,0,0,0,0,0,0,0,0,0,88,79,127,49,72,93,371,1.4885,375,304,304,304,304,304,304,0,0,0,0,0,0,312,312,312,312,312,312,0,0,0,0,0,0,0,441,kellyme01,kellyme01,kelly-003ken,,0,11,eol
19275,0,16,Arizona Diamondbacks,Major League Baseball,McCann,James,McCannon,8,13,6,1990,206,The United States,70990,Santa Barbara,4,191,236,1,1,2,1770,2026,15,3,392,358,410,301,411,374,394,359,410,333,368,415,416,366,373,334,364,451,9,1,1,20,7,31,59,108,11,288,19,284,19,360,306,15,30,10,34,23,33,15,3,16,16,9,15,129,138,19,2,14,0,200,0,0,0,0,0,0,0,0,1,550,.261,25,0,17,35,117,9,0,0,0,0,0,0,0,0,0,0,0,0,0,0,0,0,0,0,0,0,0,125,95,91,114,12,102,2,1.0191,240,2,0,2,0,0,0,0,0,0,0,0,0,208,0,188,0,0,0,0,0,0,0,0,0,0,344,mccanja02,mccanja02,mccann002jam,,99,15,eol
19286,0,16,Arizona Diamondbacks,Major League Baseball,Moreno,Gabriel,,14,14,2,2000,210,Venezuela,7279,Barquisimeto,1,180,194,1,1,2,444,613,7,2,486,403,311,404,471,480,433,337,366,433,440,420,456,345,326,415,444,452,2,2,2,93,47,124,110,9,2,1,1,1,1,1,1,15,30,10,1,31,58,11,3,5,12,13,10,176,161,8,12,19,0,200,0,0,0,0,0,0,0,0,1,550,.288,27,2,11,59,81,2,0,0,0,0,0,0,0,0,0,0,0,0,0,0,0,0,0,0,0,0,0,33,170,86,191,88,125,1,.9302,1,3,0,0,0,0,0,0,0,0,0,0,0,1,0,0,0,0,0,0,0,0,0,0,0,0,276,morenga01,morenga01,moreno000gab,,97,11,eol
19290,0,16,Arizona Diamondbacks,Major League Baseball,Puk,A.J.,,33,25,4,1995,206,The United States,18112,Cedar Rapids,4,201,247,2,2,12,708,944,6,2,89,183,45,223,84,87,94,188,49,236,91,90,92,187,48,233,90,89,5,0,0,9,7,11,10,6,45,469,401,449,366,440,392,7,6,2,32,107,40,10,3,51,43,46,44,0,0,6,18,18,200,0,0,0,0,0,0,0,0,0,1,550,.236,0,0,12,51,148,7,0,0,0,0,0,0,0,0,0,0,0,0,0,0,0,0,0,0,0,0,0,125,109,55,182,74,104,477,.9159,468,234,327,0,0,432,388,473,0,0,0,0,0,229,322,0,0,426,380,464,0,0,0,0,0,0,395,pukaj01,pukaj01,puk---000aj-,,0,10,eol
19320,0,16,Arizona Diamondbacks,Major League Baseball,Thomas,Alek,,5,28,4,2000,206,The United States,81480,Tucson,5,180,185,2,2,8,516,668,5,2,432,411,294,283,400,454,390,390,346,287,366,411,403,388,323,288,400,408,4,1,1,132,127,147,121,185,7,1,1,1,1,1,1,15,30,10,1,16,58,11,4,4,7,12,3,0,0,140,141,96,0,0,0,0,0,0,0,200,0,0,1,550,.258,25,5,10,28,120,4,0,0,0,0,0,0,0,0,0,0,0,0,0,0,0,0,0,0,0,0,0,120,182,127,80,76,104,1,1.0250,1,3,0,0,0,0,0,0,0,0,0,0,0,1,0,0,0,0,0,0,0,0,0,0,0,0,273,thomaal01,thomaal01,thomas002ale,,0,11,eol
19329,0,16,Arizona Diamondbacks,Major League Baseball,Thompson,Ryan,,81,26,6,1992,206,The United States,81713,Turner,4,196,209,1,1,12,808,982,7,1,95,189,50,238,95,91,92,187,47,231,89,89,92,187,48,233,90,89,5,1,1,9,6,11,10,7,87,389,444,426,460,397,434,5,2,2,32,85,63,10,1,51,38,43,42,0,0,13,6,15,200,0,0,0,0,0,0,0,0,0,1,550,.267,0,0,10,34,94,5,0,0,0,0,0,0,0,0,0,0,0,0,0,0,0,0,0,0,0,0,0,75,73,174,93,94,80,338,1.1864,357,292,232,0,0,0,172,292,0,0,0,0,0,320,264,0,0,0,188,320,0,0,0,0,0,0,377,thompry02,thompry02,thomps005rya,,0,10,eol
19338,0,16,Arizona Diamondbacks,Major League Baseball,Pfaadt,Brandon,,32,15,10,1998,206,The United States,42078,Louisville,4,193,220,1,1,11,337,527,6,2,97,190,52,238,97,93,91,185,47,232,88,88,92,187,48,233,90,89,5,0,0,9,7,11,10,6,46,377,465,379,493,364,469,7,2,1,150,114,48,10,3,50,35,42,41,0,0,11,11,13,200,0,0,0,0,0,0,0,0,0,1,550,.289,0,0,15,28,96,7,0,0,0,0,0,0,0,0,0,0,0,0,0,0,0,0,0,0,0,0,0,124,108,92,114,126,90,347,1.5000,370,183,253,382,347,0,253,0,0,0,0,0,0,211,304,402,353,0,304,0,0,0,0,0,0,0,311,pfaadbr01,pfaadbr01,pfaadt001bra,,0,10,eol
19341,0,16,Arizona Diamondbacks,Major League Baseball,Martinez,Justin,,63,30,7,2001,56,Dominican Republic,10620,Bonao,5,191,181,1,1,12,215,317,3,1,96,191,51,244,96,91,91,185,47,229,88,88,92,187,48,233,90,89,5,0,0,17,6,11,27,15,39,489,257,507,286,477,249,12,6,1,36,109,66,13,3,51,42,45,43,0,0,15,20,19,200,0,0,0,0,0,0,0,0,0,1,550,.219,0,0,4,79,159,12,0,0,0,0,0,0,0,0,0,0,0,0,0,0,0,0,0,0,0,0,0,86,128,85,95,196,117,499,.9332,489,455,409,0,0,0,344,455,0,0,0,0,0,471,386,0,0,0,326,431,0,0,0,0,0,0,400,martiju01,martiju01,martin007jus,,0,13,eol
19915,0,16,Arizona Diamondbacks,Major League Baseball,Gurriel Jr.,Lourdes,Yunito,12,10,10,1993,49,Cuba,70730,Sancti Spíritus,5,193,216,1,1,7,1187,1434,8,2,434,331,392,317,481,376,394,396,408,315,452,317,439,395,400,317,443,427,5,2,2,110,103,143,106,7,8,1,1,1,1,1,1,15,30,10,1,3,54,12,3,20,16,15,5,0,0,89,120,110,0,0,0,0,0,0,200,0,0,0,1,550,.263,25,3,16,33,73,5,0,0,0,0,0,0,0,0,0,0,0,0,0,0,0,0,0,0,0,0,0,96,72,100,108,107,73,1,.9302,1,3,0,0,0,0,0,0,0,0,0,0,0,1,0,0,0,0,0,0,0,0,0,0,0,0,275,gurrilo01,gurrilo01,gourri000lou,,0,12,eol
19981,0,16,Arizona Diamondbacks,Major League Baseball,Barrosa,Jorge,,1,17,2,2001,210,Venezuela,61321,Puerto Cabello,5,168,165,3,2,8,40,50,3,0,240,465,296,248,347,105,251,470,305,262,358,109,279,439,322,299,362,163,5,0,0,104,47,172,99,108,5,4,1,4,1,8,1,15,30,10,1,4,53,11,3,10,9,8,20,0,0,140,100,118,0,0,0,0,0,0,88,200,85,0,1,550,.168,22,2,8,24,127,5,0,0,0,0,0,0,0,0,0,0,0,0,0,0,0,0,0,0,0,0,0,91,106,104,124,126,96,1,1.0750,1,3,0,0,0,0,0,0,0,0,0,0,0,1,0,0,0,0,0,0,0,0,0,0,0,0,265,barrojo01,barrojo01,barros001jor,,0,11,eol
20034,0,16,Arizona Diamondbacks,Major League Baseball,Alexander,Blaze,,9,11,6,1999,206,The United States,17239,Cape Coral,4,180,161,1,1,5,89,89,2,0,429,442,395,433,316,501,373,402,341,395,263,446,401,388,346,406,303,465,16,2,2,110,142,124,124,161,16,1,1,1,1,1,1,15,30,10,1,49,58,11,3,104,91,133,78,0,0,20,5,1,0,0,0,188,200,200,0,0,0,0,1,550,.254,29,2,11,52,156,16,0,0,0,0,0,0,0,0,0,0,0,0,0,0,0,0,0,0,0,0,0,107,88,110,87,129,50,1,.9302,1,3,0,0,0,0,0,0,0,0,0,0,0,1,0,0,0,0,0,0,0,0,0,0,0,0,276,alexabl01,alexabl01,alexan001bla,,0,11,eol
20324,0,16,Arizona Diamondbacks,Major League Baseball,Rodriguez,Eduardo,El Gualo,57,7,4,1993,210,Venezuela,83920,Valencia,5,188,231,2,2,11,1521,1521,11,0,89,183,45,229,85,86,94,189,49,234,92,90,69,187,50,212,96,30,5,0,0,9,6,11,10,6,34,397,409,364,361,418,384,1,3,1,141,122,44,13,3,58,35,44,41,0,0,17,18,4,200,0,0,0,0,0,0,0,0,0,1,550,.291,0,0,17,51,98,1,0,0,0,0,0,0,0,0,0,0,0,0,0,0,0,0,0,0,0,0,0,109,122,74,121,129,109,354,1.3774,407,167,314,0,314,221,314,0,0,0,0,0,0,212,404,0,356,306,356,0,0,0,0,0,0,0,308,rodried05,rodried05,rodrig006edu,,0,13,eol
20184,0,16,Arizona Diamondbacks,Major League Baseball,Brigham,Jeff,,34,16,2,1992,206,The United States,25344,Federal Way,4,183,194,1,1,12,698,698,7,0,96,190,51,237,97,92,91,186,47,231,88,88,98,176,48,230,91,102,5,2,2,9,7,11,10,6,11,303,317,319,324,347,305,1,1,0,30,109,43,11,3,51,43,46,44,0,0,20,14,11,200,0,0,0,0,0,0,0,0,0,1,550,.283,0,0,23,64,72,1,0,0,0,0,0,0,0,0,0,0,0,0,0,0,0,0,0,0,0,0,0,19,127,34,171,114,129,261,1.0084,422,180,213,0,0,247,0,0,0,0,0,0,0,308,358,0,0,440,0,0,0,0,0,0,0,0,420,brighje01,brighje01,brigha000jef,,0,11,eol
20370,0,16,Arizona Diamondbacks,Major League Baseball,Suárez,Eugenio,Nicolle,28,18,7,1991,210,Venezuela,13872,Ciudad Guayana,5,180,214,1,1,5,1892,1959,12,1,302,427,506,411,263,329,317,472,476,348,325,311,403,352,461,451,360,433,10,3,2,67,33,145,103,9,5,4,1,4,1,8,1,15,30,10,1,1,53,11,3,85,139,117,74,0,0,11,8,1,0,0,0,0,200,0,0,0,0,0,1,550,.245,28,0,32,43,143,10,0,0,0,0,0,0,0,0,0,0,0,0,0,0,0,0,0,0,0,0,0,75,80,129,85,119,196,1,.9302,1,3,0,0,0,0,0,0,0,0,0,0,0,1,0,0,0,0,0,0,0,0,0,0,0,0,272,suareeu01,suareeu01,suarez001eug,,0,11,eol
20975,0,16,Arizona Diamondbacks,Major League Baseball,Carroll,Corbin,,7,21,8,2000,206,The United States,72460,Seattle,4,178,165,2,2,8,516,516,5,0,377,566,417,428,395,364,373,547,444,445,395,355,411,545,435,426,395,424,6,0,0,176,183,186,126,54,20,4,1,4,1,8,1,15,30,10,1,50,53,8,3,10,8,4,13,0,0,112,220,135,0,0,0,0,0,0,0,200,200,0,1,550,.258,31,16,22,64,112,6,0,0,0,0,0,0,0,0,0,0,0,0,0,0,0,0,0,0,0,0,0,165,51,114,106,80,22,1,1.0750,1,3,0,0,0,0,0,0,0,0,0,0,0,1,0,0,0,0,0,0,0,0,0,0,0,0,268,carroco02,carroco02,carrol000cor,,0,8,eol
20986,0,16,Arizona Diamondbacks,Major League Baseball,Tawa,Tim,,13,7,4,1999,206,The United States,86323,West Linn,4,180,196,1,1,4,0,0,2,0,322,352,356,380,351,295,272,406,408,425,310,235,303,377,393,405,330,269,2,1,1,96,168,177,133,140,10,1,1,1,1,1,1,15,30,10,1,41,57,13,3,104,95,59,109,0,0,140,100,118,0,0,153,200,0,0,85,200,0,0,1,550,.210,23,0,15,55,141,2,0,0,0,0,0,0,0,0,0,0,0,0,0,0,0,0,0,0,0,0,0,89,108,27,101,91,139,1,.9302,1,3,0,0,0,0,0,0,0,0,0,0,0,1,0,0,0,0,0,0,0,0,0,0,0,0,274,tawati01,tawati01,tawa--000tim,,0,13,eol
19419,0,16,Arizona Diamondbacks,Major League Baseball,Montes de Oca,Christian,,59,30,8,1999,56,Dominican Republic,71432,Santo Domingo,1,193,229,1,1,12,0,0,2,0,94,188,50,237,92,91,92,187,47,232,89,88,92,187,48,233,90,89,5,0,0,9,6,11,10,13,27,313,274,332,286,305,282,6,6,5,48,109,50,12,3,51,44,46,44,0,0,4,6,10,200,0,0,0,0,0,0,0,0,0,1,550,.286,0,0,19,76,76,6,0,0,0,0,0,0,0,0,0,0,0,0,0,0,0,0,0,0,0,0,0,8,160,90,197,119,150,274,1.0147,270,218,218,0,271,0,218,0,0,0,0,0,0,215,215,0,267,0,215,0,0,0,0,0,0,0,388,montech01,montech01,montes003chr,,0,12,eol
20275,0,16,Arizona Diamondbacks,Major League Baseball,Nelson,Ryne,,19,1,2,1998,206,The United States,31397,Henderson,4,191,183,1,1,11,484,590,5,2,110,169,48,232,95,124,108,168,48,232,93,122,101,177,48,232,92,106,5,2,2,13,7,11,17,47,95,428,426,408,455,403,435,4,2,0,154,163,46,11,3,50,35,42,41,0,0,20,2,6,200,0,0,0,0,0,0,0,0,0,1,550,.257,0,0,13,36,96,4,0,0,0,0,0,0,0,0,0,0,0,0,0,0,0,0,0,0,0,0,0,100,73,111,108,61,82,347,1.4969,318,194,276,369,329,276,0,0,0,0,0,0,0,163,264,332,307,213,0,0,0,0,0,0,0,0,417,nelsory01,nelsory01,nelson002ryn,,0,11,eol
20290,0,16,Arizona Diamondbacks,Major League Baseball,Smith,Pavin,,26,6,2,1996,206,The United States,35822,Jupiter,4,188,209,2,2,9,792,792,8,0,422,456,383,450,321,488,417,518,428,512,277,501,405,415,373,457,368,431,0,0,0,74,67,121,86,7,12,288,1,285,1,148,2,15,30,10,34,31,33,16,3,59,43,51,52,0,0,89,119,122,0,0,200,0,0,0,126,0,200,0,1,550,.282,42,2,18,86,152,0,0,0,0,0,0,0,0,0,0,0,0,0,0,0,0,0,0,0,0,0,0,106,52,56,71,104,100,1,.9938,2,1,0,0,0,0,0,0,0,0,1,0,0,2,0,0,0,0,0,0,0,0,2,0,0,0,335,smithpa04,smithpa04,smith-000pav,,0,16,eol
20506,0,16,Arizona Diamondbacks,Major League Baseball,Beeks,Jalen,Beeker,68,10,7,1993,206,The United States,60804,Prairie Grove,4,180,216,2,2,12,1018,1018,7,1,86,182,44,226,82,85,94,189,50,235,92,90,87,187,48,229,90,77,5,0,0,14,7,11,19,12,102,441,391,435,381,438,362,5,6,1,32,137,48,7,3,50,36,42,42,0,0,3,4,20,200,0,0,0,0,0,0,0,0,0,1,550,.268,0,0,11,49,93,5,0,0,0,0,0,0,0,0,0,0,0,0,0,0,0,0,0,0,0,0,0,127,122,90,95,73,116,333,.8495,380,179,0,374,307,340,0,0,0,0,0,0,0,201,0,419,339,384,0,0,0,0,0,0,0,0,380,beeksja02,beeksja02,beeks-000jal,,0,7,eol
// Colorado Rockies, ID = 20
20552,0,20,Colorado Rockies,Major League Baseball,Fernandez,Yanquiel,,35,1,1,2003,49,Cuba,31031,Havana,1,188,198,2,2,9,0,0,1,0,345,328,359,310,318,376,352,331,369,314,327,381,341,332,367,332,335,352,0,3,2,16,8,11,55,51,9,4,1,4,1,8,1,15,30,10,1,36,53,10,3,8,3,10,12,0,0,104,100,128,0,0,0,0,0,0,75,0,200,0,1,550,.235,21,0,12,32,140,0,0,0,0,0,0,0,0,0,0,0,0,0,0,0,0,0,0,0,0,0,0,108,79,125,98,86,117,1,1.0750,1,3,0,0,0,0,0,0,0,0,0,0,0,1,0,0,0,0,0,0,0,0,0,0,0,0,271,fernaya01,fernaya01,fernan001yan,,0,10,eol
20633,0,20,Colorado Rockies,Major League Baseball,Hilliard,Sam,,16,21,2,1994,206,The United States,47811,Mansfield,4,193,238,2,2,7,884,1002,7,1,367,570,482,460,205,460,332,513,439,476,187,422,333,462,433,426,258,394,0,2,2,159,175,153,132,147,4,1,1,1,1,1,1,15,30,10,1,3,56,12,4,6,13,14,6,0,0,89,96,101,0,0,0,0,0,0,200,200,168,0,1,550,.242,28,10,25,75,185,0,0,0,0,0,0,0,0,0,0,0,0,0,0,0,0,0,0,0,0,0,0,94,155,98,30,97,78,1,1.0250,1,3,0,0,0,0,0,0,0,0,0,0,0,1,0,0,0,0,0,0,0,0,0,0,0,0,274,hillisa01,hillisa01,hillia000sam,,0,12,eol
18520,0,20,Colorado Rockies,Major League Baseball,Martini,Nick,,35,27,6,1990,206,The United States,15809,Crystal Lake,4,180,205,2,2,9,740,983,6,2,346,353,303,338,418,254,357,360,315,353,430,262,407,382,332,420,410,407,5,0,0,99,63,88,83,36,5,1,1,1,1,1,1,15,30,10,1,26,57,11,4,3,16,2,18,0,0,104,100,128,0,0,0,0,0,0,75,0,200,0,1,550,.226,19,4,8,39,93,5,0,0,0,0,0,0,0,0,0,0,0,0,0,0,0,0,0,0,0,0,0,114,190,106,97,94,97,1,1.0250,1,3,0,0,0,0,0,0,0,0,0,0,0,1,0,0,0,0,0,0,0,0,0,0,0,0,271,martini02,martini02,martin007nic,,0,11,eol
20232,0,20,Colorado Rockies,Major League Baseball,Mejia,Juan,,47,4,7,2000,56,Dominican Republic,71432,Santo Domingo,1,191,201,1,1,12,0,0,4,0,94,190,49,239,92,90,92,186,47,231,89,89,92,187,48,233,90,89,5,0,0,9,6,11,10,14,10,440,339,455,352,449,343,12,5,0,37,109,44,12,3,50,36,42,41,0,0,13,4,19,200,0,0,0,0,0,0,0,0,0,1,550,.245,0,0,11,58,128,12,0,0,0,0,0,0,0,0,0,0,0,0,0,0,0,0,0,0,0,0,0,124,79,91,71,67,115,437,1.0607,442,381,323,0,427,0,0,0,0,0,0,0,0,353,304,0,434,0,0,0,0,0,0,0,0,0,400,mejiaju01,mejiaju01,mejia-007jua,,0,12,eol
20277,0,20,Colorado Rockies,Major League Baseball,Molina,Anthony,,43,12,1,2002,210,Venezuela,70110,San Joaquín,5,185,170,1,1,12,45,114,5,0,95,190,50,240,94,90,92,186,47,230,89,89,92,187,48,233,90,89,5,0,0,10,10,11,10,14,119,277,441,302,467,342,425,6,6,2,47,109,48,8,3,51,39,44,42,0,0,15,14,19,200,0,0,0,0,0,0,0,0,0,1,550,.314,0,0,23,33,71,6,0,0,0,0,0,0,0,0,0,0,0,0,0,0,0,0,0,0,0,0,0,75,95,129,128,153,71,259,.9908,267,221,221,275,221,0,0,0,0,0,0,0,0,200,243,287,200,0,0,0,0,0,0,0,0,0,307,molinan01,molinan01,molina004ant,,0,8,eol
20282,0,20,Colorado Rockies,Major League Baseball,Senzatela,Antonio,Senze,49,21,1,1995,210,Venezuela,83920,Valencia,5,185,236,1,1,11,1337,1635,10,3,95,191,50,237,94,91,91,186,47,232,88,88,82,261,52,178,100,56,5,0,0,33,9,11,56,7,111,337,400,336,386,402,417,7,6,1,129,128,53,6,3,53,35,43,41,0,0,11,6,1,200,0,0,0,0,0,0,0,0,0,1,550,.338,0,0,17,46,56,7,0,0,0,0,0,0,0,0,0,0,0,0,0,0,0,0,0,0,0,0,0,79,91,71,86,71,96,215,1.2908,257,159,205,251,205,0,251,0,0,0,0,0,0,178,244,305,244,0,305,0,0,0,0,0,0,0,139,senzaan01,senzaan01,senzat000ant,,0,6,eol
20384,0,20,Colorado Rockies,Major League Baseball,Tovar,Ezequiel,,14,1,8,2001,210,Venezuela,47991,Maracay,5,183,161,1,1,6,458,765,7,2,430,442,334,314,348,483,416,481,401,246,358,455,433,491,414,218,341,493,2,2,2,128,120,125,131,177,96,1,1,1,1,1,1,15,30,10,1,41,56,9,4,118,185,147,138,0,0,19,6,19,0,0,0,0,0,200,0,0,0,0,1,550,.276,34,6,13,25,127,2,0,0,0,0,0,0,0,0,0,0,0,0,0,0,0,0,0,0,0,0,0,101,150,128,81,199,146,1,.9756,1,3,0,0,0,0,0,0,0,0,0,0,0,1,0,0,0,0,0,0,0,0,0,0,0,0,275,tovarez01,tovarez01,tovar-000eze,,0,9,eol
20851,0,20,Colorado Rockies,Major League Baseball,Halvorsen,Seth,,54,18,2,2000,206,The United States,13181,Chicago,4,188,225,1,1,13,105,105,5,0,93,188,49,236,90,90,92,187,48,232,90,89,92,187,48,233,90,89,5,2,2,20,7,11,32,14,105,264,307,284,311,275,320,2,6,2,33,109,60,12,4,51,38,43,42,0,0,8,3,12,200,0,0,0,0,0,0,0,0,0,1,550,.267,0,0,20,67,107,2,0,0,0,0,0,0,0,0,0,0,0,0,0,0,0,0,0,0,0,0,0,102,99,123,80,73,118,390,.9963,403,200,417,0,337,0,0,0,0,0,0,0,0,205,425,0,345,0,0,0,0,0,0,0,0,0,400,halvose01,halvose01,halvor000set,,0,12,eol
20143,0,20,Colorado Rockies,Major League Baseball,Romo,Drew,,3,29,8,2001,206,The United States,79572,The Woodlands,4,185,205,3,1,2,4,123,4,1,282,383,310,323,306,260,297,392,322,335,316,271,299,388,322,335,326,263,4,2,2,31,26,11,44,57,11,1,1,1,1,1,1,15,30,10,1,6,59,13,4,2,17,9,3,108,109,18,5,6,0,200,0,0,0,0,0,0,0,0,1,550,.204,22,0,9,36,144,4,0,0,0,0,0,0,0,0,0,0,0,0,0,0,0,0,0,0,0,0,0,176,78,75,74,115,101,1,.9756,1,3,0,0,0,0,0,0,0,0,0,0,0,1,0,0,0,0,0,0,0,0,0,0,0,0,278,romodr01,romodr01,romo--000dre,,109,13,eol
20141,0,20,Colorado Rockies,Major League Baseball,Peralta,Luis,,41,6,1,2001,56,Dominican Republic,50912,Moca,1,180,170,2,2,12,55,321,4,2,88,183,44,220,84,86,94,189,49,238,92,90,92,187,48,233,90,89,5,0,0,16,9,11,23,9,77,408,185,364,173,410,201,12,6,5,30,109,30,12,3,51,41,45,43,0,0,10,4,19,200,0,0,0,0,0,0,0,0,0,1,550,.279,0,0,25,111,98,12,0,0,0,0,0,0,0,0,0,0,0,0,0,0,0,0,0,0,0,0,0,186,30,161,120,111,40,353,.9735,391,254,383,0,0,0,0,0,0,0,0,0,0,280,411,0,0,0,0,0,0,0,0,0,0,0,400,perallu01,perallu01,peralt003lui,,0,12,eol
20344,0,20,Colorado Rockies,Major League Baseball,Marquez,German,Marquee,48,22,2,1995,210,Venezuela,13872,Ciudad Guayana,5,185,225,1,1,12,1506,1506,12,0,95,188,49,235,93,91,92,187,47,233,89,89,410,379,214,1,371,437,5,0,0,14,9,11,19,13,52,363,352,376,400,409,418,6,6,0,130,110,42,10,3,42,35,39,41,0,0,6,8,13,200,0,0,0,0,0,0,0,0,0,1,550,.315,0,0,18,50,69,6,0,0,0,0,0,0,0,0,0,0,0,0,0,0,0,0,0,0,0,0,0,120,87,187,77,111,96,254,.8947,387,125,207,207,238,0,238,0,0,0,0,0,0,234,327,327,388,0,388,0,0,0,0,0,0,0,269,marquge01,marquge01,marque000ger,,0,10,eol
20502,0,20,Colorado Rockies,Major League Baseball,McMahon,Ryan,McDoogle,19,14,12,1994,206,The United States,88071,Yorba Linda,4,188,207,2,1,5,1376,1615,11,3,364,363,373,466,293,422,348,422,414,458,273,410,396,412,412,435,339,435,3,1,1,55,43,121,69,8,14,1,1,1,1,1,1,15,30,10,1,9,58,14,3,126,137,151,70,0,0,5,2,8,0,0,0,0,200,0,0,0,0,0,1,550,.240,27,1,16,71,157,3,0,0,0,0,0,0,0,0,0,0,0,0,0,0,0,0,0,0,0,0,0,82,81,97,114,130,113,1,.9302,1,3,0,0,0,0,0,0,0,0,0,0,0,1,0,0,0,0,0,0,0,0,0,0,0,0,279,mcmahry01,mcmahry01,mcmaho000rya,,0,14,eol
20751,0,20,Colorado Rockies,Major League Baseball,Bernabel,Warming,,25,6,6,2002,56,Dominican Republic,6729,Baní,5,185,181,1,1,3,0,0,2,0,402,472,372,293,456,330,393,466,362,288,446,325,370,422,367,319,418,319,0,2,2,116,90,115,126,51,5,1,1,1,1,1,1,15,30,10,1,44,59,10,3,64,43,54,56,0,0,4,7,12,0,0,200,0,0,0,0,0,0,0,1,550,.254,31,5,12,28,80,0,0,0,0,0,0,0,0,0,0,0,0,0,0,0,0,0,0,0,0,0,0,28,168,5,133,75,83,1,.9302,1,3,0,0,0,0,0,0,0,0,0,0,0,1,0,0,0,0,0,0,0,0,0,0,0,0,278,bernawa01,bernawa01,bernab000war,,0,10,eol
20771,0,20,Colorado Rockies,Major League Baseball,Fulford,Braxton,,37,9,12,1998,206,The United States,41565,Lubbock,4,178,190,1,1,2,0,0,3,0,377,507,216,339,314,428,370,506,208,330,308,423,340,445,304,346,329,354,8,0,0,148,38,171,120,60,11,1,1,1,1,1,1,15,30,10,1,8,54,10,4,8,17,12,17,74,99,7,16,14,0,200,0,0,0,0,0,0,0,0,1,550,.236,26,14,4,36,146,8,0,0,0,0,0,0,0,0,0,0,0,0,0,0,0,0,0,0,0,0,0,24,119,145,109,129,116,1,.9756,1,3,0,0,0,0,0,0,0,0,0,0,0,1,0,0,0,0,0,0,0,0,0,0,0,0,271,fulfobr01,fulfobr01,fulfor000bra,,104,10,eol
20813,0,20,Colorado Rockies,Major League Baseball,Estrada,Thairo,,39,22,2,1996,210,Venezuela,91209,Bejuma,5,178,190,1,1,4,907,1245,7,2,363,348,302,192,451,236,380,411,332,218,441,307,428,359,371,317,435,416,6,1,1,97,114,97,118,7,13,1,1,1,1,1,1,15,30,10,1,6,58,11,3,106,118,61,137,0,0,3,7,6,0,0,0,200,0,0,0,0,0,0,1,550,.241,27,2,9,18,84,6,0,0,0,0,0,0,0,0,0,0,0,0,0,0,0,0,0,0,0,0,0,82,148,20,85,129,73,1,.9302,1,3,0,0,0,0,0,0,0,0,0,0,0,1,0,0,0,0,0,0,0,0,0,0,0,0,276,estrath01,estrath01,estrad000tha,,0,11,eol
20705,0,20,Colorado Rockies,Major League Baseball,Rolison,Ryan,,50,11,7,1997,206,The United States,34768,Jackson,4,188,214,1,2,12,0,0,4,0,92,187,48,234,89,90,92,187,48,233,90,89,92,187,48,233,90,89,5,2,2,9,6,11,10,9,62,203,325,195,321,200,325,1,3,3,40,109,59,11,3,51,38,43,42,0,0,6,1,12,200,0,0,0,0,0,0,0,0,0,1,550,.301,0,0,27,64,63,1,0,0,0,0,0,0,0,0,0,0,0,0,0,0,0,0,0,0,0,0,0,74,41,91,105,130,76,235,.9799,239,194,194,194,234,0,0,0,0,0,0,0,0,197,197,197,239,0,0,0,0,0,0,0,0,0,400,rolisry01,rolisry01,roliso000rya,,0,11,eol
19533,0,20,Colorado Rockies,Major League Baseball,Agnos,Zach,,36,15,8,2000,206,The United States,31116,Haymarket,4,183,209,1,1,12,0,0,3,0,96,191,51,236,96,92,92,186,47,231,88,89,92,187,48,233,90,89,5,0,0,9,8,11,10,15,42,347,274,357,278,355,278,1,6,0,35,109,48,13,3,51,40,44,42,0,0,16,9,7,200,0,0,0,0,0,0,0,0,0,1,550,.285,0,0,18,78,68,1,0,0,0,0,0,0,0,0,0,0,0,0,0,0,0,0,0,0,0,0,0,80,34,89,176,97,86,251,1.0246,255,180,180,0,180,214,0,0,0,0,0,0,0,183,183,0,183,218,0,0,0,0,0,0,0,0,400,agnosza01,agnosza01,agnos-000zac,,0,13,eol
19539,0,20,Colorado Rockies,Major League Baseball,Beck,Jordan,,27,19,4,2001,206,The United States,31140,Hazel Green,4,188,225,1,1,7,172,172,5,0,421,427,377,370,258,512,400,407,355,363,318,453,405,410,354,363,305,470,3,2,0,136,165,153,124,7,9,4,1,4,1,8,1,15,30,10,1,25,53,12,3,14,16,16,17,0,0,89,93,113,0,0,0,0,0,0,200,0,195,0,1,550,.266,28,5,12,42,146,3,0,0,0,0,0,0,0,0,0,0,0,0,0,0,0,0,0,0,0,0,0,135,109,128,128,87,177,1,.9302,1,3,0,0,0,0,0,0,0,0,0,0,0,1,0,0,0,0,0,0,0,0,0,0,0,0,275,beckjo01,beckjo01,beck--001jor,,0,12,eol
19944,0,20,Colorado Rockies,Major League Baseball,Trejo,Alan,,31,30,5,1996,206,The United States,21433,Downey,5,188,205,1,1,4,533,743,7,2,282,253,36,190,414,86,316,319,54,205,437,129,372,348,309,310,401,347,3,0,0,21,8,11,72,122,65,271,293,270,293,200,314,6,6,5,34,109,57,12,3,75,87,81,122,0,0,5,12,5,0,0,0,200,200,200,0,0,0,0,1,550,.175,15,0,0,16,90,3,0,0,0,0,0,0,0,0,0,0,0,0,0,0,0,0,0,0,0,0,0,157,34,139,113,120,44,243,1.0003,246,224,0,0,224,0,0,0,0,0,0,0,0,224,0,0,232,0,0,0,0,0,0,0,0,0,376,trejoal01,trejoal01,trejo-000ala,,0,12,eol
19978,0,20,Colorado Rockies,Major League Baseball,Schunk,Aaron,,30,24,7,1997,206,The United States,4704,Atlanta,4,188,205,1,1,4,19,157,5,1,327,283,273,220,312,344,355,313,308,252,337,376,352,309,323,287,334,375,2,2,1,71,70,60,77,123,15,1,1,1,1,1,1,15,30,10,1,16,55,12,3,108,109,81,117,0,0,6,19,8,0,0,0,200,200,200,0,0,0,0,1,550,.228,18,1,8,22,137,2,0,0,0,0,0,0,0,0,0,0,0,0,0,0,0,0,0,0,0,0,0,119,75,108,197,119,109,1,.9302,1,3,0,0,0,0,0,0,0,0,0,0,0,1,0,0,0,0,0,0,0,0,0,0,0,0,276,schunaa01,schunaa01,schunk000aar,,0,12,eol
20089,0,20,Colorado Rockies,Major League Baseball,Dollander,Chase,,32,26,10,2001,206,The United States,24308,Evans,4,188,201,1,1,11,0,0,4,0,96,191,51,244,96,92,91,186,47,230,87,89,92,187,48,233,90,89,5,2,2,9,6,11,10,14,9,319,278,332,307,336,312,9,3,0,125,109,48,9,3,50,35,42,41,0,0,12,12,5,200,0,0,0,0,0,0,0,0,0,1,550,.275,0,0,20,70,92,9,0,0,0,0,0,0,0,0,0,0,0,0,0,0,0,0,0,0,0,0,0,146,15,108,44,122,1,331,1.1718,338,188,263,395,319,0,0,0,0,0,0,0,0,192,271,403,325,0,0,0,0,0,0,0,0,0,400,dollach01,dollach01,dollan000cha,,0,9,eol
18676,0,20,Colorado Rockies,Major League Baseball,Bouchard,Sean,,12,16,5,1996,206,The United States,69896,San Diego,4,191,216,1,1,9,382,571,5,2,242,429,301,422,208,281,298,417,236,446,248,330,382,455,397,506,272,454,4,0,0,153,137,156,128,104,12,1,1,1,1,1,1,15,30,10,1,9,59,13,3,10,11,15,18,0,0,104,100,128,0,0,0,0,0,0,81,0,200,0,1,550,.198,18,7,6,64,170,4,0,0,0,0,0,0,0,0,0,0,0,0,0,0,0,0,0,0,0,0,0,117,81,146,76,81,72,1,.9302,1,3,0,0,0,0,0,0,0,0,0,0,0,1,0,0,0,0,0,0,0,0,0,0,0,0,280,bouchse01,bouchse01,boucha000sea,,0,13,eol
18975,0,20,Colorado Rockies,Major League Baseball,Darnell,Dugan,,52,26,6,1997,206,The United States,56290,Northville,4,188,205,2,1,12,0,0,1,0,88,182,45,229,84,86,94,188,49,234,92,89,92,187,48,233,90,89,5,0,0,31,6,11,54,14,89,372,271,403,286,377,299,1,1,0,41,109,50,12,3,51,42,45,43,0,0,10,17,4,200,0,0,0,0,0,0,0,0,0,1,550,.304,0,0,14,76,72,1,0,0,0,0,0,0,0,0,0,0,0,0,0,0,0,0,0,0,0,0,0,113,114,124,121,52,126,264,1.0077,288,152,270,0,0,0,0,191,0,0,0,0,0,156,288,0,0,0,0,200,0,0,0,0,0,0,300,darnedu01,darnedu01,darnel000dug,,0,12,eol
18968,0,20,Colorado Rockies,Major League Baseball,Anderson,Nick,,61,5,7,1990,206,The United States,11338,Brainerd,4,196,194,1,1,12,718,771,7,2,94,189,49,237,91,90,92,186,47,231,89,89,92,187,48,233,90,89,5,0,0,9,8,11,10,10,49,308,431,315,424,399,403,2,2,0,35,109,50,14,3,51,42,45,43,0,0,7,20,4,200,0,0,0,0,0,0,0,0,0,1,550,.280,0,0,20,39,84,2,0,0,0,0,0,0,0,0,0,0,0,0,0,0,0,0,0,0,0,0,0,141,131,78,73,17,92,297,.9474,476,201,245,0,317,0,0,0,0,0,0,0,0,321,378,0,462,0,0,0,0,0,0,0,0,0,401,anderni01,anderni01,anders003nic,,0,14,eol
19251,0,20,Colorado Rockies,Major League Baseball,Kinley,Tyler,,40,31,1,1991,206,The United States,112481,Plantation,4,193,220,1,1,12,1204,1204,8,0,94,189,50,235,93,90,92,186,48,232,90,88,92,187,48,232,89,88,5,0,0,9,7,11,10,11,118,425,310,449,341,430,310,5,6,1,33,99,42,14,3,50,35,42,41,0,0,15,4,13,200,0,0,0,0,0,0,0,0,0,1,550,.242,0,0,12,63,121,5,0,0,0,0,0,0,0,0,0,0,0,0,0,0,0,0,0,0,0,0,0,120,88,25,122,110,120,423,.9603,416,337,200,0,417,0,0,0,0,0,0,0,0,333,197,0,412,0,0,0,0,0,0,0,0,0,421,kinlety01,kinlety01,kinley000tyl,,0,14,eol
20233,0,20,Colorado Rockies,Major League Baseball,Toglia,Michael,,4,16,8,1998,206,The United States,58739,Phoenix,4,196,227,3,2,3,450,585,4,2,269,529,445,375,233,305,298,470,420,431,202,358,300,486,422,419,242,338,1,2,2,117,70,166,118,7,11,1,1,1,1,1,1,15,30,10,1,38,56,9,4,51,43,56,74,0,0,90,119,122,0,0,200,0,0,0,0,0,200,0,1,550,.217,26,4,20,57,179,1,0,0,0,0,0,0,0,0,0,0,0,0,0,0,0,0,0,0,0,0,0,117,65,113,97,115,55,1,1.0250,1,3,0,0,0,0,0,0,0,0,0,0,0,1,0,0,0,0,0,0,0,0,0,0,0,0,275,toglimi01,toglimi01,toglia000mic,,0,9,eol
20253,0,20,Colorado Rockies,Major League Baseball,Hiura,Keston,,7,2,8,1996,206,The United States,41955,Los Angeles,2,180,207,1,1,3,698,995,7,3,314,379,273,329,283,340,311,319,323,268,333,285,406,430,433,367,256,493,16,2,2,104,117,115,93,7,1,1,1,1,1,1,1,15,30,10,1,17,55,13,4,72,47,61,68,0,0,3,8,20,0,0,200,200,0,0,0,0,0,0,1,550,.214,18,2,8,29,140,16,0,0,0,0,0,0,0,0,0,0,0,0,0,0,0,0,0,0,0,0,0,75,83,57,181,113,198,1,.9756,1,3,0,0,0,0,0,0,0,0,0,0,0,1,0,0,0,0,0,0,0,0,0,0,0,0,273,hiurake01,hiurake01,hiura-000kes,,0,13,eol
20857,0,20,Colorado Rockies,Major League Baseball,Farmer,Kyle,,6,17,8,1990,206,The United States,4704,Atlanta,4,183,214,1,1,4,1320,1449,11,2,352,400,403,345,413,286,352,449,338,334,409,292,420,352,376,298,435,405,8,2,2,65,88,93,95,6,16,251,328,244,326,287,328,1,1,1,40,41,54,11,3,94,162,84,120,0,0,4,13,12,0,0,146,200,200,200,0,0,0,0,1,550,.233,30,1,11,37,103,8,0,0,0,0,0,0,0,0,0,0,0,0,0,0,0,0,0,0,0,0,0,97,86,92,75,80,120,206,1.0155,213,0,0,0,196,196,0,0,0,0,0,0,0,0,0,0,199,206,0,0,0,0,0,0,0,0,375,farmeky01,farmeky01,farmer000kyl,,0,11,eol
18479,0,20,Colorado Rockies,Major League Baseball,Nola,Austin,,20,28,12,1989,206,The United States,7611,Baton Rouge,4,183,194,1,1,2,706,940,7,2,337,341,320,325,415,234,316,315,294,344,409,186,408,355,313,410,442,367,3,0,0,43,8,11,77,136,2,295,335,286,334,314,309,15,30,10,34,15,35,19,3,9,16,13,17,74,99,7,1,19,0,200,0,0,0,0,0,0,0,0,1,550,.206,17,0,8,37,103,3,0,0,0,0,0,0,0,0,0,0,0,0,0,0,0,0,0,0,0,0,0,32,189,78,169,125,91,217,.9792,238,0,0,161,0,185,0,0,0,0,0,0,0,0,0,176,0,204,0,0,0,0,0,0,0,0,389,nolaau01,nolaau01,nola--001aus,,87,19,eol
19200,0,20,Colorado Rockies,Major League Baseball,Gomber,Austin,Big G,26,23,11,1993,206,The United States,86836,Winter Garden,4,196,220,2,2,11,920,1143,7,1,86,182,44,227,82,84,94,188,50,235,92,90,103,195,49,223,109,92,5,1,1,19,8,11,29,14,103,304,470,324,446,364,419,1,5,1,143,115,43,8,4,50,36,42,42,0,0,4,2,2,200,0,0,0,0,0,0,0,0,0,1,550,.299,0,0,23,34,69,1,0,0,0,0,0,0,0,0,0,0,0,0,0,0,0,0,0,0,0,0,0,82,72,26,77,119,102,252,.8974,293,160,300,207,254,0,0,0,0,0,0,0,0,177,335,241,303,0,0,0,0,0,0,0,0,0,373,gombeau01,gombeau01,gomber000aus,,0,8,eol
18840,0,20,Colorado Rockies,Major League Baseball,Gilbreath,Lucas,,58,5,3,1996,206,The United States,86005,Westminster,4,185,185,2,2,12,347,587,7,2,88,183,45,223,84,86,94,188,50,236,93,90,92,187,48,233,90,89,5,0,0,30,6,11,53,14,114,173,302,178,303,407,261,12,1,0,22,109,56,10,4,51,44,46,44,0,0,5,14,8,200,0,0,0,0,0,0,0,0,0,1,550,.306,0,0,31,69,74,12,0,0,0,0,0,0,0,0,0,0,0,0,0,0,0,0,0,0,0,0,0,71,76,78,125,101,120,269,.9908,427,205,0,251,297,0,0,0,0,0,0,0,0,304,0,352,433,0,0,0,0,0,0,0,0,0,372,gilbrlu01,gilbrlu01,gilbre000luc,,0,10,eol
19980,0,20,Colorado Rockies,Major League Baseball,Moniak,Mickey,,22,13,5,1998,206,The United States,23653,Encinitas,4,188,194,2,1,9,850,1058,8,2,395,480,401,323,354,426,377,468,442,259,389,368,404,469,430,267,364,433,3,1,1,159,144,153,144,10,20,1,1,1,1,1,1,15,30,10,1,15,54,12,3,17,11,3,8,0,0,140,100,76,0,0,0,0,0,0,90,200,200,0,1,550,.261,26,10,21,27,117,3,0,0,0,0,0,0,0,0,0,0,0,0,0,0,0,0,0,0,0,0,0,104,111,118,110,134,114,1,.9302,1,3,0,0,0,0,0,0,0,0,0,0,0,1,0,0,0,0,0,0,0,0,0,0,0,0,274,moniami01,moniami01,moniak000mic,,0,12,eol
20111,0,20,Colorado Rockies,Major League Baseball,Palmquist,Carson,,45,17,10,2000,206,The United States,25182,Fort Myers,4,191,190,2,2,11,0,0,4,0,89,184,45,227,86,87,94,188,48,236,92,90,92,187,48,233,90,89,5,2,2,21,6,11,35,14,79,401,287,355,267,349,250,11,4,0,97,109,33,10,2,51,39,44,42,0,0,20,5,16,200,0,0,0,0,0,0,0,0,0,1,550,.309,0,0,24,79,85,11,0,0,0,0,0,0,0,0,0,0,0,0,0,0,0,0,0,0,0,0,0,75,177,84,106,127,92,301,.9815,280,175,300,0,331,0,0,0,0,0,0,0,0,169,283,0,320,0,0,0,0,0,0,0,0,0,300,palmqca01,palmqca01,palmqu000car,,0,10,eol
20118,0,20,Colorado Rockies,Major League Baseball,Feltner,Ryan,,18,2,9,1996,206,The United States,32890,Hudson,4,193,190,1,1,11,546,708,7,3,95,190,50,238,94,92,91,186,47,231,88,88,92,187,48,232,89,88,5,1,1,10,10,11,10,7,30,390,352,398,408,388,365,4,3,1,145,89,50,11,3,51,40,44,42,0,0,9,9,12,200,0,0,0,0,0,0,0,0,0,1,550,.273,0,0,13,48,92,4,0,0,0,0,0,0,0,0,0,0,0,0,0,0,0,0,0,0,0,0,0,80,72,74,126,119,95,332,1.1129,341,178,243,304,304,0,304,0,0,0,0,0,0,179,247,307,340,0,307,0,0,0,0,0,0,0,375,feltnry01,feltnry01,feltne000rya,,0,11,eol
20137,0,20,Colorado Rockies,Major League Baseball,Hill,Jaden,,17,22,12,1999,206,The United States,4408,Ashdown,1,193,234,1,1,12,70,245,2,1,96,190,51,243,96,92,92,186,47,229,89,88,92,187,48,233,90,89,5,0,0,9,8,11,10,10,62,433,342,450,349,417,348,12,6,1,36,109,53,14,3,51,40,44,43,0,0,2,17,11,200,0,0,0,0,0,0,0,0,0,1,550,.252,0,0,9,58,110,12,0,0,0,0,0,0,0,0,0,0,0,0,0,0,0,0,0,0,0,0,0,184,82,71,98,29,107,401,.9976,388,272,366,0,326,326,192,0,0,0,0,0,0,253,347,0,312,312,183,0,0,0,0,0,0,0,400,hillja01,hillja01,hill--000jad,,0,14,eol
20676,0,20,Colorado Rockies,Major League Baseball,Freeland,Kyle,Two One,21,14,5,1993,206,The United States,20170,Denver,4,193,205,2,2,11,1359,1359,9,0,86,181,44,226,83,84,95,188,49,235,93,91,247,331,253,309,137,335,5,2,2,9,8,11,10,10,18,424,452,357,478,392,416,4,2,0,144,111,47,11,3,47,35,41,41,0,0,19,15,18,200,0,0,0,0,0,0,0,0,0,1,550,.300,0,0,16,30,80,4,0,0,0,0,0,0,0,0,0,0,0,0,0,0,0,0,0,0,0,0,0,39,119,10,101,123,87,287,.7944,294,223,223,278,278,0,223,0,0,0,0,0,0,208,208,302,256,0,208,0,0,0,0,0,0,0,306,freelky01,freelky01,freela000kyl,,0,11,eol
20754,0,20,Colorado Rockies,Major League Baseball,Brown,McCade,,51,15,8,2000,206,The United States,56026,Normal,4,198,225,1,1,11,0,0,1,0,96,191,51,244,96,91,91,185,46,229,88,88,92,187,48,233,90,89,5,1,2,13,6,11,18,12,45,353,292,360,296,326,261,12,5,1,105,109,41,15,3,51,40,44,43,0,0,11,9,13,200,0,0,0,0,0,0,0,0,0,1,550,.275,0,0,20,72,93,12,0,0,0,0,0,0,0,0,0,0,0,0,0,0,0,0,0,0,0,0,0,20,95,85,121,76,91,335,1.0000,302,258,258,315,258,0,0,0,0,0,0,0,0,225,225,282,225,0,0,0,0,0,0,0,0,0,400,brownmc01,brownmc01,brown-000mcc,,0,15,eol
20911,0,20,Colorado Rockies,Major League Baseball,Veen,Zac,,13,12,12,2001,206,The United States,60430,Port Orange,4,191,190,2,1,7,0,0,4,0,214,374,352,338,294,152,231,386,374,349,313,157,169,342,338,314,234,74,8,2,2,93,50,115,105,60,16,1,1,1,1,1,1,15,30,10,1,16,55,12,4,3,17,12,16,0,0,104,106,128,0,0,0,0,0,0,105,0,200,0,1,550,.184,18,1,12,39,146,8,0,0,0,0,0,0,0,0,0,0,0,0,0,0,0,0,0,0,0,0,0,160,33,164,121,94,17,1,.9756,1,3,0,0,0,0,0,0,0,0,0,0,0,1,0,0,0,0,0,0,0,0,0,0,0,0,277,veenza01,veenza01,veen--001zac,,0,12,eol
20913,0,20,Colorado Rockies,Major League Baseball,Freeman,Tyler,,2,21,5,1999,206,The United States,64993,Rancho Cucamonga,4,183,190,1,1,4,476,733,4,3,457,412,176,340,494,411,426,352,221,405,473,368,415,359,258,374,469,347,16,1,1,131,171,148,128,125,7,1,1,1,1,1,1,15,30,10,1,5,57,13,4,104,95,59,109,0,0,124,119,118,0,0,0,200,0,0,0,200,200,0,1,550,.266,27,3,4,48,63,16,0,0,0,0,0,0,0,0,0,0,0,0,0,0,0,0,0,0,0,0,0,90,104,130,79,145,135,1,.9756,1,3,0,0,0,0,0,0,0,0,0,0,0,1,0,0,0,0,0,0,0,0,0,0,0,0,275,freemty01,freemty01,freema000tyl,,0,13,eol
19113,0,20,Colorado Rockies,Major League Baseball,Alexander,Scott,Scottie Boy,52,10,7,1989,206,The United States,71263,Santa Rosa,4,188,194,2,2,12,1601,1831,12,1,88,184,45,224,84,86,94,189,49,236,92,90,85,187,48,226,87,75,5,0,0,10,10,11,10,12,16,267,391,230,364,460,369,8,4,0,30,110,69,9,3,51,42,45,43,0,0,2,15,4,200,0,0,0,0,0,0,0,0,0,1,550,.290,0,0,20,52,73,8,0,0,0,0,0,0,0,0,0,0,0,0,0,0,0,0,0,0,0,0,0,72,85,126,101,99,91,266,.9475,333,0,249,0,294,0,158,0,0,0,0,0,0,0,318,0,355,0,187,0,0,0,0,0,0,0,382,alexasc02,alexasc02,alexan001sco,,0,9,eol
19149,0,20,Colorado Rockies,Major League Baseball,Stallings,Jacob,,25,22,12,1989,206,The United States,44160,Lawrence,4,193,220,1,1,2,1428,1604,11,2,319,495,327,404,313,327,320,446,288,355,351,288,398,412,331,428,401,399,13,2,2,38,6,11,69,122,7,373,320,372,320,423,435,15,30,10,48,35,40,13,3,13,19,4,15,122,105,13,13,2,0,200,0,0,0,0,0,0,0,0,1,550,.216,30,1,8,43,133,13,0,0,0,0,0,0,0,0,0,0,0,0,0,0,0,0,0,0,0,0,0,135,170,92,119,128,72,249,1.0179,250,224,0,0,224,0,0,0,0,0,0,0,0,222,0,0,233,0,0,0,0,0,0,0,0,0,394,stallja01,stallja01,stalli002jac,,165,13,eol
18609,0,20,Colorado Rockies,Major League Baseball,Miller,Owen,,11,15,11,1996,206,The United States,24868,Fredonia,4,183,190,1,1,4,527,766,5,2,313,312,336,401,345,275,297,325,316,345,355,216,410,405,280,335,419,402,8,2,2,100,88,144,84,66,17,350,287,350,287,352,288,15,30,10,49,23,35,19,3,45,36,81,64,0,0,14,15,12,0,0,200,200,200,0,0,0,0,0,1,550,.204,16,1,9,42,129,8,0,0,0,0,0,0,0,0,0,0,0,0,0,0,0,0,0,0,0,0,0,93,200,118,112,122,116,236,1.0028,242,204,0,0,174,0,0,0,0,0,0,0,0,211,0,0,166,0,0,0,0,0,0,0,0,0,391,milleow01,milleow01,miller000owe,,0,19,eol
19410,0,20,Colorado Rockies,Major League Baseball,Herget,Jimmy,,44,9,9,1993,206,The United States,78373,Tampa,4,191,170,1,1,12,1008,1154,7,2,94,188,49,235,92,90,92,187,47,232,89,88,92,187,48,233,90,89,5,2,2,19,10,11,29,14,59,469,388,505,416,469,403,11,3,3,44,108,39,10,2,50,35,42,41,0,0,11,15,13,200,0,0,0,0,0,0,0,0,0,1,550,.254,0,0,9,43,113,11,0,0,0,0,0,0,0,0,0,0,0,0,0,0,0,0,0,0,0,0,0,12,195,34,194,149,147,408,1.0195,401,339,383,201,0,0,0,418,0,0,0,0,0,333,375,197,0,0,0,412,0,0,0,0,0,0,382,hergeji01,hergeji01,herget000jim,,0,10,eol
19421,0,20,Colorado Rockies,Major League Baseball,Karros,Kyle,,12,26,7,2002,206,The United States,47691,Manhattan Beach,4,196,220,1,1,5,0,0,1,0,389,253,190,432,351,419,383,251,186,428,343,416,365,287,276,410,348,386,6,2,2,20,6,11,68,48,17,1,1,1,1,1,1,15,30,10,1,20,57,14,3,104,91,133,71,0,0,9,13,4,0,0,0,0,200,0,0,0,0,0,1,550,.240,16,0,3,60,132,6,0,0,0,0,0,0,0,0,0,0,0,0,0,0,0,0,0,0,0,0,0,89,93,93,179,78,187,1,.9302,1,3,0,0,0,0,0,0,0,0,0,0,0,1,0,0,0,0,0,0,0,0,0,0,0,0,279,karroky01,karroky01,karros000kyl,,0,14,eol
19494,0,20,Colorado Rockies,Major League Baseball,Vodnik,Victor,,38,9,10,1999,206,The United States,67067,Rialto,4,183,201,1,1,12,302,328,5,0,94,188,49,233,91,90,92,186,48,233,90,88,92,187,48,233,90,89,5,0,0,9,8,11,10,8,90,413,267,415,309,407,289,1,6,0,36,109,62,8,3,50,37,43,42,0,0,9,7,9,200,0,0,0,0,0,0,0,0,0,1,550,.260,0,0,10,71,108,1,0,0,0,0,0,0,0,0,0,0,0,0,0,0,0,0,0,0,0,0,0,104,97,71,103,127,128,392,1.2340,389,0,344,0,390,424,204,0,0,0,0,0,0,0,343,0,388,423,204,0,0,0,0,0,0,0,375,vodnivi01,vodnivi01,vodnik000vic,,0,8,eol
20583,0,20,Colorado Rockies,Major League Baseball,Chivilli,Angel,,57,28,7,2002,56,Dominican Republic,42733,La Victoria,1,188,161,1,1,12,108,148,3,0,95,189,50,236,94,91,92,186,47,232,89,88,92,187,48,233,90,89,5,0,0,9,7,11,10,15,92,225,366,242,397,231,382,12,6,1,40,109,61,12,3,50,36,42,42,0,0,7,6,14,200,0,0,0,0,0,0,0,0,0,1,550,.286,0,0,23,49,81,12,0,0,0,0,0,0,0,0,0,0,0,0,0,0,0,0,0,0,0,0,0,119,129,103,122,84,97,288,1.0643,302,160,300,0,207,0,0,0,0,0,0,0,0,167,316,0,222,0,0,0,0,0,0,0,0,0,400,chivian01,chivian01,chivil000ang,,0,12,eol
20665,0,20,Colorado Rockies,Major League Baseball,Blalock,Bradley,,64,25,12,2000,206,The United States,14940,Conyers,4,188,214,1,1,11,65,65,4,0,95,189,50,236,95,91,91,186,47,232,88,88,92,187,48,233,90,89,5,0,0,10,9,11,10,7,33,284,343,284,357,322,333,6,4,1,122,109,44,8,3,50,36,42,42,0,0,9,13,5,200,0,0,0,0,0,0,0,0,0,1,550,.319,0,0,26,57,52,6,0,0,0,0,0,0,0,0,0,0,0,0,0,0,0,0,0,0,0,0,0,190,19,165,108,101,37,203,.9437,244,182,182,217,217,0,0,0,0,0,0,0,0,200,200,288,244,0,0,0,0,0,0,0,0,0,344,blalobr01,blalobr01,blaloc000bra,,0,8,eol
20479,0,20,Colorado Rockies,Major League Baseball,Bird,Jake,,59,4,12,1995,206,The United States,41955,Los Angeles,4,191,201,1,1,12,464,510,4,0,96,190,51,241,96,92,91,186,47,230,88,87,92,187,48,233,90,89,5,0,0,26,6,11,45,9,39,349,335,374,325,402,342,9,6,0,38,114,58,12,3,50,36,42,42,0,0,11,13,6,200,0,0,0,0,0,0,0,0,0,1,550,.270,0,0,14,62,120,9,0,0,0,0,0,0,0,0,0,0,0,0,0,0,0,0,0,0,0,0,0,178,8,141,74,111,19,421,.9567,378,0,304,353,0,434,210,0,0,0,0,0,0,0,261,318,0,392,187,0,0,0,0,0,0,0,321,birdja01,birdja01,bird--000jak,,0,12,eol
19404,0,20,Colorado Rockies,Major League Baseball,Goodman,Hunter,,15,8,10,1999,206,The United States,4075,Arlington,4,180,209,1,1,2,344,624,5,2,396,475,445,345,371,415,395,433,453,292,355,424,376,480,445,307,354,402,4,2,2,82,32,101,61,7,4,1,1,1,1,1,1,15,30,10,1,47,54,11,3,10,1,16,7,75,99,92,119,122,0,200,0,0,0,0,0,0,200,0,1,550,.273,29,4,25,31,126,4,0,0,0,0,0,0,0,0,0,0,0,0,0,0,0,0,0,0,0,0,0,125,165,103,121,117,119,1,.9302,1,3,0,0,0,0,0,0,0,0,0,0,0,1,0,0,0,0,0,0,0,0,0,0,0,0,272,goodmhu01,goodmhu01,goodma000hun,,105,11,eol
19478,0,20,Colorado Rockies,Major League Baseball,Ritter,Ryan,,8,10,11,2000,206,The United States,80072,Tinley Park,1,185,201,1,1,4,0,0,2,0,417,460,165,302,316,482,415,460,165,300,316,480,394,427,246,320,327,441,11,0,0,135,89,143,87,186,4,1,1,1,1,1,1,15,30,10,1,18,58,12,4,103,95,59,109,0,0,14,4,2,0,0,0,200,0,0,0,0,0,0,1,550,.261,27,12,2,30,143,11,0,0,0,0,0,0,0,0,0,0,0,0,0,0,0,0,0,0,0,0,0,37,127,128,156,162,140,1,.9756,1,3,0,0,0,0,0,0,0,0,0,0,0,1,0,0,0,0,0,0,0,0,0,0,0,0,278,rittery01,rittery01,ritter002rya,,0,12,eol
20753,0,20,Colorado Rockies,Major League Baseball,Amador,Adael,,1,11,4,2003,56,Dominican Republic,71389,Santiago,1,183,190,3,1,4,49,115,4,0,284,510,194,398,414,92,283,510,191,393,412,91,309,431,270,371,400,186,3,0,0,66,112,126,96,176,2,1,1,1,1,1,1,15,30,10,1,42,54,11,3,104,95,59,109,0,0,20,7,8,0,0,0,200,0,0,0,0,0,0,1,550,.164,28,0,3,48,102,3,0,0,0,0,0,0,0,0,0,0,0,0,0,0,0,0,0,0,0,0,0,124,109,122,88,31,63,1,.9302,1,3,0,0,0,0,0,0,0,0,0,0,0,1,0,0,0,0,0,0,0,0,0,0,0,0,272,amadoad01,amadoad01,amador000ada,,0,11,eol
20761,0,20,Colorado Rockies,Major League Baseball,Gordon,Tanner,,29,26,10,1997,206,The United States,18705,Champaign,4,196,216,2,1,11,75,75,3,0,89,185,46,226,86,86,94,188,49,236,92,90,92,187,48,233,90,89,5,0,0,10,9,11,10,7,55,309,460,317,499,306,485,6,1,1,128,109,44,9,3,50,35,42,41,0,0,13,15,14,200,0,0,0,0,0,0,0,0,0,1,550,.305,0,0,23,28,83,6,0,0,0,0,0,0,0,0,0,0,0,0,0,0,0,0,0,0,0,0,0,155,19,106,60,99,15,295,.9939,297,172,231,325,291,0,0,0,0,0,0,0,0,173,233,327,293,0,0,0,0,0,0,0,0,0,312,gordota01,gordota01,gordon000tan,,0,9,eol
19016,0,20,Colorado Rockies,Major League Baseball,Bryant,Kris,KB,23,4,1,1992,206,The United States,43942,Las Vegas,4,196,229,1,1,3,1561,1825,12,3,342,392,228,375,279,400,333,368,207,374,292,373,430,447,441,488,396,454,16,2,2,16,8,11,55,60,8,1,1,1,1,1,1,15,30,10,1,6,57,12,3,39,36,45,61,0,0,88,119,122,0,0,200,0,50,0,0,0,200,0,1,550,.217,24,0,4,44,153,16,0,0,0,0,0,0,0,0,0,0,0,0,0,0,0,0,0,0,0,0,0,113,125,170,109,40,114,1,.9302,1,3,0,0,0,0,0,0,0,0,0,0,0,1,0,0,0,0,0,0,0,0,0,0,0,0,279,bryankr01,bryankr01,bryant001kri,,0,12,eol
19577,0,20,Colorado Rockies,Major League Baseball,Doyle,Brenton,,9,14,5,1998,206,The United States,87782,Warrenton,4,193,220,1,1,8,338,550,3,2,426,432,433,377,412,434,371,382,377,325,349,397,381,409,395,338,341,415,1,2,2,141,157,174,141,117,19,1,1,1,1,1,1,15,30,10,1,7,59,15,3,9,10,10,12,0,0,140,176,120,0,0,0,0,0,0,0,200,0,0,1,550,.255,26,4,14,37,122,1,0,0,0,0,0,0,0,0,0,0,0,0,0,0,0,0,0,0,0,0,0,39,117,15,105,100,98,1,.9302,1,3,0,0,0,0,0,0,0,0,0,0,0,1,0,0,0,0,0,0,0,0,0,0,0,0,280,doylebr02,doylebr02,doyle-000bre,,0,15,eol
// Los Angeles Dodgers, ID = 21
19371,0,21,Los Angeles Dodgers,Major League Baseball,Sasaki,Roki,The Monster of the Reiwa,11,3,11,2001,98,Japan,33321,Iwate,2,188,187,1,1,11,0,0,3,0,95,190,51,241,95,90,92,186,48,230,89,88,92,187,48,233,90,89,5,0,0,26,8,11,44,12,71,358,277,389,290,354,259,12,6,0,113,109,42,14,3,51,39,44,42,0,0,19,16,10,200,0,0,0,0,0,0,0,0,0,1,550,.298,0,0,18,75,90,12,0,0,0,0,0,0,0,0,0,0,0,0,0,0,0,0,0,0,0,0,0,123,113,116,17,90,83,322,.9854,297,245,339,0,0,0,0,179,0,0,0,0,0,211,305,0,0,0,0,162,0,0,0,0,0,0,300,sasakro01,sasakro01,sasaki000rok,,0,14,eol
20463,0,21,Los Angeles Dodgers,Major League Baseball,Dean,Justin,,75,6,12,1996,206,The United States,48986,Mauldin,1,173,185,1,1,8,0,0,4,0,177,292,325,311,244,98,172,286,317,303,233,94,172,288,322,309,239,81,5,2,2,42,20,31,59,66,7,1,1,1,1,1,1,15,30,10,1,28,59,12,3,12,1,18,17,0,0,142,112,118,0,0,0,0,0,0,0,200,0,0,1,550,.149,10,0,9,31,171,5,0,0,0,0,0,0,0,0,0,0,0,0,0,0,0,0,0,0,0,0,0,130,96,103,90,118,91,1,.9302,1,3,0,0,0,0,0,0,0,0,0,0,0,1,0,0,0,0,0,0,0,0,0,0,0,0,275,deanju01,deanju01,dean--000jus,,0,12,eol
20619,0,21,Los Angeles Dodgers,Major League Baseball,Sauer,Matt,,64,21,1,1999,206,The United States,71215,Santa Maria,4,193,229,1,1,12,28,146,4,2,96,191,52,243,97,92,91,186,47,230,87,88,92,187,48,233,90,89,5,0,0,14,6,11,21,11,113,339,382,345,387,348,357,9,5,1,48,109,43,14,3,51,40,44,43,0,0,11,16,15,200,0,0,0,0,0,0,0,0,0,1,550,.283,0,0,21,48,79,9,0,0,0,0,0,0,0,0,0,0,0,0,0,0,0,0,0,0,0,0,0,83,122,46,85,73,114,285,.9980,276,199,199,199,242,0,0,242,0,0,0,0,0,195,195,195,236,0,0,236,0,0,0,0,0,0,400,sauerma01,sauerma01,sauer-000mat,,0,14,eol
21010,0,21,Los Angeles Dodgers,Major League Baseball,Conforto,Michael,Scooter,23,1,3,1993,206,The United States,72460,Seattle,4,185,214,2,1,7,1542,1699,12,3,329,448,401,457,331,331,325,472,398,443,373,271,370,420,428,467,380,364,8,2,2,44,6,24,75,10,19,1,1,1,1,1,1,15,30,10,1,7,54,11,3,7,12,4,3,0,0,83,126,142,0,0,0,0,0,0,200,0,0,0,1,550,.228,30,1,15,66,125,8,0,0,0,0,0,0,0,0,0,0,0,0,0,0,0,0,0,0,0,0,0,109,121,38,111,6,120,1,.9302,1,3,0,0,0,0,0,0,0,0,0,0,0,1,0,0,0,0,0,0,0,0,0,0,0,0,273,confomi01,confomi01,confor001mic,,0,11,eol
18663,0,21,Los Angeles Dodgers,Major League Baseball,Kopech,Michael,,45,30,4,1996,206,The United States,41831,Longview,4,191,220,1,1,12,723,723,7,0,92,187,48,233,90,89,92,187,47,233,89,89,91,187,48,232,92,84,5,0,0,32,10,11,55,13,73,449,203,465,208,390,274,9,6,5,33,95,38,13,3,51,42,45,43,0,0,13,18,10,200,0,0,0,0,0,0,0,0,0,1,550,.220,0,0,12,101,152,9,0,0,0,0,0,0,0,0,0,0,0,0,0,0,0,0,0,0,0,0,0,24,121,79,195,95,105,485,.9373,442,359,424,0,0,475,0,0,0,0,0,0,0,310,361,0,0,443,0,0,0,0,0,0,0,0,435,kopecmi01,kopecmi01,kopech000mic,,0,13,eol
20535,0,21,Los Angeles Dodgers,Major League Baseball,Yamamoto,Yoshinobu,,18,17,8,1998,98,Japan,9842,Bizen,2,178,176,1,1,11,150,457,3,3,94,187,49,232,92,89,92,187,48,233,90,89,92,187,48,233,90,89,5,0,0,16,7,11,24,11,35,440,389,428,377,433,393,2,4,0,149,116,58,14,3,50,35,42,41,0,0,1,7,1,200,0,0,0,0,0,0,0,0,0,1,550,.227,0,0,9,49,138,2,0,0,0,0,0,0,0,0,0,0,0,0,0,0,0,0,0,0,0,0,0,98,104,113,98,82,118,458,.9624,458,404,404,404,0,404,404,404,0,0,0,0,0,404,404,404,0,404,404,404,0,0,0,0,0,0,427,yamamyo01,yamamyo01,yamamo004yos,,0,14,eol
20550,0,21,Los Angeles Dodgers,Major League Baseball,Freeman,Freddie,Andrew,5,12,9,1989,206,The United States,25087,Fountain Valley,4,196,220,2,1,3,2580,2726,18,2,431,492,403,391,413,441,469,428,422,433,428,487,470,467,434,429,422,497,6,2,2,96,64,146,126,8,14,1,1,1,1,1,1,15,30,10,1,12,56,11,3,50,135,82,63,0,0,12,6,4,0,0,200,0,0,0,0,0,0,0,1,550,.307,38,2,18,58,95,6,0,0,0,0,0,0,0,0,0,0,0,0,0,0,0,0,0,0,0,0,0,10,122,164,157,71,92,1,.9302,1,3,0,0,0,0,0,0,0,0,0,0,0,1,0,0,0,0,0,0,0,0,0,0,0,0,278,freemfr01,freemfr01,freema002fre,,0,11,eol
20829,0,21,Los Angeles Dodgers,Major League Baseball,Fernandez,Julian,Billette,62,5,12,1995,56,Dominican Republic,10196,Boca Chica,1,198,205,1,1,12,10,144,3,1,94,188,49,235,93,90,92,187,47,233,89,89,92,187,48,233,90,89,5,0,0,16,8,11,23,14,112,208,341,203,339,234,330,1,1,0,40,109,60,12,4,51,43,46,44,0,0,18,4,9,200,0,0,0,0,0,0,0,0,0,1,550,.297,0,0,26,59,100,1,0,0,0,0,0,0,0,0,0,0,0,0,0,0,0,0,0,0,0,0,0,53,157,33,82,119,105,360,1.0006,319,289,0,0,383,0,0,0,0,0,0,0,0,248,0,0,342,0,0,0,0,0,0,0,0,0,323,fernaju02,fernaju02,fernan005jul,,0,12,eol
20908,0,21,Los Angeles Dodgers,Major League Baseball,Miller,Bobby,,28,5,4,1999,206,The United States,46411,McHenry,4,196,220,2,1,11,180,412,4,2,86,181,43,226,81,84,94,188,49,236,92,91,92,187,48,233,90,89,5,2,2,18,6,11,29,7,70,228,332,247,330,326,383,8,6,1,116,109,54,11,4,51,43,46,44,0,0,15,2,13,200,0,0,0,0,0,0,0,0,0,1,550,.283,0,0,26,62,98,8,0,0,0,0,0,0,0,0,0,0,0,0,0,0,0,0,0,0,0,0,0,75,189,172,111,97,107,354,.9491,388,177,334,241,302,0,366,0,0,0,0,0,0,196,373,279,331,0,410,0,0,0,0,0,0,0,383,millebo06,millebo06,miller003bob,,0,11,eol
20153,0,21,Los Angeles Dodgers,Major League Baseball,Klein,Will,,61,28,11,1999,206,The United States,10077,Bloomington,4,196,229,1,1,12,35,217,4,1,94,187,49,235,91,90,92,187,48,233,89,89,92,187,48,233,90,89,5,0,0,9,7,11,10,9,58,586,214,609,222,449,272,12,4,1,35,109,56,10,3,51,42,45,43,0,0,5,19,12,200,0,0,0,0,0,0,0,0,0,1,550,.225,0,0,2,97,143,12,0,0,0,0,0,0,0,0,0,0,0,0,0,0,0,0,0,0,0,0,0,182,101,97,90,64,79,466,.9834,413,239,396,482,0,0,0,0,0,0,0,0,0,208,349,430,0,0,0,0,0,0,0,0,0,0,400,kleinwi01,kleinwi01,klein-002wil,,0,10,eol
20161,0,21,Los Angeles Dodgers,Major League Baseball,Wrobleski,Justin,,70,14,7,2000,206,The United States,17175,Canton,4,185,194,2,2,12,65,65,5,0,89,184,46,228,85,86,94,188,49,235,92,90,92,187,48,233,90,89,5,1,1,9,8,11,10,13,27,397,426,392,417,362,397,6,3,1,47,109,50,13,3,50,35,42,41,0,0,3,4,13,200,0,0,0,0,0,0,0,0,0,1,550,.253,0,0,14,40,118,6,0,0,0,0,0,0,0,0,0,0,0,0,0,0,0,0,0,0,0,0,0,188,29,118,116,145,56,417,1.0254,409,196,279,331,410,373,0,0,0,0,0,0,0,193,273,327,405,367,0,0,0,0,0,0,0,0,400,wroblju01,wroblju01,wroble000jus,,0,13,eol
20170,0,21,Los Angeles Dodgers,Major League Baseball,Henriquez,Edgardo,,60,24,6,2002,210,Venezuela,15992,Cumana,5,193,201,1,1,12,55,55,4,0,94,189,50,236,93,90,92,186,47,232,88,89,92,187,48,233,90,89,5,0,0,22,8,11,36,13,93,429,413,432,413,391,371,1,6,0,31,109,51,10,3,51,41,45,43,0,0,4,15,18,200,0,0,0,0,0,0,0,0,0,1,550,.253,0,0,11,42,112,1,0,0,0,0,0,0,0,0,0,0,0,0,0,0,0,0,0,0,0,0,0,109,77,117,14,40,89,405,1.0208,387,198,283,413,0,376,0,0,0,0,0,0,0,192,271,403,0,364,0,0,0,0,0,0,0,0,400,henried01,henried01,henriq000edg,,0,10,eol
20173,0,21,Los Angeles Dodgers,Major League Baseball,Casparius,Ben,,78,11,2,1999,206,The United States,86434,Westport,4,188,216,1,1,12,123,276,4,1,95,191,51,237,95,91,91,186,47,232,88,88,92,187,48,233,90,89,5,2,2,27,10,11,44,11,49,476,418,475,434,481,422,5,2,0,48,109,38,12,3,50,35,42,41,0,0,14,9,2,200,0,0,0,0,0,0,0,0,0,1,550,.258,0,0,10,39,102,5,0,0,0,0,0,0,0,0,0,0,0,0,0,0,0,0,0,0,0,0,0,129,94,76,100,115,85,371,.9217,389,174,236,330,0,361,0,0,0,0,0,0,0,186,260,353,0,390,0,0,0,0,0,0,0,0,400,caspabe01,caspabe01,caspar000ben,,0,12,eol
20181,0,21,Los Angeles Dodgers,Major League Baseball,Robinson,Chuckie,,52,14,12,1994,206,The United States,21955,Danville,1,180,225,1,1,2,173,263,4,2,283,271,313,366,369,160,267,263,304,353,354,156,253,300,323,300,360,109,5,2,2,31,10,11,53,151,4,1,1,1,1,1,1,15,30,10,1,49,58,12,4,4,6,18,17,106,108,12,13,16,0,200,0,0,0,0,0,0,0,0,1,550,.187,12,0,8,41,126,5,0,0,0,0,0,0,0,0,0,0,0,0,0,0,0,0,0,0,0,0,0,62,200,112,168,115,139,1,.9756,1,3,0,0,0,0,0,0,0,0,0,0,0,1,0,0,0,0,0,0,0,0,0,0,0,0,276,robinch04,robinch04,robins000chu,,108,12,eol
20186,0,21,Los Angeles Dodgers,Major League Baseball,Freeland,Alex,,76,24,8,2001,206,The United States,17239,Cape Coral,4,183,201,3,1,5,0,0,1,0,303,366,333,423,241,343,314,376,350,438,261,353,303,366,355,413,296,310,5,2,2,108,35,172,113,121,10,1,1,1,1,1,1,15,30,10,1,3,57,12,3,104,91,133,78,0,0,11,19,5,0,0,0,188,200,0,0,0,0,0,1,550,.214,20,2,11,61,164,5,0,0,0,0,0,0,0,0,0,0,0,0,0,0,0,0,0,0,0,0,0,37,128,36,171,76,120,1,.9302,1,3,0,0,0,0,0,0,0,0,0,0,0,1,0,0,0,0,0,0,0,0,0,0,0,0,275,freelal01,freelal01,freela000ale,,0,12,eol
20673,0,21,Los Angeles Dodgers,Major League Baseball,Kim,Hyeseong,,6,27,1,1999,177,South Korea,39818,Goyang,2,178,176,2,1,8,0,0,2,0,468,300,284,251,307,551,477,307,307,263,323,556,422,321,326,305,331,482,3,0,0,156,192,207,128,115,8,1,1,1,1,1,1,15,30,10,1,9,55,10,3,103,95,59,109,0,0,140,100,118,0,0,0,200,0,0,0,200,0,0,1,550,.312,21,4,8,24,142,3,0,0,0,0,0,0,0,0,0,0,0,0,0,0,0,0,0,0,0,0,0,134,36,82,81,115,113,1,.9302,1,3,0,0,0,0,0,0,0,0,0,0,0,1,0,0,0,0,0,0,0,0,0,0,0,0,273,kimhy02,kimhy02,kim---016hye,,0,10,eol
20697,0,21,Los Angeles Dodgers,Major League Baseball,Taylor,Chris,CT3,3,29,8,1990,206,The United States,83019,Virginia Beach,4,185,196,1,1,4,1790,2052,15,3,340,416,271,415,276,399,315,452,305,376,265,353,422,464,403,421,332,481,14,3,2,102,130,144,120,76,11,1,1,1,1,1,1,15,30,10,1,43,55,13,4,160,82,103,115,0,0,122,122,129,0,0,0,200,108,0,200,200,200,0,1,550,.215,28,1,8,47,160,14,0,0,0,0,0,0,0,0,0,0,0,0,0,0,0,0,0,0,0,0,0,175,105,42,79,62,98,1,.9756,1,3,0,0,0,0,0,0,0,0,0,0,0,1,0,0,0,0,0,0,0,0,0,0,0,0,275,tayloch03,tayloch03,taylor004chr,,0,13,eol
20920,0,21,Los Angeles Dodgers,Major League Baseball,Barnes,Austin,Sam,15,28,12,1989,206,The United States,66644,Riverside,4,178,187,1,1,2,1564,1608,13,0,451,328,187,383,397,487,421,282,149,338,348,469,386,408,359,470,398,378,0,0,0,63,37,172,101,149,19,1,1,1,1,1,1,15,30,10,1,33,54,12,4,15,3,19,8,119,52,14,14,11,0,200,0,0,0,0,0,0,0,0,1,550,.268,23,0,2,39,125,0,0,0,0,0,0,0,0,0,0,0,0,0,0,0,0,0,0,0,0,0,0,87,80,110,82,84,76,1,.9756,1,3,0,0,0,0,0,0,0,0,0,0,0,1,0,0,0,0,0,0,0,0,0,0,0,0,271,barneau01,barneau01,barnes000aus,,133,12,eol
20745,0,21,Los Angeles Dodgers,Major League Baseball,Ruiz,Esteury,,27,15,2,1999,56,Dominican Republic,5185,Azua,1,183,170,1,1,7,367,708,7,2,254,406,435,399,294,225,301,341,380,361,317,284,407,376,257,268,410,406,7,2,2,203,250,205,180,125,123,1,1,1,1,1,1,15,30,10,1,5,59,13,4,20,17,17,17,0,0,89,101,113,0,0,0,0,0,0,200,200,158,0,1,550,.213,16,4,15,44,145,7,0,0,0,0,0,0,0,0,0,0,0,0,0,0,0,0,0,0,0,0,0,83,89,75,22,57,72,1,.9756,1,3,0,0,0,0,0,0,0,0,0,0,0,1,0,0,0,0,0,0,0,0,0,0,0,0,278,ruizes01,ruizes01,ruiz--003est,,0,13,eol
20451,0,21,Los Angeles Dodgers,Major League Baseball,Edman,Tommy,,25,9,5,1995,206,The United States,60238,Pontiac,4,178,181,3,1,4,976,1245,7,2,343,318,444,316,443,191,366,375,394,312,450,247,430,411,325,344,455,403,7,3,0,104,84,155,86,78,13,1,1,1,1,1,1,15,30,10,1,33,58,14,3,125,150,92,122,0,0,140,100,118,0,0,0,200,200,200,0,200,0,0,1,550,.236,20,2,16,32,81,7,0,0,0,0,0,0,0,0,0,0,0,0,0,0,0,0,0,0,0,0,0,73,80,191,73,35,79,1,.9302,1,3,0,0,0,0,0,0,0,0,0,0,0,1,0,0,0,0,0,0,0,0,0,0,0,0,276,edmanto01,edmanto01,edman-000tom,,0,14,eol
20466,0,21,Los Angeles Dodgers,Major League Baseball,Scott,Tanner,Scottie,66,22,7,1994,206,The United States,50968,Mogadore,4,188,236,1,2,13,1357,1585,10,1,94,187,49,233,92,89,92,186,48,233,90,89,92,187,48,233,90,89,5,2,2,13,9,11,17,12,73,376,377,355,368,434,286,7,3,0,33,120,52,14,3,50,36,42,42,0,0,2,4,15,200,0,0,0,0,0,0,0,0,0,1,550,.243,0,0,16,52,130,7,0,0,0,0,0,0,0,0,0,0,0,0,0,0,0,0,0,0,0,0,0,131,79,110,80,114,94,441,.9297,480,452,370,0,0,0,0,0,0,0,0,0,0,503,411,0,0,0,0,0,0,0,0,0,0,0,417,scottta01,scottta01,scott-000tan,,0,14,eol
20488,0,21,Los Angeles Dodgers,Major League Baseball,Hernández,Teoscar,Oca,37,15,10,1992,56,Dominican Republic,15322,Cotuí,5,188,205,1,1,9,1537,1537,12,1,420,460,449,315,405,432,387,435,430,329,345,420,444,374,446,346,368,494,4,1,1,87,83,143,104,9,3,1,1,1,1,1,1,15,30,10,1,9,57,10,3,1,13,10,11,0,0,101,144,153,0,0,0,0,0,0,200,0,200,0,1,550,.269,32,1,21,35,125,4,0,0,0,0,0,0,0,0,0,0,0,0,0,0,0,0,0,0,0,0,0,159,57,85,114,73,42,1,.9302,1,3,0,0,0,0,0,0,0,0,0,0,0,1,0,0,0,0,0,0,0,0,0,0,0,0,277,hernate01,hernate01,hernan000teo,,0,10,eol
20501,0,21,Los Angeles Dodgers,Major League Baseball,Muncy,Max,Munce,13,25,8,1990,206,The United States,37706,Keller,4,183,218,2,1,5,1496,1520,11,0,313,463,437,492,333,293,357,409,465,533,372,345,349,424,489,513,351,350,8,3,2,106,22,170,109,6,11,4,1,4,1,8,1,15,30,10,1,38,53,12,3,152,81,173,109,0,0,5,8,3,0,0,0,0,200,0,0,0,0,0,1,550,.251,25,3,26,106,124,8,0,0,0,0,0,0,0,0,0,0,0,0,0,0,0,0,0,0,0,0,0,11,119,50,124,170,80,1,.9302,1,3,0,0,0,0,0,0,0,0,0,0,0,1,0,0,0,0,0,0,0,0,0,0,0,0,273,muncyma01,muncyma01,muncy-001max,,0,12,eol
18919,0,21,Los Angeles Dodgers,Major League Baseball,Gonsolin,Tony,,26,14,5,1994,206,The United States,83718,Vacaville,4,191,205,1,1,11,723,723,7,0,94,187,49,234,92,89,92,186,48,233,89,88,147,210,50,230,104,169,5,2,2,10,10,11,10,6,114,304,297,292,325,413,374,12,4,1,139,109,46,10,4,51,39,44,42,0,0,14,19,19,200,0,0,0,0,0,0,0,0,0,1,550,.275,0,0,23,66,107,12,0,0,0,0,0,0,0,0,0,0,0,0,0,0,0,0,0,0,0,0,0,78,47,97,185,125,108,390,1.0138,399,199,379,415,0,0,0,336,0,0,0,0,0,202,385,420,0,0,0,341,0,0,0,0,0,0,384,gonsoto01,gonsoto01,gonsol000ant,,0,10,eol
19513,0,21,Los Angeles Dodgers,Major League Baseball,Garcia,Luis,Compa G,9,30,1,1987,56,Dominican Republic,71432,Santo Domingo,5,188,240,1,1,12,2037,2363,15,3,94,188,50,237,93,90,92,187,48,231,89,88,90,187,48,232,90,84,5,1,1,12,8,11,16,7,106,441,365,449,403,421,334,2,6,0,33,104,62,11,4,50,36,42,42,0,0,20,16,13,200,0,0,0,0,0,0,0,0,0,1,550,.276,0,0,8,48,101,2,0,0,0,0,0,0,0,0,0,0,0,0,0,0,0,0,0,0,0,0,0,189,44,105,78,93,43,366,.8697,399,0,317,0,0,0,186,390,0,0,0,0,0,0,338,0,0,0,201,418,0,0,0,0,0,0,312,garcilu03,garcilu03,garcia011lui,,0,11,eol
19666,0,21,Los Angeles Dodgers,Major League Baseball,Vesia,Alex,,51,11,4,1996,206,The United States,1825,Alpine,4,185,209,2,2,12,858,962,9,1,86,181,43,225,81,85,94,189,50,236,93,90,89,187,48,254,87,85,5,0,0,21,6,11,34,12,28,476,361,456,337,485,319,9,6,1,32,100,27,17,3,50,36,42,42,0,0,12,3,20,200,0,0,0,0,0,0,0,0,0,1,550,.221,0,0,17,59,167,9,0,0,0,0,0,0,0,0,0,0,0,0,0,0,0,0,0,0,0,0,0,77,130,125,109,156,169,507,1.0545,504,332,395,0,480,0,0,0,0,0,0,0,0,329,391,0,476,0,0,0,0,0,0,0,0,0,429,vesiaal01,vesiaal01,vesia-000ale,,0,17,eol
20312,0,21,Los Angeles Dodgers,Major League Baseball,Ohtani,Shohei,Sho Time,17,5,7,1994,98,Japan,33321,Iwate,2,193,209,2,1,10,1204,1204,8,0,390,442,493,429,356,417,428,507,512,483,356,476,430,482,508,458,374,467,3,3,2,165,151,171,134,47,9,433,452,441,426,400,381,1,6,1,106,123,52,14,3,50,38,43,42,0,0,18,20,18,200,0,0,0,0,0,0,0,0,0,1,550,.305,28,12,38,74,127,3,0,0,0,0,0,0,0,0,0,0,0,0,0,0,0,0,0,0,0,0,0,74,91,198,118,130,75,458,1.0329,496,301,208,429,0,396,0,349,0,0,0,0,0,318,225,458,0,420,0,374,0,0,0,0,0,0,334,ohtansh01,ohtansh01,otani-000sho,,0,14,eol
20427,0,21,Los Angeles Dodgers,Major League Baseball,Smith,Will,,16,28,3,1995,206,The United States,42078,Louisville,4,178,194,1,1,2,992,1221,7,1,407,429,432,511,408,409,444,372,415,470,410,464,421,389,429,474,423,416,7,1,1,70,32,106,70,9,18,1,1,1,1,1,1,15,30,10,1,20,55,13,3,15,10,8,19,143,149,12,5,5,0,200,0,0,0,0,0,0,0,0,1,550,.290,30,2,18,79,104,7,0,0,0,0,0,0,0,0,0,0,0,0,0,0,0,0,0,0,0,0,0,105,121,140,129,99,115,1,.9302,1,3,0,0,0,0,0,0,0,0,0,0,0,1,0,0,0,0,0,0,0,0,0,0,0,0,273,smithwi05,smithwi05,smith-075wil,,100,13,eol
20437,0,21,Los Angeles Dodgers,Major League Baseball,Glasnow,Tyler,Mini Horse,31,23,8,1993,206,The United States,71027,Santa Clarita,4,203,225,2,1,11,1466,1682,10,3,86,182,43,216,81,85,95,189,50,238,93,91,126,130,50,291,93,153,5,0,0,12,8,11,15,9,19,381,341,400,339,391,371,3,6,2,152,79,52,17,4,50,35,42,41,0,0,2,6,13,200,0,0,0,0,0,0,0,0,0,1,550,.213,0,0,13,59,147,3,0,0,0,0,0,0,0,0,0,0,0,0,0,0,0,0,0,0,0,0,0,78,41,102,129,101,85,474,1.0504,485,226,319,422,422,0,422,0,0,0,0,0,0,230,324,428,428,0,428,0,0,0,0,0,0,0,467,glasnty01,glasnty01,glasno000tyl,,0,17,eol
19085,0,21,Los Angeles Dodgers,Major League Baseball,Kershaw,Clayton,Kid K,22,19,3,1988,206,The United States,21777,Dallas,4,193,225,2,2,12,2865,3215,20,3,82,156,35,192,90,65,96,196,53,246,90,98,239,197,111,294,309,177,5,0,0,9,7,11,10,10,91,479,411,472,396,442,438,3,6,2,130,113,51,13,4,67,81,63,41,0,0,2,5,7,200,0,0,0,0,0,0,0,0,0,1,550,.259,0,0,8,44,88,3,0,0,0,0,0,0,0,0,0,0,0,0,0,0,0,0,0,0,0,0,0,80,128,151,7,69,59,314,.9341,481,228,266,189,0,0,0,266,0,0,0,0,0,375,420,318,0,0,0,458,0,0,0,0,0,0,408,kershcl01,kershcl01,kersha001cla,,0,13,eol
19642,0,21,Los Angeles Dodgers,Major League Baseball,Rushing,Dalton,,68,21,2,2001,206,The United States,11722,Brighton,4,180,220,2,1,2,0,0,1,0,357,327,355,339,206,446,362,331,365,349,216,450,326,343,364,353,269,373,3,2,0,16,8,11,55,48,3,1,1,1,1,1,1,15,30,10,1,10,55,9,4,59,53,56,58,75,99,12,13,18,0,200,200,0,0,0,0,0,0,0,1,550,.237,21,0,12,39,179,3,0,0,0,0,0,0,0,0,0,0,0,0,0,0,0,0,0,0,0,0,0,128,114,89,93,114,72,1,.9756,1,3,0,0,0,0,0,0,0,0,0,0,0,1,0,0,0,0,0,0,0,0,0,0,0,0,273,rushida01,rushida01,rushin000dal,,123,9,eol
19645,0,21,Los Angeles Dodgers,Major League Baseball,Sheehan,Emmet,,80,15,11,1999,206,The United States,22035,Darien,4,196,216,1,1,11,68,362,4,2,96,191,51,244,97,92,91,186,47,229,88,88,92,187,48,233,90,89,5,0,0,11,10,11,12,8,12,454,369,490,410,432,367,4,4,0,151,109,36,15,3,50,35,42,41,0,0,18,20,5,200,0,0,0,0,0,0,0,0,0,1,550,.218,0,0,11,46,143,4,0,0,0,0,0,0,0,0,0,0,0,0,0,0,0,0,0,0,0,0,0,4,121,35,169,71,89,466,.9157,453,395,439,0,439,0,0,0,0,0,0,0,0,385,430,0,430,0,0,0,0,0,0,0,0,0,453,sheehem01,sheehem01,sheeha000emm,,0,15,eol
19651,0,21,Los Angeles Dodgers,Major League Baseball,Treinen,Blake,Train,49,30,6,1988,206,The United States,86418,Wichita,4,196,225,1,1,12,1628,1789,13,1,96,191,51,242,96,91,92,185,46,230,89,88,92,174,49,247,87,90,5,0,0,17,8,11,25,8,53,386,339,413,339,484,350,8,4,0,31,91,44,12,3,51,40,44,43,0,0,6,8,1,200,0,0,0,0,0,0,0,0,0,1,550,.241,0,0,15,60,146,8,0,0,0,0,0,0,0,0,0,0,0,0,0,0,0,0,0,0,0,0,0,78,78,116,83,97,133,472,.9453,432,463,425,0,0,380,228,0,0,0,0,0,0,430,397,0,0,350,208,0,0,0,0,0,0,0,393,treinbl01,treinbl01,treine001bla,,0,12,eol
18567,0,21,Los Angeles Dodgers,Major League Baseball,Rosario,Eddie,Edisito,9,28,9,1991,151,Puerto Rico,26899,Guayama,5,185,181,2,1,9,1554,1774,14,2,294,377,348,265,411,123,267,433,397,300,378,105,429,390,426,290,448,408,0,2,2,92,157,177,127,115,20,4,1,4,1,8,1,15,30,10,1,36,53,14,4,3,6,7,16,0,0,74,114,104,0,0,0,0,0,0,200,200,196,0,1,550,.182,21,0,13,28,114,0,0,0,0,0,0,0,0,0,0,0,0,0,0,0,0,0,0,0,0,0,0,74,92,181,101,120,28,1,.9756,1,3,0,0,0,0,0,0,0,0,0,0,0,1,0,0,0,0,0,0,0,0,0,0,0,0,274,rosared01,rosared01,rosari001edd,,0,14,eol
18658,0,21,Los Angeles Dodgers,Major League Baseball,Davis,Noah,,56,22,4,1997,206,The United States,55285,Newport Beach,4,188,194,1,1,12,367,443,4,1,96,191,51,243,96,92,91,186,47,230,88,88,92,187,48,233,90,89,5,0,0,21,8,11,33,14,73,165,352,174,367,244,349,12,6,0,47,109,52,8,3,51,42,45,43,0,0,13,8,10,200,0,0,0,0,0,0,0,0,0,1,550,.288,0,0,34,54,101,12,0,0,0,0,0,0,0,0,0,0,0,0,0,0,0,0,0,0,0,0,0,98,132,108,81,99,179,365,.9576,332,374,318,374,374,318,318,318,0,0,0,0,0,325,271,325,325,271,271,271,0,0,0,0,0,0,400,davisno01,davisno01,davis-000noa,,0,8,eol
20014,0,21,Los Angeles Dodgers,Major League Baseball,Outman,James,,33,14,5,1997,206,The United States,65381,Redwood City,4,191,216,2,1,8,415,415,4,0,110,512,361,438,122,97,154,558,421,405,167,145,338,387,420,454,233,411,8,3,2,117,68,148,114,25,17,1,1,1,1,1,1,15,30,10,1,39,54,13,3,12,8,8,15,0,0,140,100,118,0,0,0,0,0,0,90,200,122,0,1,550,.163,23,4,17,54,197,8,0,0,0,0,0,0,0,0,0,0,0,0,0,0,0,0,0,0,0,0,0,113,56,129,113,167,77,1,.9302,1,3,0,0,0,0,0,0,0,0,0,0,0,1,0,0,0,0,0,0,0,0,0,0,0,0,275,outmaja01,outmaja01,outman000jam,,0,13,eol
20242,0,21,Los Angeles Dodgers,Major League Baseball,Little,Jack,,81,10,1,1998,206,The United States,43942,Las Vegas,4,193,190,2,1,12,0,0,3,0,86,181,43,224,82,84,94,189,49,235,93,90,92,187,48,233,90,89,5,2,2,12,7,11,16,9,7,308,288,335,303,297,291,6,6,5,46,109,54,12,2,51,44,46,44,0,0,12,11,1,200,0,0,0,0,0,0,0,0,0,1,550,.285,0,0,18,70,70,6,0,0,0,0,0,0,0,0,0,0,0,0,0,0,0,0,0,0,0,0,0,60,161,77,169,89,117,257,1.0139,261,160,207,0,301,0,0,0,0,0,0,0,0,161,210,0,304,0,0,0,0,0,0,0,0,0,400,littlja02,littlja02,little002jac,,0,12,eol
20415,0,21,Los Angeles Dodgers,Major League Baseball,Loutos,Ryan,,52,29,1,1999,206,The United States,23397,Elk Grove Village,4,196,238,1,1,12,30,30,3,0,92,186,48,234,90,88,92,187,48,232,89,89,92,187,48,233,90,89,5,0,0,9,6,11,10,12,20,262,284,264,282,325,318,12,1,1,33,109,46,11,3,51,42,45,43,0,0,18,12,12,200,0,0,0,0,0,0,0,0,0,1,550,.305,0,0,27,75,56,12,0,0,0,0,0,0,0,0,0,0,0,0,0,0,0,0,0,0,0,0,0,101,178,124,101,76,73,214,1.0240,274,163,163,188,163,188,0,0,0,0,0,0,0,157,201,245,201,245,0,0,0,0,0,0,0,0,400,loutory01,loutory01,loutos000rya,,0,11,eol
20440,0,21,Los Angeles Dodgers,Major League Baseball,Feduccia,Hunter,,30,5,6,1997,206,The United States,43185,Lake Charles,4,188,216,2,1,2,46,264,2,2,273,444,200,469,325,212,284,449,209,482,335,216,300,400,269,450,343,241,2,0,0,111,31,171,122,63,10,1,1,1,1,1,1,15,30,10,1,22,59,11,3,13,19,16,19,75,99,10,6,5,0,200,0,0,0,0,0,0,0,0,1,550,.190,24,3,4,77,136,2,0,0,0,0,0,0,0,0,0,0,0,0,0,0,0,0,0,0,0,0,0,121,130,96,87,103,120,1,.9302,1,3,0,0,0,0,0,0,0,0,0,0,0,1,0,0,0,0,0,0,0,0,0,0,0,0,279,feduchu01,feduchu01,feducc000hun,,104,11,eol
20714,0,21,Los Angeles Dodgers,Major League Baseball,Snell,Blake,Snellzilla,7,4,12,1992,206,The United States,72460,Seattle,4,193,225,2,2,11,1431,1500,13,1,86,181,44,218,81,84,94,189,50,238,93,90,97,142,50,261,102,88,5,0,0,9,6,11,10,10,114,503,315,501,331,442,311,1,6,0,144,89,50,15,3,65,36,47,41,0,0,13,6,8,200,0,0,0,0,0,0,0,0,0,1,550,.220,0,0,6,63,150,1,0,0,0,0,0,0,0,0,0,0,0,0,0,0,0,0,0,0,0,0,0,111,71,85,110,106,173,482,.9441,475,334,442,398,442,0,0,0,0,0,0,0,0,320,461,377,423,0,0,0,0,0,0,0,0,0,415,snellbl01,snellbl01,snell-000bla,,0,15,eol
20770,0,21,Los Angeles Dodgers,Major League Baseball,Pages,Andy,,44,8,12,2000,49,Cuba,31031,Havana,5,185,212,1,1,8,172,323,2,2,452,382,404,339,408,479,411,368,418,283,404,419,416,385,414,316,402,427,6,2,2,91,126,144,103,9,5,4,1,4,1,8,1,15,30,10,1,45,53,12,4,13,9,12,14,0,0,140,100,118,0,0,0,0,0,0,132,200,200,0,1,550,.280,28,1,18,30,106,6,0,0,0,0,0,0,0,0,0,0,0,0,0,0,0,0,0,0,0,0,0,9,122,85,198,106,80,1,.9756,1,3,0,0,0,0,0,0,0,0,0,0,0,1,0,0,0,0,0,0,0,0,0,0,0,0,274,pagesan01,pagesan01,pages-001and,,0,12,eol
19634,0,21,Los Angeles Dodgers,Major League Baseball,May,Dustin,,85,6,9,1997,206,The United States,35847,Justin,4,198,181,1,1,11,808,808,8,0,94,188,50,239,92,90,92,186,48,231,89,89,89,175,49,221,94,78,5,0,0,15,10,11,21,11,104,333,328,364,366,404,387,12,1,1,150,91,49,10,3,50,35,42,41,0,0,20,2,13,200,0,0,0,0,0,0,0,0,0,1,550,.270,0,0,17,57,103,12,0,0,0,0,0,0,0,0,0,0,0,0,0,0,0,0,0,0,0,0,0,97,18,156,105,72,165,376,.8287,357,269,323,0,401,362,191,0,0,0,0,0,0,248,308,0,375,342,180,0,0,0,0,0,0,0,384,maydu01,maydu01,may---000dus,,0,10,eol
19537,0,21,Los Angeles Dodgers,Major League Baseball,Hernández,Enrique,Kiké,8,24,8,1991,151,Puerto Rico,80321,Toa Baja,5,180,192,1,1,8,1832,2136,13,3,319,407,415,356,407,199,326,343,399,363,382,261,387,434,427,438,436,325,0,3,2,18,6,11,62,104,18,435,249,437,250,405,275,1,6,1,36,38,37,12,3,130,75,155,98,0,0,142,125,197,0,0,184,200,200,0,152,200,0,0,1,550,.222,21,0,15,42,114,0,0,0,0,0,0,0,0,0,0,0,0,0,0,0,0,0,0,0,0,0,0,140,155,110,118,155,83,207,.9985,236,185,0,0,0,0,0,161,0,0,0,0,0,213,0,0,0,0,0,184,0,0,0,0,0,0,170,hernaen02,hernaen02,hernan002enr,,0,12,eol
19588,0,21,Los Angeles Dodgers,Major League Baseball,Phillips,Evan,Philly,59,11,9,1994,206,The United States,14018,Clayton,4,188,216,1,1,12,1050,1316,11,3,95,190,50,240,93,91,92,186,47,231,90,88,89,187,48,231,87,85,5,2,2,34,10,11,59,55,93,424,383,454,409,440,367,2,2,0,31,111,50,14,3,51,43,46,44,0,0,4,12,10,200,0,0,0,0,0,0,0,0,0,1,550,.224,0,0,10,44,130,2,0,0,0,0,0,0,0,0,0,0,0,0,0,0,0,0,0,0,0,0,0,81,183,77,126,10,96,441,1.2225,451,368,314,0,0,415,0,0,0,0,0,0,0,352,304,0,0,433,0,0,0,0,0,0,0,0,448,phillev01,phillev01,philli000eva,,0,14,eol
19525,0,21,Los Angeles Dodgers,Major League Baseball,Dreyer,Jack,,86,27,2,1999,206,The United States,35566,Johnston,4,188,205,1,2,12,0,0,4,0,97,191,52,243,97,93,91,186,47,229,88,88,92,187,48,233,90,89,5,0,0,10,9,11,10,8,30,541,414,521,440,527,411,1,2,0,30,109,42,12,3,50,35,42,41,0,0,4,19,15,200,0,0,0,0,0,0,0,0,0,1,550,.245,0,0,6,38,115,1,0,0,0,0,0,0,0,0,0,0,0,0,0,0,0,0,0,0,0,0,0,87,99,119,85,123,156,411,1.2407,416,204,343,423,0,0,0,0,0,0,0,0,0,206,346,427,0,0,0,0,0,0,0,0,0,0,400,dreyeja01,dreyeja01,dreyer000jac,,0,12,eol
19616,0,21,Los Angeles Dodgers,Major League Baseball,Rojas,Miguel,Miggy Ro,72,24,2,1989,210,Venezuela,42014,Los Teques,5,180,194,1,1,4,1857,1881,15,0,469,353,356,384,480,441,436,415,316,359,477,388,448,393,259,342,482,408,1,1,0,77,87,161,124,148,17,174,370,174,372,216,321,12,1,1,39,9,59,17,3,171,170,169,166,0,0,16,9,12,0,0,0,200,165,200,0,0,0,0,1,550,.281,34,0,9,42,63,1,0,0,0,0,0,0,0,0,0,0,0,0,0,0,0,0,0,0,0,0,0,106,88,76,128,146,114,218,.9979,195,175,0,175,0,0,0,0,0,0,0,0,0,156,0,156,0,0,0,0,0,0,0,0,0,0,134,rojasmi02,rojasmi02,rojas-003mig,,0,17,eol
20928,0,21,Los Angeles Dodgers,Major League Baseball,Yates,Kirby,Kirbs,38,25,3,1987,206,The United States,39309,Koloa,4,178,205,2,1,12,1673,1698,11,1,89,184,45,228,85,86,94,188,49,235,91,90,89,187,48,232,93,80,5,2,2,9,7,11,10,7,100,371,326,406,343,435,343,4,3,2,32,88,40,14,3,51,38,43,42,0,0,3,19,9,200,0,0,0,0,0,0,0,0,0,1,550,.210,0,0,17,60,156,4,0,0,0,0,0,0,0,0,0,0,0,0,0,0,0,0,0,0,0,0,0,101,106,93,90,98,79,493,.9719,511,395,480,0,0,0,0,395,0,0,0,0,0,347,504,0,0,0,0,412,0,0,0,0,0,0,480,yateski01,yateski01,yates-001kir,,0,14,eol
19476,0,21,Los Angeles Dodgers,Major League Baseball,Betts,Mookie,,50,7,10,1992,206,The United States,54298,Nashville,1,175,181,1,1,6,1892,1996,15,1,426,377,372,448,504,325,424,351,406,422,492,337,473,456,445,465,464,462,2,3,2,115,82,154,104,7,13,1,1,1,1,1,1,15,30,10,1,40,56,13,3,133,101,118,120,0,0,107,119,129,0,0,0,110,0,200,0,0,200,0,1,550,.273,23,4,15,60,52,2,0,0,0,0,0,0,0,0,0,0,0,0,0,0,0,0,0,0,0,0,0,54,87,130,112,116,81,1,.9302,1,3,0,0,0,0,0,0,0,0,0,0,0,1,0,0,0,0,0,0,0,0,0,0,0,0,272,bettsmo01,bettsmo01,betts-000mar,,0,13,eol
19639,0,21,Los Angeles Dodgers,Major League Baseball,Banda,Anthony,,43,10,8,1993,206,The United States,74292,Sinton,5,188,220,2,2,12,1376,1717,10,3,86,182,43,217,82,84,94,189,49,238,93,90,87,187,48,228,91,74,5,0,0,16,9,11,23,10,105,439,347,412,338,435,347,5,6,1,31,111,42,10,3,50,35,42,41,0,0,6,14,11,200,0,0,0,0,0,0,0,0,0,1,550,.245,0,0,14,59,117,5,0,0,0,0,0,0,0,0,0,0,0,0,0,0,0,0,0,0,0,0,0,93,35,108,121,85,74,416,.9781,410,201,339,0,418,0,383,0,0,0,0,0,0,198,335,0,414,0,378,0,0,0,0,0,0,0,425,bandaan01,bandaan01,banda-000ant,,0,10,eol
20891,0,21,Los Angeles Dodgers,Major League Baseball,Knack,Landon,Knackers,96,15,7,1997,206,The United States,35558,Johnson City,4,188,220,2,1,11,43,43,5,0,88,183,44,221,84,86,94,189,49,237,91,90,92,187,48,233,90,89,5,2,2,9,7,11,10,8,103,367,355,361,383,368,387,6,3,1,137,109,33,12,3,51,38,43,42,0,0,14,13,12,200,0,0,0,0,0,0,0,0,0,1,550,.271,0,0,24,52,110,6,0,0,0,0,0,0,0,0,0,0,0,0,0,0,0,0,0,0,0,0,0,108,113,84,101,88,136,402,.8567,406,202,340,419,385,0,0,0,0,0,0,0,0,204,343,423,388,0,0,0,0,0,0,0,0,0,400,knackla01,knackla01,knack-000lan,,0,12,eol
// San Diego Padres, ID = 27
18726,0,27,San Diego Padres,Major League Baseball,Gillaspie,Logan,,71,17,4,1997,206,The United States,6327,Bakersfield,4,188,216,1,1,12,352,461,4,2,95,190,50,238,95,91,92,187,47,231,89,88,92,187,48,233,90,89,5,2,2,10,10,11,10,8,10,387,400,392,401,424,445,12,1,5,47,109,41,14,3,51,43,46,44,0,0,4,17,19,200,0,0,0,0,0,0,0,0,0,1,550,.286,0,0,17,44,65,12,0,0,0,0,0,0,0,0,0,0,0,0,0,0,0,0,0,0,0,0,0,126,94,125,73,108,89,242,1.0159,256,169,169,197,169,197,0,0,0,0,0,0,0,138,181,216,181,216,0,0,0,0,0,0,0,0,400,gillalo01,gillalo01,gillas000log,,0,14,eol
19414,0,27,San Diego Padres,Major League Baseball,Kolek,Stephen,,32,18,4,1997,206,The United States,32688,Houston,4,191,209,1,1,11,95,95,2,0,95,188,49,239,93,91,91,187,48,231,88,88,92,187,48,233,90,89,5,0,0,16,10,11,23,11,55,439,410,456,449,432,432,9,1,1,73,109,60,7,3,50,35,42,41,0,0,19,18,17,200,0,0,0,0,0,0,0,0,0,1,550,.269,0,0,8,38,79,9,0,0,0,0,0,0,0,0,0,0,0,0,0,0,0,0,0,0,0,0,0,134,127,66,130,113,136,283,.7985,288,292,232,0,326,232,172,0,0,0,0,0,0,296,235,0,329,235,174,0,0,0,0,0,0,0,393,kolekst01,kolekst01,kolek-000ste,,0,7,eol
19901,0,27,San Diego Padres,Major League Baseball,Vasquez,Randy,,98,3,11,1998,56,Dominican Republic,83449,Villa Bisonó,1,183,165,1,1,11,307,496,6,2,95,189,50,242,95,91,92,186,47,230,89,89,92,187,48,233,90,89,5,0,0,15,8,11,22,6,72,430,337,441,402,427,375,8,4,2,133,107,41,10,3,50,35,42,41,0,0,1,19,5,200,0,0,0,0,0,0,0,0,0,1,550,.281,0,0,13,51,66,8,0,0,0,0,0,0,0,0,0,0,0,0,0,0,0,0,0,0,0,0,0,192,78,75,118,89,17,246,1.3415,265,211,211,0,260,211,0,0,0,0,0,0,0,227,227,0,284,227,0,0,0,0,0,0,0,0,398,vasqura02,vasqura02,vasque001ran,,0,10,eol
19908,0,27,San Diego Padres,Major League Baseball,Waldron,Matt,,61,26,9,1996,206,The United States,57291,Omaha,4,188,185,1,1,11,177,187,5,0,96,189,51,242,95,92,92,186,47,229,89,88,92,187,48,233,90,89,5,0,0,9,8,11,10,10,61,397,360,403,407,386,426,10,6,1,150,109,41,9,3,51,43,46,44,0,0,6,1,16,200,0,0,0,0,0,0,0,0,0,1,550,.270,0,0,16,47,98,10,0,0,0,0,0,0,0,0,0,0,0,0,0,0,0,0,0,0,0,0,0,102,121,108,118,76,86,355,.9574,350,195,372,0,0,409,0,0,0,0,0,0,330,192,366,0,0,404,0,0,0,0,0,0,326,0,389,waldrma01,waldrma01,waldro000mat,,0,9,eol
20006,0,27,San Diego Padres,Major League Baseball,Cruz,Omar,,60,26,1,1999,124,Mexico,31520,Hermosillo,5,183,209,2,2,12,0,0,3,0,89,183,45,224,85,86,94,188,49,235,92,90,92,187,48,233,90,89,5,0,0,17,7,11,25,14,39,341,257,328,249,299,265,6,6,5,48,109,55,13,3,51,43,46,44,0,0,17,17,14,200,0,0,0,0,0,0,0,0,0,1,550,.273,0,0,17,86,90,6,0,0,0,0,0,0,0,0,0,0,0,0,0,0,0,0,0,0,0,0,0,73,114,151,178,112,50,320,.9839,295,231,291,231,231,0,0,0,0,0,0,0,0,214,266,214,214,0,0,0,0,0,0,0,0,0,400,cruzom01,cruzom01,cruz--000oma,,0,13,eol
20411,0,27,San Diego Padres,Major League Baseball,Arraez,Luis,La Regadera,4,9,4,1997,210,Venezuela,69935,San Felipe,1,178,176,2,1,3,1032,1302,8,3,498,289,200,287,591,375,532,343,206,268,618,431,536,306,261,287,579,482,3,1,1,109,88,141,93,188,5,1,1,1,1,1,1,15,30,10,1,13,55,12,4,75,43,67,86,0,0,10,4,3,0,0,200,200,0,0,0,0,0,0,1,550,.308,26,4,4,26,16,3,0,0,0,0,0,0,0,0,0,0,0,0,0,0,0,0,0,0,0,0,0,104,105,125,84,87,115,1,.9756,1,3,0,0,0,0,0,0,0,0,0,0,0,1,0,0,0,0,0,0,0,0,0,0,0,0,273,arraelu01,arraelu01,arraez000lui,,0,12,eol
20954,0,27,San Diego Padres,Major League Baseball,Matsui,Yuki,,1,30,10,1995,98,Japan,88034,Yokohama,2,173,165,2,2,12,153,201,4,0,85,180,43,217,80,84,95,189,49,239,93,91,92,187,48,233,90,89,5,0,0,9,7,11,10,6,102,414,309,427,308,417,303,2,6,0,34,109,36,9,4,50,35,42,41,0,0,11,6,14,200,0,0,0,0,0,0,0,0,0,1,550,.242,0,0,16,68,119,2,0,0,0,0,0,0,0,0,0,0,0,0,0,0,0,0,0,0,0,0,0,92,56,106,107,94,74,419,.9169,427,205,391,425,0,297,0,345,0,0,0,0,0,209,399,431,0,302,0,351,0,0,0,0,0,0,436,matsuyu01,matsuyu01,matsui000yuk,,0,9,eol
20289,0,27,San Diego Padres,Major League Baseball,Díaz,Elias,El Maracucho,17,17,11,1990,210,Venezuela,47987,Maracaibo,1,185,223,1,1,2,1675,1765,13,1,355,303,309,308,406,307,368,354,364,362,379,360,421,360,408,363,442,401,4,1,1,16,10,11,55,171,19,1,1,1,1,1,1,15,30,10,1,30,59,13,3,18,6,6,19,71,137,1,9,18,0,200,0,0,0,0,0,0,0,0,1,550,.240,22,0,11,39,115,4,0,0,0,0,0,0,0,0,0,0,0,0,0,0,0,0,0,0,0,0,0,101,170,64,161,110,155,1,.9302,1,3,0,0,0,0,0,0,0,0,0,0,0,1,0,0,0,0,0,0,0,0,0,0,0,0,278,diazel01,diazel01,diaz--004eli,,106,13,eol
20580,0,27,San Diego Padres,Major League Baseball,Bergert,Ryan,,38,8,3,2000,206,The United States,17182,Canton,4,185,209,1,1,12,0,0,4,0,94,188,49,234,91,90,92,186,47,233,90,89,92,187,48,233,90,89,5,0,0,11,10,11,12,8,76,473,313,473,318,452,328,2,4,0,119,109,34,10,4,50,35,42,41,0,0,16,13,9,200,0,0,0,0,0,0,0,0,0,1,550,.252,0,0,12,66,117,2,0,0,0,0,0,0,0,0,0,0,0,0,0,0,0,0,0,0,0,0,0,101,98,92,107,120,119,415,1.0250,396,208,350,0,397,430,0,0,0,0,0,0,0,198,334,0,376,413,0,0,0,0,0,0,0,0,400,bergery01,bergery01,berger001rya,,0,10,eol
20661,0,27,San Diego Padres,Major League Baseball,Brooks,Trenton,,41,3,7,1995,206,The United States,1825,Alpine,4,178,194,2,2,7,30,284,2,1,249,396,325,350,339,145,263,403,338,364,352,151,273,362,341,377,354,167,2,2,2,118,50,172,125,15,5,4,1,4,1,8,1,15,30,10,1,5,53,13,3,51,36,49,61,0,0,90,113,113,0,0,200,0,0,0,200,0,0,0,1,550,.186,19,2,10,42,130,2,0,0,0,0,0,0,0,0,0,0,0,0,0,0,0,0,0,0,0,0,0,73,32,92,99,85,125,1,1.0750,1,3,0,0,0,0,0,0,0,0,0,0,0,1,0,0,0,0,0,0,0,0,0,0,0,0,268,brooktr01,brooktr01,brooks000tre,,0,13,eol
20729,0,27,San Diego Padres,Major League Baseball,Jacob,Alek,,37,16,6,1998,206,The United States,75641,Spokane,4,191,190,2,1,12,245,245,6,0,87,183,44,226,83,85,94,189,49,235,92,91,92,187,48,233,90,89,5,0,0,22,7,11,36,9,68,414,357,455,379,431,387,12,1,0,42,109,36,11,2,51,39,44,42,0,0,15,14,5,200,0,0,0,0,0,0,0,0,0,1,550,.271,0,0,15,52,89,12,0,0,0,0,0,0,0,0,0,0,0,0,0,0,0,0,0,0,0,0,0,101,103,124,111,106,108,317,1.0238,383,158,294,0,319,0,203,0,0,0,0,0,0,191,363,0,402,0,270,0,0,0,0,0,0,0,400,jacobal01,jacobal01,jacob-001ale,,0,11,eol
20734,0,27,San Diego Padres,Major League Baseball,McCoy,Mason,,18,31,3,1995,206,The United States,63645,Peoria,4,180,185,1,1,6,194,465,6,2,303,374,284,410,325,276,301,371,277,407,321,275,307,359,306,397,322,293,7,0,0,148,136,192,132,140,120,1,1,1,1,1,1,15,30,10,1,14,55,11,3,136,108,122,122,0,0,5,1,14,0,0,0,84,0,200,0,0,0,0,1,550,.205,19,3,7,52,141,7,0,0,0,0,0,0,0,0,0,0,0,0,0,0,0,0,0,0,0,0,0,154,121,80,78,75,17,1,.9302,1,3,0,0,0,0,0,0,0,0,0,0,0,1,0,0,0,0,0,0,0,0,0,0,0,0,273,mccoyma01,mccoyma01,mccoy-000mas,,0,11,eol
20573,0,27,San Diego Padres,Major League Baseball,Machado,Manny,Mr. Miami,13,6,7,1992,206,The United States,50031,Miami,5,191,218,1,1,5,2236,2530,15,3,435,323,440,410,418,443,429,384,409,347,430,423,436,402,457,405,427,437,2,3,2,80,103,152,131,7,9,1,1,1,1,1,1,15,30,10,1,8,57,13,4,98,122,128,132,0,0,11,15,1,0,0,0,0,200,0,0,0,0,0,1,550,.286,29,0,18,42,93,2,0,0,0,0,0,0,0,0,0,0,0,0,0,0,0,0,0,0,0,0,0,120,50,179,114,102,74,1,.9756,1,3,0,0,0,0,0,0,0,0,0,0,0,1,0,0,0,0,0,0,0,0,0,0,0,0,278,machama01,machama01,machad001man,,0,13,eol
20593,0,27,San Diego Padres,Major League Baseball,King,Michael,,34,25,5,1995,206,The United States,66478,Rochester,4,191,209,1,1,11,935,1008,10,2,95,188,50,241,95,90,92,186,48,230,89,88,92,187,48,233,90,89,5,0,0,16,7,11,23,15,71,410,340,411,397,433,381,7,2,0,147,130,45,13,3,50,35,42,41,0,0,17,20,13,200,0,0,0,0,0,0,0,0,0,1,550,.244,0,0,14,52,127,7,0,0,0,0,0,0,0,0,0,0,0,0,0,0,0,0,0,0,0,0,0,79,81,127,90,117,66,434,1.1253,432,335,399,0,443,0,0,0,0,0,0,0,0,313,366,0,448,0,0,0,0,0,0,0,0,0,412,kingmi01,kingmi01,king--000mik,,0,13,eol
19590,0,27,San Diego Padres,Major League Baseball,Adam,Jason,,40,4,8,1991,206,The United States,58136,Overland Park,4,191,229,1,1,12,1195,1288,9,2,96,191,51,237,97,92,91,185,47,231,88,88,92,187,48,233,90,89,5,0,0,18,7,11,27,15,98,474,376,500,395,462,370,9,6,1,34,79,46,13,3,50,35,42,41,0,0,17,14,14,200,0,0,0,0,0,0,0,0,0,1,550,.218,0,0,7,48,131,9,0,0,0,0,0,0,0,0,0,0,0,0,0,0,0,0,0,0,0,0,0,169,113,124,112,120,111,444,.9638,461,383,324,0,428,0,0,0,0,0,0,0,0,364,311,0,446,0,0,0,0,0,0,0,0,0,453,adamja01,adamja01,adam--001jas,,0,13,eol
19600,0,27,San Diego Padres,Major League Baseball,Bogaerts,Xander,Bogie,2,1,10,1992,11,Aruba,57516,Oranjestad,5,188,218,1,1,6,2055,2135,13,1,454,321,275,403,459,436,427,382,333,374,438,413,464,447,415,433,436,473,3,3,2,88,125,173,123,45,12,1,1,1,1,1,1,15,30,10,1,26,55,10,3,78,87,74,122,0,0,6,10,16,0,0,0,200,0,200,0,0,0,0,1,550,.276,29,0,9,46,84,3,0,0,0,0,0,0,0,0,0,0,0,0,0,0,0,0,0,0,0,0,0,113,101,93,198,118,113,1,.9302,1,3,0,0,0,0,0,0,0,0,0,0,0,1,0,0,0,0,0,0,0,0,0,0,0,0,276,bogaexa01,bogaexa01,bogaer001xan,,0,10,eol
19614,0,27,San Diego Padres,Major League Baseball,Cronenworth,Jake,,9,21,1,1994,206,The United States,69025,St. Clair,4,185,185,2,1,4,850,1053,6,2,373,338,308,453,401,350,413,403,362,486,413,413,407,446,390,413,449,354,12,0,0,83,49,124,76,122,7,1,1,1,1,1,15,15,30,10,1,5,60,12,3,108,130,62,159,0,0,8,10,3,0,0,200,200,0,0,0,0,0,0,1,550,.259,27,2,11,77,103,12,0,0,0,0,0,0,0,0,0,0,0,0,0,0,0,0,0,0,0,0,0,21,192,71,186,113,78,1,.9302,1,3,0,0,0,0,0,0,0,0,0,0,0,1,0,0,0,0,0,0,0,0,0,0,0,0,279,croneja01,croneja01,cronen000jac,,0,12,eol
19625,0,27,San Diego Padres,Major League Baseball,Estrada,Jeremiah,,56,1,11,1998,206,The United States,62316,Palm Desert,5,185,185,3,1,12,516,750,6,1,87,183,44,222,83,86,94,188,49,237,92,91,92,187,48,233,90,89,5,2,2,12,6,11,17,9,34,430,347,434,392,440,363,4,6,1,33,109,38,18,3,50,35,42,41,0,0,9,13,3,200,0,0,0,0,0,0,0,0,0,1,550,.228,0,0,14,52,174,4,0,0,0,0,0,0,0,0,0,0,0,0,0,0,0,0,0,0,0,0,0,112,85,85,14,1,35,514,1.0018,517,401,401,0,0,0,0,488,0,0,0,0,0,346,411,0,0,0,0,503,0,0,0,0,0,0,381,estraje01,estraje01,estrad000jer,,0,18,eol
19633,0,27,San Diego Padres,Major League Baseball,Johnson,Bryce,,29,27,10,1995,206,The United States,32688,Houston,4,185,194,3,1,7,410,410,7,0,488,246,184,347,432,515,492,301,219,312,404,539,413,274,220,361,385,433,8,1,1,89,146,156,134,184,4,1,1,1,1,1,1,15,30,10,1,24,57,11,3,17,19,19,5,0,0,105,110,128,0,0,0,0,0,0,132,200,200,0,1,550,.321,26,0,4,34,103,8,0,0,0,0,0,0,0,0,0,0,0,0,0,0,0,0,0,0,0,0,0,84,55,191,85,105,196,1,.9302,1,3,0,0,0,0,0,0,0,0,0,0,0,1,0,0,0,0,0,0,0,0,0,0,0,0,276,johnsbr03,johnsbr03,johnso005bry,,0,11,eol
19652,0,27,San Diego Padres,Major League Baseball,Merrill,Jackson,,3,19,4,2003,206,The United States,73026,Severna Park,4,191,194,2,1,8,138,234,2,1,432,432,408,284,446,414,441,477,406,339,412,457,440,455,414,320,429,441,3,2,2,124,82,139,100,109,7,1,1,1,1,1,1,15,30,10,1,9,58,14,3,7,13,14,15,0,0,140,100,209,0,0,0,0,0,0,0,200,0,0,1,550,.289,32,9,16,35,97,3,0,0,0,0,0,0,0,0,0,0,0,0,0,0,0,0,0,0,0,0,0,103,131,95,77,58,43,1,.9302,1,3,0,0,0,0,0,0,0,0,0,0,0,1,0,0,0,0,0,0,0,0,0,0,0,0,279,merrija01,merrija01,merril000jac,,0,14,eol
19660,0,27,San Diego Padres,Major League Baseball,Morejon,Adrian,,50,27,2,1999,49,Cuba,31031,Havana,5,180,225,2,2,12,1032,1032,9,1,86,181,43,219,82,85,94,189,49,238,93,90,90,187,48,232,91,83,5,0,0,9,8,11,10,12,94,550,485,518,447,506,430,1,6,1,34,102,59,9,3,50,35,42,41,0,0,10,16,15,200,0,0,0,0,0,0,0,0,0,1,550,.241,0,0,4,33,117,1,0,0,0,0,0,0,0,0,0,0,0,0,0,0,0,0,0,0,0,0,0,123,104,111,87,90,103,415,.9974,421,397,350,0,0,0,208,430,0,0,0,0,0,402,354,0,0,0,211,435,0,0,0,0,0,0,401,morejad01,morejad01,morejo000adr,,0,9,eol
19668,0,27,San Diego Padres,Major League Baseball,Peralta,Wandy,La Grasa,58,27,7,1991,56,Dominican Republic,69965,San Francisco de Macorís,1,183,227,2,2,12,1548,1548,12,0,89,184,45,224,85,86,94,188,49,237,92,90,92,187,48,232,89,88,5,0,0,10,10,11,10,8,99,416,371,406,365,376,332,7,3,2,32,123,64,8,3,50,35,42,41,0,0,11,20,1,200,0,0,0,0,0,0,0,0,0,1,550,.246,0,0,10,53,91,7,0,0,0,0,0,0,0,0,0,0,0,0,0,0,0,0,0,0,0,0,0,6,190,79,157,113,125,327,.9020,343,361,298,0,174,0,236,0,0,0,0,0,0,400,323,0,190,0,268,0,0,0,0,0,0,0,440,peralwa01,peralwa01,peralt001wan,,0,8,eol
19679,0,27,San Diego Padres,Major League Baseball,Pivetta,Nick,,27,14,2,1993,36,Canada,85337,Victoria,4,196,209,1,1,11,1359,1359,10,1,96,190,51,236,96,92,91,185,47,231,88,88,96,182,52,218,98,89,5,0,0,19,10,11,29,6,2,440,404,397,448,396,381,2,2,0,155,102,39,13,3,50,35,42,41,0,0,13,20,2,200,0,0,0,0,0,0,0,0,0,1,550,.236,0,0,15,39,127,2,0,0,0,0,0,0,0,0,0,0,0,0,0,0,0,0,0,0,0,0,0,78,128,84,105,92,17,435,.8028,435,317,373,419,0,419,0,0,0,0,0,0,0,307,357,405,0,439,0,0,0,0,0,0,0,0,439,pivetni01,pivetni01,pivett000nic,,0,13,eol
19688,0,27,San Diego Padres,Major League Baseball,Sheets,Gavin,,30,23,4,1996,206,The United States,41218,Timonium,4,196,236,2,2,7,688,699,5,1,384,463,357,342,428,332,405,409,384,407,415,398,392,418,402,388,418,363,4,0,0,75,34,126,113,10,16,1,1,1,1,1,1,15,30,10,1,18,58,13,3,57,43,53,59,0,0,89,93,113,0,0,200,0,0,0,200,0,195,0,1,550,.259,31,1,13,48,99,4,0,0,0,0,0,0,0,0,0,0,0,0,0,0,0,0,0,0,0,0,0,108,155,91,77,73,95,1,1.0750,1,3,0,0,0,0,0,0,0,0,0,0,0,1,0,0,0,0,0,0,0,0,0,0,0,0,277,sheetga01,sheetga01,sheets000gav,,0,13,eol
19696,0,27,San Diego Padres,Major League Baseball,Tatis Jr.,Fernando,,23,2,1,1999,56,Dominican Republic,70516,San Pedro de Macorís,5,191,185,1,1,9,860,860,6,0,406,322,401,502,404,411,430,383,422,436,422,432,413,431,470,452,375,439,5,3,2,113,152,164,105,8,12,1,1,1,1,1,1,15,30,10,1,45,57,15,3,4,8,11,20,0,0,147,85,153,0,0,0,0,0,0,0,0,200,0,1,550,.282,26,2,18,68,99,5,0,0,0,0,0,0,0,0,0,0,0,0,0,0,0,0,0,0,0,0,0,110,80,86,123,107,17,1,.9302,1,3,0,0,0,0,0,0,0,0,0,0,0,1,0,0,0,0,0,0,0,0,0,0,0,0,278,tatisfe02,tatisfe02,tatis-003fer,,0,15,eol
19289,0,27,San Diego Padres,Major League Baseball,Gonzalez,Oscar,,39,10,1,1998,56,Dominican Republic,67615,Sabana Grande de Palenque,1,193,240,1,1,7,197,420,5,1,326,272,292,261,377,265,363,217,224,303,403,327,435,400,333,223,418,443,2,3,2,78,115,60,70,6,4,1,1,1,1,1,1,15,30,10,1,37,59,12,4,14,13,1,19,0,0,89,93,113,0,0,0,0,0,0,200,0,170,0,1,550,.227,13,1,5,29,110,2,0,0,0,0,0,0,0,0,0,0,0,0,0,0,0,0,0,0,0,0,0,108,78,88,93,69,111,1,.9756,1,3,0,0,0,0,0,0,0,0,0,0,0,1,0,0,0,0,0,0,0,0,0,0,0,0,280,gonzaos01,gonzaos01,gonzal003osc,,0,12,eol
20067,0,27,San Diego Padres,Major League Baseball,Rodriguez,Bradgley,,72,16,11,2003,210,Venezuela,58483,Petare,5,185,161,1,1,12,0,0,2,0,95,190,50,237,94,90,91,187,47,232,88,88,92,187,48,233,90,89,5,0,0,9,7,11,10,7,98,388,358,405,364,310,286,12,1,0,36,109,58,10,3,51,43,46,44,0,0,6,12,7,200,0,0,0,0,0,0,0,0,0,1,550,.251,0,0,11,54,117,12,0,0,0,0,0,0,0,0,0,0,0,0,0,0,0,0,0,0,0,0,0,75,86,110,88,119,96,415,.9983,333,227,377,0,423,0,0,0,0,0,0,0,0,185,315,0,351,0,0,0,0,0,0,0,0,0,400,rodribr01,rodribr01,rodrig008bra,,0,10,eol
20072,0,27,San Diego Padres,Major League Baseball,Morgan,David,,66,26,10,1999,206,The United States,50722,Mission Viejo,4,183,185,1,1,12,0,0,1,0,95,190,51,237,95,91,91,186,47,231,88,88,92,187,48,233,90,89,5,2,2,9,6,11,10,15,112,426,285,444,294,438,286,7,6,0,33,109,52,13,3,50,38,43,42,0,0,12,1,18,200,0,0,0,0,0,0,0,0,0,1,550,.243,0,0,10,73,129,7,0,0,0,0,0,0,0,0,0,0,0,0,0,0,0,0,0,0,0,0,0,104,91,120,85,12,94,439,.9942,445,311,364,411,0,0,411,0,0,0,0,0,0,304,353,401,0,0,434,0,0,0,0,0,0,0,400,morgada01,morgada01,morgan011dav,,0,13,eol
19044,0,27,San Diego Padres,Major League Baseball,Maldonado,Martin,Valdez,15,16,8,1986,151,Puerto Rico,53856,Naguabo,5,183,229,1,1,2,2313,2511,16,2,271,341,370,323,226,311,240,390,356,300,247,241,312,382,388,305,332,293,1,0,0,16,7,11,55,186,3,1,1,1,1,254,292,15,30,10,1,29,54,13,3,4,12,14,18,102,124,3,6,16,0,200,0,0,0,0,0,0,0,0,1,550,.196,20,0,12,31,169,1,0,0,0,0,0,0,0,0,0,0,0,0,0,0,0,0,0,0,0,0,0,73,85,110,28,76,73,1,.9302,1,3,0,0,0,0,0,0,0,0,0,0,0,1,0,0,0,0,0,0,0,0,0,0,0,0,272,maldoma01,maldoma01,maldon001mar,,92,13,eol
19285,0,27,San Diego Padres,Major League Baseball,Heyward,Jason,J-Hey,22,9,8,1989,206,The United States,64198,Ridgewood,1,196,240,2,2,9,2449,2491,16,1,277,418,360,333,373,140,311,456,408,386,419,152,421,419,416,477,381,449,4,3,2,112,85,139,103,26,7,1,1,1,1,1,1,15,30,10,1,25,54,11,3,15,3,1,8,0,0,114,126,121,0,0,0,0,0,0,187,0,200,0,1,550,.204,22,3,15,44,103,4,0,0,0,0,0,0,0,0,0,0,0,0,0,0,0,0,0,0,0,0,0,76,98,89,105,77,37,1,1.0750,1,3,0,0,0,0,0,0,0,0,0,0,0,1,0,0,0,0,0,0,0,0,0,0,0,0,272,heywaja01,heywaja01,heywar001jas,,0,11,eol
18526,0,27,San Diego Padres,Major League Baseball,Iglesias,Jose,Candelita,7,5,1,1990,49,Cuba,31031,Havana,5,180,194,1,1,4,2026,2359,15,3,456,345,272,367,439,456,442,292,206,324,463,414,465,360,230,257,488,428,11,2,1,78,90,148,101,147,16,4,1,4,1,8,1,15,30,10,1,21,53,14,3,101,148,85,128,0,0,13,8,12,0,0,0,200,200,0,0,0,0,0,1,550,.277,23,0,4,36,75,11,0,0,0,0,0,0,0,0,0,0,0,0,0,0,0,0,0,0,0,0,0,78,101,126,102,100,174,1,.9302,1,3,0,0,0,0,0,0,0,0,0,0,0,1,0,0,0,0,0,0,0,0,0,0,0,0,272,iglesjo01,iglesjo01,iglesi001jos,,0,14,eol
20389,0,27,San Diego Padres,Major League Baseball,Joe,Connor,,17,16,8,1992,206,The United States,69896,San Diego,2,183,205,1,1,9,738,738,6,0,352,511,242,439,402,307,358,455,306,435,380,341,399,499,336,453,397,404,7,2,2,79,111,115,98,10,14,1,1,1,1,1,1,15,30,10,1,1,54,12,3,68,53,66,79,0,0,104,100,128,0,0,200,0,0,0,118,0,200,0,1,550,.231,33,1,7,62,115,7,0,0,0,0,0,0,0,0,0,0,0,0,0,0,0,0,0,0,0,0,0,108,96,107,81,113,132,1,.9302,1,3,0,0,0,0,0,0,0,0,0,0,0,1,0,0,0,0,0,0,0,0,0,0,0,0,272,joeco01,joeco01,joe---000con,,0,12,eol
20922,0,27,San Diego Padres,Major League Baseball,Darvish,Yu,Yu-San,11,16,8,1986,98,Japan,58281,Osaka,2,196,220,1,1,11,1967,1967,16,0,94,189,49,236,93,89,92,186,48,233,89,89,158,380,269,243,162,162,5,0,0,9,8,11,10,10,26,348,408,356,442,400,390,10,6,0,134,90,44,14,3,47,88,58,41,0,0,16,10,5,200,0,0,0,0,0,0,0,0,0,1,550,.247,0,0,19,39,109,10,0,0,0,0,0,0,0,0,0,0,0,0,0,0,0,0,0,0,0,0,0,178,61,83,82,141,85,399,1.1749,464,284,284,320,320,284,320,284,0,0,0,0,0,366,366,413,413,366,413,366,0,0,0,0,0,0,448,darviyu01,darviyu01,darvis001yu-,,0,14,eol
19369,0,27,San Diego Padres,Major League Baseball,Suarez,Robert,,75,1,3,1991,210,Venezuela,13867,Ciudad Bolívar,5,188,209,1,1,13,516,516,6,0,94,188,50,235,93,90,92,186,48,233,89,88,92,187,48,233,90,89,5,0,0,31,9,11,53,14,82,474,443,469,477,444,398,3,2,1,34,109,42,13,3,50,35,42,41,0,0,18,12,18,200,0,0,0,0,0,0,0,0,0,1,550,.228,0,0,10,32,122,3,0,0,0,0,0,0,0,0,0,0,0,0,0,0,0,0,0,0,0,0,0,22,91,125,129,193,127,426,.8363,436,317,0,0,372,419,0,0,0,0,0,0,0,305,0,0,355,436,0,0,0,0,0,0,0,0,447,suarero01,suarero01,suarez002rob,,0,13,eol
18530,0,27,San Diego Padres,Major League Baseball,Wade,Tyler,T-Wade,14,23,11,1994,206,The United States,52679,Murrieta,4,185,185,2,1,8,1276,1550,11,2,336,214,128,444,357,318,386,270,85,439,400,377,374,327,193,412,384,368,5,0,0,162,142,147,123,182,3,239,265,241,268,1,11,15,30,10,34,38,67,19,3,107,111,136,77,0,0,140,100,118,0,0,0,149,200,146,116,200,0,0,1,550,.230,11,5,1,64,114,5,0,0,0,0,0,0,0,0,0,0,0,0,0,0,0,0,0,0,0,0,0,113,50,95,77,106,93,235,1.0005,2,208,0,0,160,0,0,0,0,0,0,0,0,2,0,0,1,0,0,0,0,0,0,0,0,0,366,wadety01,wadety01,wade--000tyl,,0,19,eol
20052,0,27,San Diego Padres,Major League Baseball,Campusano,Luis,,12,29,9,1998,206,The United States,4889,Augusta,1,180,231,1,1,2,700,700,8,1,307,420,391,437,430,121,332,360,327,408,439,166,381,316,380,346,453,284,1,2,2,15,6,11,55,41,8,4,1,4,1,8,1,15,30,10,1,48,53,14,3,18,19,4,18,61,84,12,4,19,0,200,0,0,0,0,0,0,0,0,1,550,.207,22,0,11,55,87,1,0,0,0,0,0,0,0,0,0,0,0,0,0,0,0,0,0,0,0,0,0,77,114,126,81,124,90,1,.9302,1,3,0,0,0,0,0,0,0,0,0,0,0,1,0,0,0,0,0,0,0,0,0,0,0,0,272,campulu01,campulu01,campus002lui,,84,14,eol
20058,0,27,San Diego Padres,Major League Baseball,Marinaccio,Ron,,97,1,7,1995,206,The United States,80528,Toms River,4,188,205,1,1,12,362,362,7,0,94,189,49,235,92,90,92,186,47,232,90,88,92,187,48,233,90,89,5,0,0,9,6,11,10,10,88,446,329,464,336,443,269,10,1,3,45,109,44,18,3,51,42,45,43,0,0,14,9,20,200,0,0,0,0,0,0,0,0,0,1,550,.242,0,0,10,61,130,10,0,0,0,0,0,0,0,0,0,0,0,0,0,0,0,0,0,0,0,0,0,64,105,75,110,23,94,442,.9500,471,289,418,0,339,0,0,0,0,0,0,0,0,308,441,0,359,0,0,0,0,0,0,0,0,0,400,marinro01,marinro01,marina000ron,,0,18,eol
18596,0,27,San Diego Padres,Major League Baseball,Gurriel,Yuli,El Yuli,10,9,6,1984,49,Cuba,70730,Sancti Spíritus,5,183,216,1,1,3,1395,1395,12,0,296,396,266,476,390,165,304,361,226,417,379,200,476,385,392,365,495,440,2,2,2,104,25,170,112,12,3,1,1,1,1,1,1,15,30,10,1,26,55,13,3,86,77,79,76,0,0,3,8,19,0,0,200,0,0,0,0,0,0,0,1,550,.195,19,2,5,61,117,2,0,0,0,0,0,0,0,0,0,0,0,0,0,0,0,0,0,0,0,0,0,95,109,169,94,75,91,1,.9302,1,3,0,0,0,0,0,0,0,0,0,0,0,1,0,0,0,0,0,0,0,0,0,0,0,0,274,gourryu01,gourryu01,gourri000yul,,0,13,eol
20240,0,27,San Diego Padres,Major League Baseball,Reynolds,Sean,,25,19,4,1998,206,The United States,65375,Redondo Beach,4,201,238,2,1,12,50,319,2,2,86,181,44,219,82,85,95,189,49,238,93,91,92,187,48,233,90,89,5,3,2,10,10,11,10,6,69,429,235,435,238,455,250,12,5,1,39,109,38,11,3,51,40,44,43,0,0,4,4,19,200,0,0,0,0,0,0,0,0,0,1,550,.248,0,0,14,91,130,12,0,0,0,0,0,0,0,0,0,0,0,0,0,0,0,0,0,0,0,0,0,188,101,74,129,121,90,441,.9925,469,317,372,418,418,0,0,0,0,0,0,0,0,314,368,451,415,0,0,0,0,0,0,0,0,0,400,reynose01,reynose01,reynol000sea,,0,11,eol
20576,0,27,San Diego Padres,Major League Baseball,Hoeing,Bryan,,78,19,10,1996,206,The United States,7573,Batesville,4,198,209,1,1,12,362,413,5,1,96,189,50,241,95,92,91,186,47,231,88,88,92,187,48,233,90,89,5,2,2,22,9,11,35,8,71,454,406,505,434,353,404,1,6,0,42,109,56,9,3,51,43,46,44,0,0,14,2,8,200,0,0,0,0,0,0,0,0,0,1,550,.253,0,0,6,40,88,1,0,0,0,0,0,0,0,0,0,0,0,0,0,0,0,0,0,0,0,0,0,74,79,108,25,47,66,314,.9245,316,0,316,0,0,0,167,277,0,0,0,0,0,0,317,0,0,0,168,279,0,0,0,0,0,0,419,hoeinbr01,hoeinbr01,hoeing000bry,,0,9,eol
19869,0,27,San Diego Padres,Major League Baseball,Cease,Dylan,,84,28,12,1995,206,The United States,91208,Milton,4,188,198,1,1,11,1020,1313,10,2,95,190,51,239,95,91,91,185,47,231,88,88,117,250,48,226,95,138,5,0,0,14,9,11,18,9,119,421,323,457,375,429,340,3,6,1,149,110,43,15,3,50,35,42,41,0,0,4,2,7,200,0,0,0,0,0,0,0,0,0,1,550,.240,0,0,12,57,143,3,0,0,0,0,0,0,0,0,0,0,0,0,0,0,0,0,0,0,0,0,0,86,98,135,10,40,57,467,1.2055,458,385,326,430,0,0,0,430,0,0,0,0,0,363,311,410,0,0,0,445,0,0,0,0,0,0,389,ceasedy01,ceasedy01,cease-000dyl,,0,15,eol
20159,0,27,San Diego Padres,Major League Baseball,Nunez,Eduarniel,,54,7,6,1999,56,Dominican Republic,69606,Samana,1,188,174,1,1,12,0,0,4,0,95,190,49,239,93,91,92,186,47,231,89,88,92,187,48,233,90,89,5,0,0,32,9,11,55,12,74,405,114,402,113,412,256,12,6,0,40,109,35,19,3,51,42,45,43,0,0,10,4,11,200,0,0,0,0,0,0,0,0,0,1,550,.268,0,0,18,138,103,12,0,0,0,0,0,0,0,0,0,0,0,0,0,0,0,0,0,0,0,0,0,113,121,86,126,109,113,375,.9993,352,259,0,353,0,0,0,0,0,0,0,0,0,249,0,309,0,0,0,0,0,0,0,0,0,0,400,nunezed03,nunezed03,nunez-004edu,,0,19,eol
19970,0,27,San Diego Padres,Major League Baseball,Ornelas,Tirso,,21,11,3,2000,124,Mexico,79944,Tijuana,5,191,201,2,1,7,0,0,4,0,220,228,269,363,308,140,235,239,293,372,321,150,186,260,306,345,287,53,4,2,2,32,6,11,57,64,18,1,1,1,1,1,1,15,30,10,1,36,57,13,3,13,11,6,18,0,0,90,104,113,0,0,0,0,0,0,200,0,0,0,1,550,.176,10,0,7,43,142,4,0,0,0,0,0,0,0,0,0,0,0,0,0,0,0,0,0,0,0,0,0,91,103,85,90,100,21,1,.9302,1,3,0,0,0,0,0,0,0,0,0,0,0,1,0,0,0,0,0,0,0,0,0,0,0,0,278,ornelti01,ornelti01,ornela000tir,,0,13,eol
19979,0,27,San Diego Padres,Major League Baseball,Hart,Kyle,,68,23,11,1992,206,The United States,13776,Cincinnati,4,196,170,2,2,12,65,201,2,1,89,183,45,229,85,87,94,189,49,235,92,90,92,187,48,233,90,89,5,0,0,9,7,11,10,12,114,400,405,378,401,358,360,7,1,3,35,109,35,15,3,51,38,43,42,0,0,9,6,1,200,0,0,0,0,0,0,0,0,0,1,550,.273,0,0,21,44,98,7,0,0,0,0,0,0,0,0,0,0,0,0,0,0,0,0,0,0,0,0,0,125,111,117,111,184,30,355,.9811,358,218,218,0,218,271,271,0,0,0,0,0,0,220,220,0,220,273,273,0,0,0,0,0,0,0,400,hartky01,hartky01,hart--000kyl,,0,15,eol
20621,0,27,San Diego Padres,Major League Baseball,Lockridge,Brandon,,20,14,3,1997,206,The United States,63622,Pensacola,4,183,183,1,1,7,80,100,4,1,415,436,126,307,389,434,400,407,99,313,371,422,363,390,274,326,365,365,3,1,1,161,202,206,150,175,66,1,1,1,1,1,1,15,30,10,1,11,55,10,3,18,12,15,13,0,0,89,93,113,0,0,0,0,0,0,200,200,200,0,1,550,.248,28,5,1,32,120,3,0,0,0,0,0,0,0,0,0,0,0,0,0,0,0,0,0,0,0,0,0,128,98,112,118,13,104,1,.9302,1,3,0,0,0,0,0,0,0,0,0,0,0,1,0,0,0,0,0,0,0,0,0,0,0,0,274,lockrbr01,lockrbr01,lockri000bra,,0,10,eol
// San Francisco Giants, ID = 28
19606,0,28,San Francisco Giants,Major League Baseball,Miller,Erik,,68,13,2,1998,206,The United States,69095,St. Louis,4,196,240,2,2,12,90,90,3,0,89,183,46,230,85,87,93,188,49,234,91,89,92,187,48,233,90,89,5,1,1,13,10,11,17,15,61,503,248,475,250,444,232,8,4,0,21,109,56,11,3,51,40,44,43,0,0,19,5,14,200,0,0,0,0,0,0,0,0,0,1,550,.240,0,0,6,86,127,8,0,0,0,0,0,0,0,0,0,0,0,0,0,0,0,0,0,0,0,0,0,34,135,179,190,87,89,434,.9243,455,317,418,0,418,0,0,0,0,0,0,0,0,313,448,0,413,0,0,0,0,0,0,0,0,0,400,milleer01,milleer01,miller007eri,,0,11,eol
19610,0,28,San Francisco Giants,Major League Baseball,Ramos,Heliot,,17,7,9,1999,151,Puerto Rico,48995,Maunabo,1,180,187,1,1,7,516,516,7,0,429,389,440,411,346,483,410,326,402,348,397,422,421,366,417,365,376,451,9,2,2,99,69,133,114,6,13,1,1,1,1,1,1,15,30,10,1,7,54,14,3,15,2,13,19,0,0,89,93,108,0,0,0,0,0,0,200,200,0,0,1,550,.275,23,2,17,43,116,9,0,0,0,0,0,0,0,0,0,0,0,0,0,0,0,0,0,0,0,0,0,71,127,96,130,81,95,1,.9302,1,3,0,0,0,0,0,0,0,0,0,0,0,1,0,0,0,0,0,0,0,0,0,0,0,0,272,ramoshe02,ramoshe02,ramos-000hel,,0,14,eol
19617,0,28,San Francisco Giants,Major League Baseball,Walker,Ryan,,74,26,11,1995,206,The United States,24329,Everett,4,188,201,1,1,13,342,521,3,1,94,189,49,236,91,90,92,187,48,231,90,89,92,187,48,233,90,89,5,1,1,9,6,11,10,11,30,435,445,496,444,434,411,12,3,3,33,109,57,15,2,50,36,42,41,0,0,2,20,20,200,0,0,0,0,0,0,0,0,0,1,550,.240,0,0,7,36,125,12,0,0,0,0,0,0,0,0,0,0,0,0,0,0,0,0,0,0,0,0,0,144,42,94,78,93,96,432,.8270,453,0,430,0,0,0,302,0,0,0,0,0,0,0,455,0,0,0,317,0,0,0,0,0,0,0,403,walkery01,walkery01,walker004rya,,0,15,eol
19621,0,28,San Francisco Giants,Major League Baseball,Webb,Logan,,62,18,11,1996,206,The United States,66430,Rocklin,4,185,220,1,1,11,1030,1050,7,1,94,190,49,240,93,90,92,186,47,231,89,89,100,324,133,245,104,92,5,1,1,9,8,11,10,11,67,468,426,438,493,447,461,3,2,0,170,101,66,10,4,58,107,68,41,0,0,3,3,9,200,0,0,0,0,0,0,0,0,0,1,550,.274,0,0,7,32,112,3,0,0,0,0,0,0,0,0,0,0,0,0,0,0,0,0,0,0,0,0,0,144,1,55,40,123,13,405,.9047,387,396,349,0,301,429,208,0,0,0,0,0,0,375,333,0,281,412,197,0,0,0,0,0,0,0,280,webblo01,webblo01,webb--000log,,0,10,eol
19775,0,28,San Francisco Giants,Major League Baseball,Hjelle,Sean,,64,7,5,1997,206,The United States,85859,White Bear Lake,4,211,227,1,1,12,377,519,6,1,93,188,48,233,90,90,92,186,47,233,90,89,92,187,48,233,90,89,5,0,0,9,6,11,10,15,109,324,447,358,468,355,452,6,1,0,42,109,65,11,3,51,42,45,43,0,0,6,15,9,200,0,0,0,0,0,0,0,0,0,1,550,.287,0,0,13,33,95,6,0,0,0,0,0,0,0,0,0,0,0,0,0,0,0,0,0,0,0,0,0,85,114,39,84,73,68,343,1.1480,391,0,283,0,0,348,169,0,0,0,0,0,0,0,334,0,0,413,198,0,0,0,0,0,0,0,311,hjellse01,hjellse01,hjelle000sea,,0,11,eol
20021,0,28,San Francisco Giants,Major League Baseball,Roupp,Landen,,65,10,9,1998,206,The United States,66407,Rocky Mount,4,188,205,1,1,11,110,175,4,1,96,190,52,243,96,91,91,186,47,230,87,88,92,187,48,233,90,89,5,2,2,21,8,11,33,8,9,424,314,431,356,452,327,4,6,2,95,109,53,11,3,50,35,42,41,0,0,4,8,14,200,0,0,0,0,0,0,0,0,0,1,550,.266,0,0,10,60,103,4,0,0,0,0,0,0,0,0,0,0,0,0,0,0,0,0,0,0,0,0,0,161,19,72,129,61,76,376,1.3085,382,0,366,192,404,0,326,0,0,0,0,0,0,0,370,194,407,0,329,0,0,0,0,0,0,0,361,rouppla01,rouppla01,roupp-000lan,,0,11,eol
20525,0,28,San Francisco Giants,Major League Baseball,Black,Mason,Big B,47,10,12,1999,206,The United States,3850,Archbald,4,191,229,1,1,12,3,3,5,0,96,190,51,244,96,92,91,186,46,230,88,88,92,187,48,233,90,89,5,0,0,9,6,11,10,9,73,388,363,399,366,403,357,9,1,0,119,109,34,17,3,51,43,46,44,0,0,12,16,17,200,0,0,0,0,0,0,0,0,0,1,550,.275,0,0,20,53,94,9,0,0,0,0,0,0,0,0,0,0,0,0,0,0,0,0,0,0,0,0,0,85,122,64,76,70,96,337,.9970,341,261,162,261,261,0,0,0,0,0,0,261,0,264,163,264,264,0,0,0,0,0,0,264,0,0,400,blackma01,blackma01,black-000mas,,0,17,eol
20759,0,28,San Francisco Giants,Major League Baseball,McDonald,Trevor,,72,26,2,2001,206,The United States,41524,Lucedale,4,188,201,1,1,11,13,334,4,2,95,189,50,240,93,91,92,187,48,231,89,88,92,187,48,233,90,89,5,0,0,9,7,11,10,10,32,351,401,352,400,290,340,1,6,0,97,109,64,10,3,51,42,45,43,0,0,2,16,19,200,0,0,0,0,0,0,0,0,0,1,550,.270,0,0,13,45,87,1,0,0,0,0,0,0,0,0,0,0,0,0,0,0,0,0,0,0,0,0,0,42,165,122,199,123,132,310,1.0012,283,293,0,233,293,0,233,0,0,0,0,0,0,282,0,197,240,0,197,0,0,0,0,0,0,0,400,mcdontr01,mcdontr01,mcdona002tre,,0,10,eol
20765,0,28,San Francisco Giants,Major League Baseball,Seymour,Carson,,77,16,12,1998,206,The United States,79086,Temecula,4,196,256,1,1,12,0,0,1,0,94,189,50,238,92,91,92,186,47,231,89,88,92,187,48,233,90,89,5,0,0,9,6,11,10,7,66,153,374,160,379,191,378,4,1,1,48,109,61,14,3,51,39,44,42,0,0,13,8,5,200,0,0,0,0,0,0,0,0,0,1,550,.295,0,0,30,50,79,4,0,0,0,0,0,0,0,0,0,0,0,0,0,0,0,0,0,0,0,0,0,96,108,124,110,47,74,285,.9980,290,198,198,240,0,0,198,240,0,0,0,0,0,200,200,244,0,0,156,244,0,0,0,0,0,0,400,seymoca01,seymoca01,seymou000car,,0,14,eol
20772,0,28,San Francisco Giants,Major League Baseball,Beck,Tristan,,43,24,6,1996,206,The United States,15159,Corona,4,193,165,1,1,12,252,252,5,0,95,191,50,237,94,92,91,186,47,232,88,88,92,187,48,233,90,89,5,2,2,9,7,11,10,8,71,390,413,401,425,429,445,6,6,1,47,109,43,9,3,50,36,42,42,0,0,16,20,11,200,0,0,0,0,0,0,0,0,0,1,550,.264,0,0,15,40,85,6,0,0,0,0,0,0,0,0,0,0,0,0,0,0,0,0,0,0,0,0,0,49,101,90,83,86,90,300,.9634,311,168,223,278,316,0,0,0,0,0,0,0,0,173,233,293,327,0,0,0,0,0,0,0,0,0,424,becktr01,becktr01,beck--000tri,,0,9,eol
18558,0,28,San Francisco Giants,Major League Baseball,Flores,Wilmer,Ca Tire,41,6,8,1991,210,Venezuela,83920,Valencia,5,191,205,1,1,3,2042,2302,16,3,350,220,443,351,439,220,371,291,390,387,436,293,411,365,435,392,470,335,7,1,2,25,10,31,73,10,18,1,1,1,1,1,1,15,30,10,1,38,57,13,4,56,43,52,59,0,0,13,16,2,0,0,200,0,0,0,0,0,0,0,1,550,.242,16,0,16,45,87,7,0,0,0,0,0,0,0,0,0,0,0,0,0,0,0,0,0,0,0,0,0,123,105,28,127,199,87,1,.9756,1,3,0,0,0,0,0,0,0,0,0,0,0,1,0,0,0,0,0,0,0,0,0,0,0,0,278,florewi01,florewi01,flores003wil,,0,13,eol
20736,0,28,San Francisco Giants,Major League Baseball,Wade Jr.,LaMonte,,31,1,1,1994,206,The United States,6650,Baltimore,1,185,205,2,2,9,956,1031,10,0,357,357,298,458,359,359,338,418,266,496,374,306,405,380,414,468,402,409,6,0,0,67,22,27,55,125,19,1,1,1,1,1,1,15,30,10,1,40,57,13,3,64,43,54,55,0,0,104,100,128,0,0,200,0,0,0,0,0,200,0,1,550,.224,24,4,6,80,122,6,0,0,0,0,0,0,0,0,0,0,0,0,0,0,0,0,0,0,0,0,0,81,30,127,48,10,80,1,1.0750,1,3,0,0,0,0,0,0,0,0,0,0,0,1,0,0,0,0,0,0,0,0,0,0,0,0,272,wadela01,wadela01,wade--000lam,,0,13,eol
20599,0,28,San Francisco Giants,Major League Baseball,Whisenhunt,Carson,,88,20,10,2000,206,The United States,86841,Winston-Salem,4,191,216,2,2,11,0,0,1,0,86,181,43,218,82,85,94,188,49,238,92,91,92,187,48,233,90,89,5,0,0,10,9,11,10,6,8,303,325,287,320,272,283,12,6,0,125,109,48,12,3,51,41,45,43,0,0,11,11,2,200,0,0,0,0,0,0,0,0,0,1,550,.306,0,0,23,64,87,12,0,0,0,0,0,0,0,0,0,0,0,0,0,0,0,0,0,0,0,0,0,169,63,52,76,108,91,309,.9815,275,231,290,290,231,0,0,0,0,0,0,0,0,198,241,284,198,0,0,0,0,0,0,0,0,0,300,whiseca01,whiseca01,whisen000car,,0,12,eol
21009,0,28,San Francisco Giants,Major League Baseball,Knizner,Andrew,,21,3,2,1995,206,The United States,28682,Glen Allen,4,183,225,1,1,2,900,915,7,1,324,187,213,276,432,159,360,243,251,334,463,201,345,338,320,365,408,274,9,2,2,94,8,11,55,118,20,168,12,182,13,316,274,15,30,10,46,47,50,11,4,16,9,8,17,119,101,17,17,5,0,200,0,0,0,0,0,0,0,0,1,550,.212,8,4,5,34,76,9,0,0,0,0,0,0,0,0,0,0,0,0,0,0,0,0,0,0,0,0,0,100,117,78,120,95,75,3,.8824,236,4,2,0,0,0,0,0,0,0,0,0,0,223,192,0,0,0,0,0,0,0,0,0,0,0,326,kniznan01,kniznan01,knizne000and,,96,11,eol
20826,0,28,San Francisco Giants,Major League Baseball,Alcantara,Sergio,,39,10,7,1996,56,Dominican Republic,71432,Santo Domingo,1,178,150,3,1,5,345,345,7,0,169,250,306,242,219,108,186,300,317,306,234,153,330,390,354,403,349,315,5,1,1,113,113,97,122,121,8,4,1,4,1,12,6,15,30,10,1,26,53,13,3,107,112,136,76,0,0,15,13,1,0,0,0,0,200,0,0,0,0,0,1,550,.165,11,1,8,29,173,5,0,0,0,0,0,0,0,0,0,0,0,0,0,0,0,0,0,0,0,0,0,3,127,3,113,85,107,1,.9302,1,3,0,0,0,0,0,0,0,0,0,0,0,1,0,0,0,0,0,0,0,0,0,0,0,0,272,alcanse01,alcanse01,alcant000ser,,0,13,eol
20852,0,28,San Francisco Giants,Major League Baseball,Wisely,Brett,,19,8,5,1999,206,The United States,34776,Jacksonville,4,175,181,2,1,4,203,203,4,0,372,413,325,342,337,408,371,470,262,363,403,344,357,421,287,341,372,345,2,2,2,96,127,122,117,172,17,120,1,130,1,120,19,15,30,10,1,18,35,18,3,104,95,81,109,0,0,19,9,19,0,0,0,200,200,200,0,0,0,0,1,550,.238,33,2,7,41,114,2,0,0,0,0,0,0,0,0,0,0,0,0,0,0,0,0,0,0,0,0,0,27,90,72,92,92,24,1,.9302,1,3,0,0,0,0,0,0,0,0,0,0,0,1,0,0,0,0,0,0,0,0,0,0,0,0,288,wiselbr01,wiselbr01,wisely000bre,,0,18,eol
20873,0,28,San Francisco Giants,Major League Baseball,Matos,Luis,,29,28,1,2002,210,Venezuela,83940,Valera,5,180,161,1,1,9,240,290,4,0,336,480,414,253,467,122,348,439,429,304,466,155,379,406,358,327,470,240,0,0,0,120,83,174,129,13,1,1,1,1,1,1,1,15,30,10,1,28,59,11,3,8,3,9,14,0,0,104,100,128,0,0,0,0,0,0,134,200,200,0,1,550,.224,25,3,20,29,70,0,0,0,0,0,0,0,0,0,0,0,0,0,0,0,0,0,0,0,0,0,0,144,32,124,122,27,102,1,.9302,1,3,0,0,0,0,0,0,0,0,0,0,0,1,0,0,0,0,0,0,0,0,0,0,0,0,277,matoslu02,matoslu02,matos-006lui,,0,11,eol
20612,0,28,San Francisco Giants,Major League Baseball,Adames,Willy,The Kid,2,2,9,1995,56,Dominican Republic,71389,Santiago,5,183,205,1,1,6,1204,1463,10,3,315,351,438,436,329,303,352,408,444,465,354,354,372,405,435,429,357,392,3,3,2,97,114,160,98,8,9,1,1,1,1,1,1,15,30,10,1,27,59,12,4,143,105,121,115,0,0,6,14,13,0,0,0,0,0,200,0,0,0,0,1,550,.246,25,1,23,69,130,3,0,0,0,0,0,0,0,0,0,0,0,0,0,0,0,0,0,0,0,0,0,100,129,157,107,119,113,1,.9756,1,3,0,0,0,0,0,0,0,0,0,0,0,1,0,0,0,0,0,0,0,0,0,0,0,0,278,adamewi01,adamewi01,adames000wil,,0,12,eol
19713,0,28,San Francisco Giants,Major League Baseball,Bailey,Patrick,,14,29,5,1999,206,The United States,29752,Greensboro,4,183,209,3,1,2,334,574,6,2,365,335,236,391,309,416,392,401,307,369,354,422,389,385,303,371,355,417,2,0,0,74,13,31,74,134,17,1,1,1,1,1,1,15,30,10,1,29,59,10,4,6,1,8,10,65,158,8,18,12,0,200,0,0,0,0,0,0,0,0,1,550,.247,24,4,7,44,132,2,0,0,0,0,0,0,0,0,0,0,0,0,0,0,0,0,0,0,0,0,0,101,80,101,81,76,73,1,.9756,1,3,0,0,0,0,0,0,0,0,0,0,0,1,0,0,0,0,0,0,0,0,0,0,0,0,278,bailepa01,bailepa01,bailey000pat,,128,10,eol
19723,0,28,San Francisco Giants,Major League Baseball,Chapman,Matt,Chappy,26,28,4,1993,206,The United States,85348,Victorville,4,183,214,1,1,5,1358,1550,10,2,392,502,401,477,389,399,346,490,442,468,364,333,409,511,428,436,389,425,5,3,2,114,104,144,136,6,4,1,1,1,1,1,1,15,30,10,1,17,55,13,3,92,120,123,119,0,0,19,18,18,0,0,0,0,200,0,0,0,0,0,1,550,.249,33,3,21,74,122,5,0,0,0,0,0,0,0,0,0,0,0,0,0,0,0,0,0,0,0,0,0,67,108,90,159,102,85,1,.9302,1,3,0,0,0,0,0,0,0,0,0,0,0,1,0,0,0,0,0,0,0,0,0,0,0,0,274,chapmma01,chapmma01,chapma000mat,,0,13,eol
19728,0,28,San Francisco Giants,Major League Baseball,Encarnacion,Jerar,,59,22,10,1997,56,Dominican Republic,7738,Bayaguana,1,193,249,1,1,9,195,195,5,0,357,448,372,214,354,364,337,406,421,213,361,318,331,400,417,241,316,349,0,3,2,70,70,173,105,62,8,1,1,1,1,1,1,15,30,10,1,3,55,12,3,60,58,59,60,0,0,104,100,128,0,0,200,0,0,0,73,0,200,0,1,550,.237,28,0,17,18,126,0,0,0,0,0,0,0,0,0,0,0,0,0,0,0,0,0,0,0,0,0,0,142,123,80,105,92,118,1,.9302,1,3,0,0,0,0,0,0,0,0,0,0,0,1,0,0,0,0,0,0,0,0,0,0,0,0,277,encarje01,encarje01,encarn000yer,,0,12,eol
19752,0,28,San Francisco Giants,Major League Baseball,Koss,Christian,,50,27,1,1998,206,The United States,66644,Riverside,4,185,183,1,1,4,0,0,1,0,447,353,301,296,398,480,440,348,289,292,386,476,406,350,320,318,377,428,7,0,0,83,120,161,125,172,14,407,348,434,362,398,322,1,1,1,34,32,35,17,3,103,95,86,109,0,0,2,19,20,0,0,0,200,200,0,0,0,0,0,1,550,.283,29,0,7,29,114,7,0,0,0,0,0,0,0,0,0,0,0,0,0,0,0,0,0,0,0,0,0,52,98,148,79,125,108,202,.9957,227,157,157,0,0,0,0,0,0,0,0,0,0,185,168,0,0,0,0,0,0,0,0,0,0,0,397,kossch01,kossch01,koss--000chr,,0,17,eol
20470,0,28,San Francisco Giants,Major League Baseball,Schmitt,Casey,,10,1,3,1999,206,The United States,13641,Chula Vista,4,188,216,1,1,4,286,286,4,0,343,420,453,401,365,325,382,371,409,348,392,376,355,413,398,328,393,322,6,2,2,34,7,11,76,87,18,1,1,1,1,1,1,15,30,10,1,30,57,12,3,103,95,86,109,0,0,1,5,14,0,0,127,200,200,200,0,0,0,0,1,550,.253,26,1,19,42,115,6,0,0,0,0,0,0,0,0,0,0,0,0,0,0,0,0,0,0,0,0,0,88,127,183,85,93,184,1,.9302,1,3,0,0,0,0,0,0,0,0,0,0,0,1,0,0,0,0,0,0,0,0,0,0,0,0,277,schmica01,schmica01,schmit000cas,,0,12,eol
20817,0,28,San Francisco Giants,Major League Baseball,Birdsong,Hayden,,60,30,8,2001,206,The United States,48935,Mattoon,4,193,216,1,1,12,78,212,4,1,96,190,51,236,96,91,92,186,48,231,88,89,92,187,48,233,90,89,5,1,1,16,8,11,24,6,112,373,236,377,281,385,258,10,6,0,117,109,42,12,3,50,35,42,41,0,0,2,16,15,200,0,0,0,0,0,0,0,0,0,1,550,.250,0,0,18,82,128,10,0,0,0,0,0,0,0,0,0,0,0,0,0,0,0,0,0,0,0,0,0,118,102,157,98,54,140,438,1.0256,453,315,370,416,416,0,0,0,0,0,0,0,0,308,359,441,407,0,0,0,0,0,0,0,0,0,408,birdsha01,birdsha01,birdso000hay,,0,12,eol
20875,0,28,San Francisco Giants,Major League Baseball,Smith,Dominic,Big D,7,15,6,1995,206,The United States,41955,Los Angeles,1,183,223,2,2,3,1280,1280,10,0,465,392,296,406,412,497,422,444,342,377,409,431,412,315,325,370,443,376,5,3,2,65,36,152,117,8,17,389,288,385,283,149,28,15,30,10,34,3,35,20,3,146,41,82,61,0,0,12,3,3,0,0,200,0,0,0,0,0,0,0,1,550,.279,37,0,10,47,103,5,0,0,0,0,0,0,0,0,0,0,0,0,0,0,0,0,0,0,0,0,0,135,15,111,50,103,5,235,.9748,4,205,0,0,159,0,0,0,0,0,0,0,0,4,0,0,2,0,0,0,0,0,0,0,0,0,389,smithdo02,smithdo02,smith-000dom,,0,20,eol
21116,0,28,San Francisco Giants,Major League Baseball,Bivens,Spencer,,76,28,6,1994,206,The United States,76053,State College,1,196,205,3,1,12,135,445,4,3,87,183,44,228,83,86,94,188,49,235,92,90,92,187,48,233,90,89,5,0,0,17,6,11,26,13,65,375,410,403,440,380,429,7,4,0,46,109,57,8,4,50,35,42,41,0,0,18,4,12,200,0,0,0,0,0,0,0,0,0,1,550,.272,0,0,12,39,84,7,0,0,0,0,0,0,0,0,0,0,0,0,0,0,0,0,0,0,0,0,0,105,19,104,93,128,109,299,1.2010,306,0,212,0,262,306,162,0,0,0,0,0,0,0,223,0,278,316,168,0,0,0,0,0,0,0,391,bivensp01,bivensp01,bivens000spe,,0,8,eol
18594,0,28,San Francisco Giants,Major League Baseball,Porter,Logan,,13,12,7,1995,206,The United States,58739,Phoenix,4,180,201,1,1,2,6,258,3,1,193,237,306,346,261,140,193,238,306,345,261,138,190,288,332,393,264,127,13,2,2,22,9,11,35,104,5,292,297,317,307,122,23,15,30,10,34,2,35,19,3,15,3,4,12,98,106,17,9,17,0,200,0,0,0,0,0,0,0,0,1,550,.166,10,0,8,38,162,13,0,0,0,0,0,0,0,0,0,0,0,0,0,0,0,0,0,0,0,0,0,73,18,117,108,110,81,237,1.0020,2,209,129,0,0,0,0,0,0,0,0,0,0,3,1,0,0,0,0,0,0,0,0,0,0,0,389,portelo01,portelo01,porter000log,,108,19,eol
19804,0,28,San Francisco Giants,Major League Baseball,Huff,Sam,,23,14,1,1998,206,The United States,58739,Phoenix,4,193,240,1,1,2,540,660,7,2,352,302,380,404,268,416,317,274,396,361,224,380,404,333,427,362,251,491,2,2,2,24,6,11,41,12,6,1,1,1,1,1,1,15,30,10,1,48,56,13,3,18,7,6,8,75,99,13,14,14,0,200,0,0,0,0,0,0,0,0,1,550,.223,15,0,14,44,171,2,0,0,0,0,0,0,0,0,0,0,0,0,0,0,0,0,0,0,0,0,0,31,183,8,121,114,123,1,.9302,1,3,0,0,0,0,0,0,0,0,0,0,0,1,0,0,0,0,0,0,0,0,0,0,0,0,277,huffsa01,huffsa01,huff--000sam,,91,13,eol
20113,0,28,San Francisco Giants,Major League Baseball,Johnson,Daniel,Jet,56,11,7,1995,206,The United States,83990,Vallejo,1,178,201,2,2,9,381,381,5,0,297,418,322,344,363,205,312,427,339,365,385,213,303,278,384,338,345,246,2,2,2,168,202,164,154,15,3,1,1,1,1,1,1,15,30,10,1,20,56,14,3,15,2,12,19,0,0,104,109,128,0,0,0,0,0,0,92,200,200,0,1,550,.205,22,4,10,42,117,2,0,0,0,0,0,0,0,0,0,0,0,0,0,0,0,0,0,0,0,0,0,88,136,106,112,106,37,1,1.0750,1,3,0,0,0,0,0,0,0,0,0,0,0,1,0,0,0,0,0,0,0,0,0,0,0,0,269,johnsda07,johnsda07,johnso013dan,,0,14,eol
20648,0,28,San Francisco Giants,Major League Baseball,Yastrzemski,Mike,,5,23,8,1990,206,The United States,2960,Andover,4,180,181,2,2,9,1032,1236,7,2,314,433,364,485,348,273,371,499,423,444,411,332,378,486,428,396,369,391,3,3,2,110,61,141,95,103,19,405,234,389,229,388,234,15,30,10,34,12,35,16,4,16,13,5,9,0,0,105,154,214,0,0,0,0,0,0,0,0,200,0,1,550,.245,29,6,17,68,108,3,0,0,0,0,0,0,0,0,0,0,0,0,0,0,0,0,0,0,0,0,0,115,57,111,99,77,111,228,.9801,239,0,170,0,0,200,0,0,0,0,0,0,0,0,178,0,0,210,0,0,0,0,0,0,0,0,386,yastrmi01,yastrmi01,yastrz001mic,,0,16,eol
20710,0,28,San Francisco Giants,Major League Baseball,Verlander,Justin,J V,35,20,2,1983,206,The United States,116887,Manakin Sabot,4,196,234,1,1,11,3241,3442,23,1,95,190,50,241,95,90,92,186,47,230,89,88,95,158,50,211,94,89,5,0,0,32,7,11,56,15,37,450,354,468,415,467,418,6,2,0,142,110,34,11,3,58,27,48,59,0,0,12,2,1,200,0,0,0,0,0,0,0,0,0,1,550,.267,0,0,13,46,96,6,0,0,0,0,0,0,0,0,0,0,0,0,0,0,0,0,0,0,0,0,0,116,22,57,96,75,115,345,.7040,439,184,256,349,385,0,0,0,0,0,0,0,0,217,310,410,444,0,0,0,0,0,0,0,0,0,391,verlaju01,verlaju01,verlan001jus,,0,11,eol
20809,0,28,San Francisco Giants,Major League Baseball,Gilbert,Drew,,61,27,9,2000,206,The United States,43202,Lake Elmo,4,175,194,2,2,9,0,0,4,0,302,532,365,343,429,108,307,534,375,347,435,110,308,454,370,354,401,179,4,1,1,113,129,128,99,64,9,1,1,1,1,1,1,15,30,10,1,45,58,11,3,18,18,3,13,0,0,104,100,128,0,0,0,0,0,0,0,200,200,0,1,550,.190,30,3,13,39,89,4,0,0,0,0,0,0,0,0,0,0,0,0,0,0,0,0,0,0,0,0,0,102,199,90,161,86,102,1,1.0750,1,3,0,0,0,0,0,0,0,0,0,0,0,1,0,0,0,0,0,0,0,0,0,0,0,0,271,gilbedr01,gilbedr01,gilber002and,,0,11,eol
20950,0,28,San Francisco Giants,Major League Baseball,Lucchesi,Joey,Joey Fuego,57,6,6,1993,206,The United States,55220,Newark,4,196,225,2,2,12,955,1250,7,3,86,181,43,218,81,84,95,189,50,238,93,91,86,134,51,269,81,84,5,2,2,10,10,11,10,11,28,392,391,387,379,340,391,6,6,3,34,113,62,11,4,51,39,44,42,0,0,7,5,10,200,0,0,0,0,0,0,0,0,0,1,550,.266,0,0,11,49,88,6,0,0,0,0,0,0,0,0,0,0,0,0,0,0,0,0,0,0,0,0,0,68,16,93,108,108,139,316,.9337,401,249,0,0,181,0,137,284,0,0,0,0,0,364,0,0,271,0,192,403,0,0,0,0,0,0,400,lucchjo01,lucchjo01,lucche000joe,,0,11,eol
19127,0,28,San Francisco Giants,Major League Baseball,Trivino,Lou,Sweet Lou,56,1,10,1991,206,The United States,74618,Slippery Rock,4,196,236,1,1,12,811,890,8,0,93,187,49,234,91,89,92,187,48,233,89,89,92,187,48,233,90,89,5,0,0,32,10,11,54,8,34,427,367,444,376,472,329,12,6,3,30,97,38,13,3,50,38,43,42,0,0,6,11,10,200,0,0,0,0,0,0,0,0,0,1,550,.272,0,0,14,51,88,12,0,0,0,0,0,0,0,0,0,0,0,0,0,0,0,0,0,0,0,0,0,9,118,39,122,52,85,314,1.0130,415,0,281,0,311,239,155,0,0,0,0,0,0,0,378,0,414,335,198,0,0,0,0,0,0,0,394,trivilo01,trivilo01,trivin000lou,,0,13,eol
19435,0,28,San Francisco Giants,Major League Baseball,Hicks,Jordan,,12,6,9,1996,206,The United States,32688,Houston,1,188,185,1,1,11,968,1020,10,1,96,191,51,243,95,92,91,186,47,229,88,88,92,187,48,232,89,88,5,1,1,9,8,11,10,7,106,399,306,403,350,433,290,12,6,1,72,117,62,13,3,50,35,42,41,0,0,18,8,15,200,0,0,0,0,0,0,0,0,0,1,550,.283,0,0,10,62,92,12,0,0,0,0,0,0,0,0,0,0,0,0,0,0,0,0,0,0,0,0,0,87,76,95,104,120,105,330,1.1882,363,304,210,0,0,0,161,259,0,0,0,0,0,348,254,0,0,0,183,312,0,0,0,0,0,0,318,hicksjo03,hicksjo03,hicks-000jor,,0,13,eol
19798,0,28,San Francisco Giants,Major League Baseball,Doval,Camilo,,75,4,7,1997,56,Dominican Republic,88232,Yamasa,1,188,185,1,1,12,688,690,6,2,95,188,50,238,94,91,91,187,47,231,88,88,92,187,48,233,90,89,5,0,0,9,6,11,10,12,57,415,248,464,271,438,299,6,6,5,33,92,65,14,2,50,35,42,41,0,0,17,14,14,200,0,0,0,0,0,0,0,0,0,1,550,.244,0,0,8,82,136,6,0,0,0,0,0,0,0,0,0,0,0,0,0,0,0,0,0,0,0,0,0,135,49,90,86,81,73,453,.8440,472,355,305,0,0,0,436,0,0,0,0,0,0,382,323,0,0,0,466,0,0,0,0,0,0,0,363,dovalca01,dovalca01,doval-000cam,,0,14,eol
18521,0,28,San Francisco Giants,Major League Baseball,Villar,David,,32,27,1,1997,206,The United States,63535,Pembroke Pines,5,185,216,1,1,3,355,515,5,1,353,464,304,428,351,359,329,420,343,390,346,316,282,501,425,418,282,286,7,2,2,59,35,60,72,7,8,111,1,137,1,132,1,15,30,10,1,35,35,17,2,64,47,56,57,0,0,18,1,4,0,0,200,0,0,0,0,0,0,0,1,550,.225,28,1,10,51,131,7,0,0,0,0,0,0,0,0,0,0,0,0,0,0,0,0,0,0,0,0,0,44,105,49,122,107,118,1,.8163,1,3,0,0,0,0,0,0,0,0,0,0,0,1,0,0,0,0,0,0,0,0,0,0,0,0,291,villada01,villada01,villar000dav,,0,17,eol
19900,0,28,San Francisco Giants,Major League Baseball,Peguero,Joel,,63,5,5,1997,56,Dominican Republic,71432,Santo Domingo,1,180,194,1,1,12,0,0,2,0,94,188,49,237,92,89,92,187,48,231,89,89,92,187,48,233,90,89,5,1,1,10,10,11,10,14,3,402,368,429,384,372,350,1,1,5,42,109,54,12,3,51,41,45,43,0,0,4,5,18,200,0,0,0,0,0,0,0,0,0,1,550,.262,0,0,11,50,96,1,0,0,0,0,0,0,0,0,0,0,0,0,0,0,0,0,0,0,0,0,0,119,127,74,164,72,117,345,1.0313,343,244,178,0,0,0,337,0,0,0,0,0,0,242,177,0,0,0,336,0,0,0,0,0,0,0,400,peguejo01,peguejo01,peguer000joe,,0,12,eol
19987,0,28,San Francisco Giants,Major League Baseball,Rodriguez,Randy,,73,5,9,1999,56,Dominican Republic,71432,Santo Domingo,1,183,165,1,1,12,125,312,4,2,94,188,49,238,93,90,92,187,47,232,89,88,92,187,48,233,90,89,5,0,0,11,6,11,14,14,21,468,413,487,438,479,412,11,6,1,38,109,43,12,3,50,37,43,42,0,0,20,13,16,200,0,0,0,0,0,0,0,0,0,1,550,.234,0,0,9,39,143,11,0,0,0,0,0,0,0,0,0,0,0,0,0,0,0,0,0,0,0,0,0,95,99,192,111,110,50,466,.8849,455,341,406,0,451,0,0,0,0,0,0,0,0,315,369,0,452,0,0,0,0,0,0,0,0,0,400,rodrira02,rodrira02,rodrig005ran,,0,12,eol
19965,0,28,San Francisco Giants,Major League Baseball,Harrison,Kyle,,38,12,8,2001,206,The United States,21956,Danville,4,188,201,1,2,11,215,397,5,1,93,187,48,234,91,89,92,188,48,233,90,89,92,187,48,233,90,89,5,0,0,10,10,11,10,8,103,409,404,411,373,370,384,6,3,1,133,93,43,10,3,51,39,44,42,0,0,13,16,1,200,0,0,0,0,0,0,0,0,0,1,550,.267,0,0,14,49,109,6,0,0,0,0,0,0,0,0,0,0,0,0,0,0,0,0,0,0,0,0,0,88,100,100,96,83,95,399,.9404,401,204,424,344,390,0,0,0,0,0,0,0,0,205,425,345,391,0,0,0,0,0,0,0,0,0,367,harriky01,harriky01,harris003kyl,,0,10,eol
20748,0,28,San Francisco Giants,Major League Baseball,Fitzgerald,Tyler,,49,15,9,1997,206,The United States,66475,Rochester,4,191,205,1,1,4,258,490,6,2,414,391,418,405,344,460,399,443,357,340,291,467,412,438,408,355,311,478,5,0,0,134,186,165,117,181,13,356,304,412,322,394,317,15,30,10,34,11,35,17,2,103,95,65,109,0,0,4,11,17,0,0,0,200,0,200,0,0,0,0,1,550,.265,30,4,13,41,146,5,0,0,0,0,0,0,0,0,0,0,0,0,0,0,0,0,0,0,0,0,0,118,164,107,93,88,84,229,.9910,233,179,179,0,0,0,0,0,0,0,0,0,0,181,184,0,0,0,0,0,0,0,0,0,0,0,396,fitzgty01,fitzgty01,fitzge000tyl,,0,17,eol
20766,0,28,San Francisco Giants,Major League Baseball,McCray,Grant,,58,7,12,2000,206,The United States,11283,Bradenton,1,188,190,2,1,9,26,136,4,1,264,455,364,330,209,314,273,460,373,334,217,318,300,423,392,328,232,343,2,0,0,150,141,191,135,122,167,1,1,1,1,1,1,15,30,10,1,39,56,13,3,1,6,15,13,0,0,142,118,118,0,0,0,0,0,0,0,200,116,0,1,550,.203,24,4,12,36,178,2,0,0,0,0,0,0,0,0,0,0,0,0,0,0,0,0,0,0,0,0,0,119,168,116,102,43,120,1,.9302,1,3,0,0,0,0,0,0,0,0,0,0,0,1,0,0,0,0,0,0,0,0,0,0,0,0,276,mccragr01,mccragr01,mccray000gra,,0,13,eol
20079,0,28,San Francisco Giants,Major League Baseball,Winn,Keaton,,67,20,2,1998,206,The United States,73959,Sigourney,4,193,205,1,1,11,190,298,3,2,95,190,50,236,95,91,91,186,47,231,88,88,92,187,48,233,90,89,5,0,0,14,10,11,18,15,73,312,362,334,386,326,421,8,2,0,97,109,58,9,3,51,42,45,44,0,0,11,17,8,200,0,0,0,0,0,0,0,0,0,1,550,.295,0,0,16,51,93,8,0,0,0,0,0,0,0,0,0,0,0,0,0,0,0,0,0,0,0,0,0,84,104,68,71,112,93,334,.9499,347,254,347,0,0,0,383,183,0,0,0,0,0,273,366,0,0,0,404,193,0,0,0,0,0,0,300,winnke01,winnke01,winn--000kea,,0,9,eol
20730,0,28,San Francisco Giants,Major League Baseball,Eldridge,Bryce,,78,20,10,2004,206,The United States,85385,Vienna,4,201,240,2,1,3,0,0,1,0,242,457,315,444,292,204,251,463,322,455,302,209,166,438,287,424,218,95,8,0,0,22,7,11,36,60,15,1,1,1,1,1,1,15,30,10,1,47,58,13,3,48,52,52,58,0,0,16,14,5,0,0,200,0,0,0,0,0,0,0,1,550,.189,26,1,9,68,149,8,0,0,0,0,0,0,0,0,0,0,0,0,0,0,0,0,0,0,0,0,0,75,105,72,111,105,113,1,.9302,1,3,0,0,0,0,0,0,0,0,0,0,0,1,0,0,0,0,0,0,0,0,0,0,0,0,282,eldribr01,eldribr01,eldrid000bry,,0,13,eol
19585,0,28,San Francisco Giants,Major League Baseball,Lee,Jung-hoo,Grandson of Wind,51,20,8,1998,177,South Korea,0,,2,185,192,2,1,8,172,172,4,0,415,439,308,368,474,340,456,475,256,380,499,405,443,445,258,375,494,383,4,0,0,149,105,138,116,10,18,1,1,1,1,1,1,15,30,10,1,47,56,12,4,11,16,11,16,0,0,140,100,118,0,0,0,0,0,0,0,200,0,0,1,550,.277,28,14,6,45,54,4,0,0,0,0,0,0,0,0,0,0,0,0,0,0,0,0,0,0,0,0,0,120,134,12,86,75,31,1,.9756,1,3,0,0,0,0,0,0,0,0,0,0,0,1,0,0,0,0,0,0,0,0,0,0,0,0,275,leeju01,leeju01,lee---009jun,,0,12,eol
20304,0,28,San Francisco Giants,Major League Baseball,Teng,Kai-Wei,,66,1,12,1998,43,Chinese Taipei,78025,Taichung,2,193,260,1,1,11,38,38,4,0,94,190,49,235,93,90,92,187,48,232,89,88,92,187,48,233,90,89,5,0,0,10,10,11,10,13,70,420,289,429,295,398,311,12,2,1,95,109,44,14,3,51,40,44,43,0,0,5,2,9,200,0,0,0,0,0,0,0,0,0,1,550,.255,0,0,13,72,113,12,0,0,0,0,0,0,0,0,0,0,0,0,0,0,0,0,0,0,0,0,0,61,94,141,75,108,99,407,1.0044,370,354,305,354,402,0,211,0,0,0,0,0,0,313,255,313,349,0,184,0,0,0,0,0,0,0,400,tengka01,tengka01,teng--000kai,,0,14,eol
20353,0,28,San Francisco Giants,Major League Baseball,Ray,Robbie,Bob,38,1,10,1991,206,The United States,11565,Brentwood,4,188,225,2,2,11,1880,2092,14,2,89,185,45,224,85,87,94,188,49,237,91,90,214,315,163,151,134,300,5,0,0,12,6,11,17,12,37,418,335,412,335,409,348,5,6,1,148,90,39,13,3,59,35,45,41,0,0,12,3,2,200,0,0,0,0,0,0,0,0,0,1,550,.245,0,0,16,61,122,5,0,0,0,0,0,0,0,0,0,0,0,0,0,0,0,0,0,0,0,0,0,49,165,107,159,71,59,426,1.3478,466,209,350,398,431,0,0,0,0,0,0,0,0,224,374,420,457,0,0,0,0,0,0,0,0,0,422,rayro02,rayro02,ray---001rob,,0,13,eol
20383,0,28,San Francisco Giants,Major League Baseball,Rogers,Tyler,,71,17,12,1990,206,The United States,45840,Littleton,4,191,187,1,1,12,1032,1200,7,2,94,189,48,234,91,90,92,187,48,233,89,88,92,187,48,233,90,89,5,0,0,10,9,11,10,8,94,417,554,482,577,450,497,6,1,1,32,113,64,10,1,50,35,42,41,0,0,2,16,12,200,0,0,0,0,0,0,0,0,0,1,550,.254,0,0,7,11,74,6,0,0,0,0,0,0,0,0,0,0,0,0,0,0,0,0,0,0,0,0,0,76,198,73,178,90,119,269,1.0301,287,0,306,0,0,0,162,0,0,0,0,0,0,0,326,0,0,0,172,0,0,0,0,0,0,0,436,rogerty01,rogerty01,rogers002tyl,,0,10,eol
// FREE AGENTS
19063,0,0,-,,Wallach,Chad,,35,4,11,1991,206,The United States,88071,Yorba Linda,4,188,247,1,1,2,1032,1257,9,1,178,269,292,342,239,112,174,294,334,303,244,81,321,391,353,375,271,362,5,2,2,66,46,60,80,136,4,1,1,1,1,1,1,15,30,10,1,45,55,11,3,10,2,9,10,108,109,18,13,20,0,200,0,0,0,0,0,0,0,0,1,550,.149,10,0,9,32,169,5,0,0,0,0,0,0,0,0,0,0,0,0,0,0,0,0,0,0,0,0,0,111,83,133,120,198,110,1,.9302,1,3,0,0,0,0,0,0,0,0,0,0,0,1,0,0,0,0,0,0,0,0,0,0,0,0,276,wallach01,wallach01,wallac001cha,,112,11,eol
