"playerID","name","nameFirst","nameLast","bats","throws","PA","AB","H","HR","BB","BA","OBP","HBP","SF","ebWAR","efWAR"
"aardsda01","David Aardsma","David","Aardsma","R","R",80,67,20,2,13,0.299,0.412,0,0,1.16,1.17
"aaronha01","Henry Aaron","Hank","Aaron","R","R",14113,12540,3886,690,1420,0.31,0.378,32,121,135.67,127.96
"aaronto01","Tommie Aaron","Tommie","Aaron","R","R",581,521,110,6,55,0.211,0.284,0,5,-1.67,-1.64
"abadfe01","Fernando Abad","Fernando","Abad","L","L",128,112,32,1,16,0.286,0.375,0,0,0.86,0.84
"abbotco01","Cory Abbott","Cory","Abbott","R","R",47,43,12,1,4,0.279,0.34,0,0,0.33,0.27
"abbotku01","Kurt Abbott","Kurt","Abbott","R","R",1406,1311,303,31,75,0.231,0.278,13,7,0.04,1.13
"abbotpa01","Paul Abbott","Paul","Abbott","R","R",16,14,5,0,2,0.357,0.438,0,0,0.01,0.01
"aberal01","Al Aber","Al","Aber","L","L",2,1,0,0,1,0,0.5,0,0,0,0
"abercre01","Reggie Abercrombie","Reggie","Abercrombie","R","R",540,492,126,11,39,0.256,0.319,7,2,1.81,1.68
"abernbr01","Brent Abernathy","Brent","Abernathy","R","R",830,766,187,3,55,0.244,0.299,6,3,0.75,0.38
"abernte01","Ted Abernathy","Ted","Abernathy","R","L",0,0,0,0,0,NA,NA,0,0,0,0
"abernte02","Ted Abernathy","Ted","Abernathy","R","R",79,70,17,0,8,0.243,0.329,1,0,-0.7,-0.6
"aberscl01","Cliff Aberson","Cliff","Aberson","R","R",258,230,59,8,28,0.257,0.337,0,0,0.15,0.11
"abnersh01","Shawn Abner","Shawn","Abner","R","R",933,876,214,10,43,0.244,0.283,7,7,-1.91,-0.56
"abramca01","Cal Abrams","Cal","Abrams","L","L",1981,1706,452,35,264,0.265,0.365,7,4,9.08,7.34
"abramcj01","CJ Abrams","CJ","Abrams","L","R",1586,1415,383,28,97,0.271,0.34,60,14,8.27,5.19
"abreual01","Albert Abreu","Albert","Abreu","R","R",3,2,1,0,1,0.5,0.667,0,0,0.02,0.02
"abreubo01","Bobby Abreu","Bobby","Abreu","L","R",10007,8430,2465,229,1459,0.292,0.395,33,85,65.29,62.82
"abreubr01","Bryan Abreu","Bryan","Abreu","R","R",1,0,0,0,1,NA,1,0,0,0.01,0.01
"abreujo01","Joe Abreu","Joe","Abreu","R","R",35,31,7,1,4,0.226,0.314,0,0,0.12,0.13
"abreujo02","José Abreu","Jose","Abreu","R","R",6629,5845,1776,220,578,0.304,0.376,141,65,41.11,36.09
"abreuju01","Juan Abreu","Juan","Abreu","R","R",6,5,1,0,1,0.2,0.333,0,0,0.03,0.03
"abreuto01","Tony Abreu","Tony","Abreu","B","R",888,808,223,14,67,0.276,0.332,5,8,3.72,3.57
"abreuwi01","Winston Abreu","Winston","Abreu","R","R",24,20,5,1,4,0.25,0.375,0,0,0.32,0.33
"abreuwi02","Wilyer Abreu","Wilyer","Abreu","L","L",522,459,128,14,55,0.279,0.356,3,5,5.03,4.52
"accarje01","Jeremy Accardo","Jeremy","Accardo","R","R",63,56,15,1,7,0.268,0.349,0,0,0.79,0.69
"aceveal01","Alfredo Aceves","Alfredo","Aceves","R","R",31,25,8,1,6,0.32,0.452,0,0,0.08,0.08
"acevejo01","Jose Acevedo","Jose","Acevedo","R","R",242,218,48,4,22,0.22,0.293,1,1,0.56,0.27
"achteaj01","A J  Achter","A. J.","Achter","R","R",1,0,0,0,1,NA,1,0,0,0.01,0
"ackerji01","Jim Acker","Jim","Acker","R","R",32,30,7,0,2,0.233,0.281,0,0,0.03,0.03
"ackledu01","Dustin Ackley","Dustin","Ackley","L","R",2483,2208,597,55,258,0.27,0.346,5,12,13.01,11.63
"acostma01","Manny Acosta","Manny","Acosta","R","R",100,89,27,2,11,0.303,0.38,0,0,1.37,1.29
"acunaro01","Ronald Acuna Jr","Ronald","Acuña","R","R",3536,2994,898,158,452,0.3,0.401,69,21,31.28,33.16
"adairje01","Jerry Adair","Jerry","Adair","R","R",3867,3680,909,20,147,0.247,0.277,14,26,2.74,4.99
"adamecr01","Cristhian Adames","Cristhian","Adames","B","R",613,545,140,9,63,0.257,0.339,5,0,1.56,2.03
"adamewi01","Willy Adames","Willy","Adames","R","R",4004,3527,977,129,431,0.277,0.356,19,27,27.68,28.54
"adamja01","Jason Adam","Jason","Adam","R","R",13,10,3,0,3,0.3,0.462,0,0,0.07,0.04
"adamsau01","Austin Adams","Austin","Adams","R","R",17,15,5,0,2,0.333,0.412,0,0,0.01,0.02
"adamsau02","Austin Adams","Austin","Adams","R","R",46,39,11,0,7,0.282,0.391,0,0,0.16,0.13
"adamsbo03","Bobby Adams","Bobby","Adams","R","R",4979,4574,1160,31,383,0.254,0.313,17,5,14.19,8.78
"adamsbo04","Bob Adams","Bob","Adams","R","R",24,22,7,1,2,0.318,0.375,0,0,0.06,0.1
"adamsbu01","Buster Adams","Buster","Adams","R","R",1627,1478,369,66,136,0.25,0.318,13,0,4,4.19
"adamsch01","Chance Adams","Chance","Adams","R","R",1,0,0,0,1,NA,1,0,0,0.01,0.01
"adamsda02","David Adams","David","Adams","R","R",206,187,47,3,17,0.251,0.32,2,0,0.52,0.59
"adamsgl01","Glenn Adams","Glenn","Adams","L","R",1423,1302,380,36,103,0.292,0.342,4,14,3.49,2.99
"adamshe01","Herb Adams","Herb","Adams","L","L",11,10,3,0,1,0.3,0.364,0,0,0,0
"adamsjo02","Joel Adamson","Joel","Adamson","L","L",9,8,2,0,1,0.25,0.333,0,0,-0.01,0
"adamsla01","Lane Adams","Lane","Adams","R","R",312,276,77,11,34,0.279,0.359,1,1,2.21,2.33
"adamsma01","Matt Adams","Matt","Adams","L","R",2792,2526,702,108,238,0.278,0.341,12,16,12.95,12.13
"adamsmi01","Mike Adamson","Mike","Adamson","R","R",2,1,0,0,1,0,0.5,0,0,0.01,0.01
"adamsmi02","Mike Adams","Mike","Adams","R","R",122,98,22,4,22,0.224,0.377,2,0,0.6,0.66
"adamsmi03","Mike Adams","Mike","Adams","R","R",85,74,19,1,11,0.257,0.353,0,0,0.99,1.04
"adamsri02","Ricky Adams","Ricky","Adams","R","R",256,237,58,4,14,0.245,0.301,5,0,1.09,0.84
"adamsri03","Riley Adams","Riley","Adams","R","R",569,492,130,10,59,0.264,0.357,14,4,3.25,0.12
"adamsru01","Russ Adams","Russ","Adams","L","R",1086,962,247,18,108,0.257,0.331,5,11,2.98,1.87
"adamsry01","Ryan Adams","Ryan","Adams","R","R",156,141,41,2,14,0.291,0.359,1,0,0.29,0.19
"adamssp01","Sparky Adams","Sparky","Adams","R","R",2686,2539,549,4,131,0.216,0.259,16,0,2.84,5.06
"adamste01","Terry Adams","Terry","Adams","R","R",99,87,20,1,12,0.23,0.323,0,0,-0.2,-0.2
"adcocjo01","Joe Adcock","Joe","Adcock","R","R",7671,7052,1968,342,567,0.279,0.333,17,35,28.91,29.74
"adcocna01","Nathan Adcock","Nathan","Adcock","R","R",22,19,6,0,3,0.316,0.409,0,0,0.05,0.05
"adcocty01","Ty Adcock","Ty","Adcock","R","R",1,0,0,0,1,NA,1,0,0,0,0
"adducji02","Jim Adduci","Jim","Adduci","L","L",722,650,175,11,69,0.269,0.338,0,3,2.68,2.1
"adelljo01","Jo Adell","Jo","Adell","R","R",1064,965,245,30,78,0.254,0.319,16,5,2.71,2.45
"adkinjo01","Jon Adkins","Jon","Adkins","L","R",17,13,3,0,4,0.231,0.412,0,0,0.07,0.07
"adlemti01","Tim Adleman","Tim","Adleman","R","R",161,148,33,2,13,0.223,0.286,0,0,0.99,0.89
"adonjo01","Joan Adon","Joan","Adon","R","R",31,28,7,1,3,0.25,0.323,0,0,0.03,0.04
"adriaeh01","Ehire Adrianza","Ehire","Adrianza","B","R",1940,1706,459,31,196,0.269,0.348,20,18,8.89,9.39
"affelje01","Jeremy Affeldt","Jeremy","Affeldt","L","L",240,208,60,5,32,0.288,0.383,0,0,3.47,3.38
"agbaybe01","Benny Agbayani","Benny","Agbayani","R","R",752,654,186,15,82,0.284,0.372,12,4,1.26,1.48
"ageeto01","Tommie Agee","Tommie","Agee","R","R",4396,4012,1081,134,335,0.269,0.33,34,15,25.75,25.46
"agrazda01","Dario Agrazal","Dario","Agrazal","R","R",79,72,14,1,6,0.194,0.253,0,1,0.32,0.23
"aguaylu01","Luis Aguayo","Luis","Aguayo","R","R",1127,1002,256,33,98,0.255,0.33,18,9,4.5,4.45
"aguilch01","Chris Aguila","Chris","Aguila","R","R",467,427,108,7,40,0.253,0.317,0,0,0.89,0.95
"aguilje01","Jesús Aguilar","Jesus","Aguilar","R","R",3124,2737,766,106,320,0.28,0.356,25,42,11.61,11.21
"aguilmi01","Miguel Aguilar","Miguel","Aguilar","L","L",8,7,3,0,1,0.429,0.5,0,0,0.03,0.03
"aguilri01","Rick Aguilera","Rick","Aguilera","R","R",141,131,32,3,10,0.244,0.298,0,0,1.24,1.23
"aguirha01","Hank Aguirre","Hank","Aguirre","R","L",390,384,74,0,6,0.193,0.205,0,0,-3.99,-3.35
"ahmedni01","Nick Ahmed","Nick","Ahmed","R","R",3823,3453,905,70,328,0.262,0.326,15,27,20.82,16
"aikenwi01","Willie Aikens","Willie","Aikens","L","R",2904,2511,697,127,349,0.278,0.366,18,26,12.06,14.37
"aingeda01","Danny Ainge","Danny","Ainge","R","R",766,702,174,9,57,0.248,0.307,4,3,0.92,0.96
"akerja01","Jack Aker","Jack","Aker","R","R",49,44,11,0,5,0.25,0.327,0,0,-1.03,-0.85
"akersbi01","Bill Akers","Bill","Akers","R","R",377,330,64,9,47,0.194,0.294,0,0,0.33,0.38
"akinke01","Keegan Akin","Keegan","Akin","L","L",35,31,8,1,4,0.258,0.343,0,0,0.1,0.11
"akiyash01","Shogo Akiyama","Shogo","Akiyama","L","R",659,574,155,10,78,0.27,0.363,6,1,3.57,2.98
"alanirj01","R J  Alaniz","R. J.","Alaniz","R","R",40,36,11,1,4,0.306,0.375,0,0,0.36,0.41
"albaljo01","Jonathan Albaladejo","Jonathan","Albaladejo","R","R",7,6,2,0,1,0.333,0.429,0,0,0.03,0.03
"alberan01","Andrew Albers","Andrew","Albers","R","L",30,27,8,1,3,0.296,0.367,0,0,0.09,0.11
"alberbu01","Butch Alberts","Butch","Alberts","R","R",19,17,5,0,2,0.294,0.368,0,0,0,0
"alberha01","Hanser Alberto","Hanser","Alberto","R","R",2100,1934,550,31,144,0.284,0.337,13,9,10.53,7.31
"alberma01","Matt Albers","Matt","Albers","L","R",206,182,45,2,24,0.247,0.335,0,0,0.75,0.71
"albieoz01","Ozzie Albies","Ozzie","Albies","B","R",3966,3568,1029,115,313,0.288,0.349,41,44,25.84,25.24
"albreed01","Ed Albrecht","Ed","Albrecht","R","R",1,0,0,0,1,NA,1,0,0,0,0
"albural01","Al Alburquerque","Al","Alburquerque","R","R",16,11,3,0,5,0.273,0.5,0,0,0.1,0.1
"alburvi01","Vic Albury","Vic","Albury","L","L",1,0,0,0,1,NA,1,0,0,0,0
"alcaljo01","Jorge Alcala","Jorge","Alcala","R","R",5,4,1,0,1,0.25,0.4,0,0,0.02,0.02
"alcalsa01","Santo Alcala","Santo","Alcala","R","R",47,43,8,1,4,0.186,0.255,0,0,0.3,0.16
"alcanar01","Arismendy Alcántara","Arismendy","Alcantara","B","R",663,601,149,15,58,0.248,0.315,2,2,2.58,2.45
"alcanis01","Israel Alcantara","Israel","Alcantara","R","R",137,126,32,4,11,0.254,0.314,0,0,0.08,0.05
"alcansa01","Sandy Alcantara","Sandy","Alcantara","R","R",356,326,67,3,28,0.206,0.272,2,0,0.86,0.7
"alcanse01","Sergio Alcántara","Sergio","Alcantara","B","R",562,492,124,12,56,0.252,0.327,4,10,1.53,1.47
"alcanvi01","Victor Alcántara","Victor","Alcantara","R","R",8,6,2,0,2,0.333,0.5,0,0,0.04,0.03
"aldremi01","Mike Aldrete","Mike","Aldrete","L","L",2214,1918,519,29,278,0.271,0.362,4,14,7.15,7.74
"alexabl01","Blaze Alexander","Blaze","Alexander","R","R",99,86,23,1,10,0.267,0.364,3,0,0.48,0.45
"alexada01","Dale Alexander","Dale","Alexander","R","R",2706,2486,700,68,214,0.282,0.34,6,0,7.97,10
"alexado01","Doyle Alexander","Doyle","Alexander","R","R",284,262,61,2,20,0.233,0.285,0,2,0.99,0.83
"alexaga01","Gary Alexander","Gary","Alexander","R","R",1439,1255,305,55,160,0.243,0.327,5,19,2.99,2.62
"alexama01","Matt Alexander","Matt","Alexander","B","R",194,169,43,2,24,0.254,0.351,1,0,0.02,0.11
"alexama02","Manny Alexander","Manny","Alexander","R","R",957,899,198,4,50,0.22,0.265,6,2,-3.49,-3.82
"alexape01","Pete Alexander","Pete","Alexander","R","R",1516,1484,288,3,31,0.194,0.211,1,0,-10.88,-9.77
"alexasc02","Scott Alexander",NA,NA,NA,NA,116,102,25,2,14,0.245,0.336,0,0,1.02,1.06
"alexaty01","Tyler Alexander","Tyler","Alexander","R","L",36,32,8,1,4,0.25,0.333,0,0,0.19,0.19
"alfarjo01","Jorge Alfaro","Jorge","Alfaro","R","R",1933,1747,490,41,129,0.28,0.345,48,9,8.07,8.88
"alfonan01","Antonio Alfonseca","Antonio","Alfonseca","R","R",73,64,20,0,9,0.312,0.397,0,0,0.23,0.32
"alfoned01","Edgardo Alfonzo","Edgardo","Alfonzo","R","R",6036,5378,1502,107,562,0.279,0.349,41,55,28.39,28.39
"alfonel01","Eliezer Alfonzo","Eliezer","Alfonzo","R","R",904,831,206,22,61,0.248,0.305,9,3,2.44,2.58
"alforan01","Anthony Alford","Anthony","Alford","R","R",478,429,114,11,45,0.266,0.341,4,0,2.37,1.74
"alicelu01","Luis Alicea","Luis","Alicea","B","R",3930,3431,856,18,411,0.249,0.334,45,43,11.44,9.54
"allanan01","Andy Allanson","Andy","Allanson","R","R",1011,931,234,12,61,0.251,0.299,7,12,2.07,1.44
"allarko01","Kolby Allard","Kolby","Allard","L","L",70,63,19,2,7,0.302,0.371,0,0,0.62,0.45
"allenau01","Austin Allen","Austin","Allen","L","R",264,237,63,6,25,0.266,0.341,2,0,1.37,1.29
"allenbe01","Bernie Allen","Bernie","Allen","L","R",4116,3720,860,52,371,0.231,0.301,8,17,0.11,0.63
"allenbo01","Bob Allen","Bob","Allen","R","R",999,908,172,2,86,0.189,0.263,5,0,-1.42,-1.69
"allenbo03","Earl Allen","Earl","Allen","R","R",2,1,0,0,1,0,0.5,0,0,0,0
"allenbr01","Brandon Allen","Brandon","Allen","L","R",591,518,129,16,70,0.249,0.338,1,2,0.19,1.9
"allenco01","Cody Allen","Cody","Allen","R","R",48,40,12,0,8,0.3,0.417,0,0,0.17,0.15
"allendi01","Dick Allen","Dick","Allen","R","R",7412,6421,1917,357,922,0.299,0.385,16,53,57.55,58.94
"allenet01","Ethan Allen","Ethan","Allen","R","R",2605,2501,638,26,94,0.255,0.285,10,0,0.5,1.05
"allenga01","Gary Allenson","Gary","Allenson","R","R",1216,1056,259,26,144,0.245,0.336,5,11,3.5,4.05
"allengr01","Greg Allen","Greg","Allen","B","R",972,853,226,12,80,0.265,0.348,32,7,4.35,4.97
"allenje01","Jermaine Allensworth","Jermaine","Allensworth","R","R",499,453,114,4,31,0.252,0.317,13,2,0.26,0.54
"allenjo02","Johnny Allen","Johnny","Allen","R","R",524,506,99,4,18,0.196,0.223,0,0,-1.92,-1.6
"allenki01","Kim Allen","Kim","Allen","R","R",57,48,14,1,8,0.292,0.404,1,0,0.28,0.2
"allenll01","Lloyd Allen","Lloyd","Allen","R","R",2,1,0,0,1,0,0.5,0,0,0,0
"allenlo01","Logan Allen","Logan","Allen","R","L",70,62,19,1,7,0.306,0.386,1,0,0.36,0.4
"allenlu01","Luke Allen","Luke","Allen","L","R",47,41,10,1,6,0.244,0.34,0,0,0.07,0.11
"allenne01","Neil Allen","Neil","Allen","R","R",117,105,24,1,12,0.229,0.308,0,0,0.58,0.62
"allenni02","Nick Allen","Nick","Allen","R","R",783,723,176,6,50,0.243,0.294,4,6,2.71,0.35
"alleyge01","Gene Alley","Gene","Alley","R","R",4524,4143,1082,70,332,0.261,0.319,27,22,24.54,22.14
"alliebo01","Bob Allietta","Bob","Allietta","R","R",47,44,10,1,3,0.227,0.277,0,0,0.04,0.06
"allisbo01","Bob Allison","Bob","Allison","R","R",5976,5104,1221,211,804,0.239,0.344,33,35,26.16,29.21
"allrebe01","Beau Allred","Beau","Allred","L","L",198,167,38,4,28,0.228,0.338,1,2,0.97,1
"almadme01","Mel Almada","Mel","Almada","L","L",2441,2265,580,15,171,0.256,0.31,5,0,-1.84,-3.25
"almonab01","Abraham Almonte","Abraham","Almonte","B","R",1761,1554,414,33,191,0.266,0.346,5,11,7.93,7.23
"almonbi01","Bill Almon","Bill","Almon","R","R",3715,3385,905,55,295,0.267,0.325,6,29,10.47,8.07
"almoned01","Edwin Almonte","Edwin","Almonte","R","R",11,10,3,0,1,0.3,0.364,0,0,0.01,0.01
"almoner01","Erick Almonte","Erick","Almonte","R","R",11,10,3,0,1,0.3,0.364,0,0,0.02,0.02
"almonhe01","Hector Almonte","Hector","Almonte","R","R",12,10,3,0,2,0.3,0.417,0,0,0.01,0.02
"almonmi01","Miguel Almonte","Miguel","Almonte","R","R",1,0,0,0,1,NA,1,0,0,0.01,0.01
"almonye01","Yency Almonte","Yency","Almonte","R","R",121,109,30,2,12,0.275,0.347,0,0,1.03,0.91
"almonzo01","Zoilo Almonte","Zoilo","Almonte","B","R",260,239,62,5,20,0.259,0.315,0,1,0.6,0.68
"almoral01","Albert Almora","Albert","Almora","R","R",1777,1623,451,29,135,0.278,0.334,7,12,9.39,7.74
"alomaro01","Roberto Alomar","Roberto","Alomar","B","R",10170,9029,2671,138,996,0.296,0.365,49,96,65.8,62
"alomasa01","Sandy Alomar","Sandy","Alomar","B","R",5292,4990,1286,19,281,0.258,0.297,3,18,10.02,4.73
"alomasa02","Sandy Alomar","Sandy","Alomar","R","R",5202,4903,1277,84,224,0.26,0.296,41,34,13.46,13.67
"alonspe01","Pete Alonso","Pete","Alonso","R","R",4062,3455,973,210,451,0.282,0.38,118,38,24.51,22.11
"alonsyo01","Yonder Alonso","Yonder","Alonso","L","R",3917,3427,969,97,446,0.283,0.365,16,28,17.39,15.1
"aloufe01","Felipe Alou","Felipe","Alou","R","R",8250,7720,2288,191,417,0.296,0.335,57,56,43.14,37.62
"alouje01","Jesus Alou","Jesus","Alou","R","R",4369,4139,1217,35,185,0.294,0.327,25,20,4.3,3.54
"alouma01","Matty Alou","Matty","Alou","L","L",6416,6035,1873,35,316,0.31,0.347,36,29,22.51,20.58
"aloumo01","Moises Alou","Moises","Alou","R","R",7983,7120,2123,272,733,0.298,0.364,48,82,40.45,49.01
"alstode01","Dell Alston","Dell","Alston","L","R",356,317,82,6,32,0.259,0.326,2,5,-0.11,0.17
"alstoto01","Tom Alston","Tom","Alston","L","R",292,265,65,5,24,0.245,0.312,2,1,0.09,-0.05
"altampo01","Porfi Altamirano","Porfi","Altamirano","R","R",3,2,1,0,1,0.5,0.667,0,0,0.03,0.02
"altavda01","Dan Altavilla","Dan","Altavilla","R","R",5,4,1,0,1,0.25,0.4,0,0,0.03,0.02
"altheaa01","Aaron Altherr","Aaron","Altherr","R","R",1368,1187,308,31,152,0.259,0.353,23,6,6.92,4.19
"altmage01","George Altman","George","Altman","L","R",3077,2801,757,73,235,0.27,0.329,20,21,14.61,11.64
"altroni01","Nick Altrock","Nick","Altrock","B","L",146,141,28,0,0,0.199,0.226,5,0,-2.73,-2.3
"altuvjo01","Jose Altuve","Jose","Altuve","R","R",8540,7603,2480,210,797,0.326,0.394,91,49,61.63,63.22
"alusige01","George Alusik","George","Alusik","R","R",540,469,107,7,66,0.228,0.326,3,2,-1.76,-0.58
"alvarab01","Abe Alvarez","Abe","Alvarez","L","L",10,9,2,0,1,0.222,0.3,0,0,0,0
"alvarda01","Dario Alvarez","Dario","Alvarez","L","L",20,17,5,0,3,0.294,0.4,0,0,0.09,0.09
"alvarda02","Dariel Álvarez","Dariel","Alvarez","R","R",129,114,33,3,15,0.289,0.372,0,0,0.52,0.62
"alvared01","Eddy Alvarez","Eddy","Alvarez","L","R",240,210,54,3,20,0.257,0.342,8,2,0.14,-0.0299999999999999
"alvarfr01","Francisco Álvarez","Francisco","Alvarez","R","R",819,724,187,33,77,0.258,0.339,14,4,2.94,5.41
"alvarhe01","Henderson Alvarez III","Henderson","Alvarez","R","R",315,286,80,7,27,0.28,0.34,0,2,2.09,2.11
"alvarjo02","Jose Alvarez","Jose","Alvarez","L","L",133,112,32,2,21,0.286,0.398,0,0,1.1,1
"alvarjo03","José Alvarado","Jose","Alvarado","L","L",34,29,7,0,5,0.241,0.353,0,0,0.13,0.12
"alvarju01","Juan Alvarez","Juan","Alvarez","L","L",4,3,1,0,1,0.333,0.5,0,0,0.01,0.01
"alvarpe01","Pedro Álvarez","Pedro","Alvarez","L","R",3520,3094,822,170,400,0.266,0.35,11,15,14.51,15.47
"alvarrj01","R J  Alvarez","R. J.","Alvarez","R","R",8,7,3,0,1,0.429,0.5,0,0,0.04,0.04
"alvarto01","Tony Alvarez","Tony","Alvarez","R","R",164,144,37,4,17,0.257,0.335,1,2,0.08,0.51
"alvarvi01","Victor Alvarez","Victor","Alvarez","L","L",14,12,3,0,2,0.25,0.357,0,0,0,0.01
"alvarwi01","Wilson Alvarez","Wilson","Alvarez","L","L",266,246,52,3,20,0.211,0.271,0,0,0.47,0.44
"alvaryo01","Yordan Alvarez","Yordan","Alvarez","L","R",2804,2345,743,143,369,0.317,0.418,59,31,25.62,26.07
"alvisma01","Max Alvis","Max","Alvis","R","R",3894,3627,904,88,210,0.249,0.295,35,22,1.36,5.88
"alyeabr01","Brant Alyea","Brant","Alyea","R","R",1150,1024,257,40,110,0.251,0.324,6,10,-1.53,-0.75
"alzolad01","Adbert Alzolay","Adbert","Alzolay","R","R",150,138,30,2,12,0.217,0.28,0,0,0.42,0.45
"amalfjo01","Joey Amalfitano","Joey","Amalfitano","R","R",2174,1944,489,6,210,0.252,0.327,12,8,0.25,-1.24
"amarari01","Rich Amaral","Rich","Amaral","R","R",1584,1430,394,5,131,0.276,0.34,13,10,2.88,2.42
"amarial01","Alexi Amarista","Alexi","Amarista","L","R",2066,1874,498,32,173,0.266,0.327,4,15,8.3,7.16
"amaroru01","Ruben Amaro","Ruben","Amaro","R","R",1665,1485,359,6,162,0.242,0.317,7,11,2.93,2.19
"amayaja01","Jacob Amaya","Jacob","Amaya","R","R",16,15,5,0,1,0.333,0.375,0,0,0.01,0.02
"amayami01","Miguel Amaya","Miguel","Amaya","R","R",487,416,113,9,40,0.272,0.368,26,5,2.8,2.29
"ambrech01","Chip Ambres","Chip","Ambres","R","R",338,295,74,7,40,0.251,0.343,2,1,0.88,0.77
"ambrihe01","Hector Ambriz","Hector","Ambriz","L","R",9,7,2,0,2,0.286,0.444,0,0,0.06,0.06
"amburtr01","Trey Amburgey","Trey","Amburgey","R","R",50,45,11,1,5,0.244,0.32,0,0,0.06,0.03
"amelued01","Ed Amelung","Ed","Amelung","L","L",59,55,14,0,4,0.255,0.305,0,0,0.48,0.34
"amesst01","Steve Ames","Steve","Ames","R","R",4,3,1,0,1,0.333,0.5,0,0,0.03,0.02
"amezaal01","Alfredo Amezaga","Alfredo","Amezaga","B","R",1819,1642,422,23,155,0.257,0.325,14,8,7.53,6.94
"amorosa01","Sandy Amoros","Sandy","Amoros","L","L",1744,1508,382,36,218,0.253,0.35,11,7,6.73,5
"amorvi01","Vicente Amor","Vicente","Amor","R","R",7,6,2,0,1,0.333,0.429,0,0,0.01,0
"anderal02","Allan Anderson","Allan","Anderson","L","L",1,0,0,0,1,NA,1,0,0,0,0
"anderbr01","Brady Anderson","Brady","Anderson","L","L",7759,6637,1667,154,921,0.251,0.353,152,49,31.63,29.71
"anderbr03","Brian Anderson","Brian","Anderson","R","R",1019,919,228,23,88,0.248,0.318,8,4,2.89,2.75
"anderbr04","Brett Anderson","Brett","Anderson","L","L",519,462,110,9,57,0.238,0.322,0,0,1.96,2.12
"anderbr05","Bryan Anderson","Bryan","Anderson","L","R",216,194,51,3,19,0.263,0.333,2,1,-0.17,-0.12
"anderbr06","Brian Anderson","Brian","Anderson","R","R",3185,2772,765,73,335,0.276,0.365,63,15,16.07,15.8
"anderch01","Chase Anderson","Chase","Anderson","R","R",692,639,127,9,51,0.199,0.26,2,0,2.46,2.27
"anderco01","Cody Anderson","Cody","Anderson","R","R",39,35,9,1,4,0.257,0.333,0,0,0.12,0.15
"andercr01","Craig Anderson","Craig","Anderson","R","R",8,7,3,0,1,0.429,0.5,0,0,0.01,0.01
"anderda02","Dave Anderson","Dave","Anderson","R","R",2050,1836,470,20,198,0.256,0.328,5,11,6.18,4.67
"anderdr01","Drew Anderson","Drew","Anderson","L","R",55,49,13,1,6,0.265,0.345,0,0,0.12,0.14
"anderdr02","Drew Anderson","Drew","Anderson","R","R",1,0,0,0,1,NA,1,0,0,0,0
"anderdw01","Dwain Anderson","Dwain","Anderson","R","R",286,263,73,2,21,0.278,0.336,2,0,-0.22,-0.1
"anderga01","Garret Anderson","Garret","Anderson","L","L",9071,8517,2451,210,459,0.288,0.322,8,87,30.8,28.85
"anderge01","George Anderson","George","Anderson","L","R",238,222,58,0,13,0.261,0.311,3,0,1,0.18
"anderha02","Harry Anderson","Harry","Anderson","L","R",1963,1754,454,61,178,0.259,0.33,16,15,5.57,5.3
"anderia01","Ian Anderson","Ian","Anderson","R","R",109,102,19,1,7,0.186,0.239,0,0,0.16,0.18
"anderja01","Jason Anderson","Jason","Anderson","L","R",5,4,1,0,1,0.25,0.4,0,0,0.01,0.02
"anderji01","Jim Anderson","Jim","Anderson","R","R",1067,963,236,19,93,0.245,0.313,5,6,3.21,2.44
"anderji02","Jimmy Anderson","Jimmy","Anderson","L","L",23,21,7,0,2,0.333,0.391,0,0,0.14,0.08
"anderjo03","Josh Anderson","Josh","Anderson","L","R",638,585,168,8,48,0.287,0.345,4,1,3.01,2.76
"anderju01","Justin Anderson","Justin","Anderson","L","R",13,11,3,0,2,0.273,0.385,0,0,0.05,0.06
"anderla02","Larry Andersen","Larry","Andersen","R","R",35,28,9,0,7,0.321,0.457,0,0,0.03,0.04
"anderla03","Lars Anderson","Lars","Anderson","L","L",131,113,28,2,17,0.248,0.344,0,1,0.46,0.48
"anderma01","Matt Anderson","Matt","Anderson","R","R",6,5,1,0,1,0.2,0.333,0,0,0.02,0.02
"anderma02","Marlon Anderson","Marlon","Anderson","L","R",3654,3360,889,47,248,0.265,0.315,15,31,8.85,8.15
"andermi01","Mike Anderson","Mike","Anderson","R","R",1787,1588,405,35,182,0.255,0.331,4,13,7.22,7.54
"anderni01","Nick Anderson","Nick","Anderson","R","R",13,11,4,0,2,0.364,0.462,0,0,0.07,0.07
"andersh01","Shaun Anderson","Shaun","Anderson","R","R",90,82,16,1,7,0.195,0.267,1,0,0.42,0.35
"anderta01","Tanner Anderson","Tanner","Anderson","R","R",35,31,9,0,4,0.29,0.371,0,0,0.03,0.03
"anderti01","Tim Anderson","Tim","Anderson","R","R",4324,4002,1223,81,279,0.306,0.354,30,13,24.73,22.77
"anderty01","Tyler Anderson","Tyler","Anderson","L","L",481,439,88,7,41,0.2,0.27,1,0,1.59,1.6
"andinro01","Robert Andino","Robert","Andino","R","R",1745,1571,415,28,163,0.264,0.335,6,5,8.03,6.63
"andrefr01","Fred Andrews","Fred","Andrews","R","R",11,8,3,0,2,0.375,0.545,1,0,0.02,0.02
"andrejo02","John Andrews","John","Andrews","L","L",2,1,0,0,1,0,0.5,0,0,0.01,0.01
"andrejo03","John Andreoli","John","Andreoli","R","R",209,187,49,3,21,0.262,0.335,0,1,0.67,0.72
"andreki01","Kim Andrew","Kim","Andrew","R","R",2,1,0,0,1,0,0.5,0,0,0.01,0
"andremi01","Mike Andrews","Mike","Andrews","R","R",3529,3057,765,52,433,0.25,0.344,16,23,8.6,9.39
"andrena01","Nate Andrews","Nate","Andrews","R","R",4,1,0,0,3,0,0.75,0,0,0,0
"andrero01","Rob Andrews","Rob","Andrews","R","R",1598,1426,381,13,160,0.267,0.339,0,12,3.19,2.95
"andresh01","Shane Andrews","Shane","Andrews","R","R",1442,1291,253,48,132,0.196,0.269,3,16,0.74,1.51
"andrima01","Matt Andriese","Matt","Andriese","R","R",117,105,30,1,12,0.286,0.359,0,0,0.75,0.66
"andruel01","Elvis Andrus","Elvis","Andrus","R","R",8674,7784,2160,121,766,0.277,0.345,64,60,45.31,43.95
"andujjo01","Joaquin Andujar","Joaquin","Andujar","B","R",640,586,118,11,53,0.201,0.267,0,1,1.85,1.93
"andujmi01","Miguel Andújar","Miguel","Andujar","R","R",1553,1426,419,37,107,0.294,0.343,7,13,5.59,5.34
"anglema01","Matt Angle","Matt","Angle","L","R",152,130,32,2,21,0.246,0.355,1,0,0.37,0.44
"ankieri01","Rick Ankiel","Rick","Ankiel","L","L",2217,1987,523,81,206,0.263,0.334,12,12,10.55,10.42
"annade01","Dean Anna","Dean","Anna","L","R",76,67,18,2,8,0.269,0.342,0,1,0.62,0.3
"ansonca01","Cap Anson","Cap","Anson","R","R",13918,12875,3605,162,1018,0.28,0.334,25,0,46.85,41.99
"anthoer01","Eric Anthony","Eric","Anthony","L","L",1367,1247,294,46,110,0.236,0.298,3,7,1.86,1.9
"antonjo02","Johnny Antonelli","Johnny","Antonelli","L","L",905,856,179,17,45,0.209,0.249,1,3,1.14,1.51
"antonma01","Matt Antonelli","Matt","Antonelli","R","R",114,100,25,2,11,0.25,0.342,3,0,0.14,0.13
"antonte01","Tejay Antone","Tejay","Antone","R","R",59,52,13,1,7,0.25,0.339,0,0,0.37,0.34
"aokino01","Nori Aoki","Nori","Aoki","L","R",3028,2672,793,44,293,0.297,0.375,48,15,15.34,14.04
"aparilu01","Luis Aparicio","Luis","Aparicio","R","R",11253,10565,2674,27,585,0.253,0.292,27,76,45.38,40.23
"apodabo01","Bob Apodaca","Bob","Apodaca","R","R",73,63,16,0,9,0.254,0.342,0,1,0.37,0.27
"appelma01","Mark Appel","Mark","Appel","R","R",0,0,0,0,0,NA,NA,0,0,0,0
"applepe01","Pete Appleton","Pete","Appleton","R","R",349,339,75,0,10,0.221,0.244,0,0,-4.59,-4.1
"applilu01","Luke Appling","Luke","Appling","R","R",9365,8239,2456,47,1116,0.298,0.382,10,0,71.67,66.16
"aquinar01","Aristides Aquino","Aristides","Aquino","R","R",909,809,203,28,90,0.251,0.329,6,4,5.09,4.3
"aquingr01","Greg Aquino","Greg","Aquino","R","R",42,35,13,0,7,0.371,0.476,0,0,0.16,0.15
"aquinja01","Jayson Aquino","Jayson","Aquino","L","L",1,0,0,0,1,NA,1,0,0,0.01,0.01
"arandjo01","Jonathan Aranda","Jonathan","Aranda","L","R",171,142,39,4,20,0.275,0.38,6,3,1.3,0.96
"aranovi01","Víctor Arano","Victor","Arano","R","R",25,21,8,0,4,0.381,0.48,0,0,0.14,0.14
"araujel01","Elvis Araujo","Elvis","Araujo","L","L",32,28,7,1,4,0.25,0.344,0,0,0.68,0.69
"arauzjo01","Jonathan Araúz","Jonathan","Arauz","B","R",286,254,64,8,30,0.252,0.329,0,2,0.35,0.44
"archech01","Chris Archer","Chris","Archer","R","R",412,370,93,7,42,0.251,0.328,0,0,1.42,1.5
"archefr01","Fred Archer","Fred","Archer","L","L",11,10,2,0,1,0.2,0.273,0,0,0,0
"arciafr01","Francisco Arcia","Francisco","Arcia","L","R",181,167,42,7,12,0.251,0.309,2,0,0.62,0.47
"arciaor01","Orlando Arcia","Orlando","Arcia","R","R",3796,3428,933,78,323,0.272,0.335,16,29,14.67,13.94
"arciaos01","Oswaldo Arcia","Oswaldo","Arcia","L","R",1189,1061,281,47,112,0.265,0.341,13,3,3.24,3.7
"ardoida01","Danny Ardoin","Danny","Ardoin","R","R",547,485,110,9,47,0.227,0.311,13,2,0.58,0.59
"arenano01","Nolan Arenado","Nolan","Arenado","R","R",7469,6631,1884,283,700,0.284,0.353,50,88,62.6,55.86
"arencjp01","J P  Arencibia","J. P.","Arencibia","R","R",1919,1745,454,81,146,0.26,0.322,17,11,7.84,5.76
"ariasal02","Alberto Arias","Alberto","Arias","R","R",74,66,18,3,8,0.273,0.351,0,0,1.13,1.13
"ariasga01","Gabriel Arias","Gabriel","Arias","R","R",546,488,117,10,50,0.24,0.315,5,3,1.12,0.87
"ariasjo01","Joaquin Arias","Joaquin","Arias","R","R",1495,1369,387,22,109,0.283,0.337,8,9,7.06,6.21
"arihako01","Kohei Arihara","Kohei","Arihara","R","R",32,29,7,1,3,0.241,0.312,0,0,0.06,0.06
"arletbu01","Buzz Arlett","Buzz","Arlett","B","R",505,453,108,20,47,0.238,0.317,5,0,1.63,2.08
"arlicdo01","Don Arlich","Don","Arlich","L","L",2,1,0,0,1,0,0.5,0,0,0,0
"arlinst01","Steve Arlin","Steve","Arlin","R","R",283,257,53,1,23,0.206,0.276,2,1,0.57,0.37
"armasma01","Marcos Armas","Marcos","Armas","R","R",37,34,6,1,2,0.176,0.243,1,0,0.08,0.05
"armasto01","Tony Armas","Tony","Armas","R","R",5731,5319,1396,269,345,0.262,0.306,15,52,20.51,21.11
"armasto02","Tony Armas","Tony","Armas","R","R",490,457,96,6,33,0.21,0.263,0,0,0.38,0.41
"armbred01","Ed Armbrister","Ed","Armbrister","R","R",299,266,72,6,29,0.271,0.341,1,3,1.09,1.51
"armstmi01","Mike Armstrong","Mike","Armstrong","R","R",2,1,0,0,1,0,0.5,0,0,0.01,0.01
"armstsh01","Shawn Armstrong","Shawn","Armstrong","R","R",13,10,3,0,3,0.3,0.462,0,0,0.06,0.05
"arnolch01","Chris Arnold","Chris","Arnold","R","R",547,490,125,6,52,0.255,0.325,1,4,0.38,1.14
"arnovmo01","Morrie Arnovich","Morrie","Arnovich","R","R",1963,1806,460,20,147,0.255,0.314,10,0,5.14,4.28
"arozara01","Randy Arozarena","Randy","Arozarena","R","R",2778,2342,671,74,312,0.287,0.39,100,24,15.93,15.22
"arraelu01","Luis Arraez","Luis","Arraez","L","R",3017,2721,911,28,248,0.335,0.392,25,23,19.46,16.04
"arredjo01","Jose Arredondo","Jose","Arredondo","R","R",39,33,10,1,6,0.303,0.41,0,0,0.82,0.75
"arrieja01","Jake Arrieta","Jake","Arrieta","R","R",1004,918,228,19,85,0.248,0.313,1,0,5.67,5.47
"arrigge01","Gerry Arrigo","Gerry","Arrigo","L","L",56,51,14,1,5,0.275,0.339,0,0,0.14,0.19
"arroybr01","Bronson Arroyo","Bronson","Arroyo","R","R",1190,1098,234,19,89,0.213,0.272,1,2,4.83,3.32
"arroych01","Christian Arroyo","Christian","Arroyo","R","R",1296,1180,322,22,90,0.273,0.331,17,9,5.19,3.87
"arroylu01","Luis Arroyo","Luis","Arroyo","L","L",49,46,9,0,3,0.196,0.245,0,0,-0.4,-0.44
"arrueba01","Erisbel Arruebarrena",NA,NA,NA,NA,95,85,23,1,9,0.271,0.337,0,1,0.3,0.27
"arteahu01","Humberto Arteaga","Humberto","Arteaga","R","R",192,175,44,2,15,0.251,0.318,2,0,0.33,-1.32
"asadora01","Randy Asadoor","Randy","Asadoor","R","R",64,59,21,0,5,0.356,0.406,0,0,0.27,0.22
"ascanjo01","Jose Ascanio","Jose","Ascanio","R","R",39,33,9,1,6,0.273,0.385,0,0,0.41,0.43
"ascheco01","Cody Asche","Cody","Asche","L","R",1522,1365,358,33,144,0.262,0.336,9,4,3.39,3.72
"asencmi01","Miguel Asencio","Miguel","Asencio","R","R",12,11,4,0,1,0.364,0.417,0,0,0,0
"ashburi01","Richie Ashburn","Richie","Ashburn","L","R",9777,8605,2600,22,1111,0.302,0.384,43,18,59.71,53.08
"ashbyaa01","Aaron Ashby","Aaron","Ashby","R","L",54,47,12,1,7,0.255,0.352,0,0,0.36,0.31
"ashbyal01","Alan Ashby","Alan","Ashby","B","R",4728,4174,1089,115,502,0.261,0.339,11,41,16.92,18.34
"ashbyan01","Andy Ashby","Andy","Ashby","R","R",328,318,63,0,9,0.198,0.22,0,1,-1.23,-1.25
"asheral01","Alec Asher","Alec","Asher","R","R",115,105,29,2,10,0.276,0.339,0,0,0.6,0.52
"ashfotu01","Tucker Ashford","Tucker","Ashford","R","R",284,257,60,4,24,0.233,0.299,1,2,0.05,-0.06
"ashlebi01","Billy Ashley","Billy","Ashley","R","R",652,584,137,23,61,0.235,0.31,4,3,-2.64,-1.66
"ashlene01","Nevin Ashley","Nevin","Ashley","R","R",78,71,19,1,6,0.268,0.333,1,0,0.25,0.25
"asprobo01","Bob Aspromonte","Bob","Aspromonte","R","R",3965,3614,977,57,297,0.27,0.328,26,28,3.99,3.49
"asproke01","Ken Aspromonte","Ken","Aspromonte","R","R",915,817,205,7,90,0.251,0.327,4,4,2.04,1.19
"asselbr01","Brian Asselstine","Brian","Asselstine","L","R",633,572,150,13,49,0.262,0.319,3,9,1.17,1.32
"assenpa01","Paul Assenmacher","Paul","Assenmacher","L","L",19,15,5,0,4,0.333,0.474,0,0,0.04,0.05
"astacez01","Ezequiel Astacio","Ezequiel","Astacio","R","R",70,65,16,1,5,0.246,0.3,0,0,0.17,0.15
"astacpe01","Pedro Astacio","Pedro","Astacio","R","R",693,660,133,3,28,0.202,0.24,5,0,-1.33,-1.48
"astinba01","Barrett Astin","Barrett","Astin","R","R",17,15,5,0,2,0.333,0.412,0,0,0.03,0.03
"astrojo01","Joe Astroth","Joe","Astroth","R","R",1840,1674,398,8,152,0.238,0.306,13,1,-0.8,2.03
"astudwi01","Willians Astudillo","Willians","Astudillo","R","R",699,638,190,13,45,0.298,0.351,10,6,2.5,2.14
"asuajca01","Carlos Asuaje","Carlos","Asuaje","L","R",661,584,159,8,70,0.272,0.351,3,4,2.45,2.08
"atchisc01","Scott Atchison","Scott","Atchison","R","R",44,36,9,1,8,0.25,0.386,0,0,0.44,0.44
"atherke01","Keith Atherton","Keith","Atherton","R","R",1,0,0,0,1,NA,1,0,0,0,0
"atilalu01","Luis Atilano","Luis","Atilano","R","R",70,65,13,1,5,0.2,0.257,0,0,0.18,0.18
"atkinbi01","Bill Atkinson","Bill","Atkinson","L","R",11,8,2,0,3,0.25,0.455,0,0,0.05,0.06
"atkinga01","Garrett Atkins","Garrett","Atkins","R","R",3236,2857,792,83,326,0.277,0.351,19,34,10.8,12.26
"atkinja01","James Atkins","James","Atkins","L","R",1,0,0,0,1,NA,1,0,0,0,0
"atkinmi01","Mitch Atkins","Mitch","Atkins","R","R",1,0,0,0,1,NA,1,0,0,0.01,0.01
"atwelto01","Toby Atwell","Toby","Atwell","L","R",1365,1199,305,5,151,0.254,0.34,8,7,-0.23,1.86
"aubremi01","Michael Aubrey","Michael","Aubrey","L","L",258,235,64,8,23,0.272,0.337,0,0,1.05,0.97
"augenbr01","Bryan Augenstein","Bryan","Augenstein","R","R",49,43,14,1,6,0.326,0.408,0,0,0.28,0.29
"aukerel01","Elden Auker","Elden","Auker","R","R",702,657,137,9,43,0.209,0.259,2,0,-0.79,0.29
"aultdo01","Doug Ault","Doug","Ault","R","L",753,669,159,16,73,0.238,0.317,7,4,1.36,1.28
"aumonph01","Phillippe Aumont","Phillippe","Aumont","L","R",48,41,15,0,7,0.366,0.458,0,0,0.13,0.12
"aurilri01","Rich Aurilia","Rich","Aurilia","R","R",6237,5715,1566,142,451,0.274,0.327,24,47,19.01,27.62
"ausmubr01","Brad Ausmus","Brad","Ausmus","R","R",7187,6437,1614,51,644,0.251,0.324,69,37,19.3,21.54
"austde01","Dennis Aust","Dennis","Aust","R","R",1,0,0,0,1,NA,1,0,0,0,0
"austije01","Jeff Austin","Jeff","Austin","R","R",1,0,0,0,1,NA,1,0,0,0,0
"austity01","Tyler Austin","Tyler","Austin","R","R",784,692,180,34,84,0.26,0.339,2,6,3.61,3.2
"autryal01","Al Autry","Al","Autry","R","R",2,1,0,0,1,0,0.5,0,0,0,0
"aveliab01","Abiatal Avelino","Abiatal","Avelino","R","R",69,63,19,1,6,0.302,0.362,0,0,0.26,0.15
"avenbr01","Bruce Aven","Bruce","Aven","R","R",630,570,153,13,45,0.268,0.329,9,6,0.77,1.34
"averiea01","Earl Averill","Earl","Averill","L","R",7174,6409,1776,286,733,0.277,0.354,32,0,44.49,39.69
"averiea02","Earl Averill","Earl","Averill","R","R",1390,1202,273,35,170,0.227,0.324,7,11,0.62,2.19
"averyst01","Steve Avery","Steve","Avery","L","L",447,427,86,3,15,0.201,0.226,0,5,1.23,0.89
"averyxa01","Xavier Avery","Xavier","Avery","L","L",168,148,39,2,20,0.264,0.351,0,0,0.35,0.44
"avilaal01","Alex Avila","Alex","Avila","L","R",3980,3296,876,104,645,0.266,0.387,19,20,25.85,23.86
"avilabo01","Bobby Avila","Bobby","Avila","R","R",5374,4830,1341,52,516,0.278,0.348,14,14,23.04,19.94
"avilalu01","Luis Avilán","Luis","Avilan","L","L",173,153,47,4,20,0.307,0.387,0,0,3.41,3.22
"avilape01","Pedro Avila","Pedro","Avila","R","R",29,26,7,1,3,0.269,0.345,0,0,0.04,0.04
"avilemi01","Mike Aviles","Mike","Aviles","R","R",3462,3164,864,72,252,0.273,0.327,16,30,16.89,14.18
"avilera01","Ramon Aviles","Ramon","Aviles","R","R",211,184,51,4,24,0.277,0.36,1,2,0.9,0.78
"axelrdy01","Dylan Axelrod","Dylan","Axelrod","R","R",104,93,25,3,11,0.269,0.346,0,0,0.47,0.53
"axforjo01","John Axford","John","Axford","R","R",97,82,25,0,15,0.305,0.412,0,0,0.63,0.61
"ayalabe01","Benny Ayala","Benny","Ayala","R","R",764,680,188,32,73,0.276,0.344,2,9,3.17,3.7
"ayalalu01","Luis Ayala","Luis","Ayala","R","R",157,139,41,2,18,0.295,0.376,0,0,1.31,1.18
"aybarer01","Erick Aybar","Erick","Aybar","B","R",5659,5141,1465,87,427,0.285,0.344,52,39,32.01,29.04
"aybarma01","Manny Aybar","Manny","Aybar","R","R",135,125,28,1,10,0.224,0.281,0,0,-0.92,-0.64
"aybarwi01","Willy Aybar","Willy","Aybar","B","R",1457,1268,348,33,167,0.274,0.363,14,8,6.67,6.82
"azcuejo01","Joe Azcue","Joe","Azcue","R","R",2591,2407,616,36,147,0.256,0.299,12,25,4.35,4.12
"azocajo01","José Azocar","Jose","Azocar","R","R",364,334,95,2,24,0.284,0.338,4,2,1.08,1.77
"azocaos01","Oscar Azocar","Oscar","Azocar","L","L",288,273,68,5,11,0.249,0.281,2,2,0.32,0.11
"babicjo01","Johnny Babich","Johnny","Babich","R","R",32,29,9,0,3,0.31,0.375,0,0,0.45,0.52
"babitsh01","Shooty Babitt","Shooty","Babitt","R","R",217,197,54,3,20,0.274,0.341,0,0,0.97,1.02
"backebr01","Brandon Backe","Brandon","Backe","R","R",398,360,100,9,36,0.278,0.347,2,0,3.61,3.55
"backmwa01","Wally Backman","Wally","Backman","B","R",3588,3180,906,17,384,0.285,0.361,5,19,14.9,13.08
"bacsimi02","Mike Bacsik","Mike","Bacsik","L","L",107,98,20,1,9,0.204,0.271,0,0,0.35,0.39
"baddoak01","Akil Baddoo","Akil","Baddoo","L","L",1213,1066,272,22,141,0.255,0.34,0,6,3.39,4.09
"badenbu01","Burke Badenhop","Burke","Badenhop","R","R",250,224,55,5,26,0.246,0.324,0,0,3.19,2.97
"baderha01","Harrison Bader","Harrison","Bader","R","R",2849,2537,694,56,230,0.274,0.343,54,28,19.22,19.64
"baekch01","Cha Seung Baek","Cha-Seung","Baek","R","R",92,84,21,2,8,0.25,0.315,0,0,0.57,0.52
"baergca01","Carlos Baerga","Carlos","Baerga","B","R",6231,5810,1645,114,282,0.283,0.321,73,66,17.51,14.41
"baezda01","Danys Báez","Danys","Baez","R","R",83,71,22,1,12,0.31,0.41,0,0,0.64,0.6
"baezja01","Javier Báez","Javier","Baez","R","R",5282,4825,1343,163,360,0.278,0.335,67,30,31.55,28.49
"baezjo01","Jose Báez","Jose","Baez","R","R",382,352,91,3,29,0.259,0.317,1,0,1.94,1.2
"baezmi01","Michel Báez","Michel","Baez","R","R",10,9,2,0,1,0.222,0.3,0,0,0.04,0.04
"baezpe01","Pedro Báez","Pedro","Baez","R","R",140,123,34,3,17,0.276,0.364,0,0,2.58,2.58
"baezsa01","Sandy Báez","Sandy","Baez","R","R",0,0,0,0,0,NA,NA,0,0,0,0
"bagbyji02","Jim Bagby","Jim","Bagby","R","R",627,615,141,5,11,0.229,0.244,1,0,-0.65,-3.34
"bagweje01","Jeff Bagwell","Jeff","Bagwell","R","R",9621,8032,2347,390,1359,0.292,0.399,128,102,77.24,77.02
"bahnsst01","Stan Bahnsen","Stan","Bahnsen","R","R",93,83,19,1,10,0.229,0.312,0,0,0.18,0.17
"bailean01","Andrew Bailey","Andrew","Bailey","R","R",20,14,4,0,6,0.286,0.5,0,0,0.13,0.12
"bailebo01","Bob Bailey","Bob","Bailey","R","R",7060,6150,1618,192,844,0.263,0.351,16,50,30.82,32.76
"baileed01","Ed Bailey","Ed","Bailey","L","R",4610,3944,999,136,604,0.253,0.353,25,37,28.37,29.71
"baileho02","Homer Bailey","Homer","Bailey","R","R",1053,965,243,15,87,0.252,0.314,1,0,5,5.18
"baileje01","Jeff Bailey","Jeff","Bailey","R","R",318,276,73,11,38,0.264,0.362,4,0,0.92,1.31
"bailema01","Mark Bailey","Mark","Bailey","B","R",994,834,207,29,152,0.248,0.364,3,5,3.62,4.24
"bailepa01","Patrick Bailey","Patrick","Bailey","B","R",856,768,200,11,73,0.26,0.326,6,9,3.54,8.18
"bailero01","Roger Bailey","Roger","Bailey","R","R",120,113,23,1,7,0.204,0.25,0,0,0.44,0.19
"bailobo01","Bob Bailor","Bob","Bailor","R","R",3148,2882,771,26,226,0.268,0.323,20,20,12.44,8.99
"baineha01","Harold Baines","Harold","Baines","L","L",11241,10036,2915,360,1094,0.29,0.358,14,97,41.93,41.83
"bairdo01","Doug Bair","Doug","Bair","R","R",46,39,9,0,7,0.231,0.348,0,0,0.21,0.19
"baislje01","Jeff Baisley","Jeff","Baisley","R","R",92,83,22,1,9,0.265,0.337,0,0,0.12,0.12
"bajenje01","Jeff Bajenaru","Jeff","Bajenaru","R","R",0,0,0,0,0,NA,NA,0,0,0,0
"bakerbi01","Bill Baker","Bill","Baker","R","R",215,196,52,0,19,0.265,0.33,0,0,0.76,0.7
"bakerbr01","Bryan Baker","Bryan","Baker","R","R",9,8,2,0,1,0.25,0.333,0,0,0.02,0.02
"bakerch02","Chuck Baker","Chuck","Baker","R","R",161,149,36,2,12,0.242,0.298,0,0,0.77,0.58
"bakerda01","Dave Baker","Dave","Baker","L","R",21,16,4,0,3,0.25,0.429,2,0,0.03,0.04
"bakerdo01","Doug Baker","Doug","Baker","B","R",107,91,28,0,13,0.308,0.402,2,1,0.8,0.67
"bakerdu01","Dusty Baker","Dusty","Baker","R","R",8318,7358,2088,253,845,0.284,0.356,30,85,42.98,43.22
"bakerfl01","Floyd Baker","Floyd","Baker","L","R",1860,1599,402,3,259,0.251,0.356,2,0,5.85,7
"bakerfr01","Home Run Baker","Home Run","Baker","L","R",6980,6683,1753,187,247,0.262,0.294,50,0,41.91,36.98
"bakerfr03","Frank Baker","Frank","Baker","L","R",345,304,63,0,38,0.207,0.299,2,1,-0.53,-0.62
"bakerge02","Gene Baker","Gene","Baker","R","R",2510,2307,602,35,176,0.261,0.314,9,18,8.15,7.48
"bakerje03","Jeff Baker","Jeff","Baker","R","R",2408,2165,597,65,218,0.276,0.342,9,16,10.43,11.04
"bakerjo01","John Baker","John","Baker","L","R",1495,1303,353,24,175,0.271,0.36,10,7,5.91,6.28
"bakersc02","Scott Baker","Scott","Baker","R","R",147,133,35,4,14,0.263,0.333,0,0,0.34,0.31
"bakerto01","Tom Baker","Tom","Baker","R","R",48,44,12,0,4,0.273,0.333,0,0,-0.38,-0.82
"bakopa01","Paul Bako","Paul","Bako","L","R",2840,2551,594,22,269,0.233,0.306,7,13,0.69,5.92
"balbost01","Steve Balboni","Steve","Balboni","R","R",3180,2881,700,179,258,0.243,0.306,16,25,2.07,4.8
"baldero01","Rocco Baldelli","Rocco","Baldelli","R","R",2219,2033,568,52,140,0.279,0.333,31,15,12.08,10.49
"baldoal01","Alberto Baldonado","Alberto","Baldonado","L","L",9,8,2,0,1,0.25,0.333,0,0,0.04,0.03
"baldwja01","James Baldwin","James","Baldwin","R","R",4,3,1,0,1,0.333,0.5,0,0,0,0
"baldwre01","Reggie Baldwin","Reggie","Baldwin","R","R",68,63,18,2,5,0.286,0.338,0,0,0.09,0.2
"baldwri01","Rick Baldwin","Rick","Baldwin","L","R",23,19,6,0,4,0.316,0.435,0,0,0.09,0.08
"balenwl01","Wladimir Balentien","Wladimir","Balentien","R","R",614,554,142,16,56,0.256,0.322,0,4,2.22,2.12
"balesco01","Collin Balester","Collin","Balester","R","R",191,171,45,4,19,0.263,0.34,1,0,1.16,1.14
"balfogr01","Grant Balfour","Grant","Balfour","R","R",51,40,10,0,11,0.25,0.412,0,0,0.17,0.16
"balleja01","Jay Baller","Jay","Baller","R","R",2,0,0,0,1,NA,1,1,0,0.01,0
"bancrda01","Dave Bancroft","Dave","Bancroft","B","R",7318,6680,1543,20,617,0.231,0.298,21,0,23.43,24
"bandaan01","Anthony Banda","Anthony","Banda","L","L",74,66,19,2,8,0.288,0.365,0,0,0.69,0.62
"bandoch01","Chris Bando","Chris","Bando","B","R",1396,1240,306,28,141,0.247,0.321,1,14,4.16,3.86
"bandosa01","Sal Bando","Sal","Bando","R","R",8368,7204,1907,261,1032,0.265,0.36,75,57,61.13,55.98
"bandyje01","Jett Bandy","Jett","Bandy","R","R",675,603,159,17,56,0.264,0.336,12,4,2.78,2.34
"bankhda01","Dan Bankhead","Dan","Bankhead","R","R",5,3,1,0,1,0.333,0.6,1,0,0.01,0.01
"banksbr01","Brian Banks","Brian","Banks","B","R",725,643,151,10,75,0.235,0.314,2,5,-3.16,-1.45
"bankser01","Ernie Banks","Ernie","Banks","R","R",10122,9235,2524,428,725,0.273,0.328,69,93,63.13,58.08
"banksge01","George Banks","George","Banks","R","R",43,35,10,2,8,0.286,0.419,0,0,0.26,0.27
"banksjo01","Josh Banks","Josh","Banks","R","R",121,107,23,2,14,0.215,0.306,0,0,0.57,0.54
"bankswi01","Willie Banks","Willie","Banks","R","R",56,52,10,0,3,0.192,0.25,1,0,0.07,-0.11
"bannial01","Alan Bannister","Alan","Bannister","R","R",3364,3001,824,36,323,0.275,0.345,12,28,8.42,6.23
"bannibr01","Brian Bannister","Brian","Bannister","R","R",91,82,24,2,8,0.293,0.363,1,0,0.58,0.57
"bannifl01","Floyd Bannister","Floyd","Bannister","L","L",50,47,11,1,3,0.234,0.28,0,0,0.09,0.12
"bantzbr01","Brandon Bantz","Brandon","Bantz","R","R",24,21,7,1,3,0.333,0.417,0,0,0.03,0.03
"banuema01","Manny Banuelos","Manny","Banuelos","R","L",53,48,12,1,5,0.25,0.321,0,0,0.22,0.2
"baragca01","Caleb Baragar","Caleb","Baragar","R","L",39,35,9,1,4,0.257,0.333,0,0,0.39,0.37
"barajro01","Rod Barajas","Rod","Barajas","R","R",3977,3599,898,121,293,0.25,0.311,46,39,11.03,11.77
"barbajo01","Johnny Barbato","Johnny","Barbato","R","R",20,17,5,0,3,0.294,0.4,0,0,0.06,0.06
"barbebr01","Bret Barberie","Bret","Barberie","B","R",1814,1603,419,12,168,0.261,0.341,32,11,5.84,7.71
"barbest01","Steve Barber","Steve","Barber","L","L",141,137,26,0,4,0.19,0.213,0,0,-0.92,-0.8
"barbiji01","Jim Barbieri","Jim","Barbieri","L","R",135,120,36,0,15,0.3,0.378,0,0,0.52,0.38
"bardda01","Daniel Bard","Daniel","Bard","R","R",68,59,20,1,9,0.339,0.426,0,0,0.85,0.81
"bardebr01","Brian Barden","Brian","Barden","R","R",403,365,95,9,34,0.26,0.328,3,1,1.73,1.57
"bardjo01","Josh Bard","Josh","Bard","B","R",2277,2035,559,45,226,0.275,0.346,3,13,8.85,9.03
"bardlu01","Luke Bard","Luke","Bard","R","R",2,1,0,0,1,0,0.5,0,0,0.01,0.01
"barera01","Ray Bare","Ray","Bare","R","R",7,6,2,0,1,0.333,0.429,0,0,0.01,0.01
"barfije01","Jesse Barfield","Jesse","Barfield","R","R",5442,4791,1255,235,583,0.262,0.344,34,34,43.81,42.04
"barfijo02","Josh Barfield","Josh","Barfield","R","R",1136,1044,291,18,78,0.279,0.329,5,9,4.06,3.81
"bargagr01","Greg Bargar","Greg","Bargar","R","R",5,4,1,0,1,0.25,0.4,0,0,0.01,0.01
"barkean01","Andy Barkett","Andy","Barkett","L","L",72,64,18,1,7,0.281,0.361,1,0,0.25,0.3
"barkegl01","Glen Barker","Glen","Barker","B","R",208,185,46,3,20,0.249,0.327,2,1,-0.42,0.15
"barkeke01","Kevin Barker","Kevin","Barker","L","L",159,143,39,3,15,0.273,0.34,0,1,0.73,0.54
"barkele01","Len Barker","Len","Barker","R","R",7,6,2,0,1,0.333,0.429,0,0,0,0
"barkese01","Sean Barker","Sean","Barker","R","R",31,27,7,1,3,0.259,0.355,1,0,0.11,0.13
"barlojo01","Joe Barlow","Joe","Barlow","R","R",0,0,0,0,0,NA,NA,0,0,0,0
"barlomi01","Mike Barlow","Mike","Barlow","L","R",4,3,1,0,1,0.333,0.5,0,0,0.01,0.02
"barlosc01","Scott Barlow","Scott","Barlow","R","R",18,15,6,0,3,0.4,0.5,0,0,0.06,0.06
"barmecl01","Clint Barmes","Clint","Barmes","R","R",4294,3887,1011,88,324,0.26,0.324,58,25,23.79,17.9
"barnaba01","Babe Barna","Babe","Barna","L","R",819,742,171,15,77,0.23,0.303,0,0,-1.23,-1.86
"barneau01","Austin Barnes","Austin","Barnes","R","R",1927,1643,427,32,242,0.26,0.364,33,9,10,12.99
"barnebr01","Brian Barnes","Brian","Barnes","L","L",58,54,14,0,4,0.259,0.31,0,0,-0.18,-0.1
"barnebr02","Brandon Barnes","Brandon","Barnes","R","R",1509,1368,356,27,125,0.26,0.327,13,3,6.54,6.16
"barnech01","Charlie Barnes","Charlie","Barnes","L","L",17,15,5,0,2,0.333,0.412,0,0,0.01,0.01
"barneda01","Darwin Barney","Darwin","Barney","R","R",2919,2645,711,45,234,0.269,0.332,24,16,16.39,12.56
"barneda02","Danny Barnes","Danny","Barnes","L","R",9,7,2,0,2,0.286,0.444,0,0,0.05,0.04
"barnefr02","Frank Barnes","Frank","Barnes","R","R",2,1,0,0,1,0,0.5,0,0,0,0
"barneja01","Jacob Barnes","Jacob","Barnes","R","R",63,55,14,1,8,0.255,0.349,0,0,1.16,1.11
"barnema01","Matt Barnes","Matt","Barnes","R","R",38,31,9,1,7,0.29,0.421,0,0,0.34,0.35
"barnere01","Red Barnes","Red","Barnes","L","R",721,646,158,14,71,0.245,0.323,4,0,1.2,0.79
"barnero01","Ross Barnes","Ross","Barnes","R","R",3968,3508,1062,11,460,0.303,0.384,0,0,33.25,30.54
"barnesc01","Scott Barnes","Scott","Barnes","L","L",1,0,0,0,1,NA,1,0,0,0,0
"barnesk01","Skeeter Barnes","Skeeter","Barnes","R","R",472,433,117,9,32,0.27,0.324,4,3,1.1,0.81
"barneto01","Tony Barnette","Tony","Barnette","R","R",2,1,0,0,1,0,0.5,0,0,0.01,0.01
"barnhcl01","Clyde Barnhart","Clyde","Barnhart","R","R",3173,2963,682,35,203,0.23,0.281,7,0,-4.28,-2.38
"barnhtu01","Tucker Barnhart","Tucker","Barnhart","B","R",3245,2852,755,44,352,0.265,0.348,23,18,14.17,11.3
"baronda01","Daniel Barone","Daniel","Barone","R","R",58,53,13,1,5,0.245,0.31,0,0,0.26,0.21
"baronst01","Steven Baron","Steven","Baron","R","R",65,59,15,1,6,0.254,0.323,0,0,-0.37,0.1
"barracu01","Cuno Barragan","Cuno","Barragan","R","R",34,31,8,1,3,0.258,0.324,0,0,0.07,0.1
"barrage01","German Barranca","German","Barranca","L","R",57,52,13,1,5,0.25,0.316,0,0,0.37,0.31
"barraky01","Kyle Barraclough","Kyle","Barraclough","R","R",83,71,22,2,12,0.31,0.41,0,0,1.96,1.92
"barreaa01","Aaron Barrett","Aaron","Barrett","R","R",26,21,6,0,5,0.286,0.423,0,0,0.16,0.16
"barrebi02","Bill Barrett","Bill","Barrett","R","R",2120,1991,459,34,124,0.231,0.277,5,0,-2.11,-3.06
"barredi01","Dick Barrett","Dick","Barrett","R","R",13,11,4,0,2,0.364,0.462,0,0,0.01,0.01
"barrefr02","Franklin Barreto","Franklin","Barreto","R","R",458,421,102,15,35,0.242,0.303,2,0,1.69,0.93
"barreja01","Jake Barrett","Jake","Barrett","R","R",31,27,7,0,4,0.259,0.355,0,0,0.18,0.18
"barreji01","Jimmy Barrett","Jimmy","Barrett","L","R",3508,3085,678,14,397,0.22,0.314,26,0,-0.89,0.74
"barrejo01","Johnny Barrett","Johnny","Barrett","L","L",2242,1988,391,34,246,0.197,0.288,8,0,0.6,1.16
"barrelu01","Luis Barrera","Luis","Barrera","L","L",149,132,37,2,13,0.28,0.349,2,2,0.9,0.74
"barrema02","Marty Barrett","Marty","Barrett","R","R",3773,3397,932,22,328,0.274,0.338,15,33,10.72,10.78
"barremi01","Michael Barrett","Michael","Barrett","R","R",3947,3591,934,69,296,0.26,0.319,28,32,5.05,8.31
"barreti01","Tim Barrett","Tim","Barrett","L","R",2,1,0,0,1,0,0.5,0,0,0,0
"barreto01","Tom Barrett","Tommy","Barrett","B","R",61,53,12,0,7,0.226,0.328,1,0,-0.01,0.04
"barretr01","Tres Barrera","Tres","Barrera","R","R",272,240,67,4,28,0.279,0.364,4,0,0.14,0.51
"barrija01","Jaime Barria","Jaime","Barria","R","R",52,47,12,1,5,0.255,0.327,0,0,0.07,0.06
"barriyh01","Yhonathan Barrios","Yhonathan","Barrios","B","R",5,4,1,0,1,0.25,0.4,0,0,0.03,0.02
"barrji01","Jim Barr","Jim","Barr","R","R",540,499,107,7,36,0.214,0.272,4,1,2.03,1.89
"barrojo01","Jorge Barrosa","Jorge","Barrosa","B","L",15,13,4,0,2,0.308,0.4,0,0,0.02,0.02
"barroto01","Tony Barron","Tony","Barron","R","R",239,223,60,3,11,0.269,0.305,2,3,1.89,1.54
"barryja01","Jack Barry","Jack","Barry","R","R",2649,2518,476,9,100,0.189,0.229,31,0,8.14,3.44
"barryke01","Kevin Barry","Kevin","Barry","R","R",21,18,6,0,3,0.333,0.429,0,0,0.03,0.03
"bartedi01","Dick Bartell","Dick","Bartell","R","R",7592,6873,1627,73,630,0.237,0.309,89,0,28.4,27.75
"barteki01","Kimera Bartee","Kimera","Bartee","B","R",260,241,48,2,17,0.199,0.254,1,1,0.7,0.53
"barthji01","Jimmy Barthmaier","Jimmy","Barthmaier","R","R",26,23,7,1,3,0.304,0.385,0,0,0.1,0.12
"bartjo01","Joey Bart","Joey","Bart","R","R",855,750,198,25,75,0.264,0.351,27,3,4.46,3.72
"bartlja01","Jason Bartlett","Jason","Bartlett","R","R",3572,3165,892,50,334,0.282,0.356,47,26,22.59,22.49
"bartobo01","Bob Barton","Bob","Barton","R","R",1475,1347,324,14,117,0.241,0.302,5,6,2.05,2.36
"bartobr01","Brian Barton","Brian","Barton","R","R",228,199,54,3,26,0.271,0.36,2,1,1.2,1.47
"bartocl01","Cliff Bartosh","Cliff","Bartosh","L","L",15,12,4,0,3,0.333,0.467,0,0,0.04,0.05
"bartoda02","Daric Barton","Daric","Barton","L","R",2401,1976,543,45,393,0.275,0.396,14,18,13.74,12.87
"barziph01","Philip Barzilla","Philip","Barzilla","L","L",0,0,0,0,0,NA,NA,0,0,0,0
"basablu01","Luis Alexander Basabe","Luis Alexander","Basabe","B","R",14,11,4,0,3,0.364,0.5,0,0,0.04,0.03
"basakch01","Chris Basak","Chris","Basak","R","R",13,11,4,0,2,0.364,0.462,0,0,0.02,0.02
"bashlty01","Tyler Bashlor","Tyler","Bashlor","R","R",32,28,7,0,4,0.25,0.344,0,0,0.43,0.46
"bassan01","Anthony Bass","Anthony","Bass","R","R",188,169,39,3,19,0.231,0.309,0,0,1.47,1.31
"bassbr01","Brian Bass","Brian","Bass","R","R",4,3,1,0,1,0.333,0.5,0,0,0.02,0.02
"bassich01","Chris Bassitt","Chris","Bassitt","R","R",28,25,8,1,3,0.32,0.393,0,0,0.05,0.06
"basske01","Kevin Bass","Kevin","Bass","B","R",5163,4726,1304,122,371,0.276,0.332,37,29,15.8,17.06
"bassljo01","Johnny Bassler","Johnny","Bassler","L","R",2431,2055,495,4,370,0.241,0.358,6,0,11.39,9.16
"bassra01","Randy Bass","Randy","Bass","L","R",389,340,87,13,41,0.256,0.339,4,4,1.05,1.13
"bastaan01","Antonio Bastardo","Antonio","Bastardo","R","L",170,149,41,3,21,0.275,0.365,0,0,2.24,2.16
"batemjo01","John Bateman","John","Bateman","R","R",3140,2931,701,81,168,0.239,0.282,17,24,-0.12,2.87
"batesaa01","Aaron Bates","Aaron","Bates","R","R",56,50,15,1,6,0.3,0.375,0,0,0.23,0.2
"batismi01","Miguel Batista","Miguel","Batista","R","R",578,530,117,7,47,0.221,0.284,0,1,1.74,1.82
"batisra01","Rafael Batista","Rafael","Batista","L","L",15,13,4,0,2,0.308,0.4,0,0,0.01,0
"batisto01","Tony Batista","Tony","Batista","R","R",5032,4668,1144,164,270,0.245,0.29,47,47,14.84,13.54
"batteea01","Earl Battey","Earl","Battey","R","R",4349,3854,1017,72,437,0.264,0.341,28,30,12.05,19.9
"battema01","Matthew Batten","Matthew","Batten","R","R",154,130,36,1,20,0.277,0.39,4,0,0.65,0.98
"battijo01","Joe Battin","Joe","Battin","R","R",730,702,132,7,28,0.188,0.219,0,0,1.27,1.36
"battlho01","Howard Battle","Howard","Battle","R","R",23,19,5,0,4,0.263,0.391,0,0,0.03,0.06
"battlji01","Jim Battle","Jim","Battle","R","R",8,7,3,0,1,0.429,0.5,0,0,0,0
"bauerha01","Hank Bauer","Hank","Bauer","R","R",5557,5092,1406,148,413,0.276,0.333,33,19,25.72,23.13
"bauerja01","Jake Bauers","Jake","Bauers","L","L",1789,1544,386,39,217,0.25,0.344,13,15,3.39,3.47
"bauerri01","Rick Bauer","Rick","Bauer","R","R",3,2,1,0,1,0.5,0.667,0,0,0.01,0.01
"bauerru01","Russ Bauers","Russ","Bauers","L","R",153,150,31,0,3,0.207,0.222,0,0,0.42,0.25
"bauertr01","Trevor Bauer","Trevor","Bauer","R","R",430,387,96,8,43,0.248,0.323,0,0,1.12,1.08
"baumabu01","Buddy Baumann","Buddy","Baumann","L","L",35,31,9,0,4,0.29,0.371,0,0,0.11,0.11
"baumafr01","Frank Baumann","Frank","Baumann","L","L",315,283,65,2,30,0.23,0.302,0,2,-0.26,0.21
"baumami01","Mike Baumann","Mike","Baumann","R","R",4,3,1,0,1,0.333,0.5,0,0,0.01,0.01
"baumgro01","Ross Baumgarten","Ross","Baumgarten","L","L",0,0,0,0,0,NA,NA,0,0,0,0
"baumhfr01","Frank Baumholtz","Frank","Baumholtz","L","L",3126,2947,820,16,157,0.278,0.317,15,7,6.54,3.47
"bautaed01","Ed Bauta","Ed","Bauta","R","R",1,0,0,0,1,NA,1,0,0,0,0
"bautide01","Denny Bautista","Denny","Bautista","R","R",87,77,22,1,10,0.286,0.368,0,0,0.66,0.66
"bautife01","Félix Bautista","Felix","Bautista","R","R",8,7,3,0,1,0.429,0.5,0,0,0.02,0.02
"bautige01","Gerson Bautista","Gerson","Bautista","R","R",6,5,1,0,1,0.2,0.333,0,0,0.03,0.03
"bautijo02","José Bautista","Jose","Bautista","R","R",7112,5815,1560,313,1159,0.268,0.394,80,58,49.87,45.96
"bautira01","Rafael Bautista","Rafael","Bautista","R","R",140,127,33,2,13,0.26,0.329,0,0,0.46,0.46
"baxesji01","Jim Baxes","Jim","Baxes","R","R",361,335,80,16,25,0.239,0.294,1,0,0.76,1.48
"baxtemi01","Mike Baxter","Mike","Baxter","L","R",803,683,184,13,103,0.269,0.374,13,4,3.94,3.85
"bayja01","Jason Bay","Jason","Bay","R","R",5347,4552,1234,212,685,0.271,0.369,56,54,31.96,28.93
"baylijo01","Jonah Bayliss","Jonah","Bayliss","R","R",16,13,3,0,3,0.231,0.375,0,0,0.08,0.08
"baylodo01","Don Baylor","Don","Baylor","R","R",9613,8346,2254,372,886,0.27,0.354,267,114,35.51,35.88
"bazaryo01","Yorman Bazardo","Yorman","Bazardo","R","R",11,10,3,0,1,0.3,0.364,0,0,0,0
"beachbr01","Brandon Beachy","Brandon","Beachy","R","R",293,265,69,5,28,0.26,0.331,0,0,1.14,1.25
"beallbo01","Bob Beall","Bob","Beall","B","L",275,228,55,2,44,0.241,0.364,1,2,0.49,0.37
"bealljo01","Johnny Beall","Johnny","Beall","L","R",85,83,18,1,2,0.217,0.235,0,0,-0.59,-0.37
"beamoch02","Charlie Beamon","Charlie","Beamon","L","L",12,10,2,0,2,0.2,0.333,0,0,0.01,0
"beamtj01","T J  Beam","T. J.","Beam","R","R",50,45,11,1,5,0.244,0.32,0,0,0.43,0.36
"beanbe01","Belve Bean","Belve","Bean","R","R",7,6,2,0,1,0.333,0.429,0,0,0.04,0.04
"beanbi01","Bill Bean","Bill","Bean","L","L",87,80,21,0,7,0.262,0.322,0,0,0.66,0.63
"beanco01","Colter Bean","Colter","Bean","R","R",0,0,0,0,0,NA,NA,0,0,0,0
"beardge01","Gene Bearden","Gene","Bearden","L","L",380,363,92,4,17,0.253,0.287,0,0,0.19,0.19
"beardmi01","Mike Beard","Mike","Beard","L","L",11,9,2,0,2,0.222,0.364,0,0,0.05,0.04
"beardol01","Ollie Beard","Ollie","Beard","R","R",549,527,100,1,20,0.19,0.222,2,0,2.61,2.22
"beardte01","Ted Beard","Ted","Beard","L","L",156,138,28,0,16,0.203,0.295,2,0,0.02,-0.1
"beatope01","Pedro Beato","Pedro","Beato","R","R",18,14,4,0,4,0.286,0.444,0,0,0.12,0.12
"beattbl01","Blaine Beatty","Blaine","Beatty","L","L",2,1,0,0,1,0,0.5,0,0,0,0
"beatyma01","Matt Beaty","Matt","Beaty","L","R",677,602,170,12,57,0.282,0.362,18,0,1.85,2.55
"beaucji01","Jim Beauchamp","Jim","Beauchamp","R","R",150,137,36,3,12,0.263,0.32,0,1,0.14,-0.09
"beavabl01","Blake Beavan","Blake","Beavan","R","R",28,25,8,1,3,0.32,0.393,0,0,0.01,0.01
"beckch01","Chad Beck","Chad","Beck","R","R",1,0,0,0,1,NA,1,0,0,0.01,0.01
"beckch02","Chris Beck","Chris","Beck","R","R",41,35,10,1,6,0.286,0.39,0,0,0.32,0.36
"beckegl01","Glenn Beckert","Glenn","Beckert","R","R",4335,4087,1162,21,213,0.284,0.32,12,23,16.46,12.54
"beckejo02","Josh Beckett","Josh","Beckett","R","R",847,774,177,14,72,0.229,0.294,0,1,2.64,2.54
"beckeri01","Rich Becker","Rich","Becker","L","L",2648,2298,550,25,326,0.239,0.335,12,12,5.06,3.95
"beckhgo01","Gordon Beckham","Gordon","Beckham","R","R",3978,3538,936,80,356,0.265,0.338,54,30,16.36,15.33
"beckhti01","Tim Beckham","Tim","Beckham","R","R",1902,1722,475,51,158,0.276,0.34,14,8,7.28,8.23
"becklja01","Jake Beckley","Jake","Beckley","L","L",9686,9159,2135,87,354,0.233,0.275,173,0,2.06,-1.7
"beckwjo01","Joe Beckwith","Joe","Beckwith","L","R",5,4,1,0,1,0.25,0.4,0,0,0.01,0
"bedarer01","Erik Bedard","Erik","Bedard","L","L",280,253,66,6,27,0.261,0.332,0,0,0.81,0.76
"bednada01","David Bednar","David","Bednar","L","R",41,36,9,1,5,0.25,0.341,0,0,0.72,0.59
"bedroca01","Cam Bedrosian","Cam","Bedrosian","R","R",34,26,6,0,8,0.231,0.412,0,0,0.16,0.15
"bedrost01","Steve Bedrosian","Steve","Bedrosian","R","R",136,125,25,1,11,0.2,0.265,0,0,0.07,0.22
"beedety01","Tyler Beede","Tyler","Beede","R","R",124,111,23,2,13,0.207,0.29,0,0,0.5,0.52
"beeksja02","Jalen Beeks",NA,NA,NA,NA,25,22,7,1,3,0.318,0.4,0,0,0.04,0.04
"beeleda01","Dallas Beeler","Dallas","Beeler","R","R",38,34,10,1,4,0.294,0.368,0,0,0.16,0.13
"behenri01","Rick Behenna","Rick","Behenna","R","R",12,11,4,0,1,0.364,0.417,0,0,0.03,0.03
"beimejo01","Joe Beimel","Joe","Beimel","L","L",235,212,57,2,23,0.269,0.34,0,0,0.9,1.14
"beirnke01","Kevin Beirne","Kevin","Beirne","L","R",39,36,11,1,3,0.306,0.359,0,0,0.48,0.27
"bejmaol01","Ollie Bejma","Ollie","Bejma","R","R",602,534,107,14,67,0.2,0.291,1,0,-0.5,-1.26
"belanma01","Mark Belanger","Mark","Belanger","R","R",6683,5999,1429,38,597,0.238,0.309,42,45,39.65,34.6
"belchke01","Kevin Belcher","Kevin","Belcher","R","R",19,17,3,0,2,0.176,0.263,0,0,0.03,0.02
"belchti01","Tim Belcher","Tim","Belcher","R","R",259,244,46,1,12,0.189,0.236,3,0,-0.54,-0.63
"belisma01","Matt Belisle","Matt","Belisle","R","R",518,467,116,11,50,0.248,0.322,1,0,6.84,6.52
"belisro01","Ronald Belisario","Ronald","Belisario","R","R",101,89,24,2,12,0.27,0.356,0,0,1.97,1.77
"belivje01","Jeff Beliveau","Jeff","Beliveau","L","L",10,8,3,0,2,0.375,0.5,0,0,0.06,0.06
"bellaan01","Andrew Bellatti","Andrew","Bellatti","R","R",4,3,1,0,1,0.333,0.5,0,0,0.02,0.02
"bellbe01","Beau Bell","Beau","Bell","R","R",2789,2545,660,54,238,0.259,0.324,6,0,-0.379999999999999,0.79
"bellbu01","Buddy Bell","Buddy","Bell","R","R",10160,9110,2575,228,932,0.283,0.349,38,80,69.96,64.79
"bellch02","Chad Bell","Chad","Bell","R","L",1,0,0,0,1,NA,1,0,0,0.01,0
"bellda01","David Bell","David","Bell","R","R",4298,3850,1001,78,367,0.26,0.327,39,42,16.93,14.67
"bellde01","Derek Bell","Derek","Bell","R","R",5204,4777,1288,98,321,0.27,0.321,60,46,11.11,10.36
"belleal01","Albert Belle","Albert","Belle","R","R",6599,5825,1698,324,645,0.292,0.363,53,76,37.99,38.88
"bellfe01","Fern Bell","Fern","Bell","R","R",325,284,73,2,41,0.257,0.351,0,0,0.85,1.08
"bellga01","Gary Bell","Gary","Bell","R","R",509,491,102,0,15,0.208,0.234,2,1,-3.27,-4.15
"bellge02","George Bell","George","Bell","R","R",6231,5790,1650,248,322,0.285,0.324,45,74,23.82,24.07
"bellgu01","Gus Bell","Gus","Bell","L","R",6936,6473,1743,166,386,0.269,0.311,27,50,14.65,11.3
"bellhe01","Heath Bell","Heath","Bell","R","R",141,120,33,1,21,0.275,0.383,0,0,1.08,1.05
"bellhma01","Mark Bellhorn","Mark","Bellhorn","B","R",2584,2199,524,57,357,0.238,0.348,17,11,9.09,8.1
"bellico01","Cody Bellinger","Cody","Bellinger","L","L",4690,4086,1175,172,525,0.288,0.368,25,54,32,29.81
"bellira01","Rafael Belliard","Rafael","Belliard","R","R",2092,1930,436,4,137,0.226,0.284,21,4,0.0899999999999999,-2.24
"belliro01","Ronnie Belliard","Ronnie","Belliard","R","R",5529,4959,1347,87,509,0.272,0.34,24,37,25.13,22.6
"bellja01","Jay Bell","Jay","Bell","R","R",8313,7412,1909,143,791,0.258,0.331,54,56,36.34,37.36
"belljo01","Josh Bell","Josh","Bell","B","R",416,383,96,7,33,0.251,0.31,0,0,1.07,0.87
"belljo02","Josh Bell","Josh","Bell","B","R",5143,4428,1237,154,638,0.279,0.37,30,47,18.49,16.21
"bellke01","Kevin Bell","Kevin","Bell","R","R",780,695,167,18,76,0.24,0.314,2,7,1.7,1.97
"bellle01","Les Bell","Les","Bell","R","R",1876,1785,406,47,89,0.227,0.265,2,0,-0.72,-0.4
"bellmi02","Mike Bell","Mike","Bell","R","R",57,51,12,2,6,0.235,0.316,0,0,0.26,0.44
"belloed01","Edwin Bellorin","Edwin","Bellorin","R","R",21,19,5,0,2,0.263,0.333,0,0,0.07,0.06
"bellte01","Terry Bell","Terry","Bell","R","R",4,3,1,0,1,0.333,0.5,0,0,0.01,0.01
"belltr01","Trevor Bell","Trevor","Bell","L","R",13,11,4,0,2,0.364,0.462,0,0,0.02,0.02
"belnovi01","Vince Belnome","Vince","Belnome","L","R",61,51,14,1,9,0.275,0.377,0,1,0.12,0.12
"belowdu01","Duane Below","Duane","Below","L","L",13,11,4,0,2,0.364,0.462,0,0,0.01,0.01
"beltbr01","Brandon Belt","Brandon","Belt","L","L",5987,5064,1425,206,837,0.281,0.387,56,30,39.41,37.05
"beltrad01","Adrián Beltré","Adrian","Beltre","R","R",11768,10616,3076,388,955,0.29,0.351,94,103,95.19,86.21
"beltrca01","Carlos Beltrán","Carlos","Beltran","B","R",10980,9652,2708,359,1167,0.281,0.358,51,110,77.87,73.95
"beltren01","Engel Beltre","Engel","Beltre","L","L",94,87,23,1,6,0.264,0.319,1,0,0.55,0.37
"beltrfr01","Francis Beltran","Francis","Beltran","R","R",35,31,9,0,4,0.29,0.371,0,0,0.23,0.24
"bemboan01","Anthony Bemboom","Anthony","Bemboom","L","R",264,238,57,5,23,0.239,0.311,2,1,1.07,1.12
"benarma01","Marvin Benard","Marvin","Benard","L","L",3001,2718,723,29,248,0.266,0.332,25,10,6.88,6.62
"benchjo01","Johnny Bench","Johnny","Bench","R","R",8643,7627,2118,395,908,0.278,0.352,19,89,77.1,74.62
"bendean01","Anthony Bender","Anthony","Bender","R","R",42,38,10,1,4,0.263,0.333,0,0,0.65,0.54
"benedbr01","Bruce Benedict","Bruce","Benedict","R","R",3353,2960,737,33,359,0.249,0.331,13,21,10.83,10.86
"benesan01","Andy Benes","Andy","Benes","R","R",1009,947,194,9,52,0.205,0.25,6,4,-1,-0.0799999999999998
"beninan01","Andrew Benintendi","Andrew","Benintendi","L","L",4512,3968,1120,81,468,0.282,0.359,30,46,21.57,18.57
"beniqju01","Juan Beniquez","Juan","Beniquez","R","R",4845,4406,1239,89,379,0.281,0.34,31,29,15.46,15.83
"benitar01","Armando Benitez","Armando","Benitez","R","R",50,43,15,0,7,0.349,0.44,0,0,0.19,0.19
"benitya01","Yamil Benitez","Yamil","Benitez","R","R",50,48,16,2,2,0.333,0.36,0,0,0.18,0.23
"benjami01","Mike Benjamin","Mike","Benjamin","R","R",2210,2074,457,16,101,0.22,0.264,25,10,4.82,3.96
"benjawe01","Wes Benjamin","Wes","Benjamin","R","L",2,1,0,0,1,0,0.5,0,0,0.01,0.01
"bennech01","Charlie Bennett","Charlie","Bennett","R","R",4048,3619,772,105,420,0.213,0.297,9,0,20.09,18.2
"bennede01","Dennis Bennett","Dennis","Bennett","L","L",216,195,43,1,19,0.221,0.296,2,0,0.64,0.33
"benneje01","Jeff Bennett","Jeff","Bennett","R","R",139,123,31,3,16,0.252,0.338,0,0,1.47,1.43
"benoijo01","Joaquín Benoit","Joaquin","Benoit","R","R",124,104,25,1,20,0.24,0.363,0,0,0.41,0.38
"bensojo01","Joe Benson","Joe","Benson","R","R",130,120,31,2,10,0.258,0.315,0,0,0.13,0.25
"bensokr01","Kris Benson","Kris","Benson","R","R",272,249,55,4,22,0.221,0.287,1,0,0.88,0.78
"bensove01","Vern Benson","Vern","Benson","L","R",135,122,27,3,13,0.221,0.296,0,0,0.09,0.03
"bensowi01","Will Benson","Will","Benson","L","L",742,642,173,16,92,0.269,0.363,4,4,2.9,3.15
"bentlja01","Jack Bentley","Jack","Bentley","L","L",283,283,73,0,0,0.258,0.258,0,0,-0.33,-0.65
"bentobu01","Butch Benton","Butch","Benton","R","R",6,4,1,0,1,0.25,0.5,1,0,0.01,0.01
"bentzch01","Chad Bentz","Chad","Bentz","R","L",22,19,6,0,3,0.316,0.409,0,0,0.05,0.03
"berarjo01","Johnny Berardino","Johnny","Berardino","R","R",1331,1228,296,9,96,0.241,0.3,7,0,-1.75,-0.85
"bereja01","Jason Bere","Jason","Bere","R","R",265,251,55,1,13,0.219,0.26,1,0,0.69,0.61
"berenbr01","Bruce Berenyi","Bruce","Berenyi","R","R",233,213,54,2,17,0.254,0.305,0,3,1.64,1.59
"berenju01","Juan Berenguer","Juan","Berenguer","R","R",3,2,0,0,1,0,0.333,0,0,0,0.01
"beresja01","James Beresford","James","Beresford","L","R",79,72,20,1,7,0.278,0.342,0,0,0.27,0.22
"bergda01","Dave Berg","Dave","Berg","R","R",1697,1539,405,8,129,0.263,0.323,14,15,1.27,1.95
"bergebr01","Brandon Berger","Brandon","Berger","R","R",233,214,45,7,16,0.21,0.27,2,1,-0.2,-0.06
"bergebr02","Brad Bergesen","Brad","Bergesen","L","R",100,89,26,3,11,0.292,0.37,0,0,0.58,0.52
"bergetr01","Travis Bergen","Travis","Bergen","L","L",12,10,2,0,2,0.2,0.333,0,0,0.05,0.05
"bergewa01","Wally Berger","Wally","Berger","R","R",5535,5123,1424,283,374,0.278,0.332,38,0,37.13,36.05
"bergju01","Justin Berg","Justin","Berg","R","R",38,33,8,1,5,0.242,0.342,0,0,0.31,0.34
"bergmch01","Christian Bergman","Christian","Bergman","R","R",195,176,48,3,19,0.273,0.344,0,0,1.19,1.08
"bergmda01","Dave Bergman","Dave","Bergman","L","L",3174,2745,747,57,396,0.272,0.362,7,26,9.32,9.34
"bergmja01","Jason Bergmann","Jason","Bergmann","R","R",300,273,61,5,27,0.223,0.293,0,0,0.55,1.74
"berkeja01","Jason Berken","Jason","Berken","R","R",11,9,2,0,2,0.222,0.364,0,0,0.01,0.01
"berkmla01","Lance Berkman","Lance","Berkman","B","L",7842,6492,1897,306,1230,0.292,0.407,66,54,56.24,58.57
"bernabr01","Brennan Bernardino","Brennan","Bernardino","L","L",2,1,0,0,1,0,0.5,0,0,0.01,0.01
"bernadw01","Dwight Bernard","Dwight","Bernard","R","R",9,7,2,0,2,0.286,0.444,0,0,0.05,0.06
"bernaro01","Roger Bernadina","Roger","Bernadina","L","L",1727,1527,406,35,175,0.266,0.347,18,7,7.25,7
"bernato01","Tony Bernazard","Tony","Bernazard","B","R",4378,3857,1038,85,469,0.269,0.348,17,35,17.25,16.55
"bernavi01","Victor Bernal","Victor","Bernal","R","R",1,0,0,0,1,NA,1,0,0,0.01,0.01
"bernawy01","Wynton Bernard","Wynton","Bernard","R","R",47,45,14,0,2,0.311,0.34,0,0,0.29,0.16
"bernead01","Adam Bernero","Adam","Bernero","R","R",105,95,26,2,10,0.274,0.343,0,0,0.56,0.54
"bernido01","Doug Bernier","Doug","Bernier","R","R",258,224,60,5,32,0.268,0.364,2,0,1.68,1.61
"berrada01","Dale Berra","Dale","Berra","R","R",2862,2576,643,58,247,0.25,0.315,12,27,9.5,8.58
"berrayo01","Yogi Berra","Yogi","Berra","L","R",8813,8106,2302,359,611,0.284,0.336,52,44,56.27,58.49
"berrijo01","José Berríos","Jose","Berrios","R","R",15,13,5,0,2,0.385,0.467,0,0,0,0.01
"berroan01","Angel Berroa","Angel","Berroa","R","R",2897,2647,682,42,181,0.258,0.317,54,15,5.53,6.14
"berroge01","Geronimo Berroa","Geronimo","Berroa","R","R",2661,2385,665,80,237,0.279,0.344,13,26,8.4,6.13
"berrych02","Charlie Berry","Charlie","Berry","R","R",1340,1273,296,28,66,0.233,0.271,1,0,1.59,-0.06
"berryda01","Damon Berryhill","Damon","Berryhill","B","R",1942,1818,419,38,100,0.23,0.27,6,18,0.43,2.38
"berryke01","Ken Berry","Ken","Berry","R","R",4798,4474,1147,52,277,0.256,0.303,30,17,8.21,5.85
"berryqu01","Quintin Berry","Quintin","Berry","L","L",496,440,123,9,48,0.28,0.359,7,1,2.85,3.19
"berryse01","Sean Berry","Sean","Berry","R","R",2561,2319,623,65,182,0.269,0.326,31,29,4.62,5.61
"bertedi01","Dick Bertell","Dick","Bertell","R","R",984,888,199,4,89,0.224,0.295,2,5,3.05,2.86
"bertijo01","Jon Berti","Jon","Berti","R","R",1989,1740,489,22,214,0.281,0.365,23,12,12.27,11.73
"bessehe01","Herman Besse","Herman","Besse","L","L",25,21,5,0,4,0.238,0.36,0,0,0.02,0.02
"betande01","Dellin Betances","Dellin","Betances","R","R",43,36,9,0,7,0.25,0.372,0,0,0.15,0.15
"betanra01","Rafael Betancourt","Rafael","Betancourt","R","R",81,66,19,0,15,0.288,0.42,0,0,0.54,0.52
"betanyu01","Yuniesky Betancourt","Yuniesky","Betancourt","R","R",4299,3970,1086,82,280,0.274,0.32,10,39,12.51,12.57
"betemwi01","Wilson Betemit","Wilson","Betemit","B","R",2586,2296,629,74,267,0.274,0.348,4,19,8.15,7.92
"bethach01","Christian Bethancourt","Christian","Bethancourt","R","R",1544,1440,383,34,91,0.266,0.311,6,7,5.58,6.02
"bettela01","Larry Bettencourt","Larry","Bettencourt","R","R",526,461,93,9,62,0.202,0.3,3,0,-1.63,-1.37
"bettial01","Alec Bettinger","Alec","Bettinger","R","R",20,18,6,0,2,0.333,0.4,0,0,0.02,0.02
"bettich01","Chad Bettis","Chad","Bettis","R","R",531,474,106,8,57,0.224,0.307,0,0,2.83,2.52
"bettsmo01","Mookie Betts","Mookie","Betts","R","R",6847,5898,1804,241,824,0.306,0.393,65,60,74.97,67.75
"bevacku01","Kurt Bevacqua","Kurt","Bevacqua","R","R",1612,1418,361,25,170,0.255,0.331,3,21,3.65,3.88
"biagijo01","Joe Biagini","Joe","Biagini","R","R",5,4,1,0,1,0.25,0.4,0,0,0.02,0.02
"biancbu01","Buddy Biancalana","Buddy","Biancalana","B","R",2,1,0,0,1,0,0.5,0,0,0.01,0.01
"biancje01","Jeff Bianchi","Jeff","Bianchi","R","R",548,501,131,9,42,0.261,0.318,1,4,2.57,0.53
"bibbyji01","Jim Bibby","Jim","Bibby","R","R",228,201,46,4,23,0.229,0.316,3,1,1.29,1.3
"bibenau01","Austin Bibens Dirkx","Austin","Bibens-Dirkx","R","R",34,30,9,1,4,0.3,0.382,0,0,0.1,0.12
"bichebo01","Bo Bichette","Bo","Bichette","R","R",2795,2579,791,72,185,0.307,0.356,18,13,20.89,18.86
"bicheda01","Dante Bichette","Dante","Bichette","R","R",6978,6566,1742,184,302,0.265,0.299,41,69,-0.84,4.77
"bickfph01","Phil Bickford","Phil","Bickford","R","R",56,50,15,1,6,0.3,0.375,0,0,0.71,0.55
"biddlje01","Jesse Biddle","Jesse","Biddle","L","L",53,47,14,1,6,0.298,0.377,0,0,0.79,0.86
"biddlro01","Rocky Biddle","Rocky","Biddle","R","R",2,1,0,0,1,0,0.5,0,0,0,0
"biebesh01","Shane Bieber","Shane","Bieber","R","R",51,45,13,1,6,0.289,0.373,0,0,0.15,0.14
"bielabr01","Brandon Bielak","Brandon","Bielak","L","R",0,0,0,0,0,NA,NA,0,0,0,0
"bierbni01","Nick Bierbrodt","Nick","Bierbrodt","L","L",25,21,7,0,4,0.333,0.44,0,0,0.4,0.44
"bigbeca01","Carson Bigbee","Carson","Bigbee","L","R",1185,1138,284,2,45,0.25,0.279,2,0,1.38,1.86
"bigbila01","Larry Bigbie","Larry","Bigbie","L","R",1189,1065,293,21,114,0.275,0.344,2,8,4.42,3.3
"biggica01","Cavan Biggio","Cavan","Biggio","L","R",2365,1969,517,48,344,0.263,0.381,40,12,12.89,11.46
"biggicr01","Craig Biggio","Craig","Biggio","R","R",12542,11002,3105,234,1174,0.282,0.364,285,81,68.04,66.36
"biittla01","Larry Biittner","Larry","Biittner","L","L",2531,2297,630,33,205,0.274,0.333,7,22,4.97,5.87
"bilarda01","Dann Bilardello","Dann","Bilardello","R","R",1014,932,213,18,75,0.229,0.287,3,4,1.64,1.97
"bilkost01","Steve Bilko","Steve","Bilko","R","R",2274,2021,468,70,236,0.232,0.311,3,14,2.2,4.2
"billibr02","Bruce Billings","Bruce","Billings","R","R",0,0,0,0,0,NA,NA,0,0,0,0
"billich01","Chad Billingsley","Chad","Billingsley","R","R",833,761,164,14,70,0.216,0.282,1,1,4.05,4.02
"billidi01","Dick Billings","Dick","Billings","R","R",59,52,10,0,7,0.192,0.288,0,0,-0.57,-0.48
"billija01","Jack Billingham","Jack","Billingham","R","R",643,599,119,5,43,0.199,0.252,0,1,-1.13,-1.17
"binksge01","George Binks","George","Binks","L","L",816,790,200,12,23,0.253,0.277,3,0,-0.31,-1.02
"birasst01","Steve Biras","Steve","Biras","R","R",2,1,0,0,1,0,0.5,0,0,0,0
"birddo01","Doug Bird","Doug","Bird","R","R",7,6,2,0,1,0.333,0.429,0,0,0.01,0.02
"birdgr01","Greg Bird","Greg","Bird","L","R",863,743,194,31,105,0.261,0.356,8,7,3.17,3.5
"birdky01","Kyle Bird","Kyle","Bird","L","L",1,0,0,0,1,NA,1,0,0,0.01,0.01
"birkbmi01","Mike Birkbeck","Mike","Birkbeck","R","R",1,0,0,0,1,NA,1,0,0,0,0
"birkiku01","Kurt Birkins","Kurt","Birkins","L","L",3,2,1,0,1,0.5,0.667,0,0,0.02,0.01
"birkora01","Ralph Birkofer","Ralph","Birkofer","L","L",12,11,4,0,1,0.364,0.417,0,0,0.01,0.01
"birreba01","Babe Birrer","Babe","Birrer","R","R",10,8,3,0,2,0.375,0.5,0,0,0.03,0.03
"bisenjo01","Joe Bisenius","Joe","Bisenius","R","R",6,4,1,0,2,0.25,0.5,0,0,0.04,0.03
"bishobr01","Braden Bishop","Braden","Bishop","R","R",209,190,42,2,18,0.221,0.292,1,0,0.99,-0.41
"bishoma01","Max Bishop","Max","Bishop","L","R",5416,4394,936,33,996,0.213,0.362,26,0,29.45,28.49
"bissode01","Del Bissonette","Del","Bissonette","L","L",2397,2179,583,74,212,0.268,0.334,6,0,3.73,3.17
"bittije01","Jeff Bittiger","Jeff","Bittiger","R","R",2,1,0,0,1,0,0.5,0,0,0.01,0.01
"bixlebr01","Brian Bixler","Brian","Bixler","R","R",582,529,123,8,49,0.233,0.302,4,0,1.92,1.91
"bjorkge01","George Bjorkman","George","Bjorkman","R","R",98,81,21,3,16,0.259,0.388,1,0,0.31,0.37
"blachty01","Ty Blach","Ty","Blach","R","L",255,229,56,4,25,0.245,0.318,0,1,1.96,2.02
"blackbu02","Bud Black","Buddy","Black","L","L",0,0,0,0,0,NA,NA,0,0,0,0
"blackch02","Charlie Blackmon","Charlie","Blackmon","L","L",7552,6710,1887,180,667,0.281,0.355,129,46,33.62,35.54
"blackew01","Ewell Blackwell","Ewell","Blackwell","R","R",622,603,127,1,19,0.211,0.235,0,0,-2.37,-2.07
"blackni01","Nick Blackburn","Nick","Blackburn","R","R",24,21,7,1,3,0.333,0.417,0,0,0.05,0.04
"blackpa01","Paul Blackburn","Paul","Blackburn","R","R",33,30,9,1,3,0.3,0.364,0,0,0.06,0.07
"blackra01","Ray Black","Ray","Black","R","R",19,17,4,0,2,0.235,0.316,0,0,0.08,0.09
"blackro01","Ron Blackburn","Ron","Blackburn","R","R",9,8,2,0,1,0.25,0.333,0,0,0.02,0.01
"blackti01","Tim Blackwell","Tim","Blackwell","B","R",1266,1085,266,15,171,0.245,0.348,4,6,4.56,5.04
"blacktr01","Travis Blackley","Travis","Blackley","L","L",58,51,15,2,7,0.294,0.379,0,0,0.36,0.36
"blackvi01","Vic Black","Vic","Black","R","R",19,16,5,0,3,0.312,0.421,0,0,0.12,0.11
"bladera01","Ray Blades","Ray","Blades","R","R",2856,2517,642,66,292,0.255,0.343,47,0,3.38,7.93
"bladtri01","Rick Bladt","Rick","Bladt","R","R",141,126,30,2,13,0.238,0.312,1,1,0.35,0.33
"blairaa01","Aaron Blair","Aaron","Blair","R","R",99,90,20,2,9,0.222,0.293,0,0,0.31,0.31
"blairbu01","Buddy Blair","Buddy","Blair","L","R",509,487,132,9,19,0.271,0.303,3,0,0.16,0.47
"blairpa01","Paul Blair","Paul","Blair","R","R",6207,5735,1511,137,405,0.263,0.312,19,48,39.98,35.82
"blakeca01","Casey Blake","Casey","Blake","R","R",5044,4430,1201,151,495,0.271,0.351,72,47,28.57,26.19
"blaloha01","Hank Blalock","Hank","Blalock","L","R",3795,3416,918,119,336,0.269,0.335,18,25,18.7,14.99
"blancan01","Andrés Blanco","Andres","Blanco","B","R",1822,1643,448,30,154,0.273,0.34,18,7,7.96,7.36
"blancda02","Dairon Blanco","Dairon","Blanco","R","R",203,180,50,3,17,0.278,0.355,5,1,2.23,2.59
"blancgr01","Grégor Blanco","Gregor","Blanco","L","L",3540,3063,846,48,447,0.276,0.369,15,15,17.11,17.36
"blancjo01","Johnny Blanchard","Johnny","Blanchard","L","R",815,746,180,37,59,0.241,0.301,6,4,0.73,1.57
"blandal01","Alex Blandino","Alex","Blandino","R","R",488,418,110,6,58,0.263,0.365,10,2,1.76,1.88
"blandna01","Nate Bland","Nate","Bland","L","L",6,5,1,0,1,0.2,0.333,0,0,0.01,0.01
"blankky01","Kyle Blanks","Kyle","Blanks","R","R",1262,1104,298,44,135,0.27,0.357,18,5,7.79,7.09
"blankla01","Larvell Blanks","Larvell","Blanks","R","R",1971,1789,465,32,157,0.26,0.317,3,22,6.42,4.1
"blankla02","Lance Blankenship","Lance","Blankenship","R","R",1017,830,196,6,171,0.236,0.372,11,5,5.91,5.35
"blankte01","Ted Blankenship","Ted","Blankenship","R","R",184,180,39,5,3,0.217,0.234,1,0,-1.22,-1.03
"blanktr01","Travis Blankenhorn","Travis","Blankenhorn","L","R",105,95,24,2,9,0.253,0.324,1,0,0.21,0.36
"blantcy01","Cy Blanton","Cy","Blanton","L","R",137,125,24,0,12,0.192,0.263,0,0,-0.44,-0.44
"blantjo01","Joe Blanton","Joe","Blanton","R","R",683,616,141,12,62,0.229,0.303,4,1,2.65,2.61
"blashja01","Jabari Blash","Jabari","Blash","R","R",502,426,107,11,70,0.251,0.361,4,2,1.64,1.58
"blasido01","Don Blasingame","Don","Blasingame","L","R",4761,4274,1104,14,465,0.258,0.332,13,9,16.37,10.03
"blasiwa01","Wade Blasingame","Wade","Blasingame","L","L",415,372,81,4,41,0.218,0.296,1,1,1.68,1.7
"blassst01","Steve Blass","Steve","Blass","R","R",704,672,147,5,29,0.219,0.25,0,3,1.09,0.54
"blatnjo01","Johnny Blatnik","Johnny","Blatnik","R","R",485,459,118,10,24,0.257,0.297,2,0,0.33,0.48
"blattbu01","Buddy Blattner","Buddy","Blattner","R","R",958,851,200,20,101,0.235,0.32,6,0,4.49,3.84
"blausje01","Jeff Blauser","Jeff","Blauser","R","R",5243,4568,1139,96,553,0.249,0.339,83,39,17.95,16.49
"blaylma01","Marv Blaylock","Marv","Blaylock","L","L",567,505,128,10,52,0.253,0.326,5,5,1.11,0.36
"blazemi01","Michael Blazek","Michael","Blazek","R","R",99,87,24,2,12,0.276,0.364,0,0,1.05,1.14
"bledajj01","JJ Bleday","JJ","Bleday","L","L",982,843,218,29,127,0.259,0.357,6,6,3.08,4.02
"blefacu01","Curt Blefary","Curt","Blefary","L","R",3298,2800,662,97,447,0.236,0.345,28,23,7.36,8.11
"bleicje01","Jeremy Bleich","Jeremy","Bleich","L","L",1,0,0,0,1,NA,1,0,0,0.01,0
"bleieri01","Richard Bleier","Richard","Bleier","L","L",44,36,10,1,8,0.278,0.409,0,0,0.83,0.68
"blevije01","Jerry Blevins","Jerry","Blevins","L","L",132,113,35,2,19,0.31,0.409,0,0,1.98,2.05
"blockcy01","Cy Block","Cy","Block","R","R",47,43,14,0,4,0.326,0.383,0,0,0.25,0.31
"blombro01","Ron Blomberg","Ron","Blomberg","L","R",1446,1292,404,55,138,0.313,0.378,5,11,10.13,8.96
"bloodji01","Jimmy Bloodworth","Jimmy","Bloodworth","R","R",3780,3617,810,86,147,0.224,0.257,16,0,-7.29,-4.3
"bloomwi01","Willie Bloomquist","Willie","Bloomquist","R","R",3639,3315,930,40,293,0.281,0.34,16,15,12.84,11.35
"blowemi01","Mike Blowers","Mike","Blowers","R","R",2291,2058,525,54,212,0.255,0.324,5,16,3.38,3.28
"bluegos01","Ossie Bluege","Ossie","Bluege","R","R",5312,4797,1037,50,470,0.216,0.292,45,0,10.37,8.94
"bluelu01","Lu Blue","Lu","Blue","B","L",6371,5418,1193,22,915,0.22,0.337,38,0,19.38,12.96
"bluevi01","Vida Blue","Vida","Blue","B","L",637,578,117,8,55,0.202,0.275,3,1,0.35,0.17
"blumge01","Geoff Blum","Geoff","Blum","B","R",4277,3852,982,75,352,0.255,0.32,33,40,10.26,11.1
"bobbra01","Randy Bobb","Randy","Bobb","R","R",10,9,2,0,1,0.222,0.3,0,0,0.01,0.01
"bocachi01","Hiram Bocachica","Hiram","Bocachica","R","R",955,870,210,20,81,0.241,0.307,2,2,0.4,-0.7
"boccajo01","John Boccabella","John","Boccabella","R","R",1829,1688,402,28,121,0.238,0.289,5,15,0.13,-0.31
"bochtbr01","Bruce Bochte","Bruce","Bochte","L","L",6119,5347,1554,122,708,0.291,0.372,13,51,25.64,24.11
"bochybr01","Bruce Bochy","Bruce","Bochy","R","R",867,784,205,24,75,0.261,0.325,2,6,2.67,2.88
"bochybr02","Brett Bochy","Brett","Bochy","R","R",3,2,1,0,1,0.5,0.667,0,0,0.02,0.02
"bockmed01","Eddie Bockman","Eddie","Bockman","R","R",509,471,96,12,37,0.204,0.263,1,0,-0.09,-0.21
"bockura01","Randy Bockus","Randy","Bockus","L","R",1,0,0,0,1,NA,1,0,0,0,0
"bococbr01","Brian Bocock","Brian","Bocock","R","R",156,135,25,1,21,0.185,0.295,0,0,-1.2,0.21
"boddimi01","Mike Boddicker","Mike","Boddicker","R","R",0,0,0,0,0,NA,NA,0,0,0,0
"boescbr01","Brennan Boesch","Brennan","Boesch","L","L",1938,1749,476,52,162,0.272,0.337,16,11,5.5,6.27
"boevejo01","Joe Boever","Joe","Boever","R","R",2,1,0,0,1,0,0.5,0,0,0.01,0.01
"bogaexa01","Xander Bogaerts","Xander","Bogaerts","R","R",7023,6192,1832,169,692,0.296,0.37,71,68,49.3,51.85
"bogente01","Terry Bogener","Terry","Bogener","L","L",70,62,16,1,6,0.258,0.343,2,0,0.06,0.08
"boggsbr01","Brandon Boggs","Brandon","Boggs","B","R",515,445,107,12,64,0.24,0.338,3,3,0.96,1.33
"boggsmi01","Mitchell Boggs","Mitchell","Boggs","R","R",192,173,39,4,19,0.225,0.302,0,0,2.02,1.98
"boggsto01","Tommy Boggs","Tommy","Boggs","R","R",153,140,32,3,12,0.229,0.288,0,1,0.33,0.49
"boggswa01","Wade Boggs","Wade","Boggs","L","R",10884,9335,2956,107,1430,0.317,0.405,23,96,92.5,87.8
"bogusbr01","Brian Bogusevic","Brian","Bogusevic","L","L",1086,961,262,24,113,0.273,0.354,9,3,6.07,6.35
"bohanbr01","Brian Bohanon","Brian","Bohanon","L","L",308,292,67,1,15,0.229,0.266,0,1,0.92,1.46
"bohmal01","Alec Bohm","Alec","Bohm","R","R",2774,2486,746,45,216,0.3,0.357,28,44,8.71,11.5
"bohntj01","T J  Bohn","T. J.","Bohn","R","R",106,94,26,3,12,0.277,0.358,0,0,0.95,0.8
"boiscbr01","Bruce Boisclair","Bruce","Boisclair","L","L",1026,916,258,17,99,0.282,0.35,2,9,3.07,2.56
"bolanro01","Ronald Bolaños","Ronald","Bolanos","R","R",53,48,12,1,5,0.25,0.321,0,0,0.18,0.13
"boleyjo01","Joe Boley","Joe","Boley","R","R",899,861,189,2,34,0.22,0.253,4,0,-0.58,-0.43
"bolinbo01","Bobby Bolin","Bobby","Bolin","R","R",571,517,108,8,51,0.209,0.284,3,0,1.74,1.02
"bollifr01","Frank Bolling","Frank","Bolling","R","R",5890,5421,1382,60,404,0.255,0.308,30,35,17.07,15.63
"bollimi01","Milt Bolling","Milt","Bolling","R","R",830,760,172,9,60,0.226,0.288,7,3,3.44,1.75
"bollwdo01","Don Bollweg","Don","Bollweg","L","L",546,485,119,11,56,0.245,0.328,4,1,1.43,0.95
"bolsimi01","Mike Bolsinger","Mike","Bolsinger","R","R",224,207,46,3,17,0.222,0.281,0,0,0.71,0.66
"boltocl01","Cliff Bolton","Cliff","Bolton","L","R",1041,933,245,9,105,0.263,0.339,3,0,3.11,2.81
"boltsk01","Skye Bolt","Skye","Bolt","B","R",304,275,60,6,23,0.218,0.286,4,2,0.34,0.8
"bombama01","Mark Bomback","Mark","Bomback","R","R",39,33,8,0,4,0.242,0.359,2,0,0.59,0.54
"bondeje01","Jeremy Bonderman","Jeremy","Bonderman","R","R",103,93,22,2,10,0.237,0.311,0,0,0.02,0.03
"bondsba01","Barry Bonds","Barry","Bonds","L","L",12740,10170,3054,651,2373,0.3,0.434,106,91,154.71,145.57
"bondsbo01","Bobby Bonds","Bobby","Bonds","R","R",8210,7155,1981,351,938,0.277,0.362,53,64,58.25,57.57
"bondwa01","Walt Bond","Walt","Bond","L","R",1444,1301,345,44,116,0.265,0.331,17,10,1.16,0.0800000000000001
"bonesri01","Ricky Bones","Ricky","Bones","R","R",0,0,0,0,0,NA,NA,0,0,0,0
"bongju01","Jung Bong","Jung","Bong","L","L",13,11,4,0,2,0.364,0.462,0,0,0,0
"bonhabi01","Bill Bonham","Bill","Bonham","R","R",467,433,95,5,32,0.219,0.274,1,1,1.48,1.14
"bonhati01","Tiny Bonham","Tiny","Bonham","R","R",449,437,85,0,11,0.195,0.216,1,0,-2.78,-2.39
"bonifem01","Emilio Bonifácio","Emilio","Bonifacio","B","R",3254,2924,804,39,304,0.275,0.343,7,19,13.3,13.54
"bonifjo01","Jorge Bonifacio","Jorge","Bonifacio","R","R",951,843,226,22,98,0.268,0.347,6,4,3.27,3.96
"bonilbo01","Bobby Bonilla","Bobby","Bonilla","B","R",7875,6917,1970,249,839,0.285,0.36,25,94,33.02,35.26
"bonilju01","Juan Bonilla","Juan","Bonilla","R","R",1409,1278,352,15,118,0.275,0.338,6,7,4.57,4.05
"bonilli01","Lisalverto Bonilla","Lisalverto","Bonilla","B","R",56,49,13,1,6,0.265,0.357,1,0,0.38,0.36
"bonined01","Eddie Bonine","Eddie","Bonine","R","R",19,17,4,0,2,0.235,0.316,0,0,0.01,0.01
"bonneba01","Barry Bonnell","Barry","Bonnell","R","R",3317,3022,817,64,267,0.27,0.331,13,15,7.56,8.49
"bonnebo01","Bobby Bonner","Bobby","Bonner","R","R",121,109,25,2,10,0.229,0.289,0,2,0.24,0.25
"bonsebo01","Boof Bonser","Boof","Bonser","R","R",29,26,7,1,3,0.269,0.345,0,0,0.12,0.04
"bonurze01","Zeke Bonura","Zeke","Bonura","R","R",3959,3572,1002,133,370,0.281,0.351,17,0,18.93,20.18
"bookech01","Chris Booker","Chris","Booker","R","R",10,7,1,0,3,0.143,0.4,0,0,0.06,0.06
"bookegr01","Greg Booker","Greg","Booker","R","R",9,6,2,0,3,0.333,0.556,0,0,0.05,0.04
"bookero01","Rod Booker","Rod","Booker","L","R",58,51,15,0,7,0.294,0.379,0,0,-0.02,0.11
"booneaa01","Aaron Boone","Aaron","Boone","R","R",4298,3868,1010,93,314,0.261,0.327,80,36,17.92,15.27
"boonebo01","Bob Boone","Bob","Boone","R","R",8071,7250,1910,120,723,0.263,0.329,20,78,33.71,37.52
"boonebr01","Bret Boone","Bret","Boone","R","R",7268,6630,1733,186,497,0.261,0.316,68,73,17.74,18.73
"booneda02","Danny Boone","Danny","Boone","L","L",10,8,2,0,2,0.25,0.4,0,0,0.08,0.07
"booneik01","Ike Boone","Ike","Boone","L","R",1140,1036,287,40,102,0.277,0.343,2,0,3.31,0.78
"boonera01","Ray Boone","Ray","Boone","R","R",5592,4961,1317,117,576,0.265,0.343,27,28,19.96,21.67
"bootcch01","Chris Bootcheck","Chris","Bootcheck","R","R",23,20,5,1,3,0.25,0.348,0,0,0.33,0.35
"bootyjo01","Josh Booty","Josh","Booty","R","R",2,1,0,0,1,0,0.5,0,0,0,0
"boozejo01","John Boozer","John","Boozer","R","R",56,50,14,0,6,0.28,0.357,0,0,0.12,0.13
"borboju01","Julio Borbon","Julio","Borbon","L","L",1083,983,274,17,93,0.279,0.343,5,2,5.33,4.89
"borbope01","Pedro Borbon","Pedro","Borbon","R","R",139,127,37,0,12,0.291,0.353,0,0,1.69,1.81
"borchjo01","Joe Borchard","Joe","Borchard","B","R",592,521,122,15,66,0.234,0.326,5,0,1.43,2.08
"bordafr01","Frenchy Bordagaray","Frenchy","Bordagaray","R","R",921,889,235,5,27,0.264,0.29,5,0,-1.58,-0.88
"bordepa01","Pat Borders","Pat","Borders","R","R",3835,3636,901,60,168,0.248,0.282,12,19,-0.31,1.47
"bordimi01","Mike Bordick","Mike","Bordick","R","R",6248,5689,1437,49,446,0.253,0.311,60,53,23.68,18.83
"bordiri01","Rich Bordi","Rich","Bordi","R","R",3,2,0,0,1,0,0.333,0,0,0,0
"bordlbi01","Bill Bordley","Bill","Bordley","R","L",6,5,1,0,1,0.2,0.333,0,0,0.01,0.01
"borgmgl01","Glenn Borgmann","Glenn","Borgmann","R","R",1603,1382,340,25,200,0.246,0.339,3,18,6.77,7.1
"borkfr01","Frank Bork","Frank","Bork","R","L",7,6,2,0,1,0.333,0.429,0,0,0.01,0.01
"borkoda01","Dave Borkowski","Dave","Borkowski","R","R",78,69,20,2,9,0.29,0.372,0,0,1.07,0.94
"borosst01","Steve Boros","Steve","Boros","R","R",441,385,99,1,52,0.257,0.347,2,2,1.84,1.43
"borowha01","Hank Borowy","Hank","Borowy","R","R",140,129,27,0,11,0.209,0.271,0,0,0.47,0.39
"borowjo01","Joe Borowski","Joe","Borowski","R","R",35,30,9,0,5,0.3,0.4,0,0,0.14,0.15
"bortoba01","Babe Borton","Babe","Borton","L","L",501,454,110,0,45,0.242,0.313,2,0,-1.2,-1.12
"borucry01","Ryan Borucki","Ryan","Borucki","L","L",3,2,1,0,1,0.5,0.667,0,0,0.02,0.01
"boscajc01","J C  Boscan","J. C.","Boscan","R","R",177,159,44,3,17,0.277,0.35,1,0,0.75,0.82
"boscawi01","Wilfredo Boscan","Wilfredo","Boscan","R","R",36,32,9,1,4,0.281,0.361,0,0,0.28,0.22
"bosetri01","Rick Bosetti","Rick","Bosetti","R","R",1625,1504,377,26,102,0.251,0.3,9,10,4.16,1.76
"boshebu01","Buddy Boshers","Buddy","Boshers","L","L",1,0,0,0,1,NA,1,0,0,0.01,0.01
"boskish01","Shawn Boskie","Shawn","Boskie","R","R",122,113,25,1,9,0.221,0.279,0,0,0.62,0.7
"bosleth01","Thad Bosley","Thad","Bosley","L","L",1583,1427,400,24,144,0.28,0.344,1,11,5.75,5.7
"bosmadi01","Dick Bosman","Dick","Bosman","R","R",22,20,4,0,2,0.2,0.273,0,0,0.09,0.05
"bostiak01","Akeem Bostick","Akeem","Bostick","R","R",0,0,0,0,0,NA,NA,0,0,0,0
"bostich01","Christopher Bostick","Christopher","Bostick","R","R",164,143,39,2,20,0.273,0.366,1,0,0.78,0.93
"bostoda01","Daryl Boston","Daryl","Boston","L","L",2419,2191,571,68,211,0.261,0.325,5,12,5.08,5.61
"bostoly01","Lyman Bostock","Lyman","Bostock","L","R",2217,2000,624,35,188,0.312,0.37,9,20,14.44,12.69
"bosweda01","Dave Boswell","Dave","Boswell","R","R",476,465,97,3,6,0.209,0.225,4,1,0.33,0.08
"bosweke01","Ken Boswell","Ken","Boswell","L","R",3100,2796,740,42,270,0.265,0.329,9,25,8.11,9.13
"boteda01","David Bote","David","Bote","R","R",1394,1206,326,35,151,0.27,0.361,26,11,9.32,7.58
"botelde01","Derek Botelho","Derek","Botelho","R","R",16,14,3,0,2,0.214,0.312,0,0,0.01,0
"bottari01","Ricky Bottalico","Ricky","Bottalico","L","R",29,25,6,0,4,0.24,0.345,0,0,0.07,0.08
"botteke01","Kent Bottenfield","Kent","Bottenfield","R","R",73,67,16,0,5,0.239,0.301,1,0,-0.06,0.02
"bottoji01","Jim Bottomley","Jim","Bottomley","L","L",6925,6433,1715,262,456,0.267,0.319,36,0,18.92,23.71
"bottsja01","Jason Botts","Jason","Botts","B","R",515,447,112,9,62,0.251,0.344,3,3,1.6,1.87
"bouchde01","Denis Boucher","Denis","Boucher","R","L",7,6,2,0,1,0.333,0.429,0,0,0,0
"bouched01","Ed Bouchee","Ed","Bouchee","L","L",2809,2403,630,57,361,0.262,0.362,27,18,8.47,7.85
"bouchse01","Sean Bouchard","Sean","Bouchard","R","R",192,148,39,6,34,0.264,0.401,4,6,1.59,1.35
"boudrlo01","Lou Boudreau","Lou","Boudreau","R","R",7124,6388,1859,83,702,0.291,0.364,34,0,58.74,56.61
"bourgja01","Jason Bourgeois","Jason","Bourgeois","R","R",1115,1013,278,18,101,0.274,0.341,1,0,5.34,4.94
"bourgst01","Steve Bourgeois","Steve","Bourgeois","R","R",19,17,4,0,2,0.235,0.316,0,0,0.02,0.02
"bourjch01","Chris Bourjos","Chris","Bourjos","R","R",21,19,5,1,2,0.263,0.333,0,0,0.18,0.08
"bourjpe01","Peter Bourjos","Peter","Bourjos","R","R",2678,2408,646,55,223,0.268,0.338,36,11,17.44,15.1
"bourju01","Justin Bour","Justin","Bour","L","R",2098,1817,502,91,263,0.276,0.367,6,12,9.04,9.43
"bournmi01","Michael Bourn","Michael","Bourn","L","R",5409,4818,1339,68,549,0.278,0.353,19,23,30.82,28.87
"bournra01","Rafael Bournigal","Rafael","Bournigal","R","R",18,17,7,0,1,0.412,0.444,0,0,0.02,0.02
"bourqja01","James Bourque","James","Bourque","R","R",0,0,0,0,0,NA,NA,0,0,0,0
"bourqpa01","Pat Bourque","Pat","Bourque","L","L",473,407,98,11,59,0.241,0.336,2,5,1.4,1.42
"boutoji01","Jim Bouton","Jim","Bouton","R","R",62,56,15,0,5,0.268,0.339,1,0,0.00999999999999998,0.06
"bowala01","Larry Bowa","Larry","Bowa","B","R",8404,7816,2090,54,532,0.267,0.314,17,39,31.3,25.4
"bowdebe01","Ben Bowden","Ben","Bowden","L","L",12,10,3,0,2,0.3,0.417,0,0,0.06,0.05
"bowdemi01","Michael Bowden","Michael","Bowden","R","R",38,34,10,1,4,0.294,0.368,0,0,0.55,0.53
"bowenro01","Rob Bowen","Rob","Bowen","B","R",564,490,118,11,68,0.241,0.335,3,3,2.09,2.41
"bowenry01","Ryan Bowen","Ryan","Bowen","R","R",30,26,7,0,4,0.269,0.367,0,0,0.14,0.19
"bowensa01","Sam Bowens","Sam","Bowens","R","R",816,766,181,23,39,0.236,0.275,4,7,-0.18,0.22
"bowensa02","Sam Bowen","Sam","Bowen","R","R",2,1,0,0,1,0,0.5,0,0,0.01,0
"bowerbr01","Brent Bowers","Brent","Bowers","L","R",51,50,15,0,1,0.3,0.314,0,0,0.23,0.14
"bowerce01","Cedrick Bowers","Cedrick","Bowers","B","L",12,10,3,0,2,0.3,0.417,0,0,0.03,0.02
"bowiemi01","Micah Bowie","Micah","Bowie","L","L",109,98,23,1,11,0.235,0.312,0,0,0.34,0.41
"bowkejo01","John Bowker","John","Bowker","L","L",771,698,181,21,64,0.259,0.323,4,5,2.11,2.09
"bowlist01","Steve Bowling","Steve","Bowling","R","R",284,240,52,3,42,0.217,0.331,0,2,0.26,0.37
"bowmabo02","Bob Bowman","Bob","Bowman","R","R",684,613,162,18,60,0.264,0.333,6,5,0.04,0.0799999999999998
"bowmajo01","Joe Bowman","Joe","Bowman","L","R",528,485,119,2,41,0.245,0.307,2,0,2.6,1.68
"bowmama01","Matt Bowman","Matthew","Bowman","R","R",95,84,23,3,11,0.274,0.358,0,0,2.48,2.48
"bowmaro01","Roger Bowman","Roger","Bowman","R","L",1,0,0,0,1,NA,1,0,0,0,0
"boxbebr01","Brad Boxberger","Brad","Boxberger","R","R",105,91,30,1,14,0.33,0.419,0,0,0.67,0.65
"boydbo01","Bob Boyd","Bob","Boyd","L","L",2184,2024,597,11,144,0.295,0.342,7,9,4.51,3.46
"boydma01","Matthew Boyd","Matt","Boyd","L","L",1,0,0,0,1,NA,1,0,0,0.01,0.01
"boyerbl01","Blaine Boyer","Blaine","Boyer","R","R",147,127,33,4,20,0.26,0.361,0,0,2.98,2.99
"boyercl02","Clete Boyer","Clete","Boyer","R","R",6217,5738,1372,132,403,0.239,0.289,24,52,25.49,26.76
"boyerke01","Ken Boyer","Ken","Boyer","R","R",8412,7602,2134,236,727,0.281,0.342,20,63,59,50.96
"boylado01","Doe Boyland","Doe","Boyland","L","L",9,8,2,0,1,0.25,0.333,0,0,0,0.01
"boylebu01","Buzz Boyle","Buzz","Boyle","L","L",1026,929,245,13,94,0.264,0.333,3,0,3.76,3.6
"brachbr01","Brad Brach","Brad","Brach","R","R",143,124,33,2,19,0.266,0.364,0,0,1.36,1.27
"brachsi01","Silvino Bracho","Silvino","Bracho","R","R",49,43,12,1,6,0.279,0.367,0,0,0.18,0.19
"brackgi01","Gibby Brack","Gibby","Brack","R","R",1097,1017,257,21,79,0.253,0.307,1,0,0.46,0.81
"braddza01","Zach Braddock","Zach","Braddock","L","L",17,15,5,0,2,0.333,0.412,0,0,0.11,0.11
"bradeda01","Dallas Braden","Dallas","Braden","L","L",32,29,7,1,3,0.241,0.312,0,0,0.07,0.05
"bradfch01","Chad Bradford","Chad","Bradford","R","R",31,25,7,0,6,0.28,0.419,0,0,0.15,0.14
"bradfch02","Chasen Bradford","Chase","Bradford","R","R",19,17,5,0,2,0.294,0.368,0,0,0.05,0.05
"bradfla01","Larry Bradford","Larry","Bradford","R","L",6,3,0,0,3,0,0.5,0,0,0.09,0.09
"bradlar01","Archie Bradley","Archie","Bradley","R","R",284,258,61,5,25,0.236,0.303,0,1,2.9,2.74
"bradlbi01","Bill Bradley","Bill","Bradley","R","R",3451,3281,792,77,130,0.241,0.279,40,0,15.81,15.06
"bradlbo01","Bobby Bradley","Bobby","Bradley","L","R",446,395,101,16,42,0.256,0.334,6,3,0.61,-0.21
"bradlja02","Jackie Bradley Jr","Jackie","Bradley","L","R",4646,4073,1054,103,487,0.259,0.345,64,22,27.29,24
"bradlje01","Jed Bradley","Jed","Bradley","L","L",6,5,1,0,1,0.2,0.333,0,0,0.03,0.03
"bradlma01","Mark Bradley","Mark","Bradley","R","R",7,6,2,0,1,0.333,0.429,0,0,0.01,0.01
"bradlmi01","Milton Bradley","Milton","Bradley","B","R",3782,3238,924,107,484,0.285,0.383,42,18,22.26,23.73
"bradlph01","Phil Bradley","Phil","Bradley","R","R",4227,3690,1066,70,451,0.289,0.374,65,21,20.02,17.77
"bradlsc01","Scott Bradley","Scott","Bradley","L","R",1018,948,258,11,52,0.272,0.314,10,8,1.63,1.38
"bradlto01","Tom Bradley","Tom","Bradley","R","R",128,118,25,2,10,0.212,0.273,0,0,0.13,0.2
"bradybr01","Brian Brady","Brian","Brady","L","L",2,1,0,0,1,0,0.5,0,0,0,0
"braggda01","Darren Bragg","Darren","Bragg","L","R",2985,2636,616,24,303,0.234,0.316,25,21,8.96,8.83
"bragggl01","Glenn Braggs","Glenn","Braggs","R","R",2373,2120,554,60,204,0.261,0.329,23,26,6.69,7.68
"brainda01","Dave Brain","Dave","Brain","R","R",632,597,128,25,30,0.214,0.258,5,0,2.66,2.11
"brameer01","Erv Brame","Erv","Brame","L","R",491,487,120,13,3,0.246,0.253,1,0,1.06,1.66
"brancra01","Ralph Branca","Ralph","Branca","R","R",209,195,42,2,14,0.215,0.268,0,0,-1.02,-1.02
"branded01","Ed Brandt","Ed","Brandt","L","L",874,830,177,0,44,0.213,0.253,0,0,0.25,-0.07
"brandja01","Jackie Brandt","Jackie","Brandt","R","R",4391,4026,1038,96,325,0.258,0.313,12,28,9.02,10.87
"brandro01","Ron Brand","Ron","Brand","R","R",1736,1579,403,6,136,0.255,0.319,14,7,0.14,0.01
"bransje01","Jeff Branson","Jeff","Branson","L","R",894,805,193,22,77,0.24,0.305,3,9,1.79,2.11
"brantje01","Jeff Brantley","Jeff","Brantley","R","R",44,39,9,0,5,0.231,0.318,0,0,-0.15,-0.13
"brantmi01","Mickey Brantley","Mickey","Brantley","R","R",1107,1038,276,21,59,0.266,0.304,2,8,2.02,1.75
"brantmi02","Michael Brantley","Michael","Brantley","L","L",6627,5901,1815,131,639,0.308,0.376,38,49,44.73,39.16
"brantro01","Rob Brantly","Rob","Brantly","L","R",630,558,152,13,64,0.272,0.349,4,4,-0.15,-1.09
"branyru01","Russell Branyan","Russell","Branyan","L","R",3634,3131,769,181,447,0.246,0.343,29,27,15.77,16.78
"brashma01","Matt Brash","Matt","Brash","R","R",2,1,0,0,1,0,0.5,0,0,0.01,0.01
"brasiry01","Ryan Brasier","Ryan","Brasier","R","R",3,2,1,0,1,0.5,0.667,0,0,0.02,0.02
"braulst01","Steven Brault","Steven","Brault","L","L",373,343,96,6,30,0.28,0.338,0,0,3.12,3.24
"braunry02","Ryan Braun","Ryan","Braun","R","R",7484,6645,2030,293,718,0.305,0.377,77,44,55.19,50.5
"braunst01","Steve Braun","Steve","Braun","L","R",4432,3794,1039,66,596,0.274,0.373,17,25,21.59,20.03
"bravoan01","Angel Bravo","Angel","Bravo","L","L",228,216,60,0,11,0.278,0.316,1,0,0.14,0.45
"braybi01","Bill Bray","Bill","Bray","L","L",58,50,16,0,8,0.32,0.414,0,0,0.35,0.36
"brazecr01","Craig Brazell","Craig","Brazell","L","R",79,74,20,2,5,0.27,0.316,0,0,0.14,0.15
"brazede01","Dewon Brazelton","Dewon","Brazelton","R","R",50,45,13,1,5,0.289,0.36,0,0,0.29,0.33
"brazlal01","Al Brazle","Al","Brazle","L","L",369,363,72,0,6,0.198,0.211,0,0,-3.63,-3.38
"brazoyh01","Yhency Brazoban","Yhency","Brazoban","R","R",50,41,12,1,9,0.293,0.42,0,0,0.62,0.57
"breamsi01","Sid Bream","Sid","Bream","L","L",3593,3186,852,85,364,0.267,0.34,5,38,10.21,13.62
"breazji01","Jim Breazeale","Jim","Breazeale","L","R",3,2,0,0,1,0,0.333,0,0,0,0
"brebbjo01","John Brebbia","John","Brebbia","L","R",106,93,28,3,13,0.301,0.387,0,0,1.85,1.85
"brechha01","Harry Brecheen","Harry","Brecheen","L","L",502,474,103,2,26,0.217,0.261,2,0,1.01,1.03
"breedha01","Hal Breeden","Hal","Breeden","R","L",653,581,152,21,67,0.262,0.338,2,3,2.74,2.95
"breedma01","Marv Breeding","Marv","Breeding","R","R",904,873,213,1,23,0.244,0.264,3,5,0.11,0.0899999999999999
"bregmal01","Alex Bregman","Alex","Bregman","R","R",5154,4342,1271,158,683,0.293,0.394,77,52,44.42,40.77
"breinfr01","Fred Breining","Fred","Breining","R","R",121,108,23,1,13,0.213,0.298,0,0,0.69,0.92
"brenlbo01","Bob Brenly","Bob","Brenly","R","R",2864,2508,661,85,316,0.264,0.347,17,23,14.42,14.49
"brennbr01","Brandon Brennan","Brandon","Brennan","R","R",4,3,1,0,1,0.333,0.5,0,0,0.02,0.02
"brennwi01","William Brennan","William","Brennan","R","R",2,1,0,0,1,0,0.5,0,0,0,0
"brennwi02","Will Brennan","Will","Brennan","L","L",895,827,243,8,48,0.294,0.342,15,5,2.67,3.11
"brentbr01","Bryce Brentz","Bryce","Brentz","R","R",214,197,58,4,17,0.294,0.35,0,0,0.9,0.69
"brentja01","Jake Brentz","Jake","Brentz","L","L",21,18,6,0,3,0.333,0.429,0,0,0.31,0.24
"breslcr01","Craig Breslow","Craig","Breslow","L","L",83,69,18,1,14,0.261,0.386,0,0,0.83,0.76
"bresnro01","Roger Bresnahan","Roger","Bresnahan","R","R",4039,3433,814,27,548,0.237,0.352,58,0,23.73,14.42
"bressed01","Eddie Bressoud","Eddie","Bressoud","R","R",4215,3821,936,78,358,0.245,0.31,11,25,13.54,11.72
"bressru01","Rube Bressler","Rube","Bressler","R","L",4173,3777,994,41,372,0.263,0.333,24,0,-0.85,1.83
"brettge01","George Brett","George","Brett","L","R",10487,9257,2844,354,1100,0.307,0.378,24,106,88.31,83.56
"brettke01","Ken Brett","Ken","Brett","L","L",398,368,102,10,27,0.277,0.327,1,2,3.49,3.58
"brettry01","Ryan Brett","Ryan","Brett","B","R",46,40,12,1,6,0.3,0.391,0,0,0.29,0.28
"brewech01","Charles Brewer","Charles","Brewer","R","R",4,3,1,0,1,0.333,0.5,0,0,0.03,0.02
"breweco01","Colten Brewer","Colten","Brewer","R","R",9,7,3,0,2,0.429,0.556,0,0,0.04,0.05
"breweji01","Jim Brewer","Jim","Brewer","L","L",193,171,43,0,21,0.251,0.337,1,0,-0.27,-0.28
"brewero01","Rod Brewer","Rod","Brewer","L","L",299,269,76,1,25,0.283,0.344,2,3,-0.83,-0.3
"breweto01","Tom Brewer","Tom","Brewer","R","R",498,483,107,0,13,0.222,0.243,1,1,0.37,-0.56
"brewija01","Jamie Brewington","Jamie","Brewington","R","R",29,28,6,0,1,0.214,0.241,0,0,-0.01,0.08
"briceau01","Austin Brice","Austin","Brice","R","R",83,73,20,1,10,0.274,0.361,0,0,1,0.99
"bricejo01","José Briceño","Jose","Briceno","R","R",205,185,50,6,18,0.27,0.341,2,0,1.13,1.06
"brideji01","Jim Brideweser","Jim","Brideweser","R","R",894,817,195,0,74,0.239,0.303,2,1,-1.22,-1.66
"bridejo01","Jonah Bride","Jonah","Bride","R","R",481,390,101,7,59,0.259,0.372,19,13,1.1,1.14
"bridgma01","Marshall Bridges","Marshall","Bridges","B","L",34,32,8,1,2,0.25,0.294,0,0,0.17,0.19
"bridgro01","Rocky Bridges","Rocky","Bridges","R","R",1772,1638,393,4,115,0.24,0.29,6,13,0.18,0.35
"bridgto01","Tommy Bridges","Tommy","Bridges","R","R",943,900,173,0,43,0.192,0.229,0,0,-3.52,-2.81
"bridwpa01","Parker Bridwell","Parker","Bridwell","R","R",1,0,0,0,1,NA,1,0,0,0.01,0.01
"briggda01","Dan Briggs","Dan","Briggs","L","L",317,282,66,10,27,0.234,0.309,5,3,0.49,0.83
"briggjo01","John Briggs","John","Briggs","R","R",50,48,12,0,2,0.25,0.28,0,0,0.2,0.29
"briggjo02","John Briggs","John","Briggs","L","L",5185,4453,1174,162,697,0.264,0.362,5,30,25.25,23.33
"brighja01","Jake Brigham","Jake","Brigham","R","R",30,27,7,1,3,0.259,0.333,0,0,0.34,0.38
"brighje01","Jeff Brigham","Jeff","Brigham","R","R",72,64,19,2,8,0.297,0.375,0,0,0.82,0.84
"brignre01","Reid Brignac","Reid","Brignac","B","R",1397,1271,332,25,120,0.261,0.326,4,2,5.43,5.33
"brilegr01","Greg Briley","Greg","Briley","L","R",1309,1178,306,21,112,0.26,0.324,6,13,1.87,1.57
"brilene01","Nelson Briles","Nelson","Briles","R","R",617,574,122,5,38,0.213,0.263,2,3,0.54,0.37
"brinked01","Ed Brinkman","Ed","Brinkman","R","R",5015,4640,1057,36,313,0.228,0.279,30,32,10.32,7.44
"brinsle01","Lewis Brinson","Lewis","Brinson","R","R",1313,1197,287,29,100,0.24,0.304,12,4,1.67,1.58
"brisslo01","Lou Brissie","Lou","Brissie","L","L",337,330,74,0,7,0.224,0.24,0,0,-0.58,-0.47
"britoeu01","Eude Brito","Eude","Brito","L","L",47,43,11,1,4,0.256,0.319,0,0,0.16,0.16
"britojh01","Jhony Brito","Jhony","Brito","R","R",5,4,1,0,1,0.25,0.4,0,0,0.01,0.01
"britoso01","Sócrates Brito","Socrates","Brito","L","L",463,423,106,10,39,0.251,0.313,0,1,1.15,1.01
"brittch01","Chris Britton","Chris","Britton","R","R",4,3,1,0,1,0.333,0.5,0,0,0.02,0.02
"brittdr01","Drake Britton","Drake","Britton","L","L",2,1,0,0,1,0,0.5,0,0,0.01,0.01
"brittza01","Zack Britton","Zack","Britton","L","L",75,64,23,2,11,0.359,0.453,0,0,0.56,0.58
"broadla01","Lance Broadway","Lance","Broadway","R","R",6,5,1,0,1,0.2,0.333,0,0,0.03,0.03
"broadmi01","Mike Broadway","Mike","Broadway","R","R",26,23,7,0,3,0.304,0.385,0,0,0.07,0.07
"brocado01","Doug Brocail","Doug","Brocail","L","R",142,128,32,1,14,0.25,0.324,0,0,0.61,0.54
"brockch01","Chris Brock","Chris","Brock","R","R",90,84,18,1,6,0.214,0.267,0,0,0.29,0.3
"brockgr01","Greg Brock","Greg","Brock","L","R",3729,3238,835,116,447,0.258,0.348,15,29,11.92,13.26
"brocklo01","Lou Brock","Lou","Brock","L","L",10688,9852,2924,157,749,0.297,0.348,46,41,47,45.95
"brodebr01","Brian Broderick","Brian","Broderick","R","R",6,5,1,0,1,0.2,0.333,0,0,0.03,0.03
"brododi01","Dick Brodowski","Dick","Brodowski","R","R",17,15,5,0,2,0.333,0.412,0,0,0.03,0.03
"brogdco01","Connor Brogdon","Connor","Brogdon","R","R",13,11,4,0,2,0.364,0.462,0,0,0.07,0.06
"brogler01","Ernie Broglio","Ernie","Broglio","R","R",567,534,110,1,31,0.206,0.249,0,2,0.17,-0.37
"brognri01","Rico Brogna","Rico","Brogna","L","L",970,900,244,30,62,0.271,0.318,2,6,2.8,3.46
"brohaja01","Jack Brohamer","Jack","Brohamer","L","R",2820,2544,646,39,239,0.254,0.317,8,29,8.4,6.75
"brohatr01","Troy Brohawn","Troy","Brohawn","L","L",16,14,4,0,2,0.286,0.375,0,0,0.03,0.04
"brookaa01","Aaron Brooks","Aaron","Brooks","R","R",28,25,8,1,3,0.32,0.393,0,0,0.05,0.06
"brookbo01","Bobby Brooks","Bobby","Brooks","R","R",237,201,48,5,34,0.239,0.35,1,1,0.6,0.46
"brookfr01","Frank Brooks","Frank","Brooks","L","L",11,10,3,0,1,0.3,0.364,0,0,0.02,0.02
"brookhu01","Hubie Brooks","Hubie","Brooks","R","R",6080,5574,1547,156,411,0.278,0.328,36,59,18.63,19.38
"brookje01","Jerry Brooks","Jerry","Brooks","R","R",10,9,2,0,1,0.222,0.3,0,0,0,0.01
"brookto01","Tom Brookens","Tom","Brookens","R","R",4089,3728,965,74,311,0.259,0.315,14,36,14.95,12.61
"brosisc01","Scott Brosius","Scott","Brosius","R","R",4234,3841,958,99,308,0.249,0.31,45,40,10.51,10.83
"brosksi01","Sig Broskie","Sig","Broskie","R","R",20,18,6,0,2,0.333,0.4,0,0,0.01,0
"brosnji01","Jim Brosnan","Jim","Brosnan","R","R",217,201,46,1,16,0.229,0.286,0,0,-0.45,-0.22
"brossmi01","Mike Brosseau","Mike","Brosseau","R","R",761,671,183,21,68,0.273,0.355,19,3,5.88,4.68
"brothre01","Rex Brothers","Rex","Brothers","L","L",147,130,36,3,17,0.277,0.361,0,0,2.77,2.57
"brouhma01","Mark Brouhard","Mark","Brouhard","R","R",929,845,232,30,69,0.275,0.334,9,6,2.25,2.18
"brousbe01","Ben Broussard","Ben","Broussard","L","L",2268,2031,544,72,192,0.268,0.338,30,15,7.65,6.76
"broutda01","Dan Brouthers","Dan","Brouthers","L","L",7413,6783,1954,169,567,0.288,0.349,63,0,54.23,50.3
"browebo01","Bob Brower","Bob","Brower","R","R",647,576,142,13,70,0.247,0.328,0,1,2.62,2.29
"broweji01","Jim Brower","Jim","Brower","R","R",227,208,53,3,18,0.255,0.317,1,0,0.94,1.17
"brownad01","Adrian Brown","Adrian","Brown","B","R",833,764,210,3,66,0.275,0.333,1,2,0.17,0.0699999999999998
"brownan01","Andrew Brown","Andrew","Brown","R","R",0,0,0,0,0,NA,NA,0,0,0,0
"brownan02","Andrew Brown","Andrew","Brown","R","R",571,511,133,19,56,0.26,0.333,1,3,2.3,2.15
"brownba01","Barret Browning","Barret","Browning","L","L",16,14,5,0,2,0.357,0.438,0,0,0.04,0.04
"brownbo03","Bobby Brown","Bobby","Brown","L","R",2075,1863,523,23,202,0.281,0.354,10,0,5.97,6.27
"brownbo04","Bobby Brown","Bobby","Brown","B","R",1421,1297,334,33,113,0.258,0.315,0,11,4.73,4.59
"brownbr01","Brant Brown","Brant","Brown","L","L",1003,939,221,25,49,0.235,0.278,9,6,-1.42,-0.61
"brownbr02","Brooks Brown","Brooks","Brown","L","R",30,26,7,0,4,0.269,0.367,0,0,0.13,0.13
"brownch02","Chris Brown","Chris","Brown","R","R",1683,1515,428,34,128,0.283,0.348,30,10,7.08,7.07
"browncl01","Clint Brown","Clint","Brown","L","R",309,286,57,4,22,0.199,0.259,1,0,-2.07,-1.65
"brownco01","Corey Brown","Corey","Brown","L","L",161,143,38,5,18,0.266,0.348,0,0,1.08,0.95
"browncu03","Curt Brown","Curt","Brown","R","R",1,0,0,0,1,NA,1,0,0,0,0
"brownda01","Darrell Brown","Darrell","Brown","B","R",618,580,159,3,36,0.274,0.317,1,1,0.89,0.64
"browndi01","Dick Brown","Dick","Brown","R","R",825,787,171,17,31,0.217,0.247,2,5,-0.18,0.32
"browndo01","Domonic Brown","Domonic","Brown","L","L",1972,1756,477,54,197,0.272,0.344,5,14,7.38,6.66
"browndu01","Dusty Brown","Dusty","Brown","R","R",89,80,22,3,9,0.275,0.348,0,0,0.65,0.56
"browned02","Eddie Brown","Eddie","Brown","R","R",1231,1184,337,2,45,0.285,0.312,2,0,0.21,-0.72
"brownem01","Emil Brown","Emil","Brown","R","R",2063,1828,498,47,189,0.272,0.342,19,27,5.8,7.34
"brownga01","Gates Brown","Gates","Brown","L","R",2891,2609,674,74,250,0.258,0.324,13,19,3.52,4.77
"brownga02","Gary Brown","Gary","Brown","R","R",51,46,14,1,5,0.304,0.373,0,0,0.37,0.5
"brownha01","Hal Brown","Hal","Brown","R","R",405,377,80,2,24,0.212,0.264,3,1,-1.32,-1.1
"brownik01","Ike Brown","Ike","Brown","R","R",615,532,145,19,79,0.273,0.366,1,3,2.23,2.28
"brownja02","Jake Brown","Jake","Brown","R","R",50,44,11,1,6,0.25,0.34,0,0,0.1,0.13
"brownje01","Jerry Browne","Jerry","Browne","B","R",3860,3397,912,24,417,0.268,0.348,13,33,11.67,11.08
"brownje02","Jeremy Brown","Jeremy","Brown","R","R",55,49,15,1,6,0.306,0.382,0,0,0.24,0.17
"brownji03","Jimmy Brown","Jimmy","Brown","B","R",3511,3338,860,8,161,0.258,0.294,12,0,7.48,5.55
"brownjo05","Jordan Brown","Jordan","Brown","L","L",225,204,54,3,19,0.265,0.329,1,1,0.73,0.67
"brownju01","Jumbo Brown","Jumbo","Brown","R","R",95,87,23,0,8,0.264,0.326,0,0,0.06,0.19
"brownke01","Kevin Brown","Kevin","Brown","R","R",753,711,144,3,35,0.203,0.244,5,2,-1.61,-1.04
"brownke04","Kevin Brown","Kevin","Brown","R","R",28,22,7,1,4,0.318,0.429,1,1,0.02,0.03
"brownla01","Larry Brown","Larry","Brown","R","R",4177,3817,843,27,315,0.221,0.282,22,23,-1.39,0.13
"brownle01","Lew Brown","Lew","Brown","R","R",628,601,125,20,27,0.208,0.242,0,0,-0.46,0.01
"brownle02","Leon Brown","Leon","Brown","R","R",75,69,17,1,6,0.246,0.307,0,0,0.17,0.2
"brownll01","Lloyd Brown","Lloyd","Brown","L","L",111,104,26,3,7,0.25,0.297,0,0,-0.34,0.2
"brownma05","Matthew Brown","Matthew","Brown","R","R",51,44,11,1,7,0.25,0.353,0,0,0.16,0.16
"brownmi02","Mike Brown","Mike","Brown","R","R",960,867,241,23,86,0.278,0.342,1,6,2.51,3.08
"brownol02","Ollie Brown","Ollie","Brown","R","R",3794,3459,961,105,297,0.278,0.336,15,23,12.92,11.58
"brownos01","Oscar Brown","Oscar","Brown","R","R",140,123,35,1,15,0.285,0.364,1,1,0.01,0.23
"brownpa01","Paul Brown","Paul","Brown","R","R",1,0,0,0,1,NA,1,0,0,0,0
"brownpe01","Pete Browning","Pete","Browning","R","R",1118,1045,293,2,68,0.28,0.327,5,0,1.62,0.81
"brownro02","Roosevelt Brown","Ronnie","Brown",NA,NA,504,453,118,7,42,0.26,0.327,5,4,-0.02,1.66
"brownsc01","Scott Brown","Scott","Brown","R","R",1,0,0,0,1,NA,1,0,0,0.01,0.01
"brownse01","Seth Brown","Seth","Brown","L","L",1941,1743,454,77,175,0.26,0.331,14,9,7.4,6.36
"brownto02","Tommy Brown","Tommy","Brown","R","R",557,520,128,24,35,0.246,0.296,2,0,0.77,0.36
"brownto05","Tom Browning","Tom","Browning","L","L",671,628,133,3,41,0.212,0.259,0,2,0.54,0.97
"browntr01","Trevor Brown","Trevor","Brown","R","R",333,303,82,7,28,0.271,0.333,1,1,1.17,0.99
"broxtjo01","Jonathan Broxton","Jonathan","Broxton","R","R",179,155,45,2,24,0.29,0.385,0,0,2.19,2.15
"broxtke01","Keon Broxton","Keon","Broxton","R","R",1188,1039,254,32,138,0.244,0.337,8,3,8.32,6.92
"brubabi01","Bill Brubaker","Bill","Brubaker","R","R",1255,1141,275,27,107,0.241,0.31,7,0,1.83,2.32
"brubajt01","JT Brubaker","JT","Brubaker","R","R",116,104,20,1,12,0.192,0.276,0,0,0.37,0.38
"brucebo01","Bob Bruce","Bob","Bruce","R","R",366,334,65,0,28,0.195,0.262,3,1,1.26,0.71
"bruceja01","Jay Bruce","Jay","Bruce","L","L",6683,5892,1584,262,717,0.269,0.348,28,46,31.99,30.31
"bruckea01","Earle Brucker","Earle","Brucker","R","R",895,792,213,17,102,0.269,0.353,1,0,3.69,4.19
"brugmja01","Jaycob Brugman","Jaycob","Brugman","L","L",215,188,54,4,26,0.287,0.372,0,1,0.55,0.51
"bruihju01","Justin Bruihl","Justin","Bruihl","L","L",26,21,7,1,5,0.333,0.462,0,0,0.39,0.33
"brujavi01","Vidal Bruján","Vidal","Brujan","B","R",200,175,44,2,21,0.251,0.345,4,0,1.09,0.68
"brummgl01","Glenn Brummer","Glenn","Brummer","R","R",213,194,52,3,18,0.268,0.329,0,1,0.62,0.76
"brummty01","Tyson Brummett","Tyson","Brummett","R","R",0,0,0,0,0,NA,NA,0,0,0,0
"brunato01","Tom Brunansky","Tom","Brunansky","R","R",6991,6121,1495,251,772,0.244,0.329,30,68,21.95,23.71
"brunebr01","Brian Bruney","Brian","Bruney","R","R",44,37,11,0,7,0.297,0.409,0,0,0.17,0.16
"brunege01","George Brunet","George","Brunet","R","L",177,172,33,1,5,0.192,0.215,0,0,-2.3,-1.93
"bruneju01","Justin Brunette","Justin","Brunette","L","L",1,0,0,0,1,NA,1,0,0,0.01,0.02
"brunoto01","Tom Bruno","Tom","Bruno","R","R",13,12,3,0,1,0.25,0.308,0,0,0.01,0.01
"brunsar01","Arlo Brunsberg","Arlo","Brunsberg","L","R",4,2,1,0,1,0.5,0.75,1,0,0,0
"brunter01","Eric Bruntlett","Eric","Bruntlett","R","R",1235,1096,273,19,123,0.249,0.328,9,7,3.16,5.16
"brusswa01","Warren Brusstar","Warren","Brusstar","R","R",36,28,9,0,8,0.321,0.472,0,0,0.13,0.12
"brutobi01","Bill Bruton","Bill","Bruton","L","R",6113,5663,1577,65,398,0.278,0.327,23,29,24.65,20.28
"bryanbi01","Billy Bryan","Billy","Bryan","L","R",595,546,121,16,43,0.222,0.279,2,4,-0.86,-0.67
"bryancl01","Clay Bryant","Clay","Bryant","R","R",244,237,53,6,7,0.224,0.246,0,0,1.19,0.84
"bryando01","Don Bryant","Don","Bryant","R","R",39,35,11,0,3,0.314,0.385,1,0,0.1,0.11
"bryankr01","Kris Bryant","Kris","Bryant","R","R",4576,3875,1125,152,573,0.29,0.394,103,25,31.83,34.66
"bryanra01","Ralph Bryant","Ralph","Bryant","L","R",176,154,40,8,18,0.26,0.341,2,2,0.95,0.94
"bryanro01","Ron Bryant","Ron","Bryant","B","L",365,337,74,2,27,0.22,0.277,0,1,0.16,0.42
"bryest01","Steve Brye","Steve","Brye","R","R",2108,1929,509,33,157,0.264,0.321,10,12,7.97,6.37
"bubickr01","Kris Bubic","Kris","Bubic","L","L",57,52,13,1,5,0.25,0.316,0,0,0.06,0.03
"buchabo01","Bob Buchanan","Bob","Buchanan","L","L",1,0,0,0,1,NA,1,0,0,0,0
"buchabr01","Brian Buchanan","Brian","Buchanan","R","R",910,813,213,30,83,0.262,0.335,9,5,1.85,2.27
"buchada01","David Buchanan","David","Buchanan","R","R",162,142,36,2,20,0.254,0.346,0,0,1.07,1.12
"buchaja01","Jake Buchanan","Jake","Buchanan","R","R",68,59,19,1,9,0.322,0.412,0,0,0.32,0.31
"buchajo01","Johnny Bucha","Johnny","Bucha","R","R",1,0,0,0,1,NA,1,0,0,0,0
"bucheje01","Jerry Buchek","Jerry","Buchek","R","R",1280,1176,289,23,91,0.246,0.301,5,8,1.34,2.13
"bucheji01","Jim Bucher","Jim","Bucher","L","R",455,438,124,9,17,0.283,0.31,0,0,1.15,0.14
"buchhcl01","Clay Buchholz","Clay","Buchholz","L","R",270,241,61,6,29,0.253,0.333,0,0,0.9,0.85
"buchhta01","Taylor Buchholz","Taylor","Buchholz","R","R",214,192,41,3,22,0.214,0.294,0,0,1.01,1.08
"buchtry01","Ryan Buchter","Ryan","Buchter","L","L",42,34,9,0,8,0.265,0.405,0,0,0.26,0.23
"buckega02","Gary Buckels","Gary","Buckels","R","R",1,0,0,0,1,NA,1,0,0,0,0
"buckjo01","John Buck","John","Buck","R","R",4155,3686,945,134,392,0.256,0.334,51,26,14.52,13.86
"bucklke01","Kevin Buckley","Kevin","Buckley","R","R",9,7,3,0,2,0.429,0.556,0,0,0.01,0.01
"bucknbi01","Bill Buckner","Bill","Buckner","L","L",9223,8572,2504,191,525,0.292,0.333,42,84,26.94,30.02
"bucknbi02","Billy Buckner","Billy","Buckner","R","R",124,111,32,2,13,0.288,0.363,0,0,0.67,0.67
"bucktr01","Travis Buck","Travis","Buck","L","R",1180,1045,280,28,116,0.268,0.346,12,7,5.9,6.16
"budasma01","Mark Budaska","Mark","Budaska","B","L",6,5,1,0,1,0.2,0.333,0,0,0,0.01
"buddery01","Ryan Budde","Ryan","Budde","R","R",179,162,45,5,17,0.278,0.346,0,0,0.82,0.79
"buddido01","Don Buddin","Don","Buddin","R","R",2928,2469,488,16,424,0.198,0.318,18,17,-0.24,3.15
"buechst01","Steve Buechele","Steve","Buechele","R","R",4771,4292,1053,126,413,0.245,0.316,43,23,17.1,16.79
"buehlwa01","Walker Buehler","Walker","Buehler","R","R",408,375,78,4,33,0.208,0.272,0,0,1.57,1.65
"buehrma01","Mark Buehrle","Mark","Buehrle","L","L",579,526,127,13,53,0.241,0.311,0,0,1.06,1.09
"buenofr01","Francisley Bueno","Francisley","Bueno","L","L",1,0,0,0,1,NA,1,0,0,0,0
"buentja01","Jay Buente","Jay","Buente","R","R",19,16,5,0,3,0.312,0.421,0,0,0.04,0.04
"buforda01","Damon Buford","Damon","Buford","R","R",1396,1269,275,22,105,0.217,0.28,11,11,-0.46,-0.92
"bufordo01","Don Buford","Don","Buford","B","R",5472,4735,1292,78,662,0.273,0.365,41,34,31.96,30.68
"buhlbo01","Bob Buhl","Bob","Buhl","R","R",341,323,65,0,18,0.201,0.243,0,0,-1.33,-1.13
"buhneja01","Jay Buhner","Jay","Buhner","R","R",6122,5242,1290,268,770,0.246,0.346,56,54,20.69,20.48
"bukaujb01","J B  Bukauskas","J. B.","Bukauskas","R","R",12,10,2,0,2,0.2,0.333,0,0,0.05,0.04
"bukviry01","Ryan Bukvich","Ryan","Bukvich","R","R",0,0,0,0,0,NA,NA,0,0,0,0
"bulgeja01","Jason Bulger","Jason","Bulger","R","R",14,10,2,0,4,0.2,0.429,0,0,0.06,0.06
"bullesc01","Scott Bullett","Scott","Bullett","L","L",378,356,79,3,20,0.222,0.265,1,1,-1.68,-1.39
"bullibr01","Bryan Bullington","Bryan","Bullington","R","R",0,0,0,0,0,NA,NA,0,0,0,0
"bullibu01","Terry Bulling","Terry","Bulling","R","R",410,359,92,7,50,0.256,0.349,1,0,1.87,1.78
"bulliji01","Jim Bullinger","Jim","Bullinger","R","R",236,214,45,3,19,0.21,0.275,1,2,0.56,1.21
"bumbral01","Al Bumbry","Al","Bumbry","L","R",5764,5172,1518,86,541,0.294,0.361,21,30,28.78,26.75
"bumgama01","Madison Bumgarner","Madison","Bumgarner","R","L",1434,1283,304,41,144,0.237,0.314,2,5,10.85,11.32
"bummeaa01","Aaron Bummer","Aaron","Bummer","L","L",22,17,5,0,5,0.294,0.455,0,0,0.09,0.09
"bumpna01","Nate Bump","Nate","Bump","L","R",94,85,20,2,9,0.235,0.309,0,0,0.5,0.52
"bundydy01","Dylan Bundy","Dylan","Bundy","B","R",34,30,9,1,4,0.3,0.382,0,0,0.08,0.09
"bunniji01","Jim Bunning","Jim","Bunning","R","R",1744,1695,338,6,44,0.199,0.22,1,4,-3.5,-2.98
"burawda01","Danny Burawa","Danny","Burawa","R","R",8,7,3,0,1,0.429,0.5,0,0,0.04,0.04
"burbada01","Dave Burba","Dave","Burba","R","R",226,211,46,2,13,0.218,0.27,2,0,-1.22,-0.66
"burdele01","Lew Burdette","Lew","Burdette","R","R",1497,1416,310,16,64,0.219,0.257,11,6,3.92,2.55
"burdini01","Nick Burdi","Nick","Burdi","R","R",10,8,3,0,2,0.375,0.5,0,0,0.05,0.04
"burgeja01","Jake Burger","Jake","Burger","R","R",1482,1324,357,65,105,0.27,0.338,39,14,5.45,6.54
"burgesm01","Smoky Burgess","Smoky","Burgess","L","R",5277,4770,1371,114,460,0.287,0.349,11,36,32.53,33.11
"burgoam01","Ambiorix Burgos","Ambiorix","Burgos","R","R",13,10,3,0,3,0.3,0.462,0,0,0.07,0.06
"burgoen02","Enrique Burgos","Enrique","Burgos","R","R",22,18,4,0,4,0.222,0.364,0,0,0.13,0.13
"burgohi01","Hiram Burgos","Hiram","Burgos","R","R",56,51,14,1,5,0.275,0.339,0,0,0.28,0.29
"burkael01","Elmer Burkart","Elmer","Burkart","R","R",2,1,0,0,1,0,0.5,0,0,0,0
"burkech01","Chris Burke","Chris","Burke","R","R",1455,1282,318,23,133,0.248,0.331,31,9,3.87,4.65
"burkegl01","Glenn Burke","Glenn","Burke","R","R",237,222,59,3,13,0.266,0.312,2,0,-0.11,-0.09
"burkegr01","Greg Burke","Greg","Burke","R","R",37,33,10,1,4,0.303,0.378,0,0,0.63,0.58
"burkeja02","Jamie Burke","Jamie","Burke","R","R",724,657,186,8,58,0.283,0.345,6,3,3.14,2.15
"burkeje01","Jesse Burkett","Jesse","Burkett","L","L",6942,6364,1873,71,519,0.294,0.353,59,0,19.75,23.52
"burkejo03","John Burkett","John","Burkett","R","R",517,486,98,0,30,0.202,0.25,1,0,-3.09,-2.3
"burkele02","Leo Burke","Leo","Burke","R","R",284,259,57,8,22,0.22,0.285,2,1,-0.35,-0.92
"burketi01","Tim Burke","Tim","Burke","R","R",20,17,4,0,3,0.235,0.35,0,0,0.01,0.03
"burkhke01","Ken Burkhart","Ken","Burkhart","R","R",22,19,6,1,3,0.316,0.409,0,0,0.05,0.02
"burkhmo01","Morgan Burkhart","Morgan","Burkhart","B","L",178,151,38,4,22,0.252,0.36,4,1,0.21,0.35
"burkma01","Mack Burk","Mack","Burk","R","R",1,0,0,0,1,NA,1,0,0,0.01,0.01
"burksel01","Ellis Burks","Ellis","Burks","R","R",8251,7359,2010,270,770,0.273,0.344,60,62,47.37,42.6
"burleal01","Alec Burleson","Alec","Burleson","L","L",996,904,255,26,72,0.282,0.338,10,10,1.63,1.14
"burleri01","Rick Burleson","Rick","Burleson","R","R",5856,5289,1432,83,493,0.271,0.334,28,46,28.5,25.85
"burnea.01","A J  Burnett",NA,NA,NA,NA,1106,1015,226,20,88,0.223,0.286,2,1,2.93,2.98
"burneal01","Alex Burnett","Alex","Burnett","R","R",13,10,3,0,3,0.3,0.462,0,0,0.07,0.07
"burneco01","Corbin Burnes","Corbin","Burnes","R","R",217,199,52,2,18,0.261,0.323,0,0,1.62,1.64
"burnehe01","Hercules Burnett","Hercules","Burnett","R",NA,13,12,3,1,1,0.25,0.308,0,0,0.02,0.03
"burnese01","Sean Burnett","Sean","Burnett","L","L",118,102,31,3,16,0.304,0.398,0,0,2.68,2.6
"burnije01","Jeromy Burnitz","Jeromy","Burnitz","L","R",6490,5651,1375,242,718,0.243,0.335,78,43,21.45,26.42
"burnsan01","Andy Burns","Andy","Burns","R","R",134,115,31,2,17,0.27,0.373,2,0,0.65,0.73
"burnsbi02","Billy Burns","Billy","Burns","B","R",999,908,264,15,75,0.291,0.351,12,4,4.93,3.87
"burnsco01","Cory Burns","Cory","Burns","R","R",16,14,5,0,2,0.357,0.438,0,0,0.04,0.04
"burnsge01","George Burns","George","Burns","R","R",6239,5675,1461,29,543,0.257,0.325,21,0,13.82,17.04
"burnsge02","George Burns","George","Burns","R","R",5459,5187,1372,80,192,0.265,0.301,80,0,6.8,1.84
"burnsja02","Jack Burns","Jack","Burns","L","L",1930,1783,411,15,145,0.231,0.289,2,0,-1.24,-2.59
"burnsmi01","Mike Burns","Mike","Burns","R","R",79,69,15,1,10,0.217,0.316,0,0,0.41,0.44
"burnspe01","Pete Burnside","Pete","Burnside","R","L",17,15,4,0,2,0.267,0.353,0,0,-0.01,-0.01
"burnssh01","Sheldon Burnside","Sheldon","Burnside","R","L",1,0,0,0,1,NA,1,0,0,0.01,0.01
"burrebr01","Brian Burres","Brian","Burres","L","L",126,114,30,3,12,0.263,0.333,0,0,0.62,0.65
"burrepa01","Pat Burrell","Pat","Burrell","R","R",6425,5426,1421,242,914,0.262,0.368,31,54,25.03,24.59
"burriem01","Emmanuel Burriss","Emmanuel","Burriss","B","R",1133,1017,266,14,100,0.262,0.335,13,3,1.36,3.73
"burripa01","Paul Burris","Paul","Burris","R","R",3,2,1,0,1,0.5,0.667,0,0,0.01,0.01
"burrira01","Ray Burris","Ray","Burris","R","R",517,468,104,6,46,0.222,0.292,1,2,2.58,1.83
"burrobe01","Beau Burrows","Beau","Burrows","R","R",2,1,0,0,1,0,0.5,0,0,0.01,0.01
"burroje01","Jeff Burroughs","Jeff","Burroughs","R","R",6639,5685,1516,247,876,0.267,0.363,15,63,23.15,22.76
"burrose01","Sean Burroughs","Sean","Burroughs","L","R",1734,1568,448,14,135,0.286,0.351,25,6,8.15,7.45
"burrry01","Ryan Burr","Ryan","Burr","R","R",4,3,1,0,1,0.333,0.5,0,0,0.02,0.02
"burtoja01","Jared Burton","Jared","Burton","R","R",59,49,14,0,10,0.286,0.407,0,0,0.31,0.29
"burwedi01","Dick Burwell","Dick","Burwell","R","R",2,1,0,0,1,0,0.5,0,0,0,0
"busbyji01","Jim Busby","Jim","Busby","R","R",4842,4558,1126,34,246,0.247,0.288,23,15,4.33,3.39
"busbymi01","Mike Busby","Mike","Busby","R","R",2,1,0,0,1,0,0.5,0,0,0,0
"busbyst01","Steve Busby","Steve","Busby","R","R",17,16,4,0,1,0.25,0.294,0,0,0.01,0
"buschbr01","Brian Buscher","Brian","Buscher","L","R",656,569,159,12,75,0.279,0.361,3,9,2.38,2.11
"buschma01","Matt Buschmann","Matt","Buschmann","R","R",17,15,5,0,2,0.333,0.412,0,0,0.02,0.02
"busenal01","Alan Busenitz","Alan","Busenitz","R","R",4,3,1,0,1,0.333,0.5,0,0,0.02,0.02
"bushda01","Dave Bush","Dave","Bush","R","R",549,502,101,5,45,0.201,0.27,2,0,2.08,2.01
"bushdo01","Donie Bush","Donie","Bush","B","R",6825,5953,1159,10,847,0.195,0.298,25,0,10.84,8.12
"bushho01","Homer Bush","Homer","Bush","R","R",1434,1350,369,4,57,0.273,0.31,19,8,2.85,2.23
"bushjo01","Bullet Joe Bush","Bullet Joe","Bush","R","R",1276,1265,287,3,11,0.227,0.234,0,0,-5.69,-5.05
"bushma01","Matt Bush","Matt","Bush","R","R",6,4,1,0,2,0.25,0.5,0,0,0.03,0.02
"bushra01","Randy Bush","Randy","Bush","L","L",3489,3052,765,95,356,0.251,0.335,49,32,1.71,2.83
"buskemi01","Mike Buskey","Mike","Buskey","R","R",7,5,1,0,1,0.2,0.429,1,0,0.01,0.01
"bussni01","Nick Buss","Nick","Buss","L","R",240,216,54,4,22,0.25,0.317,0,2,0.59,0.66
"butchma01","Max Butcher","Max","Butcher","R","R",216,209,47,0,7,0.225,0.25,0,0,0.24,0.26
"buterdr01","Drew Butera","Drew","Butera","R","R",2059,1857,466,35,177,0.251,0.32,15,10,6.1,5.54
"butersa01","Sal Butera","Sal","Butera","R","R",872,763,189,11,99,0.248,0.334,3,7,0.84,1.25
"butlebi03","Billy Butler","Billy","Butler","R","R",5711,5036,1478,150,594,0.293,0.369,34,47,23.03,19.02
"butlebr01","Brett Butler","Brett","Butler","L","L",9283,8075,2357,62,1120,0.292,0.379,37,51,52.65,45.05
"butleda01","Dan Butler","Dan","Butler","R","R",130,117,31,2,12,0.265,0.331,0,1,0.34,0.26
"butleed01","Eddie Butler","Eddie","Butler","R","R",312,282,69,5,30,0.245,0.317,0,0,1.33,1.25
"butlejo03","Josh Butler","Josh","Butler","R","R",2,1,0,0,1,0,0.5,0,0,0.02,0.02
"butlejo04","Joey Butler","Joey","Butler","R","R",421,376,110,11,42,0.293,0.368,3,0,2.31,2
"butleke01","Keith Butler","Keith","Butler","R","R",10,8,3,0,2,0.375,0.5,0,0,0.05,0.05
"butlero01","Rob Butler","Rob","Butler","L","L",154,135,32,0,15,0.237,0.318,2,2,-0.68,0
"butteto01","Tom Butters","Tom","Butters","R","R",5,4,1,0,1,0.25,0.4,0,0,0.01,0
"buttrty01","Ty Buttrey","Ty","Buttrey","L","R",1,0,0,0,1,NA,1,0,0,0.01,0.01
"buxtoby01","Byron Buxton","Byron","Buxton","R","R",3289,2936,796,133,283,0.271,0.343,50,20,31.58,27.63
"buzhajo01","John Buzhardt","John","Buzhardt","R","R",284,270,54,0,13,0.2,0.236,0,1,-1.32,-1.78
"byersra01","Randy Byers","Randy","Byers","L","R",19,17,5,0,2,0.294,0.368,0,0,0.01,0.01
"bynumfr01","Freddie Bynum","Freddie","Bynum","L","R",595,548,133,11,43,0.243,0.303,4,0,-0.13,2.1
"bynummi01","Mike Bynum","Mike","Bynum","L","L",57,52,14,1,5,0.269,0.333,0,0,0.29,0.31
"byrdati01","Tim Byrdak","Tim","Byrdak","L","L",136,120,34,3,16,0.283,0.368,0,0,2.46,2.54
"byrdji01","Jim Byrd","Jim","Byrd","R","R",0,0,0,0,0,NA,NA,0,0,0,0
"byrdma01","Marlon Byrd","Marlon","Byrd","R","R",6229,5579,1586,149,505,0.284,0.351,93,52,34.67,31.73
"byrdpa01","Paul Byrd","Paul","Byrd","R","R",339,307,70,2,30,0.228,0.301,2,0,4.16333634234434e-17,0.11
"byrneer01","Eric Byrnes","Eric","Byrnes","R","R",3641,3274,857,87,301,0.262,0.331,47,19,13.73,15.26
"byrnemi01","Milt Byrnes","Milt","Byrnes","L","L",1521,1333,326,18,185,0.245,0.338,3,0,4.64,5.76
"byrneto01","Tommy Byrne","Tommy","Byrne","L","L",829,786,185,14,38,0.235,0.273,3,2,3.23,3.69
"bystrma01","Marty Bystrom","Marty","Bystrom","R","R",114,101,24,1,12,0.238,0.316,0,1,0.44,0.52
"cabaljo01","José Caballero","José","Caballero","R","R",811,686,178,9,71,0.259,0.36,43,11,5.49,5.5
"cabelen01","Enos Cabell","Enos","Cabell","R","R",6422,5991,1734,104,372,0.289,0.332,23,36,20.19,17.69
"cabreal02","Alex Cabrera","Alex","Cabrera","R","R",111,103,26,4,5,0.252,0.288,1,2,0.45,0.65
"cabreal03","Alberto Cabrera","Alberto","Cabrera","R","R",14,12,4,0,2,0.333,0.429,0,0,0.08,0.07
"cabreas01","Asdrúbal Cabrera","Asdrubal","Cabrera","B","R",7814,6931,1967,195,754,0.284,0.357,68,61,42.31,38.78
"cabreda01","Daniel Cabrera","Daniel","Cabrera","R","R",182,160,40,4,21,0.25,0.341,1,0,0.39,0.41
"cabreed01","Edwar Cabrera","Edwar","Cabrera","L","L",13,11,4,0,2,0.364,0.462,0,0,0.01,0.01
"cabreed02","Edward Cabrera","Edward","Cabrera","R","R",66,60,15,1,6,0.25,0.318,0,0,0.29,0.25
"cabreev01","Everth Cabrera","Everth","Cabrera","B","R",2219,1967,537,28,229,0.273,0.352,14,9,8.61,9.22
"cabrefe01","Fernando Cabrera","Fernando","Cabrera","R","R",2,1,0,0,1,0,0.5,0,0,0.01,0.01
"cabrege01","Génesis Cabrera","Genesis","Cabrera","L","L",73,65,18,1,8,0.277,0.356,0,0,0.4,0.38
"cabrejo02","Jolbert Cabrera","Jolbert","Cabrera","R","R",1623,1490,387,11,91,0.26,0.312,29,13,0.17,0.91
"cabrema01","Mauricio Cabrera","Mauricio","Cabrera","R","R",11,9,2,0,2,0.222,0.364,0,0,0.07,0.07
"cabreme01","Melky Cabrera","Melky","Cabrera","B","L",7474,6736,2003,144,647,0.297,0.358,27,64,35.12,30.36
"cabremi01","Miguel Cabrera","Miguel","Cabrera","R","R",11916,10313,3301,473,1423,0.32,0.403,75,105,80.83,79.07
"cabreor01","Orlando Cabrera","Orlando","Cabrera","R","R",8067,7378,1984,100,567,0.269,0.32,32,90,27.98,30.56
"cabrera01","Ramón Cabrera","Ramon","Cabrera","B","R",317,289,81,6,24,0.28,0.334,1,3,1.83,-1.01
"cagewa01","Wayne Cage","Wayne","Cage","L","L",157,143,35,5,14,0.245,0.312,0,0,0.42,0.41
"cahiltr01","Trevor Cahill","Trevor","Cahill","R","R",686,624,149,10,62,0.239,0.308,0,0,3.48,3.36
"cainbo01","Bob Cain","Bob","Cain","L","L",165,156,36,0,9,0.231,0.273,0,0,-0.58,-0.54
"cainlo01","Lorenzo Cain","Lorenzo","Cain","R","R",4974,4424,1310,87,466,0.296,0.367,51,33,43.16,35.62
"cainma01","Matt Cain","Matt","Cain","R","R",1371,1262,269,25,106,0.213,0.274,1,2,6.05,5.56
"cairomi01","Miguel Cairo","Miguel","Cairo","R","R",4625,4223,1114,42,295,0.264,0.318,64,43,12.58,10.1
"caldeiv01","Ivan Calderon","Ivan","Calderon","R","R",3412,3079,870,106,288,0.283,0.343,12,33,13.5,14.1
"caldesa01","Sam Calderone","Sam","Calderone","R","R",96,90,23,0,5,0.256,0.292,0,1,-0.36,0.09
"caldwmi01","Mike Caldwell","Mike","Caldwell","R","L",239,221,48,2,17,0.217,0.272,0,1,0.33,0.34
"calerki01","Kiko Calero","Kiko","Calero","R","R",69,59,16,1,10,0.271,0.377,0,0,0.28,0.27
"calhoko01","Kole Calhoun","Kole","Calhoun","L","L",5413,4743,1276,172,581,0.269,0.352,48,41,23.54,25.38
"calhowi01","Willie Calhoun","Willie","Calhoun","L","R",1439,1287,341,33,131,0.265,0.336,11,10,1.63,0.96
"calica01","Carmen Cali","Carmen","Cali","L","L",5,4,1,0,1,0.25,0.4,0,0,0.02,0.01
"callaal01","Alberto Callaspo","Alberto","Callaspo","B","R",4171,3685,1031,70,446,0.28,0.356,6,34,17.97,16.55
"callaja01","Jamie Callahan","Jamie","Callahan","R","R",7,6,2,0,1,0.333,0.429,0,0,0.04,0.03
"callal02","Alex Call",NA,NA,NA,NA,691,580,142,9,89,0.245,0.36,18,4,3.76,3
"callami01","Mickey Callaway","Mickey","Callaway","R","R",7,6,2,0,1,0.333,0.429,0,0,0.01,0.01
"callijo01","Johnny Callison","Johnny","Callison","L","R",7714,6946,1882,219,684,0.271,0.338,41,43,37.91,33.29
"calvema01","Mark Calvert","Mark","Calvert","R","R",9,8,2,0,1,0.25,0.333,0,0,0,0
"calzana01","Napoleon Calzado","Napoleon","Calzado","R","R",40,36,9,1,4,0.25,0.325,0,0,0.09,0.04
"camacer01","Ernie Camacho","Ernie","Camacho","R","R",4,3,1,0,1,0.333,0.5,0,0,0.01,0.01
"camarda01","Daniel Camarena","Dan","Camarena","L","L",47,43,12,2,4,0.279,0.34,0,0,0.39,0.36
"camarjo01","Johan Camargo","Johan","Camargo","B","R",1553,1397,390,34,143,0.279,0.349,9,4,7.81,7.84
"cambrfr01","Fred Cambria","Fred","Cambria","R","R",14,12,3,0,2,0.25,0.357,0,0,0,0.01
"camerda01","Daz Cameron","Daz","Cameron","R","R",427,381,100,9,39,0.262,0.337,5,2,0.25,1.27
"camerke01","Kevin Cameron","Kevin","Cameron","R","R",51,45,12,1,6,0.267,0.353,0,0,0.5,0.44
"camermi01","Mike Cameron","Mike","Cameron","R","R",7723,6711,1722,228,865,0.257,0.346,87,60,49.64,52.8
"camildo01","Dolph Camilli","Dolph","Camilli","L","L",5701,4829,1196,228,848,0.248,0.363,24,0,35.09,34.07
"camildo02","Doug Camilli","Doug","Camilli","R","R",404,363,84,13,39,0.231,0.307,1,1,-0.77,-0.05
"caminar01","Arquimedes Caminero","Arquimedes","Caminero","R","R",60,53,16,1,7,0.302,0.383,0,0,0.77,0.75
"caminju01","Junior Caminero","Junior","Caminero","R","R",131,119,33,4,11,0.277,0.344,1,0,1.06,1.04
"caminke01","Ken Caminiti","Ken","Caminiti","B","R",7007,6218,1700,202,695,0.273,0.346,29,65,32.43,34.77
"cammaer01","Eric Cammack","Eric","Cammack","R","R",2,1,0,0,1,0,0.5,0,0,0.02,0.02
"campabe01","Bert Campaneris","Bert","Campaneris","R","R",8631,7966,2146,73,557,0.269,0.319,51,57,52.29,44.67
"camparo01","Roy Campanella","Roy","Campanella","R","R",4980,4444,1202,216,488,0.27,0.345,30,18,34.31,35.6
"campato01","Tony Campana","Tony","Campana","L","L",693,631,171,9,60,0.271,0.336,2,0,4.45,4.81
"campbbi02","Bill Campbell","Bill","Campbell","R","R",28,22,6,0,6,0.273,0.429,0,0,0.09,0.11
"campbbr01","Bruce Campbell","Bruce","Campbell","L","R",5374,4833,1222,126,514,0.253,0.328,27,0,7.72,6.76
"campbbr02","Brett Campbell","Brett","Campbell","R","R",3,2,1,0,1,0.5,0.667,0,0,0.02,0.02
"campbda01","Dave Campbell","Dave","Campbell","R","R",1250,1153,264,21,92,0.229,0.286,1,4,0.78,0.71
"campbda02","Dave Campbell","Dave","Campbell","R","R",11,10,2,0,1,0.2,0.273,0,0,0.02,0.02
"campber01","Eric Campbell","Eric","Campbell","R","R",744,639,170,13,92,0.266,0.362,7,6,2.91,2.84
"campbgi01","Gilly Campbell","Gilly","Campbell","L","R",612,526,117,7,84,0.222,0.332,2,0,1.59,2.52
"campbis01","Isaiah Campbell","Isaiah","Campbell","R","R",8,7,3,0,1,0.429,0.5,0,0,0.02,0.02
"campbmi01","Mike Campbell","Mike","Campbell","R","R",4,3,1,0,1,0.333,0.5,0,0,0,0
"campbpa02","Paul Campbell","Paul","Campbell","L","R",60,55,15,1,5,0.273,0.333,0,0,0.29,0.21
"campijo01","Jorge Campillo","Jorge","Campillo","R","R",95,87,21,1,8,0.241,0.305,0,0,0.65,0.61
"campole01","Leonel Campos","Leonel","Campos","R","R",16,13,5,0,3,0.385,0.5,0,0,0.08,0.08
"campovi01","Vicente Campos",NA,NA,NA,NA,27,24,6,1,3,0.25,0.333,0,0,0.05,0.06
"campri01","Rick Camp","Rick","Camp","R","R",80,69,16,0,11,0.232,0.338,0,0,0.27,0.26
"campsh01","Shawn Camp","Shawn","Camp","R","R",59,46,13,0,13,0.283,0.441,0,0,0.27,0.28
"campulu01","Luis Campusano","Luis","Campusano","R","R",567,511,142,11,43,0.278,0.34,8,5,1.27,1.18
"canalge01","George Canale","George","Canale","L","R",31,28,6,1,3,0.214,0.29,0,0,0.25,0.03
"cancero01","Robinson Cancel","Robinson","Cancel","R","R",142,128,33,3,14,0.258,0.331,0,0,0.47,0.43
"candaca01","Casey Candaele","Casey","Candaele","B","R",1949,1776,455,10,155,0.256,0.316,6,12,3.39,2.54
"candeje01","Jeimer Candelario","Jeimer","Candelario","B","R",4069,3558,964,99,418,0.271,0.356,68,25,17.86,18.1
"candejo01","John Candelaria","John","Candelaria","L","L",636,573,126,9,58,0.22,0.292,2,3,2.89,3.09
"candimi01","Milo Candini","Milo","Candini","R","R",28,25,8,0,3,0.32,0.393,0,0,0.46,0.49
"cangejo01","John Cangelosi","John","Cangelosi","B","L",2302,1940,491,8,324,0.253,0.367,29,9,6.3,7.19
"canhama01","Mark Canha","Mark","Canha","R","R",4693,3922,1091,117,547,0.278,0.388,183,41,24,24.95
"cannian01","Andy Cannizaro","Andy","Cannizaro","R","R",63,56,14,2,7,0.25,0.333,0,0,0.24,0.27
"cannich01","Chris Cannizzaro","Chris","Cannizzaro","R","R",2490,2200,529,23,270,0.24,0.324,7,13,4.89,6.28
"cannigr01","Griffin Canning","Griffin","Canning","R","R",31,28,7,1,3,0.25,0.323,0,0,0.06,0.07
"canoro01","Robinson Canó","Robinson","Cano","L","R",9744,8770,2725,288,827,0.311,0.373,85,62,76.75,66.05
"canoye01","Yennier Cano","Yennier","Cano","R","R",10,9,2,0,1,0.222,0.3,0,0,0.01,0.01
"cansejo01","Jose Canseco","Jose","Canseco","R","R",8394,7323,1948,434,906,0.266,0.35,84,81,42.05,42.02
"cantujo01","Jorge Cantu","Jorge","Cantu","R","R",3493,3165,877,96,252,0.277,0.334,37,39,9.26,10.39
"cantwbe01","Ben Cantwell","Ben","Cantwell","R","R",290,285,65,0,5,0.228,0.241,0,0,-1.72,-1.97
"canzlru01","Russ Canzler","Russ","Canzler","R","R",197,180,52,5,16,0.289,0.345,0,1,0.63,0.49
"capelco01","Conner Capel","Conner","Capel","L","L",136,113,33,2,17,0.292,0.382,2,4,0.92,1.35
"capeljo01","Jose Capellan","Jose","Capellan","R","R",49,43,13,1,6,0.302,0.388,0,0,0.62,0.62
"capelmi01","Mike Capel","Mike","Capel","R","R",2,1,0,0,1,0,0.5,0,0,0.01,0.01
"capildo01","Doug Capilla","Doug","Capilla","L","L",26,21,5,0,5,0.238,0.385,0,0,0.11,0.11
"cappsca01","Carter Capps","Carter","Capps","R","R",53,46,15,1,7,0.326,0.415,0,0,0.65,0.6
"cappsma01","Matt Capps","Matt","Capps","R","R",90,77,23,1,13,0.299,0.4,0,0,1.07,1
"cappuge01","George Cappuzzello","George","Cappuzzello","R","L",1,0,0,0,1,NA,1,0,0,0.01,0.01
"caprabu01","Buzz Capra","Buzz","Capra","R","R",1,0,0,0,1,NA,1,0,0,0,0
"caprani01","Nick Capra","Nick","Capra","R","R",19,14,4,1,4,0.286,0.474,1,0,0.03,0.05
"capravi01","Vinny Capra","Vinny","Capra","R","R",14,11,4,0,3,0.364,0.5,0,0,0.03,0.02
"capuach01","Chris Capuano","Chris","Capuano","L","L",814,748,169,9,63,0.226,0.286,1,2,3.15,3.17
"carasma01","Matt Carasiti","Matt","Carasiti","R","R",25,22,7,0,3,0.318,0.4,0,0,0.04,0.04
"caratvi01","Victor Caratini","Victor","Caratini","B","R",2097,1821,491,40,212,0.27,0.357,45,19,9.52,10.85
"carbobe01","Bernie Carbo","Bernie","Carbo","L","R",3462,2888,774,104,538,0.268,0.384,19,17,20.18,22.19
"cardead01","Adrian Cardenas","Adrian","Cardenas","L","R",112,99,26,1,13,0.263,0.348,0,0,0.5,0.44
"cardejo02","Jose Cardenal","Jose","Cardenal","R","R",7783,7113,1930,136,583,0.271,0.326,26,61,18.48,19.77
"cardele01","Leo Cardenas","Leo","Cardenas","R","R",7303,6714,1730,97,513,0.258,0.311,28,48,27.5,27.19
"cardoja01","Javier Cardona","Javier","Cardona","R","R",219,205,47,1,11,0.229,0.269,1,2,-0.33,0.3
"cardust01","Stephen Cardullo","Stephen","Cardullo","R","R",217,196,50,4,20,0.255,0.327,1,0,0.74,0.52
"cardwdo01","Don Cardwell","Don","Cardwell","R","R",955,895,183,17,54,0.204,0.253,5,1,-0.35,-0.74
"carewro01","Rod Carew","Rod","Carew","L","R",10825,9697,3191,119,1039,0.329,0.393,25,64,82.29,72.63
"careyan01","Andy Carey","Andy","Carey","R","R",2587,2358,625,45,186,0.265,0.322,21,22,7.6,9.77
"careyma01","Max Carey","Max","Carey","B","R",9768,9072,1952,133,623,0.215,0.271,73,0,15.63,23.36
"carides01","Esmailin Caridad","Esmailin","Caridad","R","R",28,24,6,1,4,0.25,0.357,0,0,0.36,0.38
"carlesh01","Shane Carle","Shane","Carle","R","R",79,71,20,1,8,0.282,0.354,0,0,0.66,0.65
"carlete01","Tex Carleton","Tex","Carleton","B","R",331,306,61,3,24,0.199,0.26,1,0,0.73,0.55
"carlilu01","Luke Carlin","Luke","Carlin","B","R",364,324,76,8,39,0.235,0.319,1,0,1.75,1.35
"carlsdy01","Dylan Carlson","Dylan","Carlson","B","L",1831,1573,425,29,188,0.27,0.359,44,26,5.89,6.1
"carlsje01","Jesse Carlson","Jesse","Carlson","L","L",8,6,2,0,2,0.333,0.5,0,0,0.05,0.04
"carltdr01","Drew Carlton","Drew","Carlton","R","R",3,2,1,0,1,0.5,0.667,0,0,0.02,0.01
"carltst01","Steve Carlton","Steve","Carlton","L","L",2030,1901,428,25,106,0.225,0.268,10,13,7.93,7.87
"carlybu01","Buddy Carlyle","Buddy","Carlyle","L","R",225,203,49,3,22,0.241,0.316,0,0,1.52,1.44
"carmado01","Don Carman","Don","Carman","L","L",43,39,7,0,4,0.179,0.256,0,0,-0.22,-0.2
"carmedu01","Duke Carmel","Duke","Carmel","L","L",272,236,54,3,35,0.229,0.327,0,1,1.06,0.46
"carmofa01","Roberto Hernandez","Roberto","Hernandez","R","R",295,266,64,7,29,0.241,0.315,0,0,0.66,0.74
"carpean01","Drew Carpenter","Drew","Carpenter","R","R",48,41,11,1,7,0.268,0.375,0,0,0.16,0.19
"carpebo01","Bob Carpenter","Bob","Carpenter","R","R",10,8,2,0,1,0.25,0.4,1,0,0.01,0
"carpech01","Chris Carpenter","Chris","Carpenter","R","R",920,846,179,12,71,0.212,0.274,2,1,1.98,1.98
"carpech02","Chris Carpenter","Chris","Carpenter","R","R",5,4,1,0,1,0.25,0.4,0,0,0.03,0.03
"carpecr01","Cris Carpenter","Cris","Carpenter","R","R",13,12,3,0,1,0.25,0.308,0,0,0,0
"carpeda01","David Carpenter","David","Carpenter","R","R",96,85,27,2,11,0.318,0.396,0,0,1.41,1.29
"carpeda02","David Carpenter","David","Carpenter","R","R",0,0,0,0,0,NA,NA,0,0,0,0
"carpeke01","Kerry Carpenter","Kerry","Carpenter","L","R",844,743,217,35,68,0.292,0.368,26,7,5.3,5.98
"carpema01","Matt Carpenter","Matt","Carpenter","L","R",6051,5014,1415,171,896,0.282,0.395,81,60,39.56,39.5
"carpery01","Ryan Carpenter","Ryan","Carpenter","L","L",29,26,7,1,3,0.269,0.345,0,0,0.02,0.03
"carpmi01","Mike Carp","Mike","Carp","L","R",1258,1096,308,34,139,0.281,0.367,15,8,6.17,5.97
"carraca01","Carlos Carrasco","Carlos","Carrasco","R","R",71,63,18,2,8,0.286,0.366,0,0,0.15,0.16
"carrach01","Chico Carrasquel","Chico","Carrasquel","R","R",4959,4510,1137,37,395,0.252,0.316,37,17,17.7,15.16
"carradj01","D J  Carrasco","D. J.","Carrasco","R","R",128,114,30,2,14,0.263,0.344,0,0,0.87,0.87
"carragi01","Giovanni Carrara","Giovanni","Carrara","R","R",124,112,29,2,12,0.259,0.331,0,0,0.21,0.58
"carrahe01","Hector Carrasco","Hector","Carrasco","R","R",56,51,14,1,5,0.275,0.339,0,0,0.31,0.38
"carrch02","Chuck Carr","Chuck","Carr","B","R",2118,1945,459,6,151,0.236,0.294,12,10,2.69,3.46
"carream01","Amalio Carreno","Amalio","Carreno","R","R",1,0,0,0,1,NA,1,0,0,0,0
"carreca01","Cam Carreon","Cam","Carreon","R","R",1145,1060,273,2,79,0.258,0.31,3,3,-1.94,0.13
"carreez01","Ezequiel Carrera","Ezequiel","Carrera","L","L",1548,1384,384,25,145,0.277,0.351,14,5,7.01,7.22
"carrejo01","Joel Carreno","Joel","Carreno","R","R",1,0,0,0,1,NA,1,0,0,0,0
"carrema01","Mark Carreon","Mark","Carreon","R","L",2252,2091,570,58,125,0.273,0.317,19,17,2.7,2.41
"carrice01","Cesar Carrillo","Cesar","Carrillo","R","R",28,25,6,1,3,0.24,0.321,0,0,0.12,0.13
"carrido01","Don Carrithers","Don","Carrithers","R","R",135,124,33,0,10,0.266,0.319,0,1,0.54,0.33
"carrobr01","Brett Carroll","Brett","Carroll","R","R",568,505,126,11,50,0.25,0.329,11,2,3.27,3.06
"carrocl02","Clay Carroll","Clay","Carroll","R","R",190,172,39,2,18,0.227,0.3,0,0,0.48,0.44
"carroco02","Corbin Carroll","Corbin","Carroll","L","L",1423,1211,337,46,153,0.278,0.374,42,17,11.74,12.88
"carroja01","Jamey Carroll","Jamey","Carroll","R","R",4253,3717,1034,38,470,0.278,0.362,37,29,23.74,19.61
"carrosc02","Scott Carroll","Scott","Carroll","R","R",1,0,0,0,1,NA,1,0,0,0,0
"carroto02","Tom Carroll","Tom","Carroll","L","R",33,30,7,0,3,0.233,0.303,0,0,0.04,0.04
"carsoma01","Matt Carson","Matt","Carson","R","R",399,363,104,12,31,0.287,0.341,1,4,2.19,2.03
"carsoro01","Robert Carson","Robert","Carson","L","L",24,20,6,0,4,0.3,0.417,0,0,0.09,0.08
"cartech01","Chris Carter","Chris","Carter","L","L",341,308,87,8,31,0.282,0.349,1,1,1.42,1.4
"cartech02","Chris Carter","Chris","Carter","R","R",2928,2479,640,151,394,0.258,0.362,26,29,10.97,11.05
"carteev01","Evan Carter","Evan","Carter","L","R",160,134,37,5,21,0.276,0.375,2,3,2.93,2.35
"cartega01","Gary Carter","Gary","Carter","R","R",9192,8106,2200,356,919,0.271,0.347,68,99,72.17,71.17
"cartejo01","Joe Carter","Joe","Carter","R","R",7565,6998,1822,304,407,0.26,0.304,74,86,22.39,20.65
"cartela01","Larry Carter","Larry","Carter","R","R",12,10,2,0,1,0.2,0.333,1,0,0.01,0.01
"cartela02","Lance Carter","Lance","Carter","R","R",13,9,2,0,4,0.222,0.462,0,0,0.07,0.06
"cartyri01","Rico Carty","Rico","Carty","R","R",6553,5798,1763,197,688,0.304,0.376,13,54,34.67,36.45
"carusmi01","Mike Caruso","Mike","Caruso","L","R",1062,1009,261,2,39,0.259,0.292,10,4,0.53,-0.42
"carvama01","Marcos Carvajal","Marcos","Carvajal","R","R",39,34,10,1,5,0.294,0.385,0,0,0.41,0.39
"carych01","Chuck Cary","Chuck","Cary","L","L",1,0,0,0,1,NA,1,0,0,0,0.01
"casalcu01","Curt Casali","Curt","Casali","R","R",1877,1614,425,49,227,0.263,0.361,26,10,12.97,10.58
"casalje01","Jerry Casale","Jerry","Casale","R","R",160,147,33,3,13,0.224,0.288,0,0,0.32,0.24
"casanpa01","Paul Casanova","Paul","Casanova","R","R",2652,2526,552,32,97,0.219,0.248,8,21,-1.8,-1.64
"casastr01","Triston Casas","Triston","Casas","L","R",792,662,175,34,123,0.264,0.38,3,4,3.74,3.65
"casege01","George Case","George","Case","R","R",5412,5070,1355,29,321,0.267,0.314,21,0,12.9,9.89
"caseyhu01","Hugh Casey","Hugh","Casey","R","R",128,118,26,0,10,0.22,0.281,0,0,-0.07,-0.2
"caseyse01","Sean Casey","Sean","Casey","L","R",5524,4945,1457,88,479,0.295,0.362,61,39,19.69,18.01
"cashda01","Dave Cash","Dave","Cash","R","R",6181,5656,1630,46,476,0.288,0.344,18,31,28.54,26.95
"cashke01","Kevin Cash","Kevin","Cash","R","R",474,419,101,9,48,0.241,0.321,3,4,1.17,1.39
"cashnan01","Andrew Cashner","Andrew","Cashner","R","R",565,513,128,10,51,0.25,0.317,0,1,4.55,4.1
"cashno01","Norm Cash","Norm","Cash","L","L",8020,6828,1842,303,1054,0.27,0.372,85,53,46.51,48.89
"casilal01","Alexi Casilla","Alexi","Casilla","B","R",2148,1929,519,30,189,0.269,0.335,11,19,7.93,7.21
"caskecr01","Craig Caskey","Craig","Caskey","B","L",1,0,0,0,1,NA,1,0,0,0.01,0.01
"cassebo01","Bobby Cassevah","Bobby","Cassevah","R","R",1,0,0,0,1,NA,1,0,0,0.01,0.01
"casseja01","Jack Cassel","Jack","Cassel","R","R",109,99,26,2,10,0.263,0.33,0,0,0.44,0.47
"cassisc01","Scott Cassidy","Scott","Cassidy","R","R",37,31,11,0,6,0.355,0.459,0,0,0.3,0.26
"castada01","Daniel Castano","Daniel","Castano","L","L",57,52,13,1,5,0.25,0.316,0,0,0.19,0.12
"casteal01","Alex Castellanos","Alex","Castellanos","R","R",76,69,17,2,5,0.246,0.303,1,1,0.16,0.21
"castehu01","Humberto Castellanos","Humberto","Castellanos","R","R",67,60,18,3,6,0.3,0.358,0,1,0.59,0.56
"casteni01","Nick Castellanos","Nick","Castellanos","R","R",6948,6286,1815,191,552,0.289,0.349,56,54,26.76,26.53
"castery01","Ryan Castellani","Ryan","Castellani","R","R",17,15,5,0,2,0.333,0.412,0,0,0.01,0.01
"castial01","Alberto Castillo","Alberto","Castillo","R","R",1492,1343,297,11,132,0.221,0.292,6,11,0.95,1.35
"castial02","Alberto Castillo","Alberto","Castillo","L","L",8,6,2,0,2,0.333,0.5,0,0,0.04,0.04
"castibo01","Bobby Castillo","Bobby","Castillo","R","R",42,35,12,0,7,0.343,0.452,0,0,0.13,0.12
"castica01","Carmelo Castillo","Carmelo","Castillo","R","R",1251,1148,302,43,85,0.263,0.317,10,8,3.01,2.43
"castica02","Carlos Castillo","Carlos","Castillo","R","R",1,0,0,0,1,NA,1,0,0,0.01,0.01
"castidi01","Diego Castillo","Diego","Castillo","R","R",45,40,10,1,5,0.25,0.333,0,0,0.32,0.33
"castidi02","Diego Castillo","Diego","Castillo","R","R",343,307,73,11,22,0.238,0.294,6,8,-0.04,0.36
"castier01","Erick Castillo","Erick","Castillo","R","R",72,64,18,1,8,0.281,0.361,0,0,0.33,0.3
"castifa01","Fabio Castillo","Fabio","Castillo","R","R",2,1,0,0,1,0,0.5,0,0,0.01,0.01
"castifr01","Frank Castillo","Frank","Castillo","R","R",84,82,16,0,1,0.195,0.202,0,1,-0.8,-0.73
"castiiv01","Ivan Castillo","Ivan","Castillo","B","R",53,46,14,1,7,0.304,0.396,0,0,0.19,0.27
"castijo01","John Castino","John","Castino","R","R",2680,2442,670,58,220,0.274,0.334,5,13,18.12,15.07
"castijo02","Jose Castillo","Jose","Castillo","R","R",1646,1511,386,32,115,0.255,0.309,8,12,2.96,2.58
"castijo03","José Castillo","Jose","Castillo","L","L",23,19,5,0,4,0.263,0.391,0,0,0.54,0.57
"castiju02","Juan Castillo","Juan","Castillo","R","R",7,6,2,0,1,0.333,0.429,0,0,0,0
"castile01","Lendy Castillo","Lendy","Castillo","B","R",6,5,1,0,1,0.2,0.333,0,0,0.04,0.03
"castilu01","Luis Castillo","Luis","Castillo","B","R",7287,6445,1870,38,804,0.29,0.369,12,26,31.37,30.36
"castilu02","Luis Castillo","Luis","Castillo","R","R",492,456,96,4,36,0.211,0.268,0,0,1.59,1.49
"castima01","Manny Castillo","Manny","Castillo","B","R",8,7,3,0,1,0.429,0.5,0,0,0.01,0.01
"castima02","Marty Castillo","Marty","Castillo","R","R",388,359,84,8,28,0.234,0.289,0,1,0.26,0.38
"castipe01","Pete Castiglione","Pete","Castiglione","R","R",1672,1595,393,18,74,0.246,0.281,3,0,-0.47,-1.9
"castiru02","Rusney Castillo",NA,NA,NA,NA,461,420,116,11,38,0.276,0.338,2,1,3.43,2.86
"castito01","Tony Castillo","Tony","Castillo","R","R",9,8,2,0,1,0.25,0.333,0,0,0,0
"castivi02","Vinny Castilla","Vinny","Castilla","R","R",6965,6466,1600,201,376,0.247,0.292,57,66,18.2,18.6
"castiwe01","Welington Castillo","Welington","Castillo","R","R",2898,2584,710,86,261,0.275,0.347,35,18,18.13,10.09
"castiwi01","Wilkin Castillo","Wilkin","Castillo","B","R",141,130,36,2,11,0.277,0.333,0,0,0.3,0.32
"castlsl01","Slick Castleman","Slick","Castleman","R","R",5,4,1,0,1,0.25,0.4,0,0,0,0.01
"castran01","Angel Castro","Angel","Castro","R","R",1,0,0,0,1,NA,1,0,0,0.01,0
"castrbe01","Bernie Castro","Bernie","Castro","B","R",337,303,81,3,34,0.267,0.341,0,0,0.44,0.59
"castrda01","Daniel Castro","Daniel","Castro","R","R",483,447,116,8,36,0.26,0.315,0,0,1.69,1.33
"castrfa01","Fabio Castro","Fabio","Castro","L","L",32,28,8,0,4,0.286,0.375,0,0,0.06,0.06
"castrha01","Harold Castro","Harold","Castro","L","R",1368,1268,377,16,84,0.297,0.339,3,13,3.09,3.61
"castrja01","Jason Castro","Jason","Castro","L","R",3597,3117,821,91,433,0.263,0.356,28,19,19.22,22.18
"castrju01","Juan Castro","Juan","Castro","R","R",3199,2981,684,31,196,0.229,0.275,1,21,-5.12,-4.53
"castrke01","Kervin Castro","Kervin","Castro","R","R",9,8,2,0,1,0.25,0.333,0,0,0.03,0.03
"castrmi01","Miguel Castro","Miguel","Castro","R","R",49,41,11,0,8,0.268,0.388,0,0,0.22,0.2
"castrra01","Ramon Castro","Ramon","Castro","R","R",1868,1662,431,73,192,0.259,0.336,4,10,7.63,8.71
"castrro01","Rodolfo Castro","Rodolfo","Castro","B","R",791,701,173,22,71,0.247,0.327,15,4,1.72,1.35
"castrsi01","Simon Castro","Simon","Castro","R","R",13,10,4,0,3,0.4,0.538,0,0,0.06,0.06
"castrst01","Starlin Castro","Starlin","Castro","R","R",6614,6035,1771,130,494,0.293,0.348,38,47,29.05,28.29
"castrwi01","Willi Castro","Willi","Castro","B","R",2494,2208,607,41,192,0.275,0.349,72,22,9.6,11.54
"catalfr01","Frank Catalanotto","Frank","Catalanotto","L","R",3801,3372,960,53,340,0.285,0.359,65,24,17.26,15.37
"caterda01","Danny Cater","Danny","Cater","R","R",5027,4755,1346,55,214,0.283,0.315,22,36,2.29,1.43
"catetr01","Troy Cate","Troy","Cate","L","L",15,13,4,0,2,0.308,0.4,0,0,0.03,0.03
"catheha01","Hardin Cathey","Hardin","Cathey","R","R",6,5,1,0,1,0.2,0.333,0,0,0.01,0.01
"catoke01","Keefe Cato","Keefe","Cato","R","R",1,0,0,0,1,NA,1,0,0,0,0
"caudibi01","Bill Caudill","Bill","Caudill","R","R",44,37,11,0,7,0.297,0.409,0,0,0.09,0.1
"causewa01","Wayne Causey","Wayne","Causey","L","R",2666,2351,605,8,285,0.257,0.338,12,18,4.75,4.46
"cavarph01","Phil Cavarretta","Phil","Cavarretta","L","L",7905,7123,1977,128,744,0.278,0.349,37,1,30.83,27.41
"cavazan01","Andy Cavazos","Andy","Cavazos","R","R",7,6,2,0,1,0.333,0.429,0,0,0.04,0.03
"caveja01","Jake Cave","Jake","Cave","L","L",1692,1519,399,37,136,0.263,0.329,22,15,7.36,7.55
"ceasedy01","Dylan Cease","Dylan","Cease","R","R",68,63,20,1,5,0.317,0.368,0,0,0.24,0.35
"cecchga01","Garin Cecchini","Garin","Cecchini","L","R",128,113,30,4,13,0.265,0.352,2,0,0.79,0.74
"cecchga02","Gavin Cecchini","Gavin","Cecchini","R","R",212,193,53,3,17,0.275,0.34,2,0,-0.97,0.65
"cecilbr01","Brett Cecil","Brett","Cecil","R","L",104,89,24,2,15,0.27,0.375,0,0,1.1,1.09
"cecilda01","Darrell Ceciliani","Darrell","Ceciliani","L","L",284,257,64,6,24,0.249,0.32,3,0,1.71,0.66
"cedajo01","Jose Ceda","Jose","Ceda","R","R",29,26,7,1,3,0.269,0.345,0,0,0.27,0.3
"cedenan01","Andujar Cedeno","Andujar","Cedeno","R","R",1518,1390,349,22,105,0.251,0.31,16,7,0.72,1.22
"cedence01","Cesar Cedeno","Cesar","Cedeno","R","R",8312,7462,2203,255,723,0.295,0.359,56,71,56.36,52.11
"cedenro01","Roger Cedeno","Roger","Cedeno","B","R",1913,1716,480,7,178,0.28,0.348,8,11,2.21,0.55
"cedenro02","Ronny Cedeno","Ronny","Cedeno","R","R",2982,2724,727,52,231,0.267,0.326,15,12,9.33,9.41
"cedenxa01","Xavier Cedeño","Xavier","Cedeno","L","L",63,54,17,0,9,0.315,0.413,0,0,0.3,0.3
"celesgi01","Gilberto Celestino","Gilberto","Celestino","R","L",544,487,127,5,53,0.261,0.338,4,0,0.87,-0.38
"centeju01","Juan Centeno","Juan","Centeno","L","R",663,601,156,12,61,0.26,0.329,1,0,1.7,-0.11
"centepe01","Pete Center","Pete","Center","R","R",1,0,0,0,1,NA,1,0,0,0,0
"cepedor01","Orlando Cepeda","Orlando","Cepeda","R","R",8877,8120,2466,340,581,0.304,0.355,102,74,50.72,49.58
"cerdaja01","Jaime Cerda","Jaime","Cerda","L","L",10,9,2,0,1,0.222,0.3,0,0,0,0.01
"ceronri01","Rick Cerone","Rick","Cerone","R","R",4548,4113,1043,75,368,0.254,0.316,24,43,13.05,13.64
"cerroju01","Juan Cerros","Juan","Cerros","R","R",5,4,1,0,1,0.25,0.4,0,0,0.02,0.01
"cervbo01","Bob Cerv","Bob","Cerv","R","R",2717,2496,677,86,185,0.271,0.323,16,20,8.42,9.15
"cervefr01","Francisco Cervelli","Francisco","Cervelli","R","R",2952,2534,720,54,346,0.284,0.38,55,17,20.73,23.98
"cervehu01","Hunter Cervenka","Hunter","Cervenka","L","L",18,15,5,0,3,0.333,0.444,0,0,0.11,0.1
"cervemi01","Mike Cervenak","Mike","Cervenak","R","R",62,57,15,1,5,0.263,0.323,0,0,0.14,0.11
"cespeyo01","Yoenis Céspedes","Yoenis","Cespedes","R","R",3572,3190,933,166,323,0.292,0.36,31,28,25.72,25.47
"cessalu01","Luis Cessa","Luis","Cessa","R","R",44,38,10,0,6,0.263,0.364,0,0,0.06,0.05
"ceyro01","Ron Cey","Ron","Cey","R","R",8479,7266,1945,307,1069,0.268,0.363,62,82,57.22,58.83
"chacial01","Alejandro Chacin","Alejandro","Chacin","R","R",7,6,2,0,1,0.333,0.429,0,0,0.03,0.03
"chacigu01","Gustavo Chacin","Gustavo","Chacin","L","L",65,59,15,2,6,0.254,0.323,0,0,0.13,0.12
"chacijh01","Jhoulys Chacín","Jhoulys","Chacin","R","R",1005,922,237,13,80,0.257,0.316,1,2,6,5.69
"chacoel01","Elio Chacon","Elio","Chacon","R","R",664,556,127,3,104,0.228,0.352,3,1,1.86,1.37
"chacosh01","Shawn Chacon","Shawn","Chacon","R","R",456,422,96,5,34,0.227,0.285,0,0,1.99,1.79
"chafian01","Andrew Chafin","Andrew","Chafin","R","L",142,125,35,2,17,0.28,0.366,0,0,1.28,1.27
"chakabo01","Bob Chakales","Bob","Chakales","R","R",69,63,19,0,6,0.302,0.362,0,0,0.43,0.46
"chalkda01","Dave Chalk","Dave","Chalk","R","R",3230,2857,759,34,311,0.266,0.342,35,27,12.55,10.39
"chambad01","Adron Chambers","Adron","Chambers","L","L",234,209,57,3,24,0.273,0.35,1,0,1.35,1.19
"chambch01","Chris Chambliss","Chris","Chambliss","L","R",8613,7805,2201,200,725,0.282,0.343,27,56,31.86,31.56
"chambcl01","Cliff Chambers","Cliff","Chambers","L","L",347,330,80,3,17,0.242,0.28,0,0,1.62,1.4
"chambji01","Jim Chamblee","Jim","Chamblee","R","R",16,14,3,0,2,0.214,0.312,0,0,0,0.01
"chambjo03","Joba Chamberlain","Joba","Chamberlain","R","R",90,75,22,2,15,0.293,0.411,0,0,0.23,0.24
"chancfr01","Frank Chance","Frank","Chance","R","R",4931,4358,1121,42,446,0.257,0.344,127,0,22.92,24.32
"chandsp01","Spud Chandler","Spud","Chandler","R","R",665,636,139,9,25,0.219,0.253,4,0,0.27,0.39
"chaneda01","Darrel Chaney","Darrel","Chaney","B","R",2109,1866,447,24,229,0.24,0.321,2,12,2.6,2.63
"changyu01","Yu Chang","Yu","Chang","R","R",770,685,167,17,66,0.244,0.321,14,5,2.32,2.3
"chapmar01","Aroldis Chapman","Aroldis","Chapman","L","L",122,105,31,2,17,0.295,0.393,0,0,2.2,2.06
"chapmbe01","Ben Chapman","Ben","Chapman","R","R",7277,6477,1823,115,774,0.281,0.36,26,0,35.28,34.02
"chapmja02","Jaye Chapman","Jaye","Chapman","R","R",6,5,1,0,1,0.2,0.333,0,0,0.04,0.04
"chapmke01","Kelvin Chapman","Kelvin","Chapman","R","R",387,350,92,5,31,0.263,0.328,4,2,0.66,0.84
"chapmke02","Kevin Chapman","Kevin","Chapman","L","L",2,1,0,0,1,0,0.5,0,0,0.01,0.01
"chapmma01","Matt Chapman","Matt","Chapman","R","R",4501,3871,1047,165,528,0.27,0.365,69,33,40.81,36.63
"chapmra01","Ray Chapman","Ray","Chapman","R","R",3832,3534,760,14,282,0.215,0.276,16,0,9.08,12.02
"chapmsa01","Sam Chapman","Sam","Chapman","R","R",5183,4749,1186,182,423,0.25,0.313,11,0,11.62,12.56
"chappha01","Harry Chappas","Harry","Chappas","B","R",188,164,43,2,18,0.262,0.34,3,3,0.78,0.55
"charbjo01","Joe Charboneau","Joe","Charboneau","R","R",774,688,189,32,74,0.275,0.345,4,8,3.38,3.34
"chargjt01","JT Chargois","J. T.","Chargois","B","R",51,45,12,1,6,0.267,0.353,0,0,0.92,0.93
"charled01","Ed Charles","Ed","Charles","R","R",3992,3603,913,62,330,0.253,0.318,28,31,13.84,14.7
"chartmi01","Mike Chartak","Mike","Chartak","L","L",841,749,172,30,89,0.23,0.314,3,0,0.27,0.6
"chaseke01","Ken Chase","Ken","Chase","L","L",89,82,16,0,7,0.195,0.258,0,0,-1.02,-0.83
"chatwty01","Tyler Chatwood","Tyler","Chatwood","R","R",656,599,157,10,57,0.262,0.326,0,0,4.28,4.19
"chaveen01","Endy Chavez","Endy","Chavez","L","L",3549,3278,906,39,250,0.276,0.326,2,19,14.36,13.67
"chaveer01","Eric Chavez","Eric","Chavez","L","R",6486,5733,1556,215,683,0.271,0.348,15,55,41.88,39.73
"chaveje01","Jesse Chavez","Jesse","Chavez","R","R",325,289,82,6,36,0.284,0.363,0,0,1.95,1.95
"chavene01","Nestor Chavez","Nestor","Chavez","R","R",0,0,0,0,0,NA,NA,0,0,0,0
"chavera01","Raul Chavez","Raul","Chavez","R","R",999,925,233,14,69,0.252,0.305,3,2,2.45,1.54
"chavimi01","Michael Chavis","Michael","Chavis","R","R",1503,1371,361,39,110,0.263,0.321,11,11,4.23,3.19
"cheliit01","Italo Chelini","Italo","Chelini","L","L",1,0,0,0,1,NA,1,0,0,0,0
"chenbr01","Bruce Chen","Bruce","Chen","L","L",115,105,32,2,10,0.305,0.365,0,0,0.4,0.45
"cheneto01","Tom Cheney","Tom","Cheney","R","R",23,21,5,0,2,0.238,0.304,0,0,0.14,0.05
"chenwe02","Wei Yin Chen","Wei-Yin","Chen","R","L",387,353,85,6,34,0.241,0.307,0,0,1.69,1.56
"cherrro01","Rocky Cherry","Rocky","Cherry","R","R",15,13,4,0,2,0.308,0.4,0,0,0.03,0.03
"chesnbo01","Bob Chesnes","Bob","Chesnes","B","R",238,223,58,3,15,0.26,0.307,0,0,1.84,1.76
"chiassc01","Scott Chiasson","Scott","Chiasson","R","R",3,2,1,0,1,0.5,0.667,0,0,0.01,0.01
"chicoma01","Matt Chico","Matt","Chico","L","L",182,168,38,2,14,0.226,0.286,0,0,0.63,0.6
"chifffl01","Floyd Chiffer","Floyd","Chiffer","R","R",8,6,2,0,2,0.333,0.5,0,0,0.04,0.04
"childcu01","Cupid Childs","Cupid","Childs","L","R",4721,4094,976,8,591,0.238,0.34,36,0,12.7,13.15
"childma01","Matt Childers","Matt","Childers","R","R",9,8,2,0,1,0.25,0.333,0,0,0.01,0.01
"childro01","Rocky Childress","Rocky","Childress","R","R",6,5,1,0,1,0.2,0.333,0,0,0.01,0
"chileri01","Rich Chiles","Rich","Chiles","L","L",554,489,131,6,51,0.268,0.336,4,10,0.74,0.67
"chiozdi01","Dino Chiozza","Dino","Chiozza","L","R",0,0,0,0,0,NA,NA,0,0,0,0
"chipmbo01","Bob Chipman","Bob","Chipman","L","L",209,202,39,0,7,0.193,0.22,0,0,-4.39,-3.56
"chiriro01","Robinson Chirinos","Robinson","Chirinos","R","R",2734,2343,605,84,299,0.258,0.357,73,19,18.74,9.63
"chiriyo01","Yonny Chirinos","Yonny","Chirinos","R","R",15,13,4,0,2,0.308,0.4,0,0,0,0
"chiselo01","Lonnie Chisenhall","Lonnie","Chisenhall","L","R",2533,2277,640,65,221,0.281,0.348,21,14,14.87,13.56
"chishja01","Jazz Chisholm Jr","Jazz","Chisholm","L","R",1938,1734,471,70,170,0.272,0.341,19,15,11.3,13
"chismto01","Tom Chism","Tom","Chism","L","L",3,2,0,0,1,0,0.333,0,0,0,0
"chitiha01","Harry Chiti","Harry","Chiti","R","R",1923,1787,417,39,116,0.233,0.281,7,13,-1.49,0.0299999999999998
"chittne01","Nelson Chittum","Nelson","Chittum","R","R",5,4,1,0,1,0.25,0.4,0,0,0.01,0.01
"choatra01","Randy Choate","Randy","Choate","L","L",118,98,28,1,20,0.286,0.407,0,0,1.43,1.34
"choicmi01","Michael Choice","Michael","Choice","R","R",377,334,88,11,37,0.263,0.34,3,3,1.15,-1.67
"choihe01","Hee Seop Choi","Hee-Seop","Choi","L","L",1012,852,212,30,136,0.249,0.36,16,8,4.18,4.05
"choiji01","Ji Man Choi","Ji-Man","Choi","L","R",2245,1883,509,64,321,0.27,0.377,17,24,10.26,10.25
"choosh01","Shin Soo Choo","Shin-Soo","Choo","L","L",7435,6238,1769,197,1005,0.284,0.394,152,40,44.29,44.35
"chourja01","Jackson Chourio","Jackson","Chourio","R","R",582,529,160,16,48,0.302,0.363,3,2,4.25,4.55
"chrisbr01","Bruce Christensen","Bruce","Christensen","L","R",84,77,22,0,7,0.286,0.345,0,0,0.37,0.2
"chrisja01","Jason Christiansen","Jason","Christiansen","R","L",27,23,7,0,4,0.304,0.407,0,0,0.1,0.11
"chrisjo01","Joe Christopher","Joe","Christopher","R","R",1103,991,281,17,90,0.284,0.347,12,10,1.61,1.94
"chrisju01","Justin Christian","Justin","Christian","R","R",282,257,62,3,25,0.241,0.309,0,0,1.47,0.85
"chrisla01","Larry Christenson","Larry","Christenson","R","R",366,330,75,10,35,0.227,0.301,0,1,2.52,2.36
"chrisll01","Lloyd Christenbury","Lloyd","Christenbury","L","R",444,389,93,7,52,0.239,0.333,3,0,-1.25,-1.1
"chrismc01","McKay Christensen","McKay","Christensen","L","L",27,24,6,0,3,0.25,0.333,0,0,0.21,0.2
"chrismi01","Mike Chris","Mike","Chris","L","L",6,4,1,0,1,0.25,0.333,0,1,0.01,0.01
"chrisni01","Nick Christiani","Nick","Christiani","R","R",20,17,4,0,3,0.235,0.35,0,0,0.06,0.06
"chulkvi01","Vinnie Chulk","Vinnie","Chulk","R","R",62,53,17,1,9,0.321,0.419,0,0,0.66,0.63
"churcbu01","Bubba Church","Bubba","Church","R","R",184,179,44,2,5,0.246,0.266,0,0,0.72,0.43
"churcle01","Len Church","Len","Church","B","R",1,0,0,0,1,NA,1,0,0,0,0
"churcry01","Ryan Church","Ryan","Church","L","L",2056,1811,506,55,207,0.279,0.359,25,13,12.73,12.73
"churnch01","Chuck Churn","Chuck","Churn","R","R",1,0,0,0,1,NA,1,0,0,0,0
"ciasda01","Darryl Cias","Darryl","Cias","R","R",19,17,5,0,2,0.294,0.368,0,0,0.02,0.02
"cimbead01","Adam Cimber","Adam","Cimber","R","R",96,86,21,2,10,0.244,0.323,0,0,1.08,1.07
"cimolgi01","Gino Cimoli","Gino","Cimoli","R","R",1994,1842,496,23,131,0.269,0.319,10,11,4.26,4.62
"cingrto01","Tony Cingrani","Tony","Cingrani","L","L",243,218,59,4,25,0.271,0.346,0,0,2.64,2.51
"cintral01","Alex Cintron","Alex","Cintron","B","R",2086,1925,520,27,139,0.27,0.32,8,14,1.34,1.55
"ciriape01","Pedro Ciriaco","Pedro","Ciriaco","R","R",936,860,243,14,68,0.283,0.337,4,4,5.09,4.7
"cirilje01","Jeff Cirillo","Jeff","Cirillo","R","R",6228,5546,1552,68,556,0.28,0.349,67,59,34.82,32.5
"ciscoga01","Galen Cisco","Galen","Cisco","R","R",46,41,10,0,5,0.244,0.326,0,0,0.38,0.24
"cishest01","Steve Cishek","Steve","Cishek","R","R",185,162,45,2,23,0.278,0.368,0,0,2.19,2.12
"cisnejo01","José Cisnero","Jose","Cisnero","R","R",22,19,6,0,3,0.316,0.409,0,0,0.05,0.04
"citarra01","Ralph Citarella","Ralph","Citarella","R","R",1,0,0,0,1,NA,1,0,0,0,0.01
"ciuffni01","Nick Ciuffo","Nick","Ciuffo","L","R",155,139,36,3,14,0.259,0.329,1,1,0.38,0.31
"civalaa01","Aaron Civale","Aaron","Civale","R","R",32,29,9,1,3,0.31,0.375,0,0,0.06,0.07
"claggan01","Anthony Claggett","Anthony","Claggett","B","R",1,0,0,0,1,NA,1,0,0,0.01,0.01
"claibpr01","Preston Claiborne","Preston","Claiborne","R","R",20,17,6,0,3,0.353,0.45,0,0,0.05,0.04
"clappjo01","John Clapp","John","Clapp","R","R",3006,2688,595,8,318,0.221,0.304,0,0,8.36,2.65
"claredo01","Doug Clarey","Doug","Clarey","R","R",5,4,1,0,1,0.25,0.4,0,0,0.01,0.01
"clarkal01","Allie Clark","Allie","Clark","R","R",510,479,143,14,31,0.299,0.341,0,0,1.19,1.44
"clarkbo04","Bobby Clark","Bobby","Clark","R","R",759,706,179,19,49,0.254,0.303,2,2,2.03,2.06
"clarkbr01","Bryan Clark","Bryan","Clark","L","L",0,0,0,0,0,NA,NA,0,0,0,0
"clarkbr02","Brady Clark","Brady","Clark","R","R",2460,2142,598,32,246,0.279,0.365,54,18,7.31,7.57
"clarkda01","Dad Clarke","Dad","Clarke","B","R",4,3,1,0,1,0.333,0.5,0,0,0.01,0.01
"clarkda05","Dave Clark","Dave","Clark","L","R",1717,1536,402,46,166,0.262,0.332,2,13,-1.05,-0.45
"clarkda06","Darren Clarke","Darren","Clarke","R","R",2,1,0,0,1,0,0.5,0,0,0.01,0.01
"clarkdo01","Doug Clark","Doug","Clark","L","R",44,40,10,1,4,0.25,0.318,0,0,0.15,0.11
"clarkfr01","Fred Clarke","Fred","Clarke","L","R",8381,7743,1965,47,512,0.254,0.311,126,0,24.82,29.53
"clarkho01","Horace Clarke","Horace","Clarke","B","R",4855,4528,1213,13,297,0.268,0.313,10,20,11.97,9.33
"clarkho02","Howie Clark","Howie","Clark","L","R",636,568,156,6,61,0.275,0.347,4,3,2.32,1.34
"clarkja01","Jack Clark","Jack","Clark","R","R",8455,7004,1905,365,1344,0.272,0.387,24,83,56.52,53.57
"clarkje01","Jerald Clark","Jerald","Clark","R","R",1773,1660,404,37,82,0.243,0.286,21,10,1.43,3.66
"clarkje02","Jermaine Clark","Jermaine","Clark","L","R",0,0,0,0,0,NA,NA,0,0,0,0.01
"clarkma02","Matt Clark","Matt","Clark","L","R",81,71,19,5,8,0.268,0.333,0,2,0.38,0.28
"clarkme01","Mel Clark","Mel","Clark","R","R",798,768,217,2,27,0.283,0.308,2,1,1.53,1.6
"clarkpe01","Harry Clark","Harry","Clark","R","R",58,57,15,0,0,0.263,0.276,1,0,0.22,0.07
"clarkph01","Phil Clark","Phil","Clark","R","R",1,0,0,0,1,NA,1,0,0,0,0
"clarkph02","Phil Clark","Phil","Clark","R","R",510,478,134,11,19,0.28,0.316,8,5,1.19,1.58
"clarkta01","Taylor Clarke","Taylor","Clarke","R","R",139,127,36,3,12,0.283,0.345,0,0,1.25,1.1
"clarkte01","Terry Clark","Terry","Clark","R","R",2,1,0,0,1,0,0.5,0,0,0,0
"clarkto02","Tony Clark","Tony","Clark","B","R",5321,4721,1214,189,539,0.257,0.333,21,40,15.44,15.96
"clarkwi02","Will Clark","Will","Clark","L","L",8462,7369,2214,252,933,0.3,0.379,59,101,55.26,51.44
"claryel01","Ellis Clary","Ellis","Clary","R","R",791,677,172,1,110,0.254,0.362,4,0,1.82,1.94
"claryma01","Marty Clary","Marty","Clary","R","R",1,0,0,0,1,NA,1,0,0,0,0
"claseem01","Emmanuel Clase","Emmanuel","Clase","R","R",8,6,2,0,2,0.333,0.5,0,0,0.04,0.04
"clasego01","Gowell Claset","Gowell","Claset","B","L",2,1,0,0,1,0,0.5,0,0,0.01,0.01
"claudal01","Alex Claudio","Alex","Claudio","L","L",40,34,12,0,6,0.353,0.45,0,0,0.21,0.19
"clausbr01","Brandon Claussen","Brandon","Claussen","R","L",27,24,6,0,3,0.25,0.333,0,0,0.04,0.04
"claysa01","Sam Clay","Sam","Clay","L","L",42,38,10,1,4,0.263,0.333,0,0,0.64,0.55
"claytro01","Royce Clayton","Royce","Clayton","R","R",8118,7474,1850,63,537,0.248,0.3,45,62,22.82,20.7
"cleavga01","Garrett Cleavinger","Garrett","Cleavinger","R","L",46,42,13,1,4,0.31,0.37,0,0,0.47,0.46
"clemeer01","Ernie Clement","Ernie","Clement","R","R",891,816,225,14,60,0.276,0.33,9,6,5.51,2.62
"clemeja01","Jack Clements","Jack","Clements","L","L",2672,2537,623,109,92,0.246,0.284,43,0,2.03,6.07
"clemeje01","Jeff Clement","Jeff","Clement","L","R",614,553,143,20,53,0.259,0.329,6,2,1.7,2.04
"clemeko01","Kody Clemens","Kody","Clemens","L","R",320,290,68,8,23,0.234,0.294,3,4,0.71,0.75
"clemepa01","Pat Clements","Pat","Clements","R","L",3,2,1,0,1,0.5,0.667,0,0,0.01,0.01
"clemepa02","Paul Clemens","Paul","Clemens","R","R",81,73,14,1,8,0.192,0.272,0,0,0.29,0.27
"clemero01","Roberto Clemente","Roberto","Clemente","R","R",10031,9319,2998,267,616,0.322,0.364,33,63,92.09,79.16
"clemero02","Roger Clemens","Roger","Clemens","R","R",449,405,92,3,41,0.227,0.301,2,1,1.52,1.58
"clemola01","Lance Clemons","Lance","Clemons","L","L",8,7,3,0,1,0.429,0.5,0,0,0.03,0.02
"clemove01","Verne Clemons","Verne","Clemons","R","R",637,586,138,1,51,0.235,0.297,0,0,-1.51,-1.73
"clenddo01","Donn Clendenon","Donn","Clendenon","R","R",5161,4713,1323,171,381,0.281,0.334,21,46,20.16,20.97
"cletoma01","Maikel Cleto","Maikel","Cleto","R","R",44,38,11,0,6,0.289,0.386,0,0,0.04,0.05
"clevere01","Reggie Cleveland","Reggie","Cleveland","R","R",280,263,62,2,15,0.236,0.279,1,1,0.37,0.59
"clevest01","Steve Clevenger","Steve","Clevenger","L","R",895,808,218,14,86,0.27,0.341,1,0,2.72,2.24
"clevimi01","Mike Clevinger","Mike","Clevinger","R","R",25,22,7,1,3,0.318,0.4,0,0,0.02,0.03
"clevlbr01","Brent Clevlen","Brent","Clevlen","R","R",262,238,63,7,24,0.265,0.332,0,0,1.1,1.51
"clibust01","Stan Cliburn","Stan","Cliburn","R","R",54,49,10,2,4,0.204,0.259,0,1,0.13,0.17
"cliftha01","Harlond Clift","Harlond","Clift","R","R",6303,5352,1290,180,914,0.241,0.356,37,0,33.99,30.53
"clinege01","Gene Clines","Gene","Clines","R","R",2683,2448,709,15,202,0.29,0.347,19,14,8.19,7.6
"clintlo01","Lou Clinton","Lou","Clinton","R","R",1612,1488,341,43,114,0.229,0.284,3,7,1.67,1.64
"clippty01","Tyler Clippard","Tyler","Clippard","R","R",237,206,55,5,31,0.267,0.363,0,0,3.48,3.4
"clonito01","Tony Cloninger","Tony","Cloninger","R","R",751,716,162,12,31,0.226,0.26,2,2,3.63,2.82
"clossjd01","JD Closser","JD","Closser","B","R",642,568,143,10,68,0.252,0.335,4,2,1.17,1.27
"cloydty01","Tyler Cloyd","Tyler","Cloyd","R","R",179,158,41,3,21,0.259,0.346,0,0,0.85,0.91
"clydeda01","David Clyde","David","Clyde","L","L",0,0,0,0,0,NA,NA,0,0,0,0
"coangi01","Gil Coan","Gil","Coan","L","R",2507,2365,571,47,123,0.241,0.284,19,0,-0.05,-0.85
"coateji01","Jim Coates","Jim","Coates","R","R",128,123,28,0,3,0.228,0.258,2,0,-0.68,-0.86
"coatsbu01","Buck Coats","Buck","Coats","L","R",203,183,46,4,19,0.251,0.32,0,1,0.89,0.86
"coatsja01","Jason Coats","Jason","Coats","R","R",126,110,29,2,14,0.264,0.357,2,0,0.71,0.55
"cobbal01","Alex Cobb","Alex","Cobb","R","R",133,120,32,3,12,0.267,0.338,1,0,0.35,0.4
"cobbty01","Ty Cobb","Ty","Cobb","L","R",12721,11659,3727,240,971,0.32,0.376,91,0,115,108.95
"cochrmi01","Mickey Cochrane","Mickey","Cochrane","L","R",5691,4895,1342,130,769,0.274,0.376,27,0,38.87,37.95
"coellro01","Robert Coello","Robert","Coello","R","R",3,2,1,0,1,0.5,0.667,0,0,0.02,0.02
"coffeto01","Todd Coffey","Todd","Coffey","R","R",135,120,33,2,15,0.275,0.356,0,0,1.67,1.6
"coffmke01","Kevin Coffman","Kevin","Coffman","R","R",40,35,8,0,4,0.229,0.325,1,0,0.22,0.21
"coggiri01","Rich Coggins","Rich","Coggins","L","L",1069,981,286,16,78,0.292,0.345,5,5,4.95,4.57
"coghlch01","Chris Coghlan","Chris","Coghlan","L","R",3117,2731,759,62,349,0.278,0.363,24,13,9.85,13.05
"cogswed01","Ed Cogswell","Ed","Cogswell","R","R",341,313,86,2,28,0.275,0.334,0,0,-0.93,-0.66
"cohenal01","Alta Cohen","Alta","Cohen","L","L",1,0,0,0,1,NA,1,0,0,0,0
"cohenan01","Andy Cohen","Andy","Cohen","R","R",920,882,188,14,34,0.213,0.246,4,0,-0.64,0.46
"cokeph01","Phil Coke","Phil","Coke","L","L",56,46,13,0,10,0.283,0.411,0,0,0.16,0.15
"cokerji01","Jimmie Coker","Jimmie","Coker","R","R",524,478,120,12,44,0.251,0.313,0,2,0.59,0.76
"colabch01","Chris Colabello","Chris","Colabello","R","R",924,825,230,30,91,0.279,0.354,6,2,2.18,2.66
"colanmi01","Mike Colangelo","Mike","Colangelo","R","R",7,6,2,0,1,0.333,0.429,0,0,0,0
"colavro01","Rocky Colavito","Rocky","Colavito","R","R",7420,6412,1673,287,921,0.261,0.353,28,59,37.51,41.67
"colbemi01","Mike Colbern","Mike","Colbern","R","R",234,217,58,4,13,0.267,0.312,2,2,0.49,0.48
"colbena01","Nate Colbert","Nate","Colbert","R","R",3792,3375,876,185,370,0.26,0.335,23,24,15.73,17.12
"colbrgr01","Greg Colbrunn","Greg","Colbrunn","R","R",3305,3064,849,76,166,0.277,0.322,49,26,3.63,5.6
"coleaj01","A J  Cole","A. J.","Cole","R","R",206,185,50,6,21,0.27,0.345,0,0,1.21,1.29
"coleal01","Alex Cole","Alex","Cole","L","L",2064,1830,495,8,219,0.27,0.349,7,8,3.73,2.96
"coleda01","Dave Cole","Dave","Cole","R","R",23,20,7,1,3,0.35,0.435,0,0,-0.03,-0.01
"colege01","Gerrit Cole","Gerrit","Cole","R","R",616,567,146,11,48,0.257,0.317,1,0,3.3,3.24
"coleki01","King Cole","King","Cole","R","R",4,4,1,0,0,0.25,0.25,0,0,0.01,0.01
"colemca01","Casey Coleman","Casey","Coleman","L","R",166,152,40,3,14,0.263,0.325,0,0,1.04,0.92
"colemch01","Choo Choo Coleman","Choo-Choo","Coleman","L","R",540,490,104,6,43,0.212,0.283,6,1,-0.69,-1.25
"colemdu01","Dusty Coleman","Dusty","Coleman","R","R",199,180,46,7,16,0.256,0.322,2,1,1.12,0.59
"colemdy01","Dylan Coleman","Dylan","Coleman","R","R",8,7,3,0,1,0.429,0.5,0,0,0.02,0.02
"colemed01","Ed Coleman","Ed","Coleman","L","R",1500,1383,345,44,111,0.249,0.308,6,0,-2.3,-1.48
"colemgo01","Gordy Coleman","Gordy","Coleman","L","R",2748,2536,687,86,183,0.271,0.321,11,18,7.05,7.86
"colemje01","Jerry Coleman","Jerry","Coleman","R","R",1629,1485,405,4,135,0.273,0.337,9,0,6.18,7
"colemjo04","Joe Coleman","Joe","Coleman","R","R",163,155,35,3,8,0.226,0.264,0,0,0.39,0.52
"colemjo05","Joe Coleman","Joe","Coleman","R","R",323,304,60,0,18,0.197,0.241,0,1,-1.77,-1.46
"colemlo01","Louis Coleman","Louis","Coleman","R","R",36,28,7,0,8,0.25,0.417,0,0,0.15,0.15
"colemra01","Ray Coleman","Ray","Coleman","L","R",892,856,204,8,35,0.238,0.269,1,0,-0.95,-1.03
"colemri01","Rip Coleman","Rip","Coleman","L","L",17,15,3,0,2,0.2,0.294,0,0,0.01,0.01
"colemvi01","Vince Coleman","Vince","Coleman","B","R",4881,4442,1205,24,409,0.271,0.333,12,18,15.16,14.32
"colesch01","Chuck Coles","Chuck","Coles","L","L",16,14,3,0,2,0.214,0.312,0,0,0.01,0.01
"colesda01","Darnell Coles","Darnell","Coles","R","R",2900,2618,671,60,220,0.256,0.318,30,32,-0.3,-0.49
"coleta01","Taylor Cole","Taylor","Cole","R","R",1,0,0,0,1,NA,1,0,0,0,0
"colinal01","Alvin Colina","Alvin","Colina","R","R",35,32,8,1,3,0.25,0.314,0,0,0.05,0.07
"collawi01","Willie Collazo","Willie","Collazo","L","L",5,4,1,0,1,0.25,0.4,0,0,0.02,0.02
"collida02","Dave Collins","Dave","Collins","B","L",5438,4866,1377,62,503,0.283,0.353,38,31,22.18,19.87
"collied01","Eddie Collins","Eddie","Collins","L","R",11609,10190,2991,66,1345,0.294,0.38,74,0,90.71,83.27
"collihu01","Hub Collins","Hub","Collins","R","R",1102,990,199,2,107,0.201,0.282,5,0,3.16,3.26
"colliji01","Jimmy Collins","Jimmy","Collins","R","R",5785,5526,1286,70,205,0.233,0.267,54,0,23,19.45
"collijo01","Joe Collins","Joe","Collins","L","L",2654,2344,606,79,299,0.259,0.343,4,7,9.8,9.46
"collipa01","Pat Collins","Pat","Collins","R","R",1515,1315,272,45,196,0.207,0.312,4,0,0.12,2.49
"colliri01","Rip Collins","Rip","Collins","R","R",245,231,47,1,14,0.203,0.249,0,0,-2.58,-2.09
"colliri02","Ripper Collins","Ripper","Collins","B","L",4153,3827,1001,164,303,0.262,0.32,23,0,19.52,18.96
"colliti01","Tim Collins","Tim","Collins","L","L",46,38,11,0,8,0.289,0.413,0,0,0.18,0.18
"collity01","Tyler Collins","Tyler","Collins","L","L",758,677,183,18,77,0.27,0.346,2,2,2.58,2.88
"colliza01","Zack Collins","Zack","Collins","L","R",577,487,121,10,84,0.248,0.362,4,2,0.59,0.41
"collmjo01","Josh Collmenter","Josh","Collmenter","R","R",470,424,106,6,44,0.25,0.323,2,0,3.3,3.24
"colluja01","Jackie Collum","Jackie","Collum","L","L",166,147,38,0,17,0.259,0.337,1,1,0.46,0.56
"colomal01","Alex Colomé","Alex","Colome","R","R",52,42,11,1,10,0.262,0.404,0,0,0.16,0.15
"colomje01","Jesus Colome","Jesus","Colome","R","R",54,46,15,0,8,0.326,0.426,0,0,0.2,0.21
"colonba01","Bartolo Colon","Bartolo","Colon","R","R",858,785,176,13,69,0.224,0.288,2,2,1.5,1.59
"colonch01","Christian Colón","Christian","Colon","R","R",707,633,181,8,70,0.286,0.361,4,0,4.22,3.28
"colonjo01","Joe Colon","Joe","Colon","R","R",0,0,0,0,0,NA,NA,0,0,0,0
"colonro01","Roman Colon","Roman","Colon","R","R",6,5,1,0,1,0.2,0.333,0,0,0.02,0.02
"colucbo01","Bob Coluccio","Bob","Coluccio","R","R",1249,1103,263,32,132,0.238,0.323,8,6,5.03,4.87
"colvity01","Tyler Colvin","Tyler","Colvin","L","L",1552,1415,367,51,125,0.259,0.321,6,6,5.45,5.87
"colyest01","Steve Colyer","Steve","Colyer","L","L",20,16,4,0,4,0.25,0.4,0,0,0.05,0.04
"combsea01","Earle Combs","Earle","Combs","L","R",6325,5724,1685,57,584,0.294,0.361,17,0,34.55,29.95
"combsme01","Merl Combs","Merl","Combs","L","R",107,94,19,2,11,0.202,0.299,2,0,-0.18,0.06
"combspa01","Pat Combs","Pat","Combs","L","L",14,13,4,0,1,0.308,0.357,0,0,0.01,0
"comerst01","Steve Comer","Steve","Comer","B","R",1,0,0,0,1,NA,1,0,0,0,0
"comerwa01","Wayne Comer","Wayne","Comer","R","R",829,722,154,11,101,0.213,0.31,2,4,0.62,-0.0900000000000001
"commaji01","Jim Command","Jim","Command","L","R",22,20,5,1,2,0.25,0.318,0,0,0.06,0.1
"comorad01","Adam Comorosky","Adam","Comorosky","R","R",2184,2057,500,32,118,0.243,0.287,9,0,-0.19,0.83
"conceda01","Dave Concepcion","Dave","Concepcion","R","R",9983,9042,2469,148,834,0.273,0.333,21,86,46.05,45.45
"concege01","Gerardo Concepción","Gerardo","Concepcion","L","L",3,2,1,0,1,0.5,0.667,0,0,0.02,0.02
"conceon01","Onix Concepcion","Onix","Concepcion","R","R",1118,1038,262,8,63,0.252,0.301,11,6,2.56,1.54
"condrcl01","Clay Condrey","Clay","Condrey","R","R",148,134,37,3,14,0.276,0.345,0,0,1.41,1.3
"coneda01","David Cone","David","Cone","L","R",405,380,84,0,22,0.221,0.267,2,1,0.69,0.84
"confomi01","Michael Conforto","Michael","Conforto","L","R",4514,3848,1093,157,568,0.284,0.383,69,29,26.21,27.61
"congeha01","Hank Conger","Hank","Conger","B","R",1419,1253,328,38,151,0.262,0.345,10,5,6.87,10.46
"conigbi01","Billy Conigliaro","Billy","Conigliaro","R","R",1305,1215,297,38,74,0.244,0.29,7,9,4.58,3.92
"conigto01","Tony Conigliaro","Tony","Conigliaro","R","R",3631,3324,826,141,246,0.248,0.304,33,28,8.8,8.36
"coninje01","Jeff Conine","Jeff","Conine","R","R",7090,6352,1763,157,605,0.278,0.339,36,97,21.74,23.32
"conlead01","Adam Conley","Adam","Conley","L","L",297,268,66,4,28,0.246,0.316,0,1,2.08,2.03
"conlebo01","Bob Conley","Bob","Conley","R","R",1,0,0,0,1,NA,1,0,0,0,0
"conlege01","Gene Conley","Gene","Conley","R","R",757,723,148,4,26,0.205,0.235,4,4,0.78,-0.12
"conlopj01","P J  Conlon","P. J.","Conlon","L","L",42,38,11,1,4,0.289,0.357,0,0,0.2,0.18
"connasa01","Sarge Connally","Sarge","Connally","R","R",216,211,52,0,5,0.246,0.264,0,0,-4.69,-3.97
"connebi01","Bill Connelly","Bill","Connelly","L","R",17,15,5,0,2,0.333,0.412,0,0,0.02,0.02
"connobi01","Bill Connors","Bill","Connors","R","R",1,0,0,0,1,NA,1,0,0,0.01,0
"connojo04","Joe Connolly","Joe","Connolly","L","R",837,777,218,29,47,0.281,0.332,13,0,1.11,2.32
"connoro01","Roger Connor","Roger","Connor","B","L",9872,9005,2270,243,829,0.252,0.318,38,0,43.73,42.47
"conrabr01","Brooks Conrad","Brooks","Conrad","B","R",831,740,183,27,85,0.247,0.326,3,3,3.92,4.2
"conrobi02","Bill Conroy","Bill","Conroy","R","R",4,3,1,0,1,0.333,0.5,0,0,0,0
"consobi01","Billy Consolo","Billy","Consolo","R","R",393,356,81,3,36,0.228,0.298,0,1,-0.25,-0.3
"constji01","Jim Constable","Jim","Constable","B","L",7,6,2,0,1,0.333,0.429,0,0,0,0
"constjo01","Jose Constanza","Jose","Constanza","L","L",443,403,115,7,40,0.285,0.35,0,0,2.68,2.5
"contija01","Jason Conti","Jason","Conti","L","R",510,470,116,4,37,0.247,0.304,2,1,0.69,1.33
"contrca01","Carlos Contreras","Carlos","Contreras","R","R",28,25,6,0,3,0.24,0.321,0,0,0.09,0.09
"contrjo01","José Contreras","Jose","Contreras","R","R",243,215,49,4,28,0.228,0.317,0,0,0.54,0.51
"contrma01","Mark Contreras","Mark","Contreras","L","R",63,56,11,2,3,0.196,0.254,2,2,0.16,0.05
"contrro01","Roansy Contreras","Roansy","Contreras","R","R",0,0,0,0,0,NA,NA,0,0,0,0
"contrwi01","Willson Contreras","Willson","Contreras","R","R",4232,3590,1004,137,478,0.28,0.384,143,21,33.39,27.8
"contrwi02","William Contreras","William","Contreras","R","R",1994,1719,518,57,246,0.301,0.392,17,12,14,15.27
"conyehe01","Herb Conyers","Herb","Conyers","L","R",9,8,2,0,1,0.25,0.333,0,0,0.01,0.01
"cookaa01","Aaron Cook","Aaron","Cook","R","R",846,772,171,9,71,0.222,0.288,2,1,3.16,3.04
"cookcl01","Cliff Cook","Cliff","Cook","R","R",262,246,57,4,15,0.232,0.275,0,1,-0.32,-0.29
"cookde01","Dennis Cook","Dennis","Cook","L","L",136,127,35,2,9,0.276,0.324,0,0,0.94,0.85
"cookedu01","Dusty Cooke","Dusty","Cooke","L","R",1783,1530,377,28,249,0.246,0.353,4,0,3.76,4.4
"cookest01","Steve Cooke","Steve","Cooke","R","L",4,3,1,0,1,0.333,0.5,0,0,0,0.01
"cookro02","Ron Cook","Ron","Cook","L","L",26,24,6,0,2,0.25,0.308,0,0,0.2,0.16
"cookry01","Ryan Cook","Ryan","Cook","R","R",19,15,4,0,4,0.267,0.421,0,0,0.1,0.1
"coolbsc01","Scott Coolbaugh","Scott","Coolbaugh","R","R",267,243,51,4,21,0.21,0.273,1,2,-0.15,-0.11
"coombda01","Danny Coombs","Danny","Coombs","R","L",40,34,9,0,6,0.265,0.375,0,0,0.04,0.04
"coombja01","Jack Coombs","Jack","Coombs","B","R",480,464,106,7,15,0.228,0.254,1,0,-1.12,-0.63
"coomero01","Ron Coomer","Ron","Coomer","R","R",2913,2740,707,49,136,0.258,0.292,8,29,-2.51,-2.37
"cooneji01","Jimmy Cooney","Jimmy","Cooney","B","R",1213,1132,212,2,73,0.187,0.242,8,0,4.28,4.47
"cooneji02","Jimmy Cooney","Jimmy","Cooney","R","R",684,667,136,1,16,0.204,0.224,1,0,-1.2,-1.18
"coonejo01","Johnny Cooney","Johnny","Cooney","R","L",3066,2918,776,6,143,0.266,0.301,5,0,-0.77,-2.69
"cooneti01","Tim Cooney","Tim","Cooney","L","L",64,58,17,1,6,0.293,0.359,0,0,0.49,0.4
"coonrsa01","Sam Coonrod","Sam","Coonrod","R","R",39,34,9,1,5,0.265,0.359,0,0,0.61,0.57
"coopece01","Cecil Cooper","Cecil","Cooper","L","L",7863,7239,2203,266,531,0.304,0.35,17,76,41.53,39.37
"coopeda01","David Cooper","David","Cooper","L","L",345,314,87,9,27,0.277,0.336,2,2,1.13,1.03
"coopega01","Gary Cooper","Gary","Cooper","B","R",2,1,0,0,1,0,0.5,0,0,0.02,0.01
"coopega03","Garrett Cooper","Garrett","Cooper","R","R",2285,2014,572,52,215,0.284,0.361,38,18,7.23,8.77
"coopemo01","Mort Cooper","Mort","Cooper","R","R",168,165,32,0,3,0.194,0.208,0,0,-0.48,-0.61
"coopesc01","Scott Cooper","Scott","Cooper","L","R",2048,1841,464,26,184,0.252,0.321,9,14,5.86,6.21
"coopewa01","Walker Cooper","Walker","Cooper","R","R",5589,5298,1472,203,268,0.278,0.315,22,1,23.81,26.73
"coopewi01","Wilbur Cooper","Wilbur","Cooper","R","L",1264,1259,256,11,1,0.203,0.206,4,0,-6.04,-4.8
"copelsc01","Scott Copeland","Scott","Copeland","R","R",16,14,5,0,2,0.357,0.438,0,0,0,0
"coraal01","Alex Cora","Alex","Cora","L","R",3054,2724,719,32,243,0.264,0.339,73,14,13.94,11.39
"corajo01","Joey Cora","Joey","Cora","B","R",4298,3860,1055,11,357,0.273,0.339,44,37,3.88,-0.34
"corbicl01","Claude Corbitt","Claude","Corbitt","R","R",656,628,146,1,26,0.232,0.265,2,0,1.63,0.31
"corbipa01","Patrick Corbin","Patrick","Corbin","L","L",983,900,204,12,82,0.227,0.292,1,0,5.16,4.81
"corcida01","Daniel Corcino","Daniel","Corcino","R","R",59,53,16,1,6,0.302,0.373,0,0,0.29,0.31
"corcoro01","Roy Corcoran","Roy","Corcoran","R","R",10,9,2,0,1,0.222,0.3,0,0,0.01,0.01
"corcoti01","Tim Corcoran","Tim","Corcoran","L","L",1222,1057,293,17,140,0.277,0.36,7,18,3.45,4.13
"corcoti02","Tim Corcoran","Tim","Corcoran","R","R",34,31,8,1,3,0.258,0.324,0,0,0.08,0.06
"cordech01","Chad Cordero","Chad","Cordero","R","R",90,79,20,1,11,0.253,0.344,0,0,0.98,1.07
"cordefr01","Francisco Cordero","Francisco","Cordero","R","R",94,80,23,0,14,0.288,0.394,0,0,0.52,0.55
"cordefr02","Franchy Cordero","Franchy","Cordero","L","R",1034,920,238,24,107,0.259,0.336,2,5,2.49,1.33
"cordeji01","Jimmy Cordero","Jimmy","Cordero","R","R",27,24,6,0,3,0.25,0.333,0,0,0.06,0.07
"cordery01","Ryan Cordell","Ryan","Cordell","R","R",372,332,87,7,32,0.262,0.331,4,4,1.03,0.93
"cordewi01","Wil Cordero","Wil","Cordero","R","R",4956,4571,1198,91,297,0.262,0.313,57,31,4.41,1.59
"cordier01","Erik Cordier","Erik","Cordier","R","R",26,23,7,0,3,0.304,0.385,0,0,0.08,0.07
"cordoal01","Allen Córdoba","Allen","Cordoba","R","R",258,227,59,4,24,0.26,0.337,4,3,0.89,0.73
"cordoma01","Marty Cordova","Marty","Cordova","R","R",3905,3517,905,82,305,0.257,0.323,50,33,5.23,5.34
"coreybr01","Bryan Corey","Bryan","Corey","R","R",10,8,3,0,2,0.375,0.5,0,0,0.07,0.07
"coreyma01","Mark Corey","Mark","Corey","R","R",12,11,4,0,1,0.364,0.417,0,0,0,0
"coreyma02","Mark Corey","Mark","Corey","R","R",15,13,4,0,2,0.308,0.4,0,0,-0.02,0.01
"corkimi01","Mike Corkins","Mike","Corkins","R","R",155,142,35,4,13,0.246,0.31,0,0,1.73,1.44
"cormila01","Lance Cormier","Lance","Cormier","R","R",283,256,64,5,27,0.25,0.322,0,0,1.47,1.38
"cormirh01","Rheal Cormier","Rheal","Cormier","L","L",320,296,74,2,23,0.25,0.306,1,0,0.79,0.83
"corneje01","Jeff Cornell","Jeff","Cornell","B","R",4,3,1,0,1,0.333,0.5,0,0,0.01,0.01
"cornejo01","John Cornely","John","Cornely","R","R",1,0,0,0,1,NA,1,0,0,0.01,0.01
"cornema01","Mardie Cornejo","Mardie","Cornejo","R","R",1,0,0,0,1,NA,1,0,0,0.02,0.02
"cornute01","Terry Cornutt","Terry","Cornutt","R","R",2,1,0,0,1,0,0.5,0,0,0.01,0.01
"corpama01","Manny Corpas","Manny","Corpas","R","R",145,126,37,2,19,0.294,0.386,0,0,1.56,1.52
"corpoca01","Carlos Corporán","Carlos","Corporan","B","R",1046,931,242,26,88,0.26,0.334,19,8,4.21,6.06
"corrapa01","Pat Corrales","Pat","Corrales","R","R",529,469,112,4,53,0.239,0.321,5,2,1.07,1.24
"correca01","Carlos Correa","Carlos","Correa","R","R",5171,4463,1310,160,621,0.294,0.38,36,51,51.4,40.1
"correke01","Kevin Correia","Kevin","Correia","R","R",910,831,186,14,79,0.224,0.291,0,0,4.53,4.23
"correvi01","Vic Correll","Vic","Correll","R","R",1261,1110,269,31,135,0.242,0.327,8,8,1.79,2.33
"corteda01","David Cortes","David","Cortes","R","R",30,27,7,1,3,0.259,0.333,0,0,0.44,0.42
"cortefe01","Fernando Cortez","Fernando","Cortez","L","R",127,115,30,2,12,0.261,0.331,0,0,-0.14,0.26
"cortene01","Nestor Cortes","Nestor","Cortes","R","L",2,1,0,0,1,0,0.5,0,0,0.01,0.01
"cosarja01","Jarred Cosart","Jarred","Cosart","R","R",264,241,63,4,23,0.261,0.326,0,0,1.48,1.24
"coscape01","Pete Coscarart","Pete","Coscarart","R","R",3298,3046,624,35,239,0.205,0.266,13,0,-4.1,-3.2
"cosgrmi01","Mike Cosgrove","Mike","Cosgrove","L","L",2,1,0,0,1,0,0.5,0,0,0,0
"cosmaji01","Jim Cosman","Jim","Cosman","R","R",3,2,0,0,1,0,0.333,0,0,0,0
"costash01","Shane Costa","Shane","Costa","L","R",597,548,139,8,40,0.254,0.31,6,3,1.06,1.29
"costech01","Chris Coste","Chris","Coste","R","R",1008,908,254,22,79,0.28,0.348,18,3,4.17,6.71
"cotahu01","Humberto Cota","Humberto","Cota","R","R",730,669,166,16,54,0.248,0.305,3,4,0.43,0.61
"cothaca01","Caleb Cotham","Caleb","Cotham","R","R",10,8,2,0,2,0.25,0.4,0,0,0.06,0.05
"cottich01","Chuck Cottier","Chuck","Cottier","R","R",910,840,159,2,59,0.189,0.243,3,8,-0.21,0.63
"cottohe01","Henry Cotto","Henry","Cotto","R","R",1779,1662,444,31,96,0.267,0.311,13,8,4.26,2.86
"cottojh01","Jharel Cotton","Jharel","Cotton","R","R",25,22,7,1,3,0.318,0.4,0,0,0.07,0.07
"cottsne01","Neal Cotts","Neal","Cotts","L","L",61,50,15,0,11,0.3,0.426,0,0,0.29,0.3
"couchmi01","Mike Couchee","Mike","Couchee","R","R",2,1,0,0,1,0,0.5,0,0,0.01,0.01
"couloda01","Danny Coulombe","Danny","Coulombe","L","L",64,55,15,0,9,0.273,0.375,0,0,0.36,0.35
"coultch01","Chip Coulter","Chip","Coulter","B","R",27,24,8,0,3,0.333,0.407,0,0,0.11,0.13
"counscr01","Craig Counsell","Craig","Counsell","L","R",5488,4783,1230,40,616,0.257,0.346,54,35,26.61,22.7
"courtcl01","Clint Courtney","Clint","Courtney","L","R",2896,2670,691,23,174,0.259,0.311,37,15,4.99,8.49
"courtry01","Ryan Court","Ryan","Court","R","R",82,75,21,2,7,0.28,0.341,0,0,0.2,0.21
"cousija01","Jake Cousins","Jake","Cousins","R","R",11,9,2,0,2,0.222,0.364,0,0,0.05,0.04
"cousisc01","Scott Cousins","Scott","Cousins","L","L",376,342,80,7,34,0.234,0.303,0,0,2.16,2.08
"coutljo01","Jon Coutlangus","Jon","Coutlangus","L","L",10,9,2,0,1,0.222,0.3,0,0,0.06,0.06
"coveydy01","Dylan Covey","Dylan","Covey","R","R",16,14,5,0,2,0.357,0.438,0,0,0.01,0.01
"covinwe01","Wes Covington","Wes","Covington","L","R",3691,3379,971,138,262,0.287,0.341,24,26,6.66,5.72
"cowanbi01","Billy Cowan","Billy","Cowan","R","R",1494,1433,352,39,54,0.246,0.274,4,3,-0.78,-1.43
"cowarka01","Kaleb Cowart","Kaleb","Cowart","B","R",741,665,170,13,69,0.256,0.329,5,2,2.57,2.53
"cowenal01","Al Cowens","Al","Cowens","R","R",6093,5548,1523,127,458,0.275,0.331,34,53,20.69,18.41
"cowgico01","Collin Cowgill","Collin","Cowgill","R","L",1083,967,261,22,110,0.27,0.347,5,1,6.77,5.56
"cowlejo01","Joe Cowley","Joe","Cowley","R","R",12,11,4,0,1,0.364,0.417,0,0,0.01,0.01
"coxau01","Austin Cox","Austin","Cox","L","L",5,4,1,0,1,0.25,0.4,0,0,0.01,0.01
"coxbi01","Bill Cox","Bill","Cox","R","R",4,2,0,0,1,0,0.5,1,0,0,0
"coxbi02","Billy Cox","Billy","Cox","R","R",4070,3836,976,63,225,0.254,0.297,7,2,5.17,2.46
"coxda01","Danny Cox","Danny","Cox","R","R",137,124,26,1,11,0.21,0.277,1,1,0.12,0.3
"coxgl01","Glenn Cox","Glenn","Cox","R","R",1,0,0,0,1,NA,1,0,0,0,0
"coxje01","Jeff Cox","Jeff","Cox","R","R",158,144,33,1,14,0.229,0.297,0,0,0.59,0.4
"coxla01","Larry Cox","Larry","Cox","R","R",816,739,171,13,71,0.231,0.297,0,6,2.25,2.03
"coxst01","Steve Cox","Steve","Cox","L","L",1360,1207,308,28,122,0.255,0.332,22,9,1.78,1.07
"coxte02","Ted Cox","Ted","Cox","R","R",846,769,195,14,70,0.254,0.317,3,4,0.56,0.29
"cozarza01","Zack Cozart","Zack","Cozart","R","R",3582,3213,867,81,311,0.27,0.337,28,30,19.82,17.91
"cozendy01","Dylan Cozens","Dylan","Cozens","L","L",102,88,22,2,14,0.25,0.353,0,0,0.34,0.3
"craftha01","Harry Craft","Harry","Craft","R","R",2276,2178,508,59,88,0.233,0.266,10,0,2.91,1.99
"craigal01","Allen Craig","Allen","Craig","R","R",2218,1979,587,69,201,0.297,0.365,21,17,11.27,10.61
"craigpe01","Pete Craig","Pete","Craig","L","R",4,3,1,0,1,0.333,0.5,0,0,0,0
"craigro01","Roger Craig","Roger","Craig","R","R",38,34,6,0,4,0.176,0.263,0,0,-0.37,-0.31
"craigro02","Rod Craig","Rod","Craig","B","R",49,46,18,1,3,0.391,0.429,0,0,0.24,0.19
"crainje01","Jesse Crain","Jesse","Crain","R","R",30,23,6,0,7,0.261,0.433,0,0,0.1,0.1
"cramedo01","Doc Cramer","Doc","Cramer","L","R",7865,7508,2083,24,323,0.277,0.31,34,0,-1.25,-5.95
"crandde01","Del Crandall","Del","Crandall","R","R",5973,5477,1426,191,433,0.26,0.315,21,42,28.8,29.21
"cravaga01","Gavvy Cravath","Gavvy","Cravath","R","R",3893,3484,847,179,388,0.243,0.323,21,0,13.39,17.75
"cravebi01","Bill Craver","Bill","Craver","R","R",1127,1069,264,15,58,0.247,0.286,0,0,2.23,0.74
"cravyty01","Tyler Cravy","Tyler","Cravy","R","R",108,97,25,3,11,0.258,0.333,0,0,0.84,0.77
"crawfbr01","Brandon Crawford","Brandon","Crawford","L","R",6845,6011,1645,157,693,0.274,0.352,71,70,40.9,40.07
"crawfca02","Carl Crawford","Carl","Crawford","L","L",7315,6714,1982,134,506,0.295,0.347,47,48,46.48,49.14
"crawfgl01","Glenn Crawford","Glenn","Crawford","L","R",403,369,99,1,33,0.268,0.33,1,0,1.62,0.78
"crawfji01","Jim Crawford","Jim","Crawford","L","L",34,29,10,0,5,0.345,0.441,0,0,0.48,0.51
"crawfjp01","J P  Crawford","J. P.","Crawford","L","R",3841,3279,928,55,486,0.283,0.381,51,25,24.33,20.45
"crawfku01","Kutter Crawford","Kutter","Crawford","R","R",4,3,1,0,1,0.333,0.5,0,0,0.01,0.01
"crawfsa01","Sam Crawford","Sam","Crawford","L","L",9631,9239,2502,179,375,0.271,0.3,17,0,28.83,22.7
"crawfwi01","Willie Crawford","Willie","Crawford","L","L",4197,3699,1029,106,461,0.278,0.357,9,28,23.31,21.85
"credejo01","Joe Crede","Joe","Crede","R","R",3418,3106,807,100,243,0.26,0.318,38,31,17.64,16.03
"creebi01","Birdie Cree","Birdie","Cree","R","R",2185,2066,507,3,95,0.245,0.286,24,0,3.53,3.98
"crespcr01","Frank Crespi","Frank","Crespi","R","R",988,903,228,6,75,0.252,0.317,10,0,1.58,1.96
"crespfe01","Felipe Crespo","Felipe","Crespo","B","R",612,538,134,8,54,0.249,0.325,11,9,-0.68,-1
"cresswa01","Walker Cress","Walker","Cress","R","R",8,7,3,0,1,0.429,0.5,0,0,0.03,0.03
"crewsti01","Tim Crews","Tim","Crews","R","R",2,1,0,0,1,0,0.5,0,0,0,0.01
"crichst01","Stefan Crichton","Stefan","Crichton","R","R",22,18,4,0,4,0.222,0.364,0,0,0.1,0.1
"crickky01","Kyle Crick","Kyle","Crick","L","R",47,40,12,0,7,0.3,0.404,0,0,0.27,0.26
"criscda01","Dave Criscione","Dave","Criscione","R","R",8,7,3,0,1,0.429,0.5,0,0,0.01,0.01
"crismna01","Nabil Crismatt","Nabil","Crismatt","R","R",75,69,17,1,6,0.246,0.307,0,0,0.52,0.43
"crispco01","Coco Crisp","Coco","Crisp","B","R",6655,5940,1653,138,659,0.278,0.348,5,51,37.65,38.75
"critzhu01","Hughie Critz","Hughie","Critz","R","R",6135,5908,1278,40,218,0.216,0.245,9,0,-0.0200000000000005,2.03
"crochga01","Garrett Crochet","Garrett","Crochet","L","L",2,1,0,0,1,0,0.5,0,0,0.01,0.01
"crockky01","Kyle Crockett","Kyle","Crockett","L","L",19,14,6,0,5,0.429,0.579,0,0,0.11,0.11
"cromawa01","Warren Cromartie","Warren","Cromartie","L","L",4419,3990,1146,89,380,0.287,0.349,18,31,19.61,20.49
"cromed.01","D T  Cromer",NA,NA,NA,NA,164,151,45,6,8,0.298,0.329,1,4,0.41,0.14
"croncj01","C J  Cron","C. J.","Cron","R","R",4189,3724,1022,157,350,0.274,0.346,79,36,18.95,15.1
"croneja01","Jake Cronenworth","Jake","Cronenworth","L","R",3041,2616,733,57,316,0.28,0.37,76,33,18.1,17.45
"cronera01","Ray Crone","Ray","Crone","R","R",10,9,2,0,1,0.222,0.3,0,0,0.01,0.01
"cronijo01","Joe Cronin","Joe","Cronin","R","R",8352,7317,1966,226,1001,0.269,0.359,34,0,54.96,54.64
"cronke01","Kevin Cron","Kevin","Cron","R","R",173,154,40,9,14,0.26,0.335,4,1,0.58,0.67
"crosbbo01","Bobby Crosby","Bobby","Crosby","R","R",2767,2469,631,57,267,0.256,0.33,15,16,12.61,12.22
"crosbbu01","Bubba Crosby","Bubba","Crosby","L","L",327,303,80,4,22,0.264,0.318,2,0,0.62,0.75
"crosbke01","Ken Crosby","Ken","Crosby","R","R",1,0,0,0,1,NA,1,0,0,0.01,0.01
"crosefr01","Frankie Crosetti","Frankie","Crosetti","R","R",6343,5624,1242,103,612,0.221,0.309,107,0,12.71,16.92
"crossje01","Jeff Cross","Jeff","Cross","R","R",3,2,0,0,1,0,0.333,0,0,0,0
"crottmi01","Michael Crotta","Michael","Crotta","R","R",7,6,2,0,1,0.333,0.429,0,0,0.04,0.04
"crousha01","Hans Crouse","Hans","Crouse","L","R",19,17,4,0,2,0.235,0.316,0,0,0.01,0.01
"crowaa01","Aaron Crow","Aaron","Crow","R","R",15,11,2,0,4,0.182,0.4,0,0,0.09,0.09
"crowdo01","Don Crow","Don","Crow","R","R",3,2,0,0,1,0,0.333,0,0,0,0
"crowege01","George Crowe","George","Crowe","L","L",2283,2088,555,79,171,0.266,0.322,10,14,7.24,6.28
"croweji01","Jim Crowell","Jim","Crowell","L","L",6,5,1,0,1,0.2,0.333,0,0,0,0
"crowetr01","Trevor Crowe","Trevor","Crowe","B","R",1020,922,245,13,91,0.266,0.333,4,3,3.58,2.93
"crowewi01","Wil Crowe","Wil","Crowe","R","R",109,101,19,1,7,0.188,0.248,1,0,0.31,0.33
"crowlte01","Terry Crowley","Terry","Crowley","L","L",1652,1425,375,46,207,0.263,0.357,7,13,5.79,6.79
"crozier01","Eric Crozier","Eric","Crozier","L","L",82,71,13,3,11,0.183,0.293,0,0,0.29,0.16
"crucefr01","Francisco Cruceta","Francisco","Cruceta","R","R",2,1,0,0,1,0,0.5,0,0,0.01,0.01
"cruzde01","Deivi Cruz","Deivi","Cruz","R","R",3793,3580,954,37,160,0.266,0.3,24,29,7.18,6.82
"cruzfe01","Fernando Cruz","Fernando","Cruz","B","R",0,0,0,0,0,NA,NA,0,0,0,0
"cruzhe02","Henry Cruz","Henry","Cruz","L","L",305,272,69,9,29,0.254,0.325,1,3,0.87,0.75
"cruziv01","Ivan Cruz","Ivan","Cruz","L","L",113,104,29,3,9,0.279,0.336,0,0,0.09,0.17
"cruzja01","Jacob Cruz","Jacob","Cruz","L","L",1119,982,237,17,113,0.241,0.327,16,8,1.39,0.98
"cruzjo01","Jose Cruz","Jose","Cruz","L","L",9286,8219,2435,234,978,0.296,0.368,7,82,58.61,55.12
"cruzjo02","José Cruz","Jose","Cruz","B","R",5415,4725,1135,153,647,0.24,0.33,5,38,22.4,22.08
"cruzju01","Julio Cruz","Julio","Cruz","B","R",4315,3789,951,45,485,0.251,0.336,14,27,20.39,17.41
"cruzju02","Juan Cruz","Juan","Cruz","R","R",224,198,48,4,26,0.242,0.33,0,0,1.54,1.5
"cruzlu01","Luis Cruz","Luis","Cruz","R","R",892,815,212,13,65,0.26,0.321,9,3,4.68,3.88
"cruzne01","Nelson Cruz","Nelson","Cruz","R","R",1,0,0,0,1,NA,1,0,0,0,0
"cruzne02","Nelson Cruz","Nelson","Cruz","R","R",8877,7807,2263,447,920,0.29,0.368,88,62,54.22,52.19
"cruzon01","Oneil Cruz","Oneil","Cruz","L","R",1134,1011,275,42,110,0.272,0.344,5,8,6.68,6.78
"cruzrh01","Rhiner Cruz","Rhiner","Cruz","R","R",17,15,5,0,2,0.333,0.412,0,0,0.08,0.07
"cruzto01","Tommy Cruz","Tommy","Cruz","L","L",0,0,0,0,0,NA,NA,0,0,0,0
"cruzto02","Todd Cruz","Todd","Cruz","R","R",1592,1482,359,34,91,0.242,0.287,7,12,2.75,2.96
"cruzto03","Tony Cruz","Tony","Cruz","R","R",979,890,234,16,82,0.263,0.326,3,4,2.8,1.36
"cruzvi01","Victor Cruz","Victor","Cruz","R","R",5,4,1,0,1,0.25,0.4,0,0,0.03,0.03
"cubbami01","Mike Cubbage","Mike","Cubbage","L","R",2180,1928,514,44,228,0.267,0.343,5,19,9.78,8.92
"cubilda01","Darwin Cubillan","Darwin","Cubillan","R","R",1,0,0,0,1,NA,1,0,0,0,0
"cuccito01","Tony Cuccinello","Tony","Cuccinello","R","R",6859,6323,1587,130,518,0.251,0.31,18,0,22.57,21.91
"cuccuco01","Arthur Cuccurullo","Arthur","Cuccurullo","L","L",1,0,0,0,1,NA,1,0,0,0,0
"cuddymi01","Michael Cuddyer","Michael","Cuddyer","R","R",6328,5612,1570,187,633,0.28,0.356,49,34,26.72,26.75
"cuellmi01","Mike Cuellar","Mike","Cuellar","L","L",514,493,100,4,18,0.203,0.232,1,2,-1.31,-1.2
"cuetojo01","Johnny Cueto","Johnny","Cueto","R","R",1298,1189,258,15,106,0.217,0.281,1,2,4.35,4.11
"cuevano01","Noel Cuevas","Noel","Cuevas","R","R",251,231,60,4,19,0.26,0.319,1,0,0.7,0.59
"cuevawi01","William Cuevas","William","Cuevas","B","R",2,1,0,0,1,0,0.5,0,0,0.02,0.01
"culbech01","Charlie Culberson","Charlie","Culberson","R","R",1653,1508,417,32,127,0.277,0.336,12,6,7.4,6.32
"culbele01","Leon Culberson","Leon","Culberson","R","R",723,696,156,5,27,0.224,0.253,0,0,0.21,-0.03
"cullero01","Roy Cullenbine","Roy","Cullenbine","B","R",4758,3987,1034,139,760,0.259,0.379,11,0,29.38,29.46
"culleti01","Tim Cullen","Tim","Cullen","R","R",2221,2056,441,6,145,0.214,0.268,9,11,-0.06,-1.9
"cummija01","Jack Cummings","Jack","Cummings","R","R",157,149,46,4,7,0.309,0.344,1,0,-0.16,0.71
"cummimi01","Midre Cummings","Midre","Cummings","L","R",504,454,114,6,45,0.251,0.321,3,2,0.79,1.1
"cumptbr01","Brandon Cumpton","Brandon","Cumpton","R","R",128,114,29,2,14,0.254,0.336,0,0,0.66,0.56
"cunnawi01","Will Cunnane","Will","Cunnane","R","R",129,115,32,1,14,0.278,0.357,0,0,0.05,0.28
"cunniaa01","Aaron Cunningham","Aaron","Cunningham","R","R",794,713,179,14,71,0.251,0.322,6,4,3.14,3.36
"cunnibr02","Brandon Cunniff","Brandon","Cunniff","R","R",20,17,6,0,3,0.353,0.45,0,0,0.11,0.11
"cunnijo01","Joe Cunningham","Joe","Cunningham","L","L",3991,3344,945,49,574,0.283,0.393,48,25,20.52,17.79
"cunnito01","Todd Cunningham","Todd","Cunningham","B","R",311,282,73,4,27,0.259,0.328,2,0,1.34,1.21
"curripe01","Perry Currin","Perry","Currin","L","R",3,2,0,0,1,0,0.333,0,0,0,0
"curtich01","Chad Curtis","Chad","Curtis","R","R",4702,4138,1047,65,476,0.253,0.332,39,49,11.21,8.71
"curtico01","Colin Curtis","Colin","Curtis","L","L",110,99,26,2,10,0.263,0.336,1,0,0.32,0.3
"curtija01","Jack Curtis","Jack","Curtis","L","L",122,106,22,2,16,0.208,0.311,0,0,0.35,0.47
"curtije01","Jermaine Curtis","Jermaine","Curtis","R","R",42,36,9,1,5,0.25,0.357,1,0,0.27,0.26
"curtijo01","John Curtis","John","Curtis","L","L",313,279,69,4,31,0.247,0.323,1,2,1.91,2.04
"curtijo02","John Curtiss","John","Curtiss","R","R",60,55,15,1,5,0.273,0.333,0,0,0.52,0.43
"curtiza01","Zac Curtis","Zac","Curtis","L","L",19,16,5,0,3,0.312,0.421,0,0,0.09,0.09
"curtrgu01","Guy Curtright","Guy","Curtright","R","R",1367,1233,312,11,131,0.253,0.326,3,0,1.13,1.08
"custja01","Jack Cust","Jack","Cust","L","R",2720,2203,579,104,487,0.263,0.396,12,18,13.29,11.65
"cuthbch01","Cheslor Cuthbert","Cheslor","Cuthbert","R","R",1355,1230,330,27,117,0.268,0.333,4,4,3.45,3.55
"cuyleki01","Kiki Cuyler","Kiki","Cuyler","R","R",7588,6985,1928,184,521,0.276,0.334,82,0,36.9,41.23
"cuylemi01","Milt Cuyler","Milt","Cuyler","B","R",1611,1470,346,6,118,0.235,0.298,16,7,3.5,1.62
"cyrer01","Eric Cyr","Eric","Cyr","R","L",9,8,2,0,1,0.25,0.333,0,0,0.01,0.01
"d'acqjo01","John D Acquisto",NA,NA,NA,NA,207,181,44,3,23,0.243,0.333,2,1,1.09,1.24
"d'amije01","Jeff D Amico",NA,NA,NA,NA,221,200,40,2,21,0.2,0.276,0,0,0.04,0.29
"daalom01","Omar Daal","Omar","Daal","L","L",331,315,68,3,16,0.216,0.254,0,0,1.9,1.52
"dadepa01","Paul Dade","Paul","Dade","R","R",1417,1277,348,17,119,0.273,0.334,6,15,2.61,1.91
"dahlda01","David Dahl","David","Dahl","L","R",1420,1288,352,35,113,0.273,0.332,7,12,4.5,5.49
"dahlebi01","Bill Dahlen","Bill","Dahlen","R","R",10680,9796,1979,109,744,0.202,0.268,140,0,21.73,18.47
"dahlgba01","Babe Dahlgren","Babe","Dahlgren","R","R",705,643,156,29,60,0.243,0.309,2,0,1.29,1.34
"daiglca01","Casey Daigle","Casey","Daigle","R","R",79,72,16,1,7,0.222,0.291,0,0,0.11,0.2
"dalbebo01","Bobby Dalbec","Bobby","Dalbec","R","R",1007,898,226,38,85,0.252,0.324,15,9,2.18,2.9
"dalcabr01","Bruce Dal Canton","Bruce","Dal Canton","R","R",202,185,40,0,15,0.216,0.282,2,0,-0.99,-0.82
"daleybu01","Bud Daley","Bud","Daley","L","L",273,255,61,0,16,0.239,0.289,2,0,0.19,0.11
"daleyma01","Matt Daley","Matt","Daley","R","R",25,21,6,0,4,0.286,0.4,0,0,0.17,0.17
"daleype01","Pete Daley","Pete","Daley","R","R",346,325,69,2,20,0.212,0.257,0,1,-0.27,-0.58
"dalledo01","Dom Dallessandro","Dom","Dallessandro","L","L",2277,1992,509,37,282,0.256,0.349,3,0,3.19,3.52
"dallibr01","Brian Dallimore","Brian","Dallimore","R","R",139,124,33,3,13,0.266,0.338,1,1,0.47,0.64
"dalryab01","Abner Dalrymple","Abner","Dalrymple","L","R",3645,3527,950,5,118,0.269,0.293,0,0,-2.48,0.18
"dalrycl01","Clay Dalrymple","Clay","Dalrymple","L","R",3803,3324,803,58,430,0.242,0.33,22,27,16.45,16.5
"damonjo01","Johnny Damon","Johnny","Damon","L","L",10748,9613,2673,169,1014,0.278,0.348,50,71,57.59,46.63
"daniebe02","Bennie Daniels","Bennie","Daniels","L","R",77,69,18,1,8,0.261,0.338,0,0,0.61,0.69
"danieka01","Kal Daniels","Kal","Daniels","L","R",2752,2357,671,94,363,0.285,0.381,14,18,15.68,15.92
"danksjo01","John Danks","John","Danks","L","L",91,81,23,2,10,0.284,0.363,0,0,0.19,0.18
"danksjo02","Jordan Danks","Jordan","Danks","L","R",608,534,140,13,70,0.262,0.347,1,3,2.6,2.56
"danniha01","Harry Danning","Harry","Danning","R","R",2799,2658,733,46,128,0.276,0.312,13,0,13.14,12.64
"dantoja01","Jamie D Antona","Jamie","D'Antona","R","R",72,64,16,1,8,0.25,0.333,0,0,0.13,0.14
"dappecl01","Cliff Dapper","Cliff","Dapper","R","R",16,14,5,1,2,0.357,0.438,0,0,0.04,0.04
"darcypa01","Pat Darcy","Pat","Darcy","L","R",4,3,1,0,1,0.333,0.5,0,0,0.01,0.01
"darkal01","Al Dark","Al","Dark","R","R",7930,7490,2154,98,355,0.288,0.323,54,31,44.5,36.55
"darliro01","Ron Darling","Ron","Darling","R","R",508,476,100,4,30,0.21,0.258,1,1,1.45,1.34
"darnach01","Chase d Arnaud","Chase","d'Arnaud","R","R",921,830,217,14,81,0.261,0.329,5,5,3.19,3.28
"darnatr01","Travis d Arnaud","Travis","d'Arnaud","R","R",3845,3430,954,122,342,0.278,0.35,51,22,17.33,26.99
"darneja01","James Darnell","James","Darnell","R","R",160,141,37,4,18,0.262,0.344,0,1,0.36,0.41
"darrmi02","Mike Darr","Mike","Darr","L","R",652,583,160,3,66,0.274,0.348,1,2,2.74,3.45
"darviyu01","Yu Darvish","Yu","Darvish","R","R",543,495,107,9,46,0.216,0.284,1,1,1.68,1.55
"darwibo01","Bobby Darwin","Bobby","Darwin","R","R",2477,2244,580,89,184,0.258,0.323,37,12,7.04,6.73
"darwida01","Danny Darwin","Danny","Darwin","R","R",145,136,28,1,8,0.206,0.248,0,1,0.05,0.16
"datzje01","Jeff Datz","Jeff","Datz","R","R",15,12,3,0,2,0.25,0.4,1,0,0.01,0.01
"daubabr01","Brian Daubach","Brian","Daubach","L","R",2327,2064,511,73,225,0.248,0.326,23,15,5.82,5.26
"daubeja01","Jake Daubert","Jake","Daubert","L","L",6199,5911,1548,49,249,0.262,0.296,39,0,1.65,8.21
"dauerri01","Rich Dauer","Rich","Dauer","R","R",4352,3949,1071,67,355,0.271,0.331,14,34,18.47,17.28
"daughja01","Jack Daugherty","Jack","Daugherty","B","L",612,550,153,8,50,0.278,0.337,3,9,1.3,1.16
"daultda01","Darren Daulton","Darren","Daulton","L","R",4466,3773,927,129,628,0.246,0.354,24,41,21.53,24.36
"davalvi01","Vic Davalillo","Vic","Davalillo","L","L",4604,4361,1248,20,208,0.286,0.318,10,25,8.63,6.52
"davanje01","Jerry DaVanon","Jerry","DaVanon","R","R",484,414,113,6,63,0.273,0.374,5,2,3.34,2.65
"davanje02","Jeff DaVanon","Jeff","DaVanon","B","R",1442,1230,330,25,190,0.268,0.363,4,18,8.12,8.81
"davenji01","Jim Davenport","Jim","Davenport","R","R",5203,4742,1288,70,401,0.272,0.329,23,37,18.69,15.64
"davenjo01","Joe Davenport","Joe","Davenport","R","R",1,0,0,0,1,NA,1,0,0,0.02,0.02
"daveymi01","Mike Davey","Mike","Davey","R","L",2,1,0,0,1,0,0.5,0,0,0.01,0.01
"davidan01","Andre David","Andre","David","L","L",55,46,13,1,7,0.283,0.382,1,1,0.16,0.11
"davidda01","Dave Davidson","Dave","Davidson","L","L",1,0,0,0,1,NA,1,0,0,0.01,0.01
"davidma01","Mark Davidson","Mark","Davidson","R","R",190,169,37,2,19,0.219,0.3,1,1,0.34,0.36
"davidma02","Matt Davidson","Matt","Davidson","R","R",1217,1073,280,44,123,0.261,0.342,13,8,3.1,3.92
"davidtu01","Tucker Davidson","Tucker","Davidson","L","L",63,58,14,1,5,0.241,0.302,0,0,0.13,0.09
"davieje01","Jerry Davie","Jerry","Davie","R","R",14,12,4,0,2,0.333,0.429,0,0,0.02,0.02
"davieky01","Kyle Davies","Kyle","Davies","R","R",244,221,52,6,22,0.235,0.303,0,1,1.2,1.11
"davieza02","Zach Davies",NA,NA,NA,NA,621,568,132,8,53,0.232,0.298,0,0,2.81,2.66
"davisal01","Alvin Davis","Alvin","Davis","L","R",4930,4167,1174,138,681,0.282,0.382,28,54,21.21,22.92
"davisau01","Austin Davis","Austin","Davis","L","L",75,67,17,2,8,0.254,0.333,0,0,0.87,0.84
"davisbe01","Ben Davis","Ben","Davis","B","R",1805,1621,377,28,158,0.233,0.3,7,19,3.07,3.88
"davisbl01","Blake Davis","Blake","Davis","L","R",108,96,25,2,12,0.26,0.343,0,0,0.59,0.39
"davisbo02","Bob Davis","Bob","Davis","R","R",694,631,146,11,53,0.231,0.297,7,3,0.66,0.37
"davisbr03","Brad Davis","Brad","Davis","R","R",177,157,41,4,16,0.261,0.328,1,3,0.91,0.36
"davisbu02","Butch Davis","Butch","Davis","R","R",261,239,64,5,18,0.268,0.314,0,4,0.24,0.28
"davisch01","Chili Davis","Chili","Davis","B","R",10248,8922,2461,312,1217,0.276,0.36,15,94,39.01,39.35
"davisch02","Chris Davis","Chris","Davis","L","R",5714,4959,1319,250,659,0.266,0.356,58,38,26.74,25.98
"daviscu01","Curt Davis","Curt","Davis","R","R",365,357,94,6,8,0.263,0.279,0,0,1.59,1.37
"davisdi02","Dick Davis","Dick","Davis","R","R",1034,959,264,26,62,0.275,0.319,4,9,1.58,1.49
"davisdo02","Doug Davis","Doug","Davis","R","L",647,602,114,7,43,0.189,0.244,1,1,1.3,-1.17
"daviser01","Eric Davis","Eric","Davis","R","R",6269,5446,1439,232,740,0.264,0.353,33,50,34.39,33.36
"daviser02","Erik Davis","Erik","Davis","R","R",7,6,2,0,1,0.333,0.429,0,0,0.04,0.04
"davisge01","George Davis","George","Davis","B","R",8287,7846,1802,83,378,0.23,0.271,63,0,49.72,44.9
"davisge03","Gerry Davis","Gerry","Davis","R","R",17,14,5,0,3,0.357,0.471,0,0,0.03,0.02
"davisgl01","Glenn Davis","Glenn","Davis","R","R",4219,3738,1000,209,387,0.268,0.342,55,39,21.1,19.84
"davisha01","Harry Davis","Harry","Davis","R","R",4079,3873,812,155,185,0.21,0.25,21,0,2.74,4.15
"davisik02","Ike Davis","Ike","Davis","L","L",2537,2155,583,87,360,0.271,0.373,4,18,11.84,11.26
"davisja02","Jason Davis","Jason","Davis","R","R",136,122,30,4,14,0.246,0.324,0,0,0.39,0.46
"davisja03","Jaylin Davis","Jaylin","Davis","R","R",115,104,28,1,11,0.269,0.339,0,0,0.66,0.47
"davisjd01","J D  Davis","J. D.","Davis","R","R",2775,2399,684,73,310,0.285,0.374,44,22,10,13.31
"davisji01","Jim Davis","Jim","Davis","B","L",52,45,9,0,7,0.2,0.308,0,0,0.11,0.07
"davisjo02","Jody Davis","Jody","Davis","R","R",3964,3560,887,103,356,0.249,0.316,9,39,18.95,19.89
"davisjo04","John Davis","John","Davis","R","R",1,0,0,0,1,NA,1,0,0,0,0
"davisjo05","Jonathan Davis","Jonathan","Davis","R","R",639,549,133,8,68,0.242,0.338,15,7,2.04,2.69
"davisjo06","Johnny Davis","Johnny","Davis","B","R",49,44,13,1,5,0.295,0.367,0,0,0.18,0.27
"daviska01","Kane Davis","Kane","Davis","R","R",35,30,7,0,5,0.233,0.343,0,0,0.01,0.02
"daviskh01","Khris Davis","Khris","Davis","R","R",4004,3510,943,217,412,0.269,0.35,48,34,18.76,17.79
"daviski01","Kiddo Davis","Kiddo","Davis","R","R",1620,1528,353,16,90,0.231,0.275,2,0,-0.0800000000000001,2.08
"davisma01","Mark Davis","Mark","Davis","L","L",184,166,38,0,18,0.229,0.304,0,0,0.93,0.79
"davismi02","Mike Davis","Mike","Davis","L","L",3298,3000,826,95,259,0.275,0.332,10,29,16.9,14.77
"davisod01","Odie Davis","Odie","Davis","R","R",7,6,2,0,1,0.333,0.429,0,0,0,0.01
"davisra01","Rajai Davis","Rajai","Davis","R","R",4810,4351,1207,81,385,0.277,0.341,46,28,23.81,23.64
"davisro01","Ron Davis","Ron","Davis","R","R",727,669,168,13,49,0.251,0.307,6,3,1.45,1.28
"davisro02","Ron Davis","Ron","Davis","R","R",1,0,0,0,1,NA,1,0,0,0,0
"davisro03","Rookie Davis","Rookie","Davis","R","R",75,67,19,1,7,0.284,0.36,1,0,0.39,0.38
"davisru01","Russ Davis","Russ","Davis","R","R",1294,1207,294,33,68,0.244,0.286,8,11,-0.98,-0.74
"davissp01","Virgil Davis","Virgil","Davis","R","R",4595,4245,1089,85,329,0.257,0.313,21,0,13.74,18.53
"davisst01","Steve Davis","Steve","Davis","R","R",4,3,1,0,1,0.333,0.5,0,0,0,0
"davista01","Taylor Davis","Taylor","Davis","R","R",198,179,50,4,18,0.279,0.343,0,1,0.68,0.71
"davisto02","Tommy Davis","Tommy","Davis","R","R",8018,7526,2290,155,392,0.304,0.338,32,68,19.29,18.51
"daviswa01","Wade Davis","Wade","Davis","R","R",162,140,41,3,22,0.293,0.389,0,0,0.86,0.89
"daviswi02","Willie Davis","Willie","Davis","L","L",9903,9303,2688,209,453,0.289,0.322,51,96,61.65,54.48
"dawlebi01","Bill Dawley","Bill","Dawley","R","R",28,24,7,0,4,0.292,0.393,0,0,0.08,0.09
"dawlejo01","Joey Dawley","Joey","Dawley","R","R",1,0,0,0,1,NA,1,0,0,0,0
"dawsoan01","Andre Dawson","Andre","Dawson","R","R",10281,9424,2658,426,645,0.282,0.331,98,114,68.4,63.96
"daybo01","Boots Day","Boots","Day","L","L",1437,1324,355,10,109,0.268,0.324,2,2,3.13,2.17
"dayde01","Dewon Day","Dewon","Day","R","R",1,0,0,0,1,NA,1,0,0,0,0
"dayetbr01","Brian Dayett","Brian","Dayett","R","R",477,426,114,11,43,0.268,0.333,2,6,1.2,1.34
"dayleke01","Ken Dayley","Ken","Dayley","L","L",62,54,13,0,8,0.241,0.339,0,0,0.33,0.39
"daytogr01","Grant Dayton","Grant","Dayton","L","L",47,42,12,1,5,0.286,0.362,0,0,0.19,0.16
"dayza01","Zach Day","Zach","Day","R","R",324,301,63,4,23,0.209,0.265,0,0,-0.06,-0.03
"dazayo01","Yonathan Daza","Yonathan","Daza","R","R",1088,981,272,6,81,0.277,0.335,12,14,3.2,2.57
"dealco01","Cot Deal","Cot","Deal","B","R",4,3,1,0,1,0.333,0.5,0,0,0.01,0.01
"deanau01","Austin Dean","Austin","Dean","R","R",559,501,133,14,53,0.265,0.336,2,3,-1.13,1.27
"deandi01","Dizzy Dean","Dizzy","Dean","R","R",544,540,104,8,3,0.193,0.199,1,0,-0.12,-0.54
"deanpa02","Pat Dean","Pat","Dean","L","L",1,0,0,0,1,NA,1,0,0,0.01,0.01
"deazaal01","Alejandro De Aza","Alejandro","De Aza","L","L",3147,2788,778,59,308,0.279,0.356,33,18,15.22,15.4
"decasyu01","Yurendell de Caster","Yurendell","de Caster","R","R",18,16,4,0,2,0.25,0.333,0,0,0.01,0.01
"decindo01","Doug DeCinces","Doug","DeCinces","R","R",6615,5855,1593,236,675,0.272,0.346,21,64,45.41,43.42
"deckeco01","Cody Decker","Cody","Decker","R","R",68,61,16,1,6,0.262,0.324,0,1,0.17,0.17
"deckeja01","Jaff Decker","Jaff","Decker","L","L",471,409,104,7,59,0.254,0.348,1,2,1.29,0.25
"deckejo01","Joe Decker","Joe","Decker","R","R",2,1,0,0,1,0,0.5,0,0,0,0
"deckest01","Steve Decker","Steve","Decker","R","R",319,293,67,6,19,0.229,0.279,3,4,-0.18,0.02
"dedmoje01","Jeff Dedmon","Jeff","Dedmon","L","R",16,13,3,0,3,0.231,0.375,0,0,0.02,0.03
"dedunsa01","Sam Deduno","Sam","Deduno","R","R",74,64,17,2,10,0.266,0.365,0,0,0.36,0.31
"deerro01","Rob Deer","Rob","Deer","R","R",4606,3970,899,222,582,0.226,0.328,32,22,13.51,14.1
"deesch01","Charlie Dees","Charlie","Dees","L","L",265,252,78,2,2,0.31,0.332,8,3,0.17,0.48
"defraju01","Justin De Fratus","Justin","De Fratus","B","R",84,74,21,2,10,0.284,0.369,0,0,1.02,0.95
"degeubr01","Brett de Geus","Brett","de Geus","R","R",12,10,3,0,2,0.3,0.417,0,0,0.05,0.05
"degotal01","Alex De Goti","Alex","De Goti","R","R",64,57,17,1,7,0.298,0.375,0,0,0.19,0.24
"degroja01","Jacob deGrom","Jacob","deGrom","L","R",882,812,218,12,70,0.268,0.327,0,0,6.48,6.34
"deideji01","Jim Deidel","Jim","Deidel","R","R",2,1,0,0,1,0,0.5,0,0,0.01,0.01
"dejeami01","Mike DeJean","Mike","DeJean","R","R",31,26,8,0,5,0.308,0.419,0,0,0.1,0.1
"dejesda01","David DeJesus","David","DeJesus","L","L",5832,5102,1428,107,588,0.28,0.364,107,35,31.29,32.66
"dejesiv01","Ivan de Jesus","Ivan","de Jesus","R","R",5290,4728,1221,45,524,0.258,0.333,16,22,17.75,15.63
"dejesiv02","Iván De Jesús","Ivan","De Jesus","R","R",704,630,166,10,68,0.263,0.337,3,3,2.34,2.6
"dejohma01","Mark DeJohn","Mark","DeJohn","B","R",21,18,4,0,3,0.222,0.333,0,0,0.18,0.22
"dejonch01","Chase De Jong","Chase","De Jong","L","R",78,71,17,1,7,0.239,0.308,0,0,0.26,0.29
"dejonjo01","Jordan De Jong","Jordan","De Jong","R","R",0,0,0,0,0,NA,NA,0,0,0,0
"dejonpa01","Paul DeJong","Paul","DeJong","R","R",3663,3251,848,123,315,0.261,0.336,66,31,18.73,19.72
"dela_mi01","Miguel de la Hoz",NA,NA,NA,NA,681,641,177,10,33,0.276,0.316,5,2,2.44,2.39
"delabst01","Steve Delabar","Steve","Delabar","R","R",13,9,2,0,4,0.222,0.462,0,0,0.07,0.07
"delacbr01","Bryan De La Cruz","Bryan","De La Cruz","R","R",1956,1783,486,47,139,0.273,0.325,10,24,3.27,3.78
"delacel01","Elly De La Cruz","Elly","De La Cruz","B","R",1197,1059,286,25,125,0.27,0.352,10,3,7.44,8.97
"delaceu01","Frankie De La Cruz","Frankie","De La Cruz","R","R",31,26,6,0,5,0.231,0.355,0,0,0.27,0.3
"delacjo01","Joel De La Cruz","Joel","De La Cruz","R","R",70,64,16,1,6,0.25,0.314,0,0,0.42,0.38
"delahed01","Ed Delahanty","Ed","Delahanty","R","R",6938,6403,1914,143,459,0.299,0.353,76,0,49.27,44.14
"delanbi02","Bill DeLancey","Bill","DeLancey","L","R",642,559,145,21,81,0.259,0.355,2,0,1.99,4.62
"delarda01","Dane De La Rosa","Dane","De La Rosa","R","R",6,4,1,0,2,0.25,0.5,0,0,0.03,0.03
"delareu01","Eury De La Rosa","Eury","De La Rosa","L","L",53,47,14,1,6,0.298,0.377,0,0,0.5,0.5
"delarru01","Rubby De La Rosa","Rubby","De La Rosa","R","R",297,269,62,5,28,0.23,0.303,0,0,1.2,1.18
"delarto01","Tomas de la Rosa","Tomas","de la Rosa","R","R",166,151,43,3,14,0.285,0.349,1,0,0.47,0.56
"delayja01","Jason Delay","Jason","Delay","R","R",364,322,83,0,30,0.258,0.338,10,2,-0.09,2.08
"delcama01","Manny Delcarmen","Manny","Delcarmen","R","R",25,19,6,0,6,0.316,0.48,0,0,0.09,0.09
"deleojo01","Jose DeLeon","Jose","DeLeon","R","R",173,162,32,0,9,0.198,0.249,2,0,-0.47,-1.06
"deleojo02","Jorge De Leon","Jorge","De Leon","R","R",2,1,0,0,1,0,0.5,0,0,0.01,0.01
"deleojo03","José De León","Jose","De Leon","R","R",101,91,24,2,10,0.264,0.337,0,0,0.43,0.36
"deleolu01","Luis DeLeon","Luis","DeLeon","R","R",26,22,6,0,4,0.273,0.385,0,0,0.08,0.07
"delgaca01","Carlos Delgado","Carlos","Delgado","L","R",8274,6963,1935,373,1052,0.278,0.381,169,90,46.38,44.45
"delgaje01","Jesus Delgado","Jesus","Delgado","R","R",2,1,0,0,1,0,0.5,0,0,0.01,0.01
"delgapu01","Luis Delgado","Luis","Delgado","B","L",23,21,5,0,2,0.238,0.304,0,0,0.05,0.09
"delgara01","Randall Delgado","Randall","Delgado","R","R",402,367,101,7,35,0.275,0.338,0,0,4.1,3.94
"delgawi01","Wilson Delgado","Wilson","Delgado","B","R",673,610,149,7,59,0.244,0.311,1,3,1.31,0.93
"delgrbo01","Bobby Del Greco","Bobby","Del Greco","R","R",2079,1800,375,30,241,0.208,0.31,29,9,1.11,0.47
"delluda01","David Dellucci","David","Dellucci","L","L",3516,3091,780,79,357,0.252,0.336,46,22,3.91,8.35
"delmoni01","Nicky Delmonico","Nick","Delmonico","L","R",680,596,159,16,74,0.267,0.356,9,1,2.9,1.76
"delosab01","Abel De Los Santos","Abel","De Los Santos","R","R",2,1,0,0,1,0,0.5,0,0,0.01,0.01
"delosen01","Enyel De Los Santos","Enyel","De Los Santos","R","R",85,75,19,1,10,0.253,0.341,0,0,0.29,0.28
"delosva01","Valerio De Los Santos","Valerio","De Los Santos","L","L",50,44,12,1,6,0.273,0.36,0,0,0.09,0.09
"delpomi01","Miguel Del Pozo","Miguel","Del Pozo","L","L",2,1,0,0,1,0,0.5,0,0,0.01,0.01
"delroen01","Enerio Del Rosario","Enerio","Del Rosario","R","R",23,20,5,0,3,0.25,0.348,0,0,0.15,0.14
"delsiji01","Jim Delsing","Jim","Delsing","L","R",2768,2504,606,30,241,0.242,0.312,17,6,-3.86,-1.21
"delucjo01","Jonny Deluca","Jonny","DeLuca","R","R",380,344,91,5,32,0.265,0.334,4,0,1.71,2.01
"deluzbe01","Ben DeLuzio","Ben","DeLuzio","R","R",28,22,5,0,4,0.227,0.393,2,0,0.46,0.32
"demarch01","Chris Demaria","Chris","Demaria","B","R",5,4,1,0,1,0.25,0.4,0,0,0.03,0.03
"demarfr02","Frank Demaree","Frank","Demaree","R","R",3492,3206,912,72,275,0.284,0.343,11,0,12.32,12.33
"demelsa01","Sam Demel","Sam","Demel","R","R",18,15,5,0,3,0.333,0.444,0,0,0.12,0.12
"demerla01","Larry Demery","Larry","Demery","R","R",116,103,23,1,12,0.223,0.302,0,1,0.62,0.69
"demertr01","Travis Demeritte","Travis","Demeritte","R","R",346,311,81,5,30,0.26,0.327,2,3,-2.22,0.13
"demetdo01","Don Demeter","Don","Demeter","R","R",3986,3753,976,140,159,0.26,0.295,42,32,8.2,10.05
"demoldo01","Don DeMola","Don","DeMola","R","R",13,11,3,0,2,0.273,0.385,0,0,0.04,0.04
"dempsma01","Mark Dempsey","Mark","Dempsey","R","R",1,0,0,0,1,NA,1,0,0,0,0
"dempsri01","Rick Dempsey","Rick","Dempsey","R","R",5456,4764,1196,114,632,0.251,0.338,18,42,29.54,32.14
"dempsry01","Ryan Dempster","Ryan","Dempster","R","R",688,633,137,10,55,0.216,0.279,0,0,2.88,2.81
"dendema01","Matt den Dekker","Matt","den Dekker","L","L",673,593,160,15,77,0.27,0.357,3,0,4.18,3.7
"denketr01","Travis Denker","Travis","Denker","R","R",89,78,20,2,11,0.256,0.348,0,0,0.44,0.61
"denniry01","Ryan Dennick","Ryan","Dennick","L","L",7,6,2,0,1,0.333,0.429,0,0,0.03,0.03
"dennyjo01","John Denny","John","Denny","R","R",594,550,118,5,40,0.215,0.268,1,3,2.17,1.69
"denorch01","Chris Denorfia","Chris","Denorfia","R","R",2682,2398,698,54,261,0.291,0.361,9,14,17.37,14.84
"dentbu01","Bucky Dent","Bucky","Dent","R","R",4957,4508,1148,70,385,0.255,0.312,15,49,22.42,20.19
"depasjo01","Joe DePastino","Joe","Depastino","R","R",16,14,3,0,2,0.214,0.312,0,0,0,0.01
"dermoma01","Matt Dermody","Matt","Dermody","R","L",1,0,0,0,1,NA,1,0,0,0.01,0.01
"dernibo01","Bob Dernier","Bob","Dernier","R","R",2742,2485,638,24,241,0.257,0.323,8,8,7.74,6.02
"derosma01","Mark DeRosa","Mark","DeRosa","R","R",4358,3843,1051,91,427,0.273,0.351,52,36,17.14,17.68
"desajo01","Joe DeSa","Joe","DeSa","L","L",10,9,2,0,1,0.222,0.3,0,0,0,0.01
"desalma01","Matt DeSalvo","Matt","DeSalvo","R","R",2,1,0,0,1,0,0.5,0,0,0.01,0.01
"desauge01","Gene Desautels","Gene","Desautels","R","R",944,827,187,1,114,0.226,0.322,3,0,0.98,0.35
"descada01","Daniel Descalso","Daniel","Descalso","L","R",3089,2678,709,50,368,0.265,0.355,21,22,12.67,12.82
"desclan01","Anthony DeSclafani","Anthony","DeSclafani","R","R",644,591,130,8,52,0.22,0.283,0,1,2.65,2.42
"deshaji01","Jim Deshaies","Jim","Deshaies","L","L",265,244,47,0,21,0.193,0.257,0,0,-0.81,-0.43
"deshide01","Delino DeShields","Delino","DeShields","L","R",6761,5971,1574,50,728,0.264,0.343,20,42,23.14,23.05
"deshide02","Delino DeShields","Delino","DeShields","R","R",2252,1959,521,29,267,0.266,0.356,14,12,10.97,10.82
"desmoia01","Ian Desmond","Ian","Desmond","R","R",5984,5391,1473,166,511,0.273,0.339,43,39,27.83,28.53
"despaod01","Odrisamer Despaigne","Odrisamer","Despaigne","R","R",300,273,59,4,27,0.216,0.287,0,0,1.48,1.38
"desseel01","Elmer Dessens","Elmer","Dessens","R","R",553,500,115,3,53,0.23,0.304,0,0,1.58,1.98
"dethebo01","Bob Detherage","Bob","Detherage","R","R",23,21,7,1,2,0.333,0.391,0,0,0.07,0.07
"detmere01","Reid Detmers","Reid","Detmers","L","L",30,26,7,1,4,0.269,0.367,0,0,0.03,0.02
"dettoto01","Tom Dettore","Tom","Dettore","L","R",59,53,13,0,6,0.245,0.322,0,0,0.56,0.58
"detwedu01","Ducky Detweiler","Ducky","Detweiler","R","R",60,57,17,0,3,0.298,0.333,0,0,0.31,0.24
"detwiro01","Ross Detwiler","Ross","Detwiler","R","L",517,469,112,10,48,0.239,0.309,0,0,3.16,2.99
"devench02","Chris Devenski","Chris","Devenski","R","R",39,33,11,0,6,0.333,0.436,0,0,0.12,0.11
"deverjo01","José Devers","Jose","Devers","L","R",132,119,31,1,11,0.261,0.326,1,1,0.18,0.47
"devermi01","Mike Devereaux","Mike","Devereaux","R","R",4146,3819,967,93,281,0.253,0.304,12,34,12.88,12.27
"deverra01","Rafael Devers","Rafael","Devers","L","R",4737,4200,1197,175,460,0.285,0.361,51,26,28.99,30.31
"devinad01","Adrian Devine","Adrian","Devine","R","R",6,5,1,0,1,0.2,0.333,0,0,0.01,0.02
"devinha01","Hal Deviney","Hal","Deviney","R","R",2,1,0,0,1,0,0.5,0,0,0,0.01
"devinjo01","Joey Devine","Joey","Devine","R","R",26,21,6,0,5,0.286,0.423,0,0,0.08,0.08
"devliar01","Art Devlin","Art","Devlin","R","R",4148,3714,770,7,361,0.207,0.29,73,0,9.36,12.16
"devordo01","Doug DeVore","Doug","DeVore","L","L",177,164,40,3,13,0.244,0.299,0,0,0.35,0.55
"dewilje01","Jeff DeWillis","Jeff","DeWillis","R","R",33,30,6,1,3,0.2,0.273,0,0,0.1,0.14
"dewitbl01","Blake DeWitt","Blake","DeWitt","L","R",1390,1236,334,27,136,0.27,0.344,8,10,5.69,5.68
"dewitma01","Matt DeWitt","Matt","DeWitt","R","R",4,3,1,0,1,0.333,0.5,0,0,0.01,0.01
"diamosc01","Scott Diamond","Scott","Diamond","L","L",50,45,13,1,5,0.289,0.36,0,0,0.11,0.13
"diamoth01","Thomas Diamond","Thomas","Diamond","R","R",48,43,12,1,5,0.279,0.354,0,0,0.3,0.28
"diazal02","Aledmys Díaz","Aledmys","Diaz","R","R",2672,2394,676,64,207,0.282,0.346,42,29,12.44,11.41
"diazal03","Alexis Díaz","Alexis","Diaz","R","R",10,9,2,0,1,0.222,0.3,0,0,0.02,0.02
"diazar01","Argenis Diaz","Argenis","Diaz","R","R",82,74,20,1,8,0.27,0.341,0,0,0.24,0.25
"diazbo01","Bo Diaz","Bo","Diaz","R","R",3523,3244,850,83,238,0.262,0.313,13,28,15,15.43
"diazca01","Carlos Diaz","Carlos","Diaz","R","L",3,2,0,0,1,0,0.333,0,0,0.02,0.02
"diazca02","Carlos Diaz","Carlos","Diaz","R","R",4,3,1,0,1,0.333,0.5,0,0,0,0
"diazda01","Dayan Díaz","Dayan","Diaz","R","R",6,5,1,0,1,0.2,0.333,0,0,0.03,0.03
"diazed04","Edwin Díaz","Edwin","Diaz","R","R",75,65,20,0,10,0.308,0.4,0,0,0.25,0.23
"diazei01","Einar Díaz","Einar","Diaz","R","R",2144,1987,490,9,93,0.247,0.296,51,13,4.52,4.26
"diazel01","Elias Díaz","Elias","Diaz","R","R",2743,2486,653,49,216,0.263,0.323,17,24,12,2.26
"diazfe01","Felix Diaz","Felix","Diaz","R","R",9,8,2,0,1,0.25,0.333,0,0,0,0
"diazis01","Isan Díaz","Isan","Diaz","L","R",604,524,115,9,73,0.219,0.316,3,4,0.35,-1.57
"diazja01","Jairo Díaz","Jairo","Diaz","R","R",27,23,6,0,4,0.261,0.37,0,0,0.15,0.14
"diazjo02","Jonathan Diaz","Jonathan","Diaz","R","R",204,180,48,3,21,0.267,0.353,3,0,0.89,0.81
"diazju01","Juan Diaz","Juan","Diaz","R","R",44,39,10,2,5,0.256,0.341,0,0,0.23,0.21
"diazju03","Jumbo Diaz","Jumbo","Diaz","R","R",48,41,10,1,7,0.244,0.354,0,0,0.84,0.8
"diazle01","Lewin Díaz","Lewin","Diaz","L","L",412,375,91,14,31,0.243,0.301,2,4,1.36,0.39
"diazma01","Mario Diaz","Mario","Diaz","R","R",857,801,209,4,45,0.261,0.299,2,9,-1.78,-1.65
"diazma02","Matt Diaz","Matt","Diaz","R","R",2360,2131,621,48,175,0.291,0.353,38,16,9.38,10.82
"diazmi01","Mike Diaz","Mike","Diaz","R","R",748,659,167,26,73,0.253,0.329,6,10,1.18,1.96
"diazmi02","Miguel Diaz","Miguel","Diaz","R","R",115,104,30,2,11,0.288,0.357,0,0,0.98,0.98
"diazro01","Robinzon Diaz","Robinzon","Diaz","R","R",256,233,66,4,18,0.283,0.34,3,2,1.25,0.63
"diazvi01","Victor Diaz","Victor","Diaz","R","R",630,569,150,26,54,0.264,0.33,4,3,1.96,1.13
"diazya01","Yandy Díaz","Yandy","Diaz","R","R",3439,2946,915,63,436,0.311,0.404,38,19,19.97,20.35
"diazya02","Yainer Diaz","Yainer","Diaz","R","R",1050,960,299,35,58,0.311,0.351,12,20,7.56,6.08
"diazye01","Yennsy Díaz","Yennsy","Diaz","R","R",24,21,5,1,3,0.238,0.333,0,0,0.33,0.31
"diazyu01","Yusniel Diaz","Yusniel","Diaz","R","R",9,8,2,0,1,0.25,0.333,0,0,0,0.01
"dibutpe01","Pedro Dibut","Pedro","Dibut","R","R",15,13,3,0,2,0.231,0.333,0,0,0,0.01
"dickeal01","Alex Dickerson","Alex","Dickerson","L","L",1349,1201,338,45,130,0.281,0.357,14,4,6.28,6.07
"dickebi01","Bill Dickey","Bill","Dickey","L","R",7038,6387,1907,228,620,0.299,0.363,31,0,50.81,48.66
"dickech01","Chris Dickerson","Chris","Dickerson","L","L",1147,1010,280,28,129,0.277,0.36,4,4,7.63,7.72
"dickeco01","Corey Dickerson","Corey","Dickerson","L","R",4440,4053,1177,123,346,0.29,0.347,17,24,21.54,20.33
"dicker.01","R A  Dickey",NA,NA,NA,NA,683,626,157,9,56,0.251,0.313,1,0,3.07,2.74
"dickmem01","Emerson Dickman","Emerson","Dickman","R","R",84,77,18,1,7,0.234,0.298,0,0,-1.35,-1.04
"dicksbr01","Brandon Dickson","Brandon","Dickson","R","R",29,26,9,1,3,0.346,0.414,0,0,0.2,0.2
"dicksjo01","Johnny Dickshot","Johnny","Dickshot","R","R",564,529,151,2,34,0.285,0.33,1,0,2.01,1.72
"dicksmu01","Murry Dickson","Murry","Dickson","R","R",1247,1212,274,3,33,0.226,0.248,2,0,0.52,-0.89
"dicksok01","O Koyea Dickson","O'Koyea","Dickson","R","R",58,50,13,1,8,0.26,0.362,0,0,0.23,0.2
"diehlph01","Phillip Diehl","Phillip","Diehl","L","L",8,7,3,0,1,0.429,0.5,0,0,0.03,0.03
"diekmja01","Jake Diekman","Jake","Diekman","R","L",83,71,20,0,12,0.282,0.386,0,0,0.43,0.42
"dierich01","Chuck Diering","Chuck","Diering","R","R",2056,1834,453,9,214,0.247,0.327,5,3,-0.36,0.76
"dierkla01","Larry Dierker","Larry","Dierker","R","R",965,922,185,10,40,0.201,0.234,1,2,-1.87,-0.84
"dietrbi01","Bill Dietrich","Bill","Dietrich","R","R",327,294,61,5,31,0.207,0.287,2,0,-1.33,-0.74
"dietrde01","Derek Dietrich","Derek","Dietrich","L","R",2629,2252,620,78,239,0.275,0.374,123,15,12.23,13.45
"dietzdi01","Dick Dietz","Dick","Dietz","R","R",2469,2044,560,70,400,0.274,0.394,12,13,13.22,15.09
"dietzdu01","Lloyd Dietz","Lloyd","Dietz","R","R",6,5,1,0,1,0.2,0.333,0,0,0,0.01
"dietzro01","Roy Dietzel","Roy","Dietzel","R","R",28,24,6,0,4,0.25,0.357,0,0,0.15,0.18
"difanja01","Jay Difani","Jay","Difani","R","R",0,0,0,0,0,NA,NA,0,0,0,0
"difelma01","Mark DiFelice","Mark","DiFelice","R","R",36,31,10,1,5,0.323,0.417,0,0,0.43,0.39
"difelmi01","Mike Difelice","Mike","Difelice","R","R",1807,1669,386,20,109,0.231,0.283,16,13,-0.00999999999999973,2.39
"difowi01","Wilmer Difo","Wilmer","Difo","B","R",1506,1348,368,22,146,0.273,0.343,3,9,3.75,6.04
"diggibe01","Ben Diggins","Ben","Diggins","R","R",44,41,10,1,3,0.244,0.295,0,0,0.04,0.1
"dillast01","Steve Dillard","Steve","Dillard","R","R",1132,1025,258,19,97,0.252,0.315,2,8,1.68,1.14
"dillati01","Tim Dillard","Tim","Dillard","R","R",41,35,13,0,6,0.371,0.463,0,0,0.15,0.15
"dillibo01","Bob Dillinger","Bob","Dillinger","R","R",2988,2806,817,6,172,0.291,0.334,10,0,2.53,3.04
"dillojo02","Joe Dillon","Joe","Dillon","R","R",486,432,121,8,49,0.28,0.36,5,0,2.58,2.59
"dilonmi01","Miguel Dilone","Miguel","Dilone","B","R",2279,2083,578,21,186,0.277,0.338,6,4,6.84,6.27
"dimagdo01","Dom DiMaggio","Dom","DiMaggio","R","R",6490,5798,1617,95,661,0.279,0.356,31,0,31.04,31.78
"dimagjo01","Joe DiMaggio","Joe","DiMaggio","R","R",7798,7036,2238,370,716,0.318,0.385,46,0,75.6,74.91
"dimagvi01","Vince DiMaggio","Vince","DiMaggio","R","R",4342,3999,872,199,331,0.218,0.28,12,0,13.55,14.38
"dimmemi01","Mike Dimmel","Mike","Dimmel","R","R",5,4,1,0,1,0.25,0.4,0,0,0.01,0.01
"dinarle01","Lenny DiNardo","Lenny","DiNardo","L","L",2,1,0,0,1,0,0.5,0,0,0.01,0.01
"dineeke01","Kerry Dineen","Kerry","Dineen","L","L",25,22,7,0,3,0.318,0.4,0,0,0.19,0.2
"dingmcr01","Craig Dingman","Craig","Dingman","R","R",5,4,1,0,1,0.25,0.4,0,0,0.02,0.01
"dinini01","Nick Dini","Nick","Dini","R","R",134,120,30,3,11,0.25,0.321,2,1,0.42,0.26
"dinkebr01","Brian Dinkelman","Brian","Dinkelman","L","R",135,123,38,2,11,0.309,0.37,1,0,0.28,0.38
"dipinfr01","Frank DiPino","Frank","DiPino","L","L",41,36,8,0,5,0.222,0.317,0,0,0.06,0.07
"diplama01","Marcos Diplán","Marcos","Diplan","R","R",0,0,0,0,0,NA,NA,0,0,0,0
"dirksan01","Andy Dirks","Andy","Dirks","L","L",1155,1039,296,25,106,0.285,0.354,7,3,6.21,5.69
"disarga01","Gary Disarcina","Gary","Disarcina","R","R",4116,3901,956,9,158,0.245,0.279,36,21,7.63,3.77
"distebe01","Benny Distefano","Benny","Distefano","L","L",131,118,26,4,10,0.22,0.282,1,2,0.34,0.13
"ditmaar01","Art Ditmar","Art","Ditmar","R","R",286,278,55,0,8,0.198,0.22,0,0,-1.87,-1.98
"dixonbr01","Brandon Dixon","Brandon","Dixon","R","R",646,590,156,16,48,0.264,0.322,4,4,1.65,1.86
"dixonke01","Ken Dixon","Ken","Dixon","B","R",0,0,0,0,0,NA,NA,0,0,0,0
"dixonto01","Tom Dixon","Tom","Dixon","R","R",6,5,1,0,1,0.2,0.333,0,0,0,0
"dlugabr01","Brent Dlugach","Brent","Dlugach","R","R",28,25,6,1,3,0.24,0.321,0,0,0.24,0.13
"dobbsgr01","Greg Dobbs","Greg","Dobbs","L","R",2664,2414,667,54,211,0.276,0.334,13,26,8.84,9.22
"dobnara01","Randy Dobnak","Randy","Dobnak","R","R",1,0,0,0,1,NA,1,0,0,0,0
"dobsoch01","Chuck Dobson","Chuck","Dobson","R","R",87,81,17,0,4,0.21,0.241,0,2,0.23,0.21
"dobsojo01","Joe Dobson","Joe","Dobson","R","R",268,248,48,2,17,0.194,0.254,3,0,0.29,0.41
"dobyla01","Larry Doby","Larry","Doby","L","R",6439,5593,1597,230,783,0.286,0.376,38,25,46.97,47.64
"doddto01","Tom Dodd","Tom","Dodd","R","R",17,14,5,1,2,0.357,0.471,1,0,0.01,0.01
"dodsopa01","Pat Dodson","Pat","Dodson","L","L",16,14,5,1,2,0.357,0.438,0,0,0.02,0.02
"doerrbo01","Bobby Doerr","Bobby","Doerr","R","R",7879,7196,1903,250,673,0.264,0.328,10,0,47.48,49.14
"dohmasc01","Scott Dohmann","Scott","Dohmann","R","R",51,43,12,0,7,0.279,0.392,1,0,0.36,0.3
"dohyky01","Kyle Dohy","Kyle","Dohy","L","L",1,0,0,0,1,NA,1,0,0,0.01,0.01
"dolisra01","Rafael Dolis","Rafael","Dolis","R","R",16,13,5,0,3,0.385,0.5,0,0,0.11,0.09
"dolsifr01","Freddy Dolsi","Freddy","Dolsi","R","R",12,10,3,0,2,0.3,0.417,0,0,0.01,0.02
"dominch01","Chris Dominguez","Chris","Dominguez","R","R",147,134,35,6,13,0.261,0.327,0,0,0.67,-0.03
"dominja01","Jasson Domínguez","Jasson","Domínguez","B","R",72,61,15,3,11,0.246,0.361,0,0,0.79,0.79
"dominjo01","José Domínguez","Jose","Dominguez","R","R",45,39,12,0,6,0.308,0.4,0,0,0.14,0.11
"dominju01","Juan Dominguez","Juan","Dominguez","R","R",3,2,1,0,1,0.5,0.667,0,0,0.02,0.01
"dominma01","Matt Dominguez","Matt","Dominguez","R","R",1538,1394,365,43,117,0.262,0.322,13,14,5.69,4.37
"dominse01","Seranthony Domínguez","Seranthony","Dominguez","R","R",59,50,14,2,9,0.28,0.39,0,0,1.07,1.08
"donalat01","Atley Donald","Atley","Donald","L","R",143,134,29,0,9,0.216,0.266,0,0,-0.47,0.02
"donalja01","Jason Donald","Jason","Donald","R","R",716,648,181,13,56,0.279,0.344,9,3,3.64,2.83
"donaljo01","John Donaldson","John","Donaldson","L","R",1491,1339,308,3,142,0.23,0.304,4,6,0.8,-0.21
"donaljo02","Josh Donaldson","Josh","Donaldson","R","R",6105,5149,1441,253,836,0.28,0.384,66,54,51.5,50.08
"donlimi01","Mike Donlin","Mike","Donlin","L","L",3518,3340,946,29,161,0.283,0.319,17,0,6.5,11.97
"donnebl01","Blix Donnelly","Blix","Donnelly","R","R",78,73,16,0,5,0.219,0.269,0,0,0.19,0.2
"donnebr01","Brendan Donnelly","Brendan","Donnelly","R","R",40,31,11,0,9,0.355,0.5,0,0,0.17,0.17
"donnech01","Chris Donnels","Chris","Donnels","L","R",444,393,96,11,48,0.244,0.327,1,2,-0.18,1
"donohpe01","Pete Donohue","Pete","Donohue","R","R",420,416,97,1,2,0.233,0.24,2,0,-0.0900000000000001,0.11
"donovbr01","Brendan Donovan","Brendan","Donovan","L","R",1617,1371,415,23,176,0.303,0.402,59,11,10.53,9.58
"donovdi01","Dick Donovan","Dick","Donovan","L","R",1012,919,187,15,83,0.203,0.276,9,1,-0.35,0.45
"doolise01","Sean Doolittle","Sean","Doolittle","L","L",107,92,27,1,15,0.293,0.393,0,0,1.05,1.03
"doranbi02","Bill Doran","Bill","Doran","B","R",5924,5145,1403,97,732,0.273,0.362,10,37,34.33,31.19
"dormare01","Red Dorman","Red","Dorman","R","R",98,89,27,0,9,0.303,0.367,0,0,0.24,0.11
"dornda01","Danny Dorn","Danny","Dorn","L","L",89,80,20,1,9,0.25,0.326,0,0,0.32,0.29
"dorowry01","Ryan Dorow","Ryan","Dorow","R","R",65,58,14,1,7,0.241,0.323,0,0,0.05,0.06
"dorsebr01","Brian Dorsett","Brian","Dorsett","R","R",89,80,20,0,8,0.25,0.326,1,0,-0.09,0.09
"dortame01","Melvin Dorta","Melvin","Dorta","R","R",70,64,16,1,6,0.25,0.314,0,0,0.16,0.11
"doteloc01","Octavio Dotel","Octavio","Dotel","R","R",65,56,18,1,9,0.321,0.415,0,0,0.7,0.68
"dotsori01","Richard Dotson","Richard","Dotson","R","R",0,0,0,0,0,NA,NA,0,0,0,0
"dottedu01","Dutch Dotterer","Dutch","Dotterer","R","R",465,414,104,6,48,0.251,0.327,0,3,1.03,0.96
"doubrfe01","Felix Doubront","Felix","Doubront","L","L",106,95,27,3,11,0.284,0.358,0,0,0.36,0.31
"douglse01","Sean Douglass","Sean","Douglass","R","R",1,0,0,0,1,NA,1,0,0,0,0
"doumiry01","Ryan Doumit","Ryan","Doumit","B","R",3618,3229,893,106,310,0.277,0.347,53,26,17.3,7.36
"douthta01","Taylor Douthit","Taylor","Douthit","R","R",3246,2937,726,20,286,0.247,0.319,23,0,1.84,7.86
"dovalca01","Camilo Doval","Camilo","Doval","R","R",20,17,4,0,3,0.235,0.35,0,0,0.07,0.07
"dovede01","Dennis Dove","Dennis","Dove","R","R",2,1,0,0,1,0,0.5,0,0,0.01,0.01
"dowdyky01","Kyle Dowdy","Kyle","Dowdy","R","R",1,0,0,0,1,NA,1,0,0,0.01,0.01
"downial01","Al Downing","Al","Downing","R","L",368,351,66,1,17,0.188,0.226,0,0,-1.8,-1.24
"downibr01","Brian Downing","Brian","Downing","R","R",9332,7902,2195,277,1231,0.278,0.381,129,70,55.58,52.54
"downsda01","Dave Downs","Dave","Downs","R","R",8,7,3,0,1,0.429,0.5,0,0,0,0
"downsda02","Darin Downs","Darin","Downs","R","L",6,4,1,0,2,0.25,0.5,0,0,0.03,0.03
"downske01","Kelly Downs","Kelly","Downs","R","R",143,132,27,0,10,0.205,0.259,0,1,0,0.02
"downsma01","Matt Downs","Matt","Downs","R","R",778,694,178,23,70,0.256,0.333,11,3,4.09,3.99
"downssc01","Scott Downs","Scott","Downs","L","L",115,99,22,1,16,0.222,0.33,0,0,0.09,0.23
"doylebr01","Brian Doyle","Brian","Doyle","L","R",50,47,11,1,3,0.234,0.28,0,0,0.27,0.12
"doylebr02","Brenton Doyle","Brenton","Doyle","R","R",1100,994,247,24,81,0.248,0.308,11,14,6.29,5.68
"doyleca01","Carl Doyle","Carl","Doyle","R","R",58,53,14,1,5,0.264,0.328,0,0,0.3,0.27
"doylede01","Denny Doyle","Denny","Doyle","L","R",2232,2066,548,21,147,0.265,0.314,6,13,8.04,5.61
"doylela01","Larry Doyle","Larry","Doyle","L","R",6746,6345,1549,118,353,0.244,0.289,48,0,13.19,21.29
"doziebr01","Brian Dozier","Brian","Dozier","R","R",4985,4318,1147,173,584,0.266,0.357,47,36,29.52,29.46
"doziehu01","Hunter Dozier","Hunter","Dozier","R","R",2632,2343,621,67,257,0.265,0.34,18,14,6.27,7.23
"drabedo01","Doug Drabek","Doug","Drabek","R","R",737,703,146,2,27,0.208,0.243,6,1,0.62,0.62
"drabeky01","Kyle Drabek","Kyle","Drabek","R","R",21,19,5,0,2,0.263,0.333,0,0,0.02,0.03
"drabomo01","Moe Drabowsky","Moe","Drabowsky","R","R",542,513,111,2,27,0.216,0.256,1,1,-3.16,-2.74
"drakeol01","Oliver Drake","Oliver","Drake","R","R",56,48,17,0,8,0.354,0.446,0,0,0.17,0.17
"draveda01","Dave Dravecky","Dave","Dravecky","R","L",127,116,22,1,11,0.19,0.26,0,0,0.48,0.38
"dreifda01","Darren Dreifort","Darren","Dreifort","R","R",404,381,80,7,22,0.21,0.255,1,0,1.6,1.24
"dresery01","Ryan Drese","Ryan","Drese","R","R",30,26,7,1,4,0.269,0.367,0,0,0.06,0.06
"dressch01","Chuck Dressen","Chuck","Dressen","R","R",1737,1586,362,11,139,0.228,0.295,12,0,3.85,4.96
"dressro01","Rob Dressler","Rob","Dressler","R","R",4,3,1,0,1,0.333,0.5,0,0,0,0
"drewj.01","J D  Drew",NA,NA,NA,NA,6102,5148,1421,199,855,0.276,0.382,55,44,47.99,47.58
"drewst01","Stephen Drew","Stephen","Drew","L","R",5094,4509,1216,120,528,0.27,0.345,13,44,25.62,24.39
"driesda01","Dan Driessen","Dan","Driessen","L","R",6440,5541,1526,169,806,0.275,0.366,28,65,25.47,25.88
"drisktr01","Travis Driskill","Travis","Driskill","R","R",25,22,5,0,3,0.227,0.32,0,0,0.06,0.05
"dropowa01","Walt Dropo","Walt","Dropo","R","R",4485,4192,1045,129,248,0.249,0.293,23,22,-2.52,1.16
"drottdi01","Dick Drott","Dick","Drott","R","R",90,84,22,0,6,0.262,0.311,0,0,0.64,0.42
"drummti01","Tim Drummond","Tim","Drummond","R","R",1,0,0,0,1,NA,1,0,0,0,0
"drurybr01","Brandon Drury","Brandon","Drury","R","R",3477,3136,842,94,260,0.268,0.331,50,31,8.82,10.95
"drysddo01","Don Drysdale","Don","Drysdale","R","R",1862,1747,372,37,104,0.213,0.258,5,6,6.91,7.26
"duartda01","Daniel Duarte","Daniel","Duarte","R","R",9,8,2,0,1,0.25,0.333,0,0,0.02,0.01
"dubiemo01","Monk Dubiel","Monk","Dubiel","R","R",247,237,54,1,10,0.228,0.259,0,0,0.81,0.42
"duboija01","Jason Dubois","Jason","Dubois","R","R",69,63,15,2,5,0.238,0.29,0,1,0.08,0.14
"dubonma01","Mauricio Dubón","Mauricio","Dubon","R","R",2082,1907,542,34,138,0.284,0.332,12,25,11.23,8.9
"duboser01","Eric DuBose","Eric","DuBose","L","L",15,13,4,0,2,0.308,0.4,0,0,0,0
"duceyro01","Rob Ducey","Rob","Ducey","L","R",1608,1412,337,24,171,0.239,0.323,11,14,1.51,2.72
"duchsju01","Justin Duchscherer","Justin","Duchscherer","R","R",1,0,0,0,1,NA,1,0,0,0,0
"duckwbr01","Brandon Duckworth","Brandon","Duckworth","R","R",327,296,75,4,31,0.253,0.324,0,0,1.62,1.76
"dudalu01","Lucas Duda","Lucas","Duda","L","R",3830,3258,873,154,484,0.268,0.37,61,27,14.79,14.4
"dudrajo01","John Dudra","John","Dudra","R","R",32,29,9,0,3,0.31,0.375,0,0,0.42,0.4
"duensbr01","Brian Duensing","Brian","Duensing","L","L",167,147,41,3,20,0.279,0.365,0,0,1.7,1.71
"duesha01","Hal Dues","Hal","Dues","R","R",5,4,1,0,1,0.25,0.4,0,0,0,0
"duffaji01","Jim Duffalo","Jim","Duffalo","R","R",24,21,5,1,3,0.238,0.333,0,0,0.02,0.01
"duffety01","Tyler Duffey","Tyler","Duffey","R","R",43,36,10,1,7,0.278,0.395,0,0,0.12,0.12
"duffma01","Matt Duff","Matt","Duff","R","R",5,4,1,0,1,0.25,0.4,0,0,0.01,0.01
"duffych01","Chris Duffy","Chris","Duffy","L","L",897,805,214,10,73,0.266,0.337,15,4,4.53,4.24
"duffyda01","Danny Duffy","Danny","Duffy","L","L",29,26,7,1,3,0.269,0.345,0,0,0.08,0.1
"duffyfr01","Frank Duffy","Frank","Duffy","R","R",2944,2717,677,36,207,0.249,0.303,8,12,12.93,11.01
"duffyma01","Matt Duffy","Matt","Duffy","R","R",2761,2469,724,37,238,0.293,0.363,40,14,13.42,13.25
"duffyma02","Matt Duffy","Matt","Duffy","R","R",98,87,25,2,11,0.287,0.367,0,0,0.77,0.53
"duggast01","Steven Duggar","Steven","Duggar","L","R",957,860,232,16,87,0.27,0.338,4,6,4.18,4.65
"duggero01","Robert Dugger","Robert","Dugger","R","R",66,61,11,1,5,0.18,0.242,0,0,0.15,0.15
"dukesel01","Elijah Dukes","Elijah","Dukes","R","R",991,836,205,31,138,0.245,0.357,11,6,4.18,4.32
"dukesto01","Tom Dukes","Tom","Dukes","R","R",2,1,0,0,1,0,0.5,0,0,0.01,0
"dukeza01","Zach Duke","Zach","Duke","L","L",827,755,183,13,70,0.242,0.306,0,2,6.08,5.42
"dullry01","Ryan Dull","Ryan","Dull","R","R",11,9,3,0,2,0.333,0.455,0,0,0.05,0.05
"dumatph01","Phil Dumatrait","Phil","Dumatrait","R","L",132,120,27,2,12,0.225,0.295,0,0,0.33,0.32
"dunanjo01","Joe Dunand","Joe","Dunand","R","R",17,14,5,1,1,0.357,0.471,2,0,0.06,0.06
"duncach01","Chris Duncan","Chris","Duncan","L","R",1371,1188,318,54,173,0.268,0.36,3,7,6.06,6.45
"duncada01","Dave Duncan","Dave","Duncan","R","R",2768,2521,621,98,220,0.246,0.309,13,14,10.49,10.55
"duncaje01","Jeff Duncan","Jeff","Duncan","L","L",209,183,41,1,24,0.224,0.321,2,0,-0.57,0.38
"duncama01","Mariano Duncan","Mariano","Duncan","R","R",5116,4823,1282,77,223,0.266,0.301,37,33,2.47,0.69
"duncash01","Shelley Duncan","Shelley","Duncan","R","R",1323,1160,300,51,149,0.259,0.345,7,7,5.68,5.87
"duncata01","Taylor Duncan","Taylor","Duncan","R","R",357,327,89,4,26,0.272,0.322,0,4,0.38,0.38
"dunegji01","Jim Dunegan","Jim","Dunegan","R","R",4,3,1,0,1,0.333,0.5,0,0,0,0
"dunlafr01","Fred Dunlap","Fred","Dunlap","R","R",4519,4261,954,77,255,0.224,0.268,3,0,15,17.46
"dunlagr01","Grant Dunlap","Grant","Dunlap","R","R",13,12,3,0,1,0.25,0.308,0,0,0.02,0.02
"dunnad01","Adam Dunn","Adam","Dunn","L","R",8279,6752,1719,382,1401,0.255,0.387,86,40,32.16,37.57
"dunnemi01","Mike Dunne","Mike","Dunne","R","R",64,58,12,0,6,0.207,0.281,0,0,-0.02,0.07
"dunnida01","Dane Dunning","Dane","Dunning","R","R",50,45,13,1,5,0.289,0.36,0,0,0.16,0.19
"dunnija01","Jake Dunning","Jake","Dunning","R","R",10,8,2,0,2,0.25,0.4,0,0,0.06,0.06
"dunnist01","Steve Dunning","Steve","Dunning","R","R",142,129,30,3,12,0.233,0.296,0,1,1.1,0.8
"dunnju01","Justin Dunn","Justin","Dunn","R","R",17,15,5,0,2,0.333,0.412,0,0,0.01,0.01
"dunnmi01","Mike Dunn","Mike","Dunn","L","L",156,135,39,2,21,0.289,0.385,0,0,2.04,1.99
"dunnol01","Oliver Dunn","Oliver","Dunn","L","R",60,53,14,1,5,0.264,0.35,2,0,0.46,0.43
"dunnro01","Ron Dunn","Ron","Dunn","R","R",82,71,21,2,11,0.296,0.39,0,0,-0.01,0.15
"dunstsh01","Shawon Dunston","Shawon","Dunston","R","R",6557,6216,1627,115,251,0.262,0.293,41,49,7.91,4.91
"dunwoto01","Todd Dunwoody","Todd","Dunwoody","L","L",741,700,159,3,34,0.227,0.269,6,1,-0.3,0.34
"duplajo01","Jon Duplantier","Jon","Duplantier","L","R",108,98,26,2,9,0.265,0.333,1,0,0.51,0.46
"dupremi01","Mike Dupree","Mike","Dupree","R","R",2,1,0,0,1,0,0.5,0,0,0.02,0.02
"duranda01","Dan Duran","Dan","Duran","L","L",19,17,5,0,2,0.294,0.368,0,0,0.01,0.01
"duranez01","Ezequiel Duran","Ezequiel","Duran","R","R",957,879,246,14,57,0.28,0.333,16,5,2.49,2.47
"durange01","German Duran","German","Duran","R","R",217,199,50,4,15,0.251,0.309,2,1,0.36,0.24
"duranja01","Jarren Duran","Jarren","Duran","L","R",1600,1443,410,28,127,0.284,0.348,20,10,10.95,9.59
"duranjh01","Jhoan Duran","Jhoan","Duran","R","R",7,6,2,0,1,0.333,0.429,0,0,0.02,0.02
"duranlu01","Luis Durango","Luis","Durango","B","R",203,181,57,3,22,0.315,0.389,0,0,1.09,1.13
"durapmo01","Montana DuRapau","Montana","DuRapau","R","R",50,45,13,1,5,0.289,0.36,0,0,0.36,0.32
"durazer01","Erubiel Durazo","Erubiel","Durazo","L","L",2394,2049,561,75,309,0.274,0.371,18,18,10.25,10.58
"durbich01","Chad Durbin","Chad","Durbin","R","R",207,183,49,4,23,0.268,0.348,0,1,2.44,2.42
"durbijd01","J D  Durbin","J. D.","Durbin","R","R",74,69,19,1,5,0.275,0.324,0,0,0.45,0.42
"durhado01","Don Durham","Don","Durham","R","R",15,14,5,1,1,0.357,0.4,0,0,0.04,0.04
"durhale01","Leon Durham","Leon","Durham","L","L",4179,3671,1011,127,477,0.275,0.358,8,23,19.19,18.4
"durhara01","Ray Durham","Ray","Durham","B","R",7717,6822,1875,128,765,0.275,0.351,66,64,35.69,31.1
"durnige01","George Durning","George","Durning","R","R",15,13,4,0,2,0.308,0.4,0,0,0.01,0.01
"durocja01","Jayson Durocher","Jayson","Durocher","R","R",15,13,4,0,2,0.308,0.4,0,0,-0.03,0.01
"durocle01","Leo Durocher","Leo","Durocher","R","R",3288,3107,663,19,173,0.213,0.257,8,0,-3.6,-2.66
"dusaker01","Erv Dusak","Erv","Dusak","R","R",753,665,158,18,88,0.238,0.327,0,0,0.5,0.17
"duvalad01","Adam Duvall","Adam","Duvall","R","R",4333,3878,999,190,355,0.258,0.326,60,40,17.45,19.66
"dwyerji01","Jim Dwyer","Jim","Dwyer","L","L",3250,2780,749,81,425,0.269,0.365,12,33,11.92,12.92
"dybzije01","Jerry Dybzinski","Jerry","Dybzinski","R","R",999,898,223,10,84,0.248,0.316,9,8,3.77,2.69
"dyckji01","Jim Dyck","Jim","Dyck","R","R",1198,1072,257,23,119,0.24,0.32,7,0,1.24,1.59
"dyeje01","Jermaine Dye","Jermaine","Dye","R","R",6533,5826,1569,217,587,0.269,0.339,59,61,24.71,19.43
"dyerdu01","Duffy Dyer","Duffy","Dyer","R","R",2255,1994,484,36,232,0.243,0.326,19,10,5.73,6.67
"dygesje01","Jesen Therrien",NA,NA,NA,NA,27,24,6,1,3,0.25,0.333,0,0,0.36,0.37
"dykesji01","Jimmy Dykes","Jimmy","Dykes","R","R",6629,5885,1344,55,669,0.228,0.315,75,0,14.22,13.7
"dykstle01","Lenny Dykstra","Lenny","Dykstra","L","L",5489,4770,1353,76,661,0.284,0.373,31,27,41.9,39.63
"dysonja01","Jarrod Dyson","Jarrod","Dyson","L","R",3122,2759,745,39,327,0.27,0.35,21,15,23.28,20.92
"dysonsa01","Sam Dyson","Sam","Dyson","R","R",91,78,23,0,13,0.295,0.396,0,0,0.43,0.41
"earlebi01","Billy Earle","Billy","Earle","R","R",85,83,17,2,2,0.205,0.224,0,0,-0.91,-0.77
"earlyja01","Jake Early","Jake","Early","L","R",2383,2149,486,59,224,0.226,0.302,10,0,4.28,2.09
"earnsge01","George Earnshaw","George","Earnshaw","R","R",362,357,76,4,5,0.213,0.224,0,0,0,0.58
"easleda01","Damion Easley","Damion","Easley","R","R",6353,5675,1402,118,503,0.247,0.321,132,43,20.26,18.13
"easleed01","Ed Easley","Ed","Easley","R","R",56,50,13,1,5,0.26,0.321,0,1,0.13,0.1
"easlemi01","Mike Easler","Mike","Easler","L","R",4093,3680,1076,123,358,0.292,0.355,17,38,16.75,17.22
"easteja01","Jamie Easterly","Jamie","Easterly","L","L",66,59,14,0,7,0.237,0.318,0,0,0.35,0.33
"eastelu01","Luke Easter","Luke","Easter","L","R",1966,1812,504,91,126,0.278,0.335,28,0,8.9,9.41
"easthu01","Hugh East","Hugh","East","R","R",9,8,2,0,1,0.25,0.333,0,0,0.01,0
"eastwra01","Rawly Eastwick","Rawly","Eastwick","R","R",60,50,15,0,10,0.3,0.417,0,0,0.16,0.16
"eatonad01","Adam Eaton","Adam","Eaton","R","R",744,669,162,9,72,0.242,0.319,3,0,3.97,4.68
"eatonad02","Adam Eaton","Adam","Eaton","L","L",4276,3732,1088,70,456,0.292,0.379,75,13,24.92,25.44
"echevan01","Angel Echevarria","Angel","Echevarria","R","R",709,644,164,15,51,0.255,0.316,9,5,-1.93,-2.14
"eckerde01","Dennis Eckersley","Dennis","Eckersley","R","R",135,122,25,2,12,0.205,0.274,0,1,0.34,0.34
"eckstda01","David Eckstein","David","Eckstein","R","R",5471,4870,1385,41,419,0.284,0.356,143,39,25.64,21.59
"edelejo01","Joe Edelen","Joe","Edelen","R","R",7,5,1,0,2,0.2,0.429,0,0,0.04,0.03
"edensto01","Tom Edens","Tom","Edens","R","R",3,2,0,0,1,0,0.333,0,0,0,0
"edginjo01","Josh Edgin","Josh","Edgin","R","L",55,48,15,0,7,0.312,0.4,0,0,0.33,0.31
"edlefst01","Steve Edlefsen","Steve","Edlefsen","R","R",31,27,9,0,4,0.333,0.419,0,0,0.07,0.08
"edlerda01","Dave Edler","Dave","Edler","R","R",91,82,21,2,9,0.256,0.33,0,0,0.06,0.15
"edmanto01","Tommy Edman","Tommy","Edman","B","R",2966,2675,759,51,230,0.284,0.348,43,18,21.27,18.68
"edmonji01","Jim Edmonds","Jim","Edmonds","L","L",7880,6812,1915,311,954,0.281,0.37,49,65,61.96,61.96
"edwarbr01","Bruce Edwards","Bruce","Edwards","R","R",1724,1579,400,42,138,0.253,0.316,7,0,3.96,4.62
"edwarca01","Carl Edwards Jr","Carl","Edwards","R","R",85,73,20,2,12,0.274,0.376,0,0,1.58,1.6
"edwarda01","Dave Edwards","Dave","Edwards","R","R",708,635,161,18,67,0.254,0.328,4,2,2.34,3.09
"edwarha01","Hank Edwards","Hank","Edwards","L","L",2763,2577,718,71,184,0.279,0.327,2,0,9.39,8.93
"edwarjo01","Johnny Edwards","Johnny","Edwards","L","R",5245,4707,1158,76,481,0.246,0.315,15,42,16.58,16.66
"edwarjo02","Jon Edwards","Jon","Edwards","R","R",10,8,2,0,2,0.25,0.4,0,0,0.05,0.05
"edwarma01","Marshall Edwards","Marshall","Edwards","L","L",347,324,87,5,20,0.269,0.308,0,3,1.04,0.78
"edwarmi01","Mike Edwards","Mike","Edwards","R","R",835,785,210,7,45,0.268,0.31,4,1,0.89,0.08
"edwarmi02","Mike Edwards","Mike","Edwards","R","R",384,349,91,5,33,0.261,0.328,2,0,0.6,0.61
"edwarxa01","Xavier Edwards","Xavier","Edwards","B","R",307,268,88,2,33,0.328,0.401,2,4,2.36,2.62
"eenhoro01","Robert Eenhoorn","Robert","Eenhoorn","R","R",6,5,1,0,1,0.2,0.333,0,0,0.01,0.01
"effrosc01","Scott Effross","Scott","Effross","R","R",23,19,5,1,3,0.263,0.348,0,1,0.3,0.31
"eflinza01","Zach Eflin","Zach","Eflin","R","R",464,430,106,6,33,0.247,0.302,1,0,1.92,1.83
"eganto01","Tom Egan","Tom","Egan","R","R",563,519,113,14,38,0.218,0.279,6,0,-1.09,-0.27
"egberja01","Jack Egbert","Jack","Egbert","L","R",0,0,0,0,0,NA,NA,0,0,0,0
"egeco01","Cody Ege","Cody","Ege","L","L",18,16,5,0,2,0.312,0.389,0,0,0.03,0.04
"eggleda01","Dave Eggler","Dave","Eggler","R","R",3115,2976,628,5,139,0.211,0.246,0,0,-0.84,4.66
"ehmkeho01","Howard Ehmke","Howard","Ehmke","R","R",503,502,97,0,1,0.193,0.195,0,0,-4.57,-3.84
"eibnebr01","Brett Eibner","Brett","Eibner","R","R",339,302,76,9,35,0.252,0.33,1,1,0.93,1.17
"eicheju01","Juan Eichelberger","Juan","Eichelberger","R","R",146,133,27,2,13,0.203,0.274,0,0,0.35,0.4
"eickhje01","Jerad Eickhoff","Jerad","Eickhoff","R","R",447,410,96,6,37,0.234,0.298,0,0,1.86,1.74
"eilanda01","Dave Eiland","Dave","Eiland","R","R",10,9,2,0,1,0.222,0.3,0,0,0,0.01
"eilerda01","Dave Eilers","Dave","Eilers","R","R",1,0,0,0,1,NA,1,0,0,0.01,0.01
"eischjo01","Joey Eischen","Joey","Eischen","L","L",172,153,40,5,19,0.261,0.343,0,0,1.38,1.23
"eisenha01","Harry Eisenstat","Harry","Eisenstat","L","L",17,13,3,0,4,0.231,0.412,0,0,-0.01,-0.01
"eisenji01","Jim Eisenreich","Jim","Eisenreich","L","L",4336,3975,1149,47,311,0.289,0.339,8,42,12.44,10.39
"ekstrmi01","Mike Ekstrom","Mike","Ekstrom","R","R",40,34,11,1,6,0.324,0.425,0,0,0.38,0.4
"elartsc01","Scott Elarton","Scott","Elarton","R","R",75,68,17,1,7,0.25,0.32,0,0,0.3,0.27
"elberki01","Kid Elberfeld","Kid","Elberfeld","R","R",3458,3193,633,7,180,0.198,0.26,85,0,5.56,2.97
"elbersc01","Scott Elbert","Scott","Elbert","L","L",79,69,21,1,10,0.304,0.392,0,0,0.63,0.58
"eldrebr01","Brad Eldred","Brad","Eldred","R","R",481,436,104,19,39,0.239,0.306,4,2,-0.41,-0.23
"eldreca01","Cal Eldred","Cal","Eldred","R","R",101,91,26,1,10,0.286,0.356,0,0,0.46,0.53
"eliasro01","Roenis Elías","Roenis","Elias","L","L",88,78,22,2,10,0.282,0.364,0,0,0.33,0.41
"elledse01","Seth Elledge","Seth","Elledge","R","R",38,33,8,1,5,0.242,0.342,0,0,0.29,0.31
"ellinbr02","Brian Ellington","Brian","Ellington","R","R",50,44,13,1,6,0.295,0.38,0,0,0.61,0.58
"elliobo01","Bob Elliott","Bob","Elliott","R","R",8331,7463,2049,225,852,0.275,0.35,16,0,43.45,42.37
"elliogl01","Glenn Elliott","Glenn","Elliott","B","L",2,1,0,0,1,0,0.5,0,0,0,0.01
"elliola01","Larry Elliot","Larry","Elliot","L","L",551,490,117,13,57,0.239,0.321,3,1,0.84,0.24
"ellisaj01","A J  Ellis","A. J.","Ellis","R","R",2678,2260,611,54,372,0.27,0.378,28,18,15.79,8.28
"ellisch01","Chris Ellis","Chris","Ellis","L","R",1,0,0,0,1,NA,1,0,0,0,0
"ellisdo01","Dock Ellis","Dock","Ellis","B","R",368,338,71,3,30,0.21,0.274,0,0,0.99,0.86
"ellisdr01","Drew Ellis","Drew","Ellis","R","R",28,22,7,1,6,0.318,0.464,0,0,0.38,0.38
"ellisja01","Jason Ellison","Jason","Ellison","R","R",773,705,184,13,61,0.261,0.323,5,2,2.49,3.47
"ellisji01","Jim Ellis","Jim","Ellis","R","L",5,4,1,0,1,0.25,0.4,0,0,0.01,0
"ellisjo01","John Ellis","John","Ellis","R","R",2314,2112,587,59,170,0.278,0.331,9,23,6.53,7.14
"ellisma01","Mark Ellis","Mark","Ellis","R","R",5707,5072,1401,104,521,0.276,0.35,75,39,38.99,32.78
"ellisro02","Robert Ellis","Robert","Ellis","R","R",49,46,10,0,3,0.217,0.265,0,0,-0.12,0.02
"ellsbja01","Jacoby Ellsbury","Jacoby","Ellsbury","L","L",5475,4894,1413,114,503,0.289,0.358,46,32,36.54,35.63
"ellswdi01","Dick Ellsworth","Dick","Ellsworth","L","L",807,740,140,0,64,0.189,0.255,2,1,-2.41,-2.21
"elmorja01","Jake Elmore","Jake","Elmore","R","R",873,767,198,12,100,0.258,0.344,2,4,2.16,1.03
"elsteke01","Kevin Elster","Kevin","Elster","R","R",2646,2370,527,58,232,0.222,0.291,11,33,4.3,4.93
"elstodo01","Don Elston","Don","Elston","R","R",46,43,12,0,3,0.279,0.326,0,0,-0.01,-0.08
"elyjo01","John Ely","John","Ely","R","R",108,97,20,2,11,0.206,0.287,0,0,0.46,0.44
"embreal01","Alan Embree","Alan","Embree","L","L",43,35,12,0,8,0.343,0.465,0,0,0.23,0.21
"encared01","Edwin Encarnación","Edwin","Encarnacion","R","R",8387,7161,1968,385,1055,0.275,0.373,105,66,47.63,44.78
"encarje01","Jerar Encarnacion","Jerar","Encarnacion","R","R",145,133,33,5,9,0.248,0.29,0,3,0.36,0.33
"encarju01","Juan Encarnacion","Juan","Encarnacion","R","R",4955,4560,1218,115,302,0.267,0.317,52,41,10.95,9.38
"engelad01","Adam Engel","Adam","Engel","R","R",1679,1518,384,26,122,0.253,0.323,37,2,9.18,7.7
"engelst01","Steve Engel","Steve","Engel","R","L",19,16,4,1,3,0.25,0.368,0,0,0.02,0.02
"engleda01","Dave Engle","Dave","Engle","R","R",1674,1525,413,35,132,0.271,0.327,3,14,6.2,5.55
"englema01","Mason Englert","Mason","Englert","B","R",1,0,0,0,1,NA,1,0,0,0.01,0.01
"engligi01","Gil English","Gil","English","R","R",710,663,161,10,44,0.243,0.293,3,0,0.45,0.51
"englije01","Jesse English","Jesse","English","L","L",13,11,4,0,2,0.364,0.462,0,0,0.03,0.03
"engliwo01","Woody English","Woody","English","R","R",5284,4723,1106,26,533,0.234,0.315,28,0,18.82,19.68
"ennisde01","Del Ennis","Del","Ennis","R","R",6977,6506,1836,280,419,0.282,0.327,29,23,31.49,29.09
"ennisjo01","John Ennis","John","Ennis","R","R",8,7,3,0,1,0.429,0.5,0,0,0,0
"ennsdi01","Dietrich Enns","Dietrich","Enns","L","L",24,21,7,1,3,0.333,0.417,0,0,0.06,0.04
"enrigba01","Barry Enright","Barry","Enright","R","R",139,124,33,3,14,0.266,0.338,0,1,0.91,0.93
"enrigge01","George Enright","George","Enright","R","R",1,0,0,0,1,NA,1,0,0,0,0
"ensbemo01","Morgan Ensberg","Morgan","Ensberg","R","R",2419,2061,558,85,325,0.271,0.372,18,15,15.72,16.48
"eovalna01","Nathan Eovaldi","Nathan","Eovaldi","R","R",535,487,108,9,48,0.222,0.292,0,0,2.05,1.95
"epparji01","Jim Eppard","Jim","Eppard","L","L",12,10,3,0,2,0.3,0.417,0,0,0,0
"epperal01","Al Epperly","Al","Epperly","L","R",9,8,2,0,1,0.25,0.333,0,0,0.02,0.01
"eppleco01","Cody Eppley","Cody","Eppley","R","R",5,4,1,0,1,0.25,0.4,0,0,0.03,0.03
"eppsau01","Aubrey Epps","Aubrey","Epps","R","R",2,1,0,0,1,0,0.5,0,0,0.01,0.01
"epstemi01","Mike Epstein","Mike","Epstein","L","L",2725,2306,596,108,352,0.258,0.367,51,16,11.79,12.49
"erickdo01","Don Erickson","Don","Erickson","R","R",1,0,0,0,1,NA,1,0,0,0,0
"erickha01","Hank Erickson","Hank","Erickson","R","R",125,115,25,2,8,0.217,0.28,2,0,0.16,0.33
"erickma01","Matt Erickson","Matt","Erickson","L","R",41,37,9,1,4,0.243,0.317,0,0,0.15,0.1
"erickro01","Roger Erickson","Roger","Erickson","R","R",0,0,0,0,0,NA,NA,0,0,0,0
"ericksc01","Scott Erickson","Scott","Erickson","R","R",166,150,38,1,16,0.253,0.325,0,0,0.26,0.3
"erlinro01","Robbie Erlin","Robbie","Erlin","R","L",374,338,89,6,36,0.263,0.334,0,0,2.15,2.16
"ernagfr01","Frank Ernaga","Frank","Ernaga","R","R",61,51,15,2,10,0.294,0.41,0,0,0.53,0.54
"erskica01","Carl Erskine","Carl","Erskine","R","R",488,471,94,0,14,0.2,0.225,2,1,-1.92,-2.13
"erstada01","Darin Erstad","Darin","Erstad","L","L",6592,6044,1659,75,468,0.274,0.328,37,43,35.86,31.4
"ervinph01","Phil Ervin","Phil","Ervin","R","R",789,696,196,16,76,0.282,0.359,11,6,4.13,3.98
"esaskni01","Nick Esasky","Nick","Esasky","R","R",3071,2703,687,112,330,0.254,0.336,15,23,10.6,11.52
"escaled01","Edgmer Escalona","Edgmer","Escalona","R","R",101,90,26,2,11,0.289,0.366,0,0,0.94,0.94
"escalfe01","Felix Escalona","Felix","Escalona","R","R",112,100,25,2,10,0.25,0.33,2,0,0.72,0.56
"escalse01","Sergio Escalona","Sergio","Escalona","L","L",15,13,3,0,2,0.231,0.333,0,0,0.11,0.11
"eschja01","Jake Esch","Jake","Esch","R","R",45,41,11,1,4,0.268,0.333,0,0,0.15,0.13
"escobal01","Alex Escobar","Alex","Escobar","R","R",562,496,143,15,59,0.288,0.363,2,5,2.75,2.73
"escobal02","Alcides Escobar","Alcides","Escobar","R","R",6238,5706,1574,81,438,0.276,0.332,59,35,24.24,24.5
"escoban01","Angel Escobar","Angel","Escobar","B","R",3,2,1,0,1,0.5,0.667,0,0,0,0
"escobed01","Eduardo Escobar","Eduardo","Escobar","B","R",5756,5193,1415,151,489,0.272,0.335,24,50,23.47,26.77
"escobed02","Edwin Escobar","Edwin","Escobar","L","L",31,28,7,1,3,0.25,0.323,0,0,0.4,0.4
"escobke01","Kelvim Escobar","Kelvim","Escobar","R","R",21,18,3,0,3,0.167,0.286,0,0,0,0
"escoblu01","Luis Escobar","Luis","Escobar","R","R",35,31,8,1,4,0.258,0.343,0,0,0.15,0.17
"escobyu01","Yunel Escobar","Yunel","Escobar","R","R",5875,5189,1523,103,604,0.294,0.371,55,27,34.62,31.21
"eshelto01","Thomas Eshelman","Thomas","Eshelman","R","R",28,25,6,1,3,0.24,0.321,0,0,0.01,0.01
"eshelva01","Vaughn Eshelman","Vaughn","Eshelman","L","L",11,10,2,0,1,0.2,0.273,0,0,0,0
"espinal01","Alvaro Espinoza","Alvaro","Espinoza","R","R",2618,2511,628,16,76,0.25,0.275,15,16,1.51,0.36
"espinda01","Danny Espinosa","Danny","Espinosa","B","R",3356,2944,749,94,317,0.254,0.341,78,17,16.06,15.5
"espinge01","Geno Espineli","Geno","Espineli","L","L",7,6,2,0,1,0.333,0.429,0,0,0.04,0.04
"espinju01","Juan Espino","Juan","Espino","R","R",1,0,0,0,1,NA,1,0,0,0,0
"espinni01","Nino Espinosa","Nino","Espinosa","R","R",233,213,50,3,20,0.235,0.3,0,0,0.75,0.82
"espinpa01","Paolo Espino","Paolo","Espino","R","R",139,129,33,2,10,0.256,0.309,0,0,0.96,0.69
"espinsa01","Santiago Espinal","Santiago","Espinal","R","R",1555,1395,402,15,134,0.288,0.353,13,13,8.41,8.03
"esposbr01","Brian Esposito","Brian","Esposito","R","R",1,0,0,0,1,NA,1,0,0,0.01,0.01
"esposmi01","Mike Esposito","Mike","Esposito","R","R",42,38,10,1,4,0.263,0.333,0,0,0.11,0.11
"espossa01","Sammy Esposito","Sammy","Esposito","R","R",713,600,124,3,106,0.207,0.328,4,3,2.7,2.37
"espyce01","Cecil Espy","Cecil","Espy","B","R",1013,928,233,6,77,0.251,0.309,3,5,2.33,1.46
"essegch01","Chuck Essegian","Chuck","Essegian","R","R",1369,1251,307,39,100,0.245,0.304,9,9,-0.0899999999999999,0.59
"essiaji01","Jim Essian","Jim","Essian","R","R",2118,1841,475,42,250,0.258,0.345,6,21,12.22,11.44
"estalbo01","Bobby Estalella","Bobby","Estalella","R","R",2706,2373,627,74,325,0.264,0.355,8,0,9.71,10.86
"estalbo02","Bobby Estalella","Bobby","Estalella","R","R",1290,1123,241,40,147,0.215,0.306,7,13,2.89,3.25
"estessh01","Shawn Estes","Shawn","Estes","R","L",626,586,131,7,38,0.224,0.27,0,2,1.62,1.51
"estevca01","Carlos Estévez","Carlos","Estevez","R","R",55,47,14,0,8,0.298,0.4,0,0,0.34,0.3
"estrafr01","Frank Estrada","Frank","Estrada","R","R",1,0,0,0,1,NA,1,0,0,0,0
"estrajo01","Johnny Estrada","Johnny","Estrada","B","R",1878,1703,483,30,126,0.284,0.339,27,22,5.14,6.03
"estrama01","Marco Estrada","Marco","Estrada","R","R",421,381,98,5,40,0.257,0.328,0,0,3.25,3.02
"estrath01","Thairo Estrada","Thairo","Estrada","R","R",1930,1732,484,44,121,0.279,0.345,61,16,8.75,11.85
"estrele01","Leo Estrella","Leo","Estrella","R","R",7,6,2,0,1,0.333,0.429,0,0,0.01,0.02
"etchean01","Andy Etchebarren","Andy","Etchebarren","R","R",3277,2948,680,56,279,0.231,0.302,31,19,9.2,10.23
"etherse01","Seth Etherton","Seth","Etherton","R","R",8,7,3,0,1,0.429,0.5,0,0,0,0
"ethiean01","Andre Ethier","Andre","Ethier","L","L",5517,4810,1426,152,605,0.296,0.379,58,44,29.6,31.49
"ettenni01","Nick Etten","Nick","Etten","L","L",3617,3182,849,109,423,0.267,0.355,12,0,10.22,11.37
"eusebto01","Tony Eusebio","Tony","Eusebio","R","R",2125,1918,517,19,176,0.27,0.333,15,16,2.04,5.53
"evansal01","Al Evans","Al","Evans","R","R",2631,2407,574,23,217,0.238,0.303,7,0,-1.38,-0.32
"evansba01","Barry Evans","Barry","Evans","R","R",568,507,137,7,51,0.27,0.333,1,9,1.61,1.52
"evansda01","Darrell Evans","Darrell","Evans","L","R",11002,9218,2382,427,1660,0.258,0.371,35,89,65.48,66.89
"evansde01","Demarcus Evans","Demarcus","Evans","R","R",4,3,1,0,1,0.333,0.5,0,0,0.02,0.02
"evansdw01","Dwight Evans","Dwight","Evans","R","R",10787,9178,2470,391,1479,0.269,0.371,53,77,71.91,69.72
"evansni01","Nick Evans","Nick","Evans","R","R",700,634,180,17,60,0.284,0.346,2,4,4.04,3.22
"evansph01","Phillip Evans","Phillip","Evans","R","R",506,438,118,8,61,0.269,0.368,7,0,1.8,1.82
"evanste01","Terry Evans","Terry","Evans","R","R",123,108,28,4,15,0.259,0.35,0,0,0.69,0.7
"evansto01","Tom Evans","Tom","Evans","R","R",67,62,17,1,4,0.274,0.328,1,0,0.3,0.07
"evelada01","Dana Eveland","Dana","Eveland","L","L",210,185,51,3,25,0.276,0.362,0,0,0.81,0.8
"everead01","Adam Everett","Adam","Everett","R","R",3034,2760,706,42,217,0.256,0.316,36,21,17.46,14.06
"evereca01","Carl Everett","Carl","Everett","B","R",5376,4817,1260,147,430,0.262,0.331,87,42,19.8,17.85
"everile01","Leon Everitt","Leon","Everitt","L","R",5,4,1,0,1,0.25,0.4,0,0,0,0
"eversho01","Hoot Evers","Hoot","Evers","R","R",3157,2868,798,58,270,0.278,0.344,19,0,11.33,13.06
"eversjo01","Johnny Evers","Johnny","Evers","L","R",4488,3963,876,8,500,0.221,0.312,25,0,14.31,15.98
"ewingbu01","Buck Ewing","Buck","Ewing","R","R",4478,4323,1105,69,149,0.256,0.281,6,0,23.06,21.24
"exposlu01","Luis Exposito","Luis","Exposito","R","R",73,63,12,1,10,0.19,0.301,0,0,0.16,0.14
"eyresc01","Scott Eyre","Scott","Eyre","L","L",138,121,37,1,17,0.306,0.391,0,0,0.89,0.85
"eyrewi01","Willie Eyre","Willie","Eyre","R","R",11,10,3,0,1,0.3,0.364,0,0,0.01,0.01
"facero01","Roy Face","Roy","Face","R","R",62,56,16,0,6,0.286,0.355,0,0,0.5,0.32
"faedole01","Lenny Faedo","Lenny","Faedo","R","R",509,472,123,7,31,0.261,0.305,1,5,0.69,0.42
"faheybi01","Bill Fahey","Bill","Fahey","L","R",1063,960,243,15,94,0.253,0.319,2,7,4.01,3.7
"faheybr01","Brandon Fahey","Brandon","Fahey","L","R",563,512,121,6,46,0.236,0.304,4,1,-0.26,1.53
"fainfe01","Ferris Fain","Ferris","Fain","L","L",4929,4100,1134,43,803,0.277,0.397,18,8,26.95,28.3
"fairbpe01","Pete Fairbanks","Pete","Fairbanks","R","R",10,8,2,0,2,0.25,0.4,0,0,0.05,0.05
"faircst01","Stuart Fairchild","Stuart","Fairchild","R","R",588,498,126,9,58,0.253,0.359,27,5,3.58,2.96
"fairlro01","Ron Fairly","Ron","Fairly","L","L",8743,7536,2074,225,1102,0.275,0.368,40,65,37.63,37.46
"falcope01","Pete Falcone","Pete","Falcone","L","L",294,272,62,3,21,0.228,0.282,0,1,1.55,1.78
"falkbi01","Bibb Falk","Bibb","Falk","L","L",3767,3500,953,72,258,0.272,0.324,9,0,7.57,5.94
"falkebr01","Brian Falkenborg","Brian","Falkenborg","R","R",70,60,17,0,10,0.283,0.386,0,0,0.28,0.23
"falteba01","Bailey Falter","Bailey","Falter","R","L",60,55,15,1,5,0.273,0.333,0,0,0.33,0.25
"faluir01","Irving Falu","Irving","Falu","B","R",267,241,73,4,25,0.303,0.367,0,1,1.34,1.24
"familje01","Jeurys Familia","Jeurys","Familia","R","R",151,131,42,1,20,0.321,0.411,0,0,1.63,1.54
"faneyri01","Rikkert Faneyte","Rikkert","Faneyte","R","R",17,15,3,0,2,0.2,0.294,0,0,0,0.01
"fanokha01","Harry Fanok","Harry","Fanok","B","R",6,5,1,0,1,0.2,0.333,0,0,0.01,0.01
"fanslst01","Stan Fansler","Stan","Fansler","R","R",6,5,1,0,1,0.2,0.333,0,0,0,0
"fanzoca01","Carmen Fanzone","Carmen","Fanzone","R","R",515,441,106,15,66,0.24,0.34,3,5,1,1.25
"fargajo01","Johneshwy Fargas","Johneshwy","Fargas","R","R",132,124,34,1,8,0.274,0.318,0,0,0.43,0.18
"fariaja01","Jake Faria","Jake","Faria","R","R",55,50,15,1,5,0.3,0.364,0,0,0.52,0.5
"fariepa01","Paul Faries","Paul","Faries","R","R",44,38,9,0,4,0.237,0.318,1,1,0.23,0.13
"farismo01","Monty Fariss","Monty","Fariss","R","R",245,218,47,4,25,0.216,0.302,2,0,-0.6,-0.64
"farmebu01","Buck Farmer","Buck","Farmer","L","R",46,41,11,1,5,0.268,0.348,0,0,0.17,0.15
"farmeho01","Howard Farmer","Howard","Farmer","R","R",6,5,1,0,1,0.2,0.333,0,0,0.01,0.01
"farmeky01","Kyle Farmer","Kyle","Farmer","R","R",2309,2042,554,38,163,0.271,0.345,79,25,10.29,10.6
"farmemi01","Mike Farmer","Mike","Farmer","B","L",15,14,5,0,1,0.357,0.4,0,0,0.01,0.01
"farnsje01","Jeff Farnsworth","Jeff","Farnsworth","R","R",1,0,0,0,1,NA,1,0,0,0,0
"farnsky01","Kyle Farnsworth","Kyle","Farnsworth","R","R",80,67,20,0,13,0.299,0.412,0,0,0.31,0.33
"farquda01","Danny Farquhar","Danny","Farquhar","R","R",9,6,1,0,3,0.167,0.444,0,0,0.05,0.05
"farrelu01","Luke Farrell","Luke","Farrell","L","R",62,56,16,1,6,0.286,0.355,0,0,0.37,0.35
"farretu01","Turk Farrell","Turk","Farrell","R","R",609,576,115,5,32,0.2,0.243,1,0,-1.07,-1.13
"farrier01","Eric Farris","Eric","Farris","R","R",54,48,12,1,6,0.25,0.333,0,0,0.25,0.24
"fasansa01","Sal Fasano","Sal","Fasano","R","R",1300,1170,270,36,80,0.231,0.304,45,5,3.01,3.93
"fasseje01","Jeff Fassero","Jeff","Fassero","L","L",289,265,66,4,24,0.249,0.311,0,0,0.27,0.65
"fastda01","Darcy Fast","Darcy","Fast","L","L",2,1,0,0,1,0,0.5,0,0,0,0
"faulkan01","Andrew Faulkner","Andrew","Faulkner","R","L",1,0,0,0,1,NA,1,0,0,0.01,0
"feathta01","Taylor Featherston","Taylor","Featherston","R","R",411,367,94,8,37,0.256,0.328,4,3,1.64,1.73
"febleca01","Carlos Febles","Carlos","Febles","R","R",1273,1146,253,10,102,0.221,0.295,20,5,3.68,1.83
"feddeer01","Erick Fedde","Erick","Fedde","R","R",303,277,63,4,25,0.227,0.29,0,1,0.91,0.68
"federti01","Tim Federowicz","Tim","Federowicz","R","R",882,800,192,23,77,0.24,0.307,2,3,2.84,1.47
"feierry01","Ryan Feierabend","Ryan","Feierabend","L","L",0,0,0,0,0,NA,NA,0,0,0,0
"feldemi01","Mike Felder","Mike","Felder","B","R",2303,2121,544,17,160,0.256,0.308,6,16,2.46,2.1
"feldmha01","Harry Feldman","Harry","Feldman","R","R",96,90,24,1,6,0.267,0.312,0,0,-1.32,-1.05
"feldmsc01","Scott Feldman","Scott","Feldman","L","R",275,249,65,7,26,0.261,0.331,0,0,1.11,1.09
"felicje01","Jésus Feliciano","Jesus","Feliciano","L","L",171,156,40,2,13,0.256,0.316,1,1,0.61,0.67
"felicma01","Mario Feliciano","Mario","Feliciano","R","R",12,10,3,0,2,0.3,0.417,0,0,0.02,0.01
"felicpe01","Pedro Feliciano","Pedro","Feliciano","L","L",132,113,30,2,19,0.265,0.371,0,0,1.18,1.17
"felixju01","Junior Felix","Junior","Felix","B","R",2452,2251,586,52,159,0.26,0.312,19,23,5.9,2.43
"felizmi01","Michael Feliz","Michael","Feliz","R","R",77,66,18,1,11,0.273,0.377,0,0,0.74,0.77
"felizne01","Neftalí Feliz","Neftali","Feliz","R","R",63,53,15,0,10,0.283,0.397,0,0,0.25,0.25
"felizpe01","Pedro Feliz","Pedro","Feliz","R","R",4553,4207,1082,130,297,0.257,0.305,10,39,13.43,16.23
"fellebo01","Bob Feller","Bob","Feller","R","R",1426,1349,262,11,74,0.194,0.238,3,0,-4.83,-3.08
"felscha01","Happy Felsch","Happy","Felsch","R","R",2752,2641,676,111,91,0.256,0.286,20,0,7.87,8.45
"feltnry01","Ryan Feltner","Ryan","Feltner","R","R",19,17,4,0,2,0.235,0.316,0,0,0.01,0.01
"ferguca01","Caleb Ferguson","Caleb","Ferguson","R","L",101,91,28,2,10,0.308,0.376,0,0,1.16,1.16
"fergujo01","Joe Ferguson","Joe","Ferguson","R","R",3641,3039,777,130,558,0.256,0.369,9,35,23.4,24.82
"fermife01","Felix Fermin","Felix","Fermin","R","R",2405,2235,568,4,141,0.254,0.301,16,13,2.1,1.05
"fermifr01","Freddy Fermin","Freddy","Fermin","R","R",593,538,155,12,42,0.288,0.339,4,9,5.96,4.42
"fernaal01","Alex Fernandez","Alex","Fernandez","R","R",209,194,40,3,14,0.206,0.258,0,1,0.68,0.81
"fernafr01","Frank Fernandez","Frank","Fernandez","R","R",1146,949,180,44,187,0.19,0.325,6,4,6.73,7.11
"fernaja01","Jared Fernandez","Jared","Fernandez","R","R",5,4,1,0,1,0.25,0.4,0,0,0,0.01
"fernajo02","José Fernández","Jose","Fernandez","R","R",365,336,90,8,28,0.268,0.323,0,1,2.87,2.78
"fernajo03","Jose Miguel Fernandez","Jose","Fernandez","L","R",196,180,51,3,15,0.283,0.342,1,0,0.86,0.76
"fernajo04","José Fernández","Jose","Fernandez","L","L",1,0,0,0,1,NA,1,0,0,0.01,0.01
"fernaju01","Junior Fernández","Junior","Fernandez","R","R",32,28,7,1,4,0.25,0.344,0,0,0.36,0.33
"fernaju02","Julian Fernández","Julian","Fernandez","R","R",7,6,2,0,1,0.333,0.429,0,0,0.03,0.03
"fernana01","Nanny Fernandez","Nanny","Fernandez","R","R",1090,1044,248,12,43,0.238,0.27,3,0,-0.92,-1.62
"fernasi01","Sid Fernandez","Sid","Fernandez","L","L",535,498,111,1,31,0.223,0.269,2,4,1.7,2.25
"fernato01","Tony Fernandez","Tony","Fernandez","B","R",8915,8098,2319,68,692,0.286,0.345,64,61,45.77,45.01
"ferraal01","Al Ferrara","Al","Ferrara","R","R",1610,1420,393,61,159,0.277,0.358,25,6,5.57,5.61
"ferraan01","Anthony Ferrari","Anthony","Ferrari","L","L",1,0,0,0,1,NA,1,0,0,0.01,0.01
"ferrabi01","Bill Ferrazzi","Bill","Ferrazzi","R","R",1,0,0,0,1,NA,1,0,0,0,0
"ferreje01","Jeff Ferrell","Jeff","Ferrell","R","R",1,0,0,0,1,NA,1,0,0,0.01,0.01
"ferreri01","Rick Ferrell","Rick","Ferrell","R","R",6645,5810,1475,31,827,0.254,0.348,8,0,18.91,16.27
"ferrese01","Sergio Ferrer","Sergio","Ferrer","B","R",120,107,28,1,10,0.262,0.333,2,1,0.51,0.46
"ferrewe01","Wes Ferrell","Wes","Ferrell","R","R",1798,1646,384,59,152,0.233,0.298,0,0,8.73,11.01
"ferrida01","Dave Ferriss","Dave","Ferriss","L","R",599,560,116,0,39,0.207,0.259,0,0,1.15,2.08
"festama01","Matthew Festa","Matt","Festa","R","R",1,0,0,0,1,NA,1,0,0,0.01,0
"fettelo01","Lou Fette","Lou","Fette","R","R",268,264,55,0,4,0.208,0.22,0,0,0.12,-0.33
"feyerjo01","J P  Feyereisen","J. P.","Feyereisen","R","R",10,9,2,0,1,0.222,0.3,0,0,0.04,0.04
"fickch01","C J  Fick","C. J.","Fick","R","R",7,6,2,0,1,0.333,0.429,0,0,0.04,0.04
"fickro01","Robert Fick","Robert","Fick","L","R",2838,2529,656,58,263,0.259,0.332,22,24,6.42,6.88
"fieldbr01","Bruce Fields","Bruce","Fields","L","R",52,47,14,0,3,0.298,0.327,0,2,0.01,0.02
"fieldce01","Cecil Fielder","Cecil","Fielder","R","R",6105,5326,1323,268,690,0.248,0.337,43,46,13.8,17.47
"fieldda01","Daniel Fields","Daniel","Fields","L","R",36,32,9,1,4,0.281,0.361,0,0,0.04,0.03
"fieldjo02","Josh Fields","Josh","Fields","R","R",929,829,207,32,94,0.25,0.327,3,3,1.74,2.86
"fieldjo03","Josh Fields","Josh","Fields","R","R",54,45,15,1,9,0.333,0.444,0,0,0.28,0.26
"fieldjo04","Johnny Field","Johnny","Field","R","R",267,246,63,8,17,0.256,0.311,3,1,1.4,0.95
"fieldna01","Nate Field","Nate","Field","R","R",9,7,2,0,2,0.286,0.444,0,0,0.04,0.04
"fieldpr01","Prince Fielder","Prince","Fielder","L","R",6942,5778,1675,279,979,0.29,0.4,124,61,34.78,37
"fieldth01","Thomas Field","Thomas","Field","R","R",306,277,73,7,28,0.264,0.333,1,0,1.14,0.93
"fienca01","Casey Fien","Casey","Fien","R","R",27,22,6,0,5,0.273,0.407,0,0,0.16,0.14
"fiersmi01","Mike Fiers","Mike","Fiers","R","R",297,272,67,4,25,0.246,0.31,0,0,1.06,1.07
"fifest01","Stephen Fife","Stephen","Fife","R","R",152,137,34,3,15,0.248,0.322,0,0,0.69,0.56
"figaral01","Alfredo Figaro","Alfredo","Figaro","R","R",97,88,24,1,9,0.273,0.34,0,0,0.63,0.68
"figgich01","Chone Figgins","Chone","Figgins","B","R",5388,4724,1339,59,614,0.283,0.364,10,40,29.54,29.42
"figueco01","Cole Figueroa","Cole","Figueroa","L","R",240,215,58,3,23,0.27,0.338,0,2,0.85,0.83
"figuelu01","Luis Figueroa","Luis","Figueroa","B","R",5,4,1,0,1,0.25,0.4,0,0,0,0.01
"figuene01","Nelson Figueroa","Nelson","Figueroa","B","R",465,423,105,7,42,0.248,0.316,0,0,2.01,1.93
"figuepe01","Pedro Figueroa","Pedro","Figueroa","L","L",1,0,0,0,1,NA,1,0,0,0.01,0.01
"filebo01","Bob File","Bob","File","R","R",9,8,2,0,1,0.25,0.333,0,0,0.01,0.01
"filerto01","Tom Filer","Tom","Filer","R","R",9,8,2,0,1,0.25,0.333,0,0,0,0
"fillmhe01","Heath Fillmyer","Heath","Fillmyer","R","R",52,47,14,1,5,0.298,0.365,0,0,0.18,0.21
"fimplja01","Jack Fimple","Jack","Fimple","R","R",194,177,44,3,15,0.249,0.304,0,2,1.02,0.99
"finchjo01","Joel Finch","Joel","Finch","R","R",1,0,0,0,1,NA,1,0,0,0,0
"fineto01","Tommy Fine","Tommy","Fine","B","R",9,7,3,0,2,0.429,0.556,0,0,0.02,0.02
"fingero01","Rollie Fingers","Rollie","Fingers","R","R",86,77,22,1,9,0.286,0.36,0,0,0.64,0.55
"finigji01","Jim Finigan","Jim","Finigan","R","R",1805,1616,405,10,174,0.251,0.324,6,9,1.58,1.04
"finlest01","Steve Finley","Steve","Finley","L","L",10222,9303,2496,221,794,0.268,0.327,52,73,42.08,38.72
"finnebr01","Brandon Finnegan","Brandon","Finnegan","L","L",230,209,47,4,21,0.225,0.296,0,0,0.81,0.77
"finneky01","Kyle Finnegan","Kyle","Finnegan","R","R",16,13,4,0,3,0.308,0.438,0,0,0.09,0.08
"finnelo01","Lou Finney","Lou","Finney","L","R",4660,4428,1162,36,223,0.262,0.299,9,0,-10.2,-11.42
"fioreje01","Jeff Fiorentino","Jeff","Fiorentino","L","R",343,300,82,5,38,0.273,0.353,1,4,2.02,1.87
"fioremi01","Mike Fiore","Mike","Fiore","L","L",688,581,142,13,103,0.244,0.359,2,2,0.6,0.55
"fioreto01","Tony Fiore","Tony","Fiore","R","R",19,17,4,0,2,0.235,0.316,0,0,0,0.01
"fireost01","Steve Fireovid","Steve","Fireovid","B","R",7,6,2,0,1,0.333,0.429,0,0,0.01,0.01
"firovda01","Dan Firova","Dan","Firova","R","R",2,1,0,0,1,0,0.5,0,0,0.02,0.02
"fischje01","Jeff Fischer","Jeff","Fischer","R","R",6,5,1,0,1,0.2,0.333,0,0,0,0
"fischmi01","Mike Fischlin","Mike","Fischlin","R","R",933,826,204,10,98,0.247,0.329,5,4,1.31,1.06
"fischru01","Rube Fischer","Rube","Fischer","R","R",109,107,23,1,2,0.215,0.229,0,0,-1.22,-0.99
"fishebo01","Bob Fisher","Bob","Fisher","R","R",1241,1215,307,14,23,0.253,0.268,3,0,0.59,0.84
"fishebr01","Brian Fisher","Brian","Fisher","R","R",113,101,22,1,10,0.218,0.301,2,0,0.49,0.5
"fisheca01","Carlos Fisher","Carlos","Fisher","R","R",71,63,17,2,8,0.27,0.352,0,0,0.72,0.71
"fishede01","Derek Fisher","Derek","Fisher","L","R",707,622,158,19,79,0.254,0.339,3,3,3.14,2.72
"fisheed02","Eddie Fisher","Eddie","Fisher","R","R",237,225,46,0,12,0.204,0.245,0,0,-6.43,-5.37
"fisheha01","Harry Fisher","Harry","Fisher","L","R",14,13,5,0,1,0.385,0.429,0,0,0.01,0.02
"fisheja01","Jack Fisher","Jack","Fisher","R","R",167,151,28,0,14,0.185,0.251,0,2,-0.05,0.15
"fishesh01","George Fisher","George","Fisher","L","R",329,300,92,8,28,0.307,0.368,1,0,1.46,1.72
"fiskca01","Carlton Fisk","Carlton","Fisk","R","R",10050,8904,2402,384,926,0.27,0.345,142,78,74.32,72.54
"fistedo01","Doug Fister","Doug","Fister","L","R",377,342,91,6,35,0.266,0.334,0,0,1.66,1.62
"fitzged01","Ed FitzGerald","Ed","FitzGerald","R","R",1932,1788,443,14,130,0.248,0.301,9,5,-1.87,1.12
"fitzgjo04","John Fitzgerald","John","Fitzgerald","R","R",0,0,0,0,0,NA,NA,0,0,0,0
"fitzgmi02","Mike Fitzgerald","Mike","Fitzgerald","R","R",2415,2107,516,44,277,0.245,0.332,9,22,2.46,4.99
"fitzgty01","Tyler Fitzgerald","Tyler","Fitzgerald","R","R",334,301,89,14,28,0.296,0.362,4,1,3.56,3.64
"fitzmal01","Al Fitzmorris","Al","Fitzmorris","B","R",107,101,27,0,5,0.267,0.299,0,1,0.38,0.38
"fitzsfr01","Freddie Fitzsimmons","Freddie","Fitzsimmons","R","R",895,858,170,15,26,0.198,0.231,11,0,0.3,-0.35
"flaaja01","Jay Flaa","Jay","Flaa","R","R",1,0,0,0,1,NA,1,0,0,0.01,0.01
"flagsir01","Ira Flagstead","Ira","Flagstead","R","R",4755,4334,971,70,368,0.224,0.293,53,0,0.27,-4.1
"flaheja01","Jack Flaherty","Jack","Flaherty","R","R",382,341,86,6,39,0.252,0.327,0,2,2.04,2.33
"flahejo01","John Flaherty","John","Flaherty","R","R",3086,2907,731,41,138,0.251,0.286,14,27,-0.26,2.46
"flahery01","Ryan Flaherty","Ryan","Flaherty","L","R",1783,1582,409,41,176,0.259,0.339,19,6,8.06,7.37
"flandyo01","Yohan Flande","Yohan","Flande","L","L",155,141,37,2,14,0.262,0.329,0,0,0.77,0.65
"flanira01","Ray Flanigan","Ray","Flanigan","R","R",2,1,0,0,1,0,0.5,0,0,0,0.01
"flannjo01","John Flannery","John","Flannery","R","R",3,2,0,0,1,0,0.333,0,0,0,0.01
"flannti01","Tim Flannery","Tim","Flannery","L","R",2790,2438,656,19,296,0.269,0.353,32,24,12.03,10.96
"flavijo01","John Flavin","John","Flavin","L","L",1,0,0,0,1,NA,1,0,0,0,0
"flemijo01","Josh Fleming","Josh","Fleming","L","L",16,14,5,0,2,0.357,0.438,0,0,0,0
"flemile01","Les Fleming","Les","Fleming","L","L",1717,1500,423,52,207,0.282,0.373,10,0,8.59,9.55
"fletcaa01","Aaron Fletcher","Aaron","Fletcher","L","L",2,1,0,0,1,0,0.5,0,0,0.01,0.01
"fletcar01","Art Fletcher","Art","Fletcher","R","R",5950,5592,1241,11,219,0.222,0.269,139,0,27.01,26.63
"fletcda01","Darrin Fletcher","Darrin","Fletcher","L","R",4187,3872,1007,90,218,0.26,0.304,49,48,3.46,10.06
"fletcda02","David Fletcher","David","Fletcher","R","R",2577,2355,687,29,206,0.292,0.35,10,6,15.47,12.57
"fletcdo01","Dominic Fletcher","Dominic","Fletcher","L","L",226,205,58,2,17,0.283,0.345,3,1,1.55,-0.39
"fletcel01","Elbie Fletcher","Elbie","Fletcher","L","L",5939,5105,1282,121,792,0.251,0.356,42,0,29.67,25.62
"fletcsc01","Scott Fletcher","Scott","Fletcher","R","R",6015,5387,1406,35,535,0.261,0.332,57,36,33.06,25.17
"flexech01","Chris Flexen","Chris","Flexen","R","R",152,138,36,3,14,0.261,0.329,0,0,0.85,0.79
"flickel01","Elmer Flick","Elmer","Flick","L","R",6198,5726,1501,116,374,0.262,0.318,98,0,27.84,28.1
"flintsi01","Silver Flint","Silver","Flint","R","R",1565,1519,319,11,46,0.21,0.233,0,0,-1.24,-1.22
"floodcu01","Curt Flood","Curt","Flood","R","R",7074,6541,1899,67,448,0.29,0.339,52,33,40.56,35.79
"florebe01","Bernardo Flores Jr","Bernardo","Flores","L","L",1,0,0,0,1,NA,1,0,0,0.01,0.01
"floregi01","Gil Flores","Gil","Flores","R","R",394,363,102,2,30,0.281,0.338,1,0,0.69,0.67
"floreje01","Jesse Flores","Jesse","Flores","R","R",140,127,27,0,11,0.213,0.286,2,0,0.53,0.46
"floreje02","Jesus Flores","Jesus","Flores","R","R",1215,1103,289,27,96,0.262,0.323,8,8,4.6,4.47
"florejo01","Jose Flores","Jose","Flores","R","R",32,27,6,1,4,0.222,0.344,1,0,-0.17,0.11
"floreke01","Kendry Flores","Kendry","Flores","R","R",35,31,9,0,4,0.29,0.371,0,0,0.03,0.03
"florera01","Randy Flores","Randy","Flores","L","L",83,73,24,0,10,0.329,0.41,0,0,0.37,0.34
"florera02","Ramón Flores","Ramon","Flores","L","L",454,396,102,6,51,0.258,0.341,2,5,0.93,1.33
"florero01","Ron Flores","Ron","Flores","L","L",11,10,3,0,1,0.3,0.364,0,0,0.02,0.02
"florewi01","Wilmer Flores","Wilmer","Flores","R","R",4698,4174,1202,149,414,0.288,0.356,58,52,21.03,21.73
"flories01","Estevan Florial","Estevan","Florial","L","R",261,217,56,3,35,0.258,0.375,7,2,0.37,0.83
"floripe01","Pedro Florimón","Pedro","Florimon","B","R",1300,1172,300,21,123,0.256,0.327,2,3,6.74,5.8
"florody01","Dylan Floro","Dylan","Floro","L","R",155,138,37,3,17,0.268,0.348,0,0,1.52,1.48
"flowety01","Tyler Flowers","Tyler","Flowers","R","R",2998,2603,694,79,306,0.267,0.359,75,14,16.12,25.94
"floydbo01","Bobby Floyd","Bobby","Floyd","R","R",92,83,26,1,7,0.313,0.359,0,2,0.75,0.72
"floydbu01","Bubba Floyd","Bubba","Floyd","R","R",11,10,3,0,1,0.3,0.364,0,0,0.01,0.01
"floydcl01","Cliff Floyd","Cliff","Floyd","L","R",6111,5363,1474,193,609,0.275,0.356,91,48,28.08,25.87
"floydga01","Gavin Floyd","Gavin","Floyd","R","R",423,382,98,9,41,0.257,0.329,0,0,0.68,0.76
"flynnbr01","Brian Flynn","Brian","Flynn","L","L",70,63,20,2,7,0.317,0.386,0,0,0.32,0.34
"flynndo01","Doug Flynn","Doug","Flynn","R","R",3229,3015,757,27,195,0.251,0.295,1,18,3.63,4.1
"foggjo01","Josh Fogg","Josh","Fogg","R","R",635,586,118,6,48,0.201,0.263,1,0,1.61,1.41
"foileha01","Hank Foiles","Hank","Foiles","R","R",1268,1129,285,33,133,0.252,0.33,1,5,4.1,4.34
"foleyja01","Jason Foley","Jason","Foley","R","R",3,2,1,0,1,0.5,0.667,0,0,0.01,0.01
"foleyma01","Marv Foley","Marv","Foley","L","R",283,251,64,7,24,0.255,0.318,2,6,0.42,0.58
"foleyto02","Tom Foley","Tom","Foley","L","R",3032,2752,673,34,249,0.245,0.306,7,24,4.87,4.58
"foliti01","Tim Foli","Tim","Foli","R","R",6385,5928,1532,56,366,0.258,0.303,34,57,12.82,13.27
"folkeri01","Rich Folkers","Rich","Folkers","L","L",87,75,17,1,11,0.227,0.322,0,1,0.42,0.47
"foltymi01","Mike Foltynewicz","Mike","Foltynewicz","R","R",500,462,96,5,37,0.208,0.266,0,1,1.54,1.47
"fondyde01","Dee Fondy","Dee","Fondy","L","L",3663,3471,960,61,163,0.277,0.308,6,23,4.83,2.18
"fonsele01","Lew Fonseca","Lew","Fonseca","R","R",2808,2718,692,32,75,0.255,0.278,15,0,1.12,0.91
"fontano01","Nolan Fontana","Nolan","Fontana","L","R",147,131,30,5,16,0.229,0.313,0,0,0.78,0.5
"fontemi01","Mike Fontenot","Mike","Fontenot","L","R",1722,1523,422,32,174,0.277,0.352,10,15,9.05,9.56
"fontwi01","Wilmer Font","Wilmer","Font","R","R",83,74,21,2,9,0.284,0.361,0,0,0.79,0.75
"fonvich01","Chad Fonville","Chad","Fonville","B","R",610,574,141,1,35,0.246,0.29,1,0,-1.57,-1.22
"footeba01","Barry Foote","Barry","Foote","R","R",2299,2104,519,65,168,0.247,0.303,10,17,7.31,8.36
"fordbe01","Ben Ford","Ben","Ford","R","R",6,5,1,0,1,0.2,0.333,0,0,0.02,0.02
"fordcu01","Curt Ford","Curt","Ford","L","R",645,585,153,7,52,0.262,0.319,1,7,2.38,2.41
"fordda01","Dan Ford","Dan","Ford","R","R",4573,4136,1149,141,352,0.278,0.339,47,38,17.32,16.08
"fordda03","Darren Ford","Darren","Ford","R","R",68,60,18,1,7,0.3,0.382,1,0,0.61,0.64
"fordle01","Lew Ford","Lew","Ford","R","R",1976,1739,476,36,188,0.274,0.355,37,12,11.09,8.65
"fordma01","Matt Ford","Matt","Ford","B","L",48,43,11,1,5,0.256,0.333,0,0,0.09,0.13
"fordmi01","Mike Ford","Mike","Ford","L","R",903,772,197,33,106,0.255,0.36,22,3,2.72,2.73
"fordte01","Ted Ford","Ted","Ford","R","R",569,515,128,18,44,0.249,0.308,3,7,2.22,1.48
"fordwe01","Wenty Ford","Wenty","Ford","R","R",6,5,1,0,1,0.2,0.333,0,0,0.01,0.01
"fordwh01","Whitey Ford","Whitey","Ford","L","L",1183,1068,219,2,109,0.205,0.279,2,4,0.96,0.66
"fordybr01","Brook Fordyce","Brook","Fordyce","R","R",1345,1255,319,17,71,0.254,0.297,10,9,1.43,1.84
"foremfr01","Frank Foreman","Frank","Foreman","R","R",45,44,13,1,1,0.295,0.311,0,0,0.12,0.65
"fornaer01","Eric Fornataro","Eric","Fornataro","R","R",8,7,3,0,1,0.429,0.5,0,0,0.04,0.04
"fornimi01","Mike Fornieles","Mike","Fornieles","R","R",240,235,45,0,5,0.191,0.208,0,0,-1.74,-2.16
"forscbo01","Bob Forsch","Bob","Forsch","R","R",908,842,203,19,60,0.241,0.291,1,5,6.92,7.55
"forscke01","Ken Forsch","Ken","Forsch","R","R",223,203,48,1,20,0.236,0.305,0,0,1.14,1.16
"forstte01","Terry Forster","Terry","Forster","L","L",85,73,25,0,12,0.342,0.435,0,0,1.4,1.16
"forsylo01","Logan Forsythe","Logan","Forsythe","R","R",3632,3149,863,73,412,0.274,0.364,47,24,20.26,17.96
"forteni01","Nick Fortes","Nick","Fortes","R","R",1016,906,225,21,73,0.248,0.321,28,9,3.35,4.52
"fortuba01","Bartolome Fortunato","Bartolome","Fortunato","R","R",6,5,1,0,1,0.2,0.333,0,0,0.02,0.02
"fossera01","Ray Fosse","Ray","Fosse","R","R",3188,2943,789,56,209,0.268,0.318,17,19,15.8,13.22
"fossuca01","Casey Fossum","Casey","Fossum","L","L",89,82,15,1,7,0.183,0.247,0,0,-0.01,-0.09
"fosteal01","Alan Foster","Alan","Foster","R","R",332,308,66,2,22,0.214,0.265,0,2,-1.19,-0.92
"fostege01","George Foster","George","Foster","R","R",8171,7299,2048,364,752,0.281,0.349,52,68,48.12,50.37
"fostejo01","John Foster","John","Foster","L","L",19,16,4,0,3,0.25,0.368,0,0,0.07,0.07
"fosteke01","Kevin Foster","Kevin","Foster","R","R",224,212,47,1,11,0.222,0.263,1,0,0.58,0.6
"fostele01","Leo Foster","Leo","Foster","R","R",293,264,62,5,27,0.235,0.307,1,1,0.27,0.39
"fostema01","Matt Foster","Matt","Foster","R","R",0,0,0,0,0,NA,NA,0,0,0,0
"fostero01","Roy Foster","Roy","Foster","R","R",1056,951,231,28,84,0.243,0.315,18,3,0.63,1.84
"fothebo01","Bob Fothergill","Bob","Fothergill","R","R",2088,2009,563,27,69,0.28,0.307,10,0,6.22,4.74
"foulkke01","Keith Foulke","Keith","Foulke","R","R",20,15,4,0,5,0.267,0.45,0,0,0.06,0.06
"fournja01","Jack Fournier","Jack","Fournier","L","R",5289,4815,1306,200,396,0.271,0.337,78,0,19.07,20.74
"foutzda01","Dave Foutz","Dave","Foutz","R","R",1111,1068,245,2,40,0.229,0.259,3,0,-0.27,0.00999999999999979
"fowlede01","Dexter Fowler","Dexter","Fowler","B","R",6074,5143,1392,120,852,0.271,0.378,51,28,30.73,31.82
"fowledi01","Dick Fowler","Dick","Fowler","R","R",474,459,93,2,15,0.203,0.228,0,0,-1.84,-1.7
"fowledu01","Dustin Fowler","Dustin","Fowler","L","L",369,336,86,7,28,0.256,0.314,2,3,0.76,0.68
"fowlkal01","Alan Fowlkes","Alan","Fowlkes","R","R",23,21,4,0,2,0.19,0.261,0,0,0.08,0.09
"foxan01","Andy Fox","Andy","Fox","L","R",2011,1787,431,12,171,0.241,0.322,46,7,-0.25,0.69
"foxch01","Charlie Fox","Charlie","Fox","R","R",5,4,1,0,1,0.25,0.4,0,0,0.01,0.01
"foxch02","Chad Fox","Chad","Fox","R","R",21,16,3,0,5,0.188,0.381,0,0,0.07,0.07
"foxer01","Eric Fox","Eric","Fox","B","L",162,148,37,3,13,0.25,0.309,0,1,0.2,-0.21
"foxho01","Howie Fox","Howie","Fox","R","R",81,77,17,0,3,0.221,0.259,1,0,0.09,0.13
"foxja02","Jake Fox","Jake","Fox","R","R",687,616,160,20,53,0.26,0.326,11,7,2.12,1.92
"foxne01","Nellie Fox","Nellie","Fox","L","R",10350,9593,2704,18,567,0.282,0.33,142,48,39.87,36.03
"foxpe01","Pete Fox","Pete","Fox","R","R",6168,5830,1583,78,305,0.272,0.311,33,0,4.76,4.85
"foxte01","Terry Fox","Terry","Fox","R","R",13,11,3,0,2,0.273,0.385,0,0,-0.11,-0.1
"foxxji01","Jimmie Foxx","Jimmie","Foxx","R","R",9322,7990,2332,495,1319,0.292,0.393,13,0,80.3,83.09
"foyjo01","Joe Foy","Joe","Foy","R","R",3057,2623,607,48,392,0.231,0.333,18,24,10.68,10.96
"foytapa01","Paul Foytack","Paul","Foytack","R","R",255,244,50,0,10,0.205,0.239,1,0,-0.67,-0.49
"frailke01","Ken Frailing","Ken","Frailing","L","L",49,44,12,0,5,0.273,0.347,0,0,0.58,0.38
"fraleja01","Jake Fraley","Jake","Fraley","L","L",1416,1212,335,31,169,0.276,0.373,24,11,6.2,6.41
"francbe01","Ben Francisco","Ben","Francisco","R","R",1992,1762,473,51,193,0.268,0.346,23,14,8.93,7.01
"francea01","Earl Francis","Earl","Francis","R","R",38,36,11,0,2,0.306,0.342,0,0,0.36,0.24
"francen01","Enderson Franco","Enderson","Franco","R","R",4,3,1,0,1,0.333,0.5,0,0,0.02,0.02
"francfr01","Frank Francisco","Frank","Francisco","R","R",35,27,8,0,8,0.296,0.457,0,0,0.22,0.21
"francje01","Jeff Francis","Jeff","Francis","L","L",752,670,139,8,77,0.207,0.289,1,4,2.76,2.5
"francje02","Jeff Francoeur","Jeff","Francoeur","R","R",5701,5177,1418,152,410,0.274,0.331,60,54,22.76,20.77
"francjo01","John Franco","John","Franco","L","L",69,52,12,0,17,0.231,0.42,0,0,-0.29,-0.14
"francju01","Julio Franco","Julio","Franco","R","R",10051,8958,2660,166,975,0.297,0.365,38,80,47.87,46.21
"francju02","Juan Francisco","Juan","Francisco","L","R",1325,1185,319,49,126,0.269,0.342,8,6,6.53,6.53
"francma01","Matt Franco","Matt","Franco","L","R",468,417,121,8,48,0.29,0.361,0,3,0.95,0.83
"francma02","Maikel Franco","Maikel","Franco","R","R",4182,3803,1034,109,331,0.272,0.331,18,30,12.21,14.25
"francte01","Terry Francona","Terry","Francona","L","L",1060,995,294,13,58,0.295,0.335,3,4,1.43,1.88
"francti01","Tito Francona","Tito","Francona","L","L",6166,5555,1482,95,538,0.267,0.333,32,41,5,4.56
"francty01","Ty France","Ty","France","R","R",3103,2684,797,59,235,0.297,0.384,160,24,13.85,12
"francwa01","Wander Franco","Wander","Franco","B","R",1285,1147,357,25,113,0.311,0.372,8,17,14.42,11.66
"frandke01","Kevin Frandsen","Kevin","Frandsen","R","R",1679,1511,415,26,126,0.275,0.344,36,6,6.4,6
"frankfr02","Fred Frankhouse","Fred","Frankhouse","R","R",442,427,86,0,15,0.201,0.229,0,0,-0.35,-0.96
"frankhe01","Herman Franks","Herman","Franks","L","R",165,142,30,2,21,0.211,0.321,2,0,0.37,0.37
"frankja02","Jay Franklin","Jay","Franklin","R","R",0,0,0,0,0,NA,NA,0,0,0,0
"frankmi01","Micah Franklin","Micah","Franklin","B","R",61,56,18,2,5,0.321,0.377,0,0,0.46,0.41
"frankni01","Nick Franklin","Nick","Franklin","B","R",1223,1087,286,31,126,0.263,0.343,7,3,5.45,4.53
"frankry01","Ryan Franklin","Ryan","Franklin","R","R",238,211,55,7,27,0.261,0.345,0,0,2.63,2.52
"frankse01","Seth Frankoff","Seth","Frankoff","R","R",0,0,0,0,0,NA,NA,0,0,0,0
"frankwa01","Wayne Franklin","Wayne","Franklin","L","L",201,181,39,2,19,0.215,0.289,0,1,0.54,0.42
"frasoja01","Jason Frasor","Jason","Frasor","R","R",40,28,8,0,12,0.286,0.5,0,0,0.21,0.21
"fraziad01","Adam Frazier","Adam","Frazier","L","R",4241,3788,1083,63,371,0.286,0.357,59,23,21.77,18.22
"frazicl01","Jackson Frazier","Jackson","Frazier","R","R",1227,1059,292,31,151,0.276,0.371,12,5,5.81,4.68
"frazige01","George Frazier","George","Frazier","R","R",4,3,1,0,1,0.333,0.5,0,0,0.01,0.01
"frazije01","Jeff Frazier","Jeff","Frazier","R","R",67,61,16,1,6,0.262,0.328,0,0,0.2,0.36
"frazijo01","Joe Frazier","Joe","Frazier","L","R",276,245,61,9,27,0.249,0.326,2,2,0.39,0.59
"frazilo01","Lou Frazier","Lou","Frazier","B","R",393,350,79,0,37,0.226,0.308,5,1,-1.23,-0.81
"frazito01","Todd Frazier","Todd","Frazier","R","R",5357,4677,1260,188,565,0.269,0.355,77,38,32.8,30.98
"fredejo01","Johnny Frederick","Johnny","Frederick","L","L",3330,3157,852,100,147,0.27,0.308,26,0,10.14,9.86
"freeded01","Ed Freed","Ed","Freed","R","R",43,39,11,0,4,0.282,0.349,0,0,0.14,0.25
"freehbi01","Bill Freehan","Bill","Freehan","R","R",7052,6255,1623,171,635,0.259,0.336,114,48,40.65,41.13
"freelky01","Kyle Freeland","Kyle","Freeland","L","L",449,412,92,6,36,0.223,0.285,0,1,2,1.31
"freelry01","Ryan Freel","Ryan","Freel","R","R",2421,2115,566,25,261,0.268,0.359,43,2,11.77,12.45
"freemch01","Choo Freeman","Choo","Freeman","R","R",300,274,69,4,25,0.252,0.317,1,0,0.5,0.98
"freemfr01","Freddie Freeman","Freddie","Freeman","L","R",9303,7866,2494,321,1236,0.317,0.415,128,73,73.24,71.89
"freemhe01","Hersh Freeman","Hersh","Freeman","R","R",5,4,1,0,1,0.25,0.4,0,0,0.01,0.01
"freemji01","Jimmy Freeman","Jimmy","Freeman","L","L",17,15,3,0,2,0.2,0.294,0,0,0,0
"freemju02","Justin Freeman","Justin","Freeman","R","R",1,0,0,0,1,NA,1,0,0,0.01,0.01
"freemma02","Marvin Freeman","Marvin","Freeman","R","R",39,34,8,0,5,0.235,0.333,0,0,-0.04,-0.04
"freemmi01","Mike Freeman","Mike","Freeman","L","R",670,588,151,8,71,0.257,0.34,6,5,1.6,3.22
"freemsa01","Sam Freeman","Sam","Freeman","R","L",88,76,22,2,12,0.289,0.386,0,0,1.68,1.71
"freemty01","Tyler Freeman","Tyler","Freeman","R","R",607,520,136,8,49,0.262,0.356,31,7,1.11,1.7
"freesda01","David Freese","David","Freese","R","R",4431,3866,1132,114,468,0.293,0.378,73,24,26.93,26.61
"freesge02","Gene Freese","Gene","Freese","R","R",3777,3520,895,109,215,0.254,0.298,17,25,10.56,8.62
"fregoji01","Jim Fregosi","Jim","Fregosi","R","R",7290,6520,1774,138,686,0.272,0.342,32,52,44.48,40.64
"freimna01","Nate Freiman","Nate","Freiman","R","R",406,366,101,14,35,0.276,0.342,3,2,1.83,1.53
"freiral01","Alejandro Freire","Alejandro","Freire","R","R",133,119,30,2,13,0.252,0.331,1,0,0.15,0.11
"freisda01","Dave Freisleben","Dave","Freisleben","R","R",211,188,42,3,23,0.223,0.308,0,0,1.22,1.05
"freitda01","David Freitas","David","Freitas","R","R",327,292,73,5,34,0.25,0.327,0,1,1.07,1.13
"frelisa01","Sal Frelick","Sal","Frelick","L","R",770,678,193,7,79,0.285,0.361,6,7,4.32,4.22
"frencji01","Jim French","Jim","French","L","R",948,807,160,3,135,0.198,0.312,1,5,1.69,1.55
"frencla01","Larry French","Larry","French","R","L",811,773,156,2,35,0.202,0.239,3,0,-2.15,-2.48
"frenclu01","Luke French","Luke","French","L","L",12,10,3,0,2,0.3,0.417,0,0,0.01,0.01
"freybe01","Benny Frey","Benny","Frey","R","R",480,451,102,0,27,0.226,0.273,2,0,-0.95,-1.7
"freylo01","Lonny Frey","Lonny","Frey","L","R",6415,5677,1421,72,710,0.25,0.337,28,0,40.57,36.04
"friasca01","Carlos Frías","Carlos","Frias","R","R",147,132,32,2,14,0.242,0.32,1,0,0.71,0.63
"friaslu01","Luis Frías","Luis","Frias","R","R",2,1,0,0,1,0,0.5,0,0,0.01,0.01
"friaspe01","Pepe Frias","Pepe","Frias","R","R",1419,1318,330,10,85,0.25,0.296,5,11,-1.19,-1.25
"friedch01","Christian Friedrich","Christian","Friedrich","R","L",266,238,53,4,28,0.223,0.305,0,0,1.87,1.82
"friedma01","Max Fried","Max","Fried","L","L",401,365,99,4,36,0.271,0.337,0,0,2.79,3.23
"friedtj01","TJ Friedl","TJ","Friedl","L","L",1281,1091,304,24,121,0.279,0.368,46,23,6.06,6.8
"frienbo01","Bob Friend","Bob","Friend","R","R",1016,963,191,3,51,0.198,0.238,0,2,-2.52,-1.96
"frierer01","Ernesto Frieri","Ernesto","Frieri","R","R",49,41,11,0,8,0.268,0.388,0,0,0.29,0.28
"friscfr01","Frankie Frisch","Frankie","Frisch","B","R",9615,9036,2492,88,548,0.276,0.319,31,0,53.39,54.69
"friseda01","Danny Frisella","Danny","Frisella","L","R",105,92,26,0,13,0.283,0.371,0,0,0.21,0.06
"frobedo01","Doug Frobel","Doug","Frobel","L","R",565,506,116,19,56,0.229,0.308,2,1,0.7,1.27
"frutoem01","Emiliano Fruto","Emiliano","Fruto","R","R",1,0,0,0,1,NA,1,0,0,0.01,0.01
"fryda01","David Fry","David","Fry","R","R",478,402,114,15,55,0.284,0.389,17,4,2.64,2.51
"fryech01","Charlie Frye","Charlie","Frye","R","R",15,14,3,1,1,0.214,0.267,0,0,0.02,0.02
"fryeje01","Jeff Frye","Jeff","Frye","R","R",2508,2273,616,6,192,0.271,0.331,22,21,5.55,2.85
"fryerer01","Eric Fryer","Eric","Fryer","R","R",785,684,188,13,97,0.275,0.366,2,2,4.14,3.68
"fryja01","Jace Fry","Jace","Fry","L","L",11,9,3,0,2,0.333,0.455,0,0,0.05,0.05
"fryjo01","Johnson Fry","Johnson","Fry","R","R",2,0,0,0,1,NA,1,1,0,0,0
"frymatr01","Travis Fryman","Travis","Fryman","R","R",6972,6332,1702,156,523,0.269,0.325,39,78,33.33,30.54
"frymawo01","Woodie Fryman","Woodie","Fryman","R","L",321,298,66,4,21,0.221,0.274,1,1,0.55,0.3
"frypa01","Paul Fry","Paul","Fry","L","L",1,0,0,0,1,NA,1,0,0,0.01,0.01
"fuentbr01","Brian Fuentes","Brian","Fuentes","L","L",81,69,17,0,12,0.246,0.358,0,0,0.4,0.42
"fuentjo01","Joshua Fuentes","Joshua","Fuentes","R","R",562,519,134,10,39,0.258,0.31,1,3,2.96,1.95
"fuentmi01","Miguel Fuentes","Miguel","Fuentes","R","R",7,6,2,0,1,0.333,0.429,0,0,0,0
"fuentmi02","Mike Fuentes","Mike","Fuentes","R","R",5,4,1,0,1,0.25,0.4,0,0,0.01,0.01
"fuentre01","Rey Fuentes","Rey","Fuentes","L","L",399,364,98,5,35,0.269,0.333,0,0,1.4,1.37
"fuentti01","Tito Fuentes","Tito","Fuentes","B","R",6018,5587,1568,61,356,0.281,0.325,32,43,15.29,13.68
"fujikky01","Kyuji Fujikawa","Kyuji","Fujikawa","L","R",15,13,5,0,2,0.385,0.467,0,0,0.09,0.08
"fujinsh01","Shintaro Fujinami","Shintaro","Fujinami","R","R",5,4,1,0,1,0.25,0.4,0,0,0.01,0.01
"fukudko01","Kosuke Fukudome","Kosuke","Fukudome","L","R",2308,1946,522,44,336,0.268,0.375,8,18,9.15,9.05
"fulchje01","Jeff Fulchino","Jeff","Fulchino","R","R",57,50,14,1,7,0.28,0.368,0,0,0.96,0.93
"fuldsa01","Sam Fuld","Sam","Fuld","L","L",1813,1588,421,27,213,0.265,0.353,6,6,11.25,10.08
"fulleji01","Jim Fuller","Jim","Fuller","R","R",363,334,76,13,25,0.228,0.289,4,0,0.67,0.72
"fullejo01","John Fuller","John","Fuller","L","L",4,3,1,0,1,0.333,0.5,0,0,0.01,0
"fullich01","Chick Fullis","Chick","Fullis","R","R",672,650,191,3,17,0.294,0.317,5,0,-0.38,-0.0700000000000001
"fullmbr01","Brad Fullmer","Brad","Fullmer","L","R",3070,2813,765,82,197,0.272,0.325,37,23,4.18,2.68
"fulmeca01","Carson Fulmer","Carson","Fulmer","R","R",58,50,14,1,8,0.28,0.379,0,0,0.36,0.35
"fulmemi01","Michael Fulmer","Michael","Fulmer","R","R",135,121,32,3,14,0.264,0.341,0,0,0.21,0.19
"fultzaa01","Aaron Fultz","Aaron","Fultz","L","L",69,60,15,2,9,0.25,0.348,0,0,1.12,1.01
"funkhky01","Kyle Funkhouser","Kyle","Funkhouser","R","R",5,4,1,0,1,0.25,0.4,0,0,0.02,0.02
"funkto01","Tom Funk","Tom","Funk","L","L",1,0,0,0,1,NA,1,0,0,0,0.01
"furbuch01","Charlie Furbush","Charlie","Furbush","L","L",18,13,3,0,5,0.231,0.444,0,0,0.11,0.11
"furcara02","Rafael Furcal",NA,NA,NA,NA,7212,6445,1839,103,706,0.285,0.356,22,39,43.98,38.49
"furilca01","Carl Furillo","Carl","Furillo","R","R",7272,6778,1971,174,423,0.291,0.336,47,24,31.71,30.4
"furmajj01","J J  Furmaniak","J. J.","Furmaniak","R","R",157,135,34,2,20,0.252,0.357,2,0,0.76,0.59
"fyhrimi01","Mike Fyhrie","Mike","Fyhrie","R","R",5,4,1,0,1,0.25,0.4,0,0,0,0
"gabbaka01","Kason Gabbard","Kason","Gabbard","L","L",31,28,7,1,3,0.25,0.323,0,0,0.08,0.08
"gabrile02","Len Gabrielson","Len","Gabrielson","L","R",2161,1982,524,45,166,0.264,0.321,4,9,-0.16,0.47
"gaddihu01","Hunter Gaddis","Hunter","Gaddis","R","R",5,4,1,0,1,0.25,0.4,0,0,0.01,0.01
"gaettga01","Gary Gaetti","Gary","Gaetti","R","R",9923,9108,2261,325,616,0.248,0.3,96,103,43.74,40.46
"gaffbr01","Brent Gaff","Brent","Gaff","R","R",8,6,2,0,2,0.333,0.5,0,0,0.01,0.01
"gagliph01","Phil Gagliano","Phil","Gagliano","R","R",1932,1719,424,17,194,0.247,0.322,4,15,2.4,1.78
"gagneer01","Eric Gagne","Eric","Gagne","R","R",185,170,36,1,15,0.212,0.276,0,0,0.04,0.31
"gagnegr01","Greg Gagne","Greg","Gagne","R","R",6332,5901,1465,99,355,0.248,0.294,40,36,26.51,22.94
"gagnodr01","Drew Gagnon","Drew","Gagnon","R","R",80,71,20,2,8,0.282,0.35,0,1,0.55,0.63
"gainety01","Ty Gainey","Ty","Gainey","L","R",93,83,23,1,10,0.277,0.355,0,0,0.36,0.57
"galanau01","Augie Galan","Augie","Galan","B","R",7156,6206,1655,137,925,0.267,0.364,25,0,41.88,37.82
"galaran01","Andres Galarraga","Andres","Galarraga","R","R",9152,8364,2256,321,552,0.27,0.326,178,58,30.24,29.79
"galarar01","Armando Galarraga","Armando","Galarraga","R","R",42,34,10,1,8,0.294,0.429,0,0,0.16,0.16
"galeri01","Rich Gale","Rich","Gale","R","R",77,68,15,2,9,0.221,0.312,0,0,0.44,0.48
"galero01","Rocky Gale","Rocky","Gale","R","R",124,113,31,3,11,0.274,0.339,0,0,0.35,0.36
"gallaal01","Al Gallagher","Al","Gallagher","R","R",1577,1408,389,12,152,0.276,0.346,5,12,3.46,3.41
"gallaca01","Cam Gallagher","Cam","Gallagher","R","R",726,654,174,10,65,0.266,0.335,4,3,3.57,3.85
"gallada01","Dave Gallagher","Dave","Gallagher","R","R",2129,1931,528,16,178,0.273,0.335,7,13,2.99,2.15
"gallado01","Doug Gallagher","Doug","Gallagher","R","L",7,6,2,0,1,0.333,0.429,0,0,0,0
"gallase01","Sean Gallagher","Sean","Gallagher","R","R",136,121,28,2,14,0.231,0.316,1,0,1.06,1.05
"gallayo01","Yovani Gallardo","Yovani","Gallardo","R","R",981,898,226,25,80,0.252,0.314,2,1,6.85,7.04
"gallegi01","Giovanny Gallegos","Giovanny","Gallegos","R","R",77,69,21,1,8,0.304,0.377,0,0,0.92,0.84
"gallemi01","Mike Gallego","Mike","Gallego","R","R",3215,2844,710,38,320,0.25,0.33,31,20,17.68,15.22
"galleza01","Zac Gallen","Zac","Gallen","R","R",182,168,43,2,14,0.256,0.313,0,0,0.88,0.78
"galljo01","John Gall","John","Gall","R","R",146,134,37,4,11,0.276,0.329,0,1,0.58,0.53
"gallojo01","Joey Gallo","Joey","Gallo","L","R",3980,3328,815,190,610,0.245,0.367,37,5,23.26,22.12
"gallomi01","Mike Gallo","Mike","Gallo","L","L",53,46,13,0,7,0.283,0.377,0,0,0.1,0.13
"galveba01","Balvino Galvez","Balvino","Galvez","R","R",2,1,0,0,1,0,0.5,0,0,0,0.01
"galvifr01","Freddy Galvis","Freddy","Galvis","B","R",4608,4194,1140,94,366,0.272,0.332,24,24,19.65,19.7
"gamblle01","Lee Gamble","Lee","Gamble","L","R",3,2,1,0,1,0.5,0.667,0,0,0.01,0.01
"gamblos01","Oscar Gamble","Oscar","Gamble","L","R",4343,3721,1045,197,558,0.281,0.378,40,24,27.78,25.73
"gamelbe01","Ben Gamel","Ben","Gamel","L","L",2565,2230,617,40,306,0.277,0.366,17,12,8.54,10.22
"gamelma01","Mat Gamel","Mat","Gamel","L","R",487,431,114,10,51,0.265,0.345,3,2,1.62,1.83
"gantjo01","John Gant","John","Gant","R","R",306,281,64,8,25,0.228,0.291,0,0,1.98,1.98
"gantnji01","Jim Gantner","Jim","Gantner","L","R",6896,6352,1794,70,440,0.282,0.331,52,52,25.99,23.83
"gantro01","Ron Gant","Ron","Gant","R","R",7332,6493,1574,262,751,0.242,0.321,32,56,32.92,31.75
"garabed01","Eddy Garabito","Eddy","Garabito","B","R",166,147,42,2,16,0.286,0.367,3,0,0.41,0.43
"garagjo01","Joe Garagiola","Joe","Garagiola","L","R",2192,1932,474,45,242,0.245,0.334,16,2,7.27,9.17
"garatvi01","Victor Garate","Victor","Garate","L","L",2,1,0,0,1,0,0.5,0,0,0.02,0.02
"garbeba01","Barbaro Garbey","Barbaro","Garbey","R","R",617,568,163,12,38,0.287,0.334,5,6,0.99,1.22
"garbege01","Gene Garber","Gene","Garber","R","R",120,101,26,0,19,0.257,0.375,0,0,0.46,0.41
"garcefr01","Frank Garces","Frank","Garces","L","L",21,18,5,0,3,0.278,0.381,0,0,0.12,0.11
"garciad01","Adonis García","Adonis","Garcia","R","R",1027,942,266,28,74,0.282,0.339,8,3,2.93,3.53
"garciad02","Adolis García","Adolis","Garcia","R","R",2692,2400,639,93,223,0.266,0.333,35,34,14.43,14.43
"garciam01","Amaury Garcia","Amaury","Garcia","R","R",46,41,11,2,5,0.268,0.348,0,0,0.28,0.23
"garcian01","Anderson Garcia","Anderson","Garcia","R","R",0,0,0,0,0,NA,NA,0,0,0,0
"garciar01","Aramis Garcia","Aramis","Garcia","R","R",504,462,116,16,35,0.251,0.313,7,0,-0.61,1.33
"garciav01","Avisaíl García","Avisail","Garcia","R","R",4661,4188,1205,117,384,0.288,0.354,61,28,19.06,18.58
"garcica01","Carlos Garcia","Carlos","Garcia","R","R",2459,2326,596,21,95,0.256,0.29,21,17,0.0299999999999998,-1.8
"garcich02","Christian Garcia","Christian","Garcia","R","R",6,5,1,0,1,0.2,0.333,0,0,0.04,0.03
"garcida01","Damaso Garcia","Damaso","Garcia","R","R",3868,3625,1050,46,196,0.29,0.329,27,20,12.3,12.25
"garcida02","Danny Garcia","Danny","Garcia","L","L",15,13,4,0,2,0.308,0.4,0,0,0.01,0.01
"garcida03","Daniel Garcia","Daniel","Garcia","R","R",326,277,67,6,35,0.242,0.35,12,2,0.58,1.17
"garcide02","Dermis Garcia","Dermis","Garcia","R","R",111,100,24,4,9,0.24,0.315,2,0,0.73,0.5
"garcied01","Edgar García","Edgar","Garcia","R","R",19,16,5,0,3,0.312,0.421,0,0,0.1,0.09
"garcifr03","Freddy Garcia",NA,NA,NA,NA,352,317,83,7,34,0.262,0.332,0,1,0.73,0.85
"garcigr01","Greg Garcia","Greg","Garcia","L","R",1511,1273,349,21,208,0.274,0.384,23,7,9.2,9.83
"garciha01","Harvey Garcia","Harvey","Garcia","R","R",6,5,1,0,1,0.2,0.333,0,0,0.03,0.02
"garcija01","Santiago Casilla","Santiago","Casilla","R","R",130,112,34,1,18,0.304,0.4,0,0,1.45,1.39
"garcija02","Jaime García","Jaime","Garcia","L","L",814,743,185,14,69,0.249,0.313,1,1,4.67,3.94
"garcija03","Jason García","Jason","Garcia","R","R",18,15,5,0,3,0.333,0.444,0,0,0.02,0.02
"garcija04","Jarlín García","Jarlin","Garcia","L","L",149,133,37,3,16,0.278,0.356,0,0,1.86,1.69
"garcije01","Jesse Garcia","Jesse","Garcia","R","R",449,422,100,4,26,0.237,0.283,1,0,-0.38,-0.39
"garcijo01","Jose Garcia","Jose","Garcia","R","R",19,17,5,0,2,0.294,0.368,0,0,0.02,0.02
"garcijo02","Jose Barrero","Jose","Barrero","R","R",377,347,81,3,27,0.233,0.294,3,0,-0.71,-0.51
"garciki01","Kiko Garcia","Kiko","Garcia","R","R",1623,1489,378,23,124,0.254,0.312,4,6,7.49,7.09
"garcile02","Leury Garcia","Leury","Garcia","B","R",2733,2487,693,33,199,0.279,0.337,28,19,10.48,9.1
"garcilu02","Luis Garcia","Luis","Garcia","R","R",20,18,6,0,2,0.333,0.4,0,0,0.02,0.01
"garcilu03","Luis García","Luis","Garcia","R","R",112,97,31,1,15,0.32,0.411,0,0,0.85,0.85
"garcilu04","Luis García","Luis","Garcia","L","R",2064,1909,556,35,130,0.291,0.333,2,23,6.79,6.16
"garcilu05","Luis Garcia","Luis","Garcia","R","R",62,57,15,1,5,0.263,0.323,0,0,0.1,0.05
"garcima01","Maikel Garcia","Maikel","Garcia","R","R",1206,1079,290,8,98,0.269,0.325,4,25,3.79,4.85
"garcimi01","Mike Garcia","Mike","Garcia","R","R",828,803,168,2,21,0.209,0.229,1,3,-2.36,-1.44
"garcimi02","Miguel Garcia","Miguel","Garcia","L","L",1,0,0,0,1,NA,1,0,0,0.01,0.01
"garcino01","Nomar Garciaparra","Nomar","Garciaparra","R","R",6147,5623,1695,184,402,0.301,0.351,59,63,48.25,42.8
"garcion01","Onelki García","Onelki","Garcia","L","L",2,1,0,0,1,0,0.5,0,0,0.01,0.01
"garcipe01","Pedro Garcia","Pedro","Garcia","R","R",1804,1649,402,46,120,0.244,0.299,18,17,2.93,2.11
"garcira01","Ramon Garcia","Ramon","Garcia","R","R",1,0,0,0,1,NA,1,0,0,0.01,0.01
"garcire01","Reynaldo Garcia","Reynaldo","Garcia","R","R",1,0,0,0,1,NA,1,0,0,0.01,0.01
"garciri01","Rico Garcia","Rico","Garcia","R","R",18,16,4,0,2,0.25,0.333,0,0,0.01,0.01
"garciro01","Rosman Garcia","Rosman","Garcia","R","R",3,2,1,0,1,0.5,0.667,0,0,0.01,0.01
"garciro02","Robel García","Robel","Garcia","B","R",355,320,79,9,32,0.247,0.315,1,2,0.82,0.88
"garciro03","Rony García","Rony","Garcia","R","R",16,14,5,0,2,0.357,0.438,0,0,0,0
"garciwi01","Willy García","Willy","Garcia","R","R",187,165,45,3,20,0.273,0.348,0,2,0.56,0.58
"garciyi01","Yimi Garcia","Yimi","Garcia","R","R",98,86,26,1,12,0.302,0.388,0,0,1.05,1.01
"gardeni01","Nick Gardewine","Nick","Gardewine","R","R",2,1,0,0,1,0,0.5,0,0,0.01,0.01
"gardero01","Ron Gardenhire","Ron","Gardenhire","R","R",777,713,181,8,58,0.254,0.308,0,6,2.18,2.25
"gardnbi02","Billy Gardner","Billy","Gardner","R","R",2317,2174,498,18,114,0.229,0.273,21,8,0.4,-0.24
"gardnbr01","Brett Gardner","Brett","Gardner","L","L",6926,5963,1638,130,854,0.275,0.369,67,42,51.8,47.06
"gardnla01","Larry Gardner","Larry","Gardner","L","R",6953,6588,1500,16,338,0.228,0.268,27,0,13.69,9.09
"gardnle01","Lee Gardner","Lee","Gardner","R","R",54,47,13,1,7,0.277,0.37,0,0,0.62,0.54
"gardnma01","Mark Gardner","Mark","Gardner","R","R",308,291,60,0,13,0.206,0.244,2,2,-1.35,-1.12
"garkory01","Ryan Garko","Ryan","Garko","R","R",1783,1564,436,51,148,0.279,0.358,55,16,6.49,4.26
"garlajo01","Jon Garland","Jon","Garland","R","R",569,512,130,10,55,0.254,0.327,1,1,2.35,2.21
"garliky01","Kyle Garlick","Kyle","Garlick","R","R",504,453,121,20,40,0.267,0.335,8,3,1.74,1.95
"garmami01","Mike Garman","Mike","Garman","R","R",40,34,8,0,6,0.235,0.35,0,0,0.1,0.12
"garmsde01","Debs Garms","Debs","Garms","L","R",2719,2510,690,22,195,0.275,0.331,14,0,7.71,5.25
"garneco01","Cole Garner","Cole","Garner","R","R",53,47,12,1,6,0.255,0.34,0,0,0.12,0.19
"garnedu01","Dustin Garneau","Dustin","Garneau","R","R",929,825,215,26,95,0.261,0.34,6,3,4.79,3.11
"garneph01","Phil Garner","Phil","Garner","R","R",6945,6218,1679,145,634,0.27,0.338,34,59,33.86,32.33
"garread01","Adrian Garrett","Adrian","Garrett","L","R",199,175,41,9,21,0.234,0.312,0,3,0.01,0.53
"garream01","Amir Garrett","Amir","Garrett","R","L",139,125,30,2,14,0.24,0.317,0,0,1.15,1.16
"garrebr01","Braxton Garrett","Braxton","Garrett","R","L",75,69,19,1,6,0.275,0.333,0,0,0.32,0.27
"garresc01","Scott Garrelts","Scott","Garrelts","R","R",93,86,21,1,7,0.244,0.301,0,0,0.5,0.47
"garrest01","Stone Garrett","Stone","Garrett","R","R",392,335,96,12,37,0.287,0.36,8,12,3.16,2.56
"garrewa01","Wayne Garrett","Wayne","Garrett","L","R",3622,3052,780,74,543,0.256,0.368,9,18,19.12,18.67
"garrra01","Ralph Garr","Ralph","Garr","L","R",5235,4919,1502,89,277,0.305,0.343,19,20,19.66,17.24
"gartory01","Ryan Garton","Ryan","Garton","R","R",1,0,0,0,1,NA,1,0,0,0.01,0
"garvemi01","Mitch Garver","Mitch","Garver","R","R",2220,1892,515,86,287,0.272,0.374,28,13,14.32,13.1
"garvene01","Ned Garver","Ned","Garver","R","R",1250,1159,262,7,85,0.226,0.278,1,5,3.23,1.26
"garvest01","Steve Garvey","Steve","Garvey","R","R",9766,9045,2718,290,603,0.3,0.343,28,90,45.27,45.04
"garzama01","Matt Garza","Matt","Garza","R","R",773,706,155,11,64,0.22,0.287,3,0,2.52,2.64
"gastjo01","John Gast","John","Gast","L","L",45,39,10,1,6,0.256,0.356,0,0,0.16,0.16
"gastoci01","Cito Gaston","Cito","Gaston","R","R",2879,2692,724,97,168,0.269,0.313,8,11,3.27,3.84
"gastomi01","Milt Gaston","Milt","Gaston","R","R",327,319,61,6,7,0.191,0.211,1,0,-1.66,-1.12
"gatesbr01","Brent Gates","Brent","Gates","B","R",2728,2468,617,11,214,0.25,0.308,10,36,2.3,0.01
"gatesmi01","Mike Gates","Mike","Gates","L","R",136,122,31,1,12,0.254,0.316,0,2,0.35,0.28
"gathrjo01","Joey Gathright","Joey","Gathright","L","R",1337,1195,325,11,120,0.272,0.345,16,6,6.59,6.81
"gattiev01","Evan Gattis","Evan","Gattis","R","R",2667,2390,650,130,225,0.272,0.338,26,26,13.52,13.93
"gaubjo01","John Gaub","John","Gaub","R","L",3,2,1,0,1,0.5,0.667,0,0,0.02,0.02
"gaudich01","Chad Gaudin","Chad","Gaudin","R","R",294,263,58,4,31,0.221,0.303,0,0,1.49,1.45
"gausmke01","Kevin Gausman","Kevin","Gausman","L","R",415,374,94,6,40,0.251,0.323,0,1,1.64,1.6
"gavigsa01","Sam Gaviglio","Sam","Gaviglio","R","R",87,78,21,2,9,0.269,0.345,0,0,0.37,0.36
"gazelmi01","Mike Gazella","Mike","Gazella","R","R",270,233,49,0,35,0.21,0.319,2,0,-0.27,0.12
"gearrco01","Cory Gearrin","Cory","Gearrin","R","R",97,84,25,2,13,0.298,0.392,0,0,1.88,1.87
"gearyge01","Geoff Geary","Geoff","Geary","R","R",168,148,40,3,20,0.27,0.357,0,0,1.74,1.7
"geddeji01","Jim Geddes","Jim","Geddes","R","R",1,0,0,0,1,NA,1,0,0,0.01,0
"gedmari01","Rich Gedman","Rich","Gedman","L","R",3153,2881,744,90,233,0.258,0.315,15,24,14.3,15.2
"geedi01","Dillon Gee","Dillon","Gee","R","R",539,490,114,8,47,0.233,0.301,1,1,2.49,2.27
"geerjo01","Josh Geer","Josh","Geer","R","R",139,125,31,2,14,0.248,0.324,0,0,0.73,0.67
"gehrich01","Charlie Gehringer","Charlie","Gehringer","L","R",9532,8423,2417,227,1060,0.287,0.37,49,0,73.18,63.01
"gehrilo01","Lou Gehrig","Lou","Gehrig","L","L",9569,8096,2501,479,1428,0.309,0.415,45,0,95.56,92.53
"geigega01","Gary Geiger","Gary","Geiger","L","R",3108,2755,600,62,324,0.218,0.302,16,13,4.19,3.93
"geiseda01","Dave Geisel","Dave","Geisel","L","L",4,3,1,0,1,0.333,0.5,0,0,0.01,0.01
"gelbech01","Charlie Gelbert","Charlie","Gelbert","R","R",2813,2563,585,18,243,0.228,0.297,7,0,2.63,3.77
"gelnajo01","John Gelnar","John","Gelnar","R","R",7,6,2,0,1,0.333,0.429,0,0,0.01,0
"gelofza01","Zack Gelof","Zack","Gelof","R","R",887,792,212,29,78,0.268,0.338,10,7,5.45,5.82
"geltzst01","Steve Geltz","Steve","Geltz","R","R",5,4,1,0,1,0.25,0.4,0,0,0.03,0.03
"gennesc01","Scooter Gennett","Scooter","Gennett","L","R",2995,2728,814,71,234,0.298,0.356,17,16,12.18,15.95
"gentiji01","Jim Gentile","Jim","Gentile","L","L",3302,2788,703,147,441,0.252,0.359,41,32,11.81,15.21
"gentrcr01","Craig Gentry","Craig","Gentry","R","R",1856,1642,450,23,176,0.274,0.355,33,5,15.54,13.79
"georgch02","Chris George","Chris","George","L","L",19,17,5,0,2,0.294,0.368,0,0,0.03,0.03
"gerbecr01","Craig Gerber","Craig","Gerber","L","R",89,84,24,1,4,0.286,0.315,0,1,0.64,0.67
"gerbege01","George Gerberman","George","Gerberman","R","R",2,1,0,0,1,0,0.5,0,0,0,0
"gerenbo01","Bob Geren","Bob","Geren","R","R",523,490,120,17,24,0.245,0.287,6,3,2,2.2
"gerhake01","Ken Gerhart","Ken","Gerhart","R","R",567,519,121,18,39,0.233,0.287,3,6,0.14,-0.02
"gerharu01","Rusty Gerhardt","Rusty","Gerhardt","B","L",7,6,2,0,1,0.333,0.429,0,0,0.01,0.02
"gerlajo01","Johnny Gerlach","Johnny","Gerlach","R","R",25,22,7,0,3,0.318,0.4,0,0,-0.01,0.1
"germado01","Domingo Germán","Domingo","German","R","R",30,26,7,1,4,0.269,0.367,0,0,0.15,0.13
"germaes01","Esteban German","Esteban","German","R","R",1223,1066,301,16,138,0.282,0.369,12,7,6.14,6.11
"germafr01","Franklyn German","Franklyn","German","R","R",22,18,5,0,4,0.278,0.409,0,0,0.07,0.06
"germaju01","Justin Germano","Justin","Germano","R","R",285,258,61,5,27,0.236,0.309,0,0,1.47,1.48
"germego01","Gonzalez Germen","Gonzalez","Germen","R","R",99,88,24,3,11,0.273,0.354,0,0,1.29,1.29
"gernedi01","Dick Gernert","Dick","Gernert","R","R",2622,2278,497,68,321,0.218,0.317,12,11,0.72,4.28
"geronce01","Cesar Geronimo","Cesar","Geronimo","L","L",4256,3809,1027,73,393,0.27,0.341,30,24,17.42,19.34
"gerutjo01","Jody Gerut","Jody","Gerut","L","L",2050,1841,511,57,184,0.278,0.346,15,10,10.18,9.36
"gervasa01","Sammy Gervacio","Sammy","Gervacio","R","R",12,10,3,0,2,0.3,0.417,0,0,0.08,0.07
"getteal01","Al Gettel","Al","Gettel","R","R",145,139,36,0,5,0.259,0.29,1,0,0.46,0.01
"getzch01","Chris Getz","Chris","Getz","L","R",1740,1566,420,20,155,0.268,0.337,12,7,6.76,6.57
"ghelfto01","Tony Ghelfi","Tony","Ghelfi","R","R",3,2,1,0,1,0.5,0.667,0,0,0,0
"giambja01","Jason Giambi","Jason","Giambi","L","R",8993,7323,2048,360,1397,0.28,0.403,180,93,54.99,52.76
"giambje01","Jeremy Giambi","Jeremy","Giambi","L","L",1031,859,226,32,160,0.263,0.384,10,2,3.1,3.26
"giambtr01","Trent Giambrone","Trent","Giambrone","R","R",77,71,19,1,6,0.268,0.325,0,0,0.1,0.05
"giavojo01","Johnny Giavotella","Johnny","Giavotella","R","R",1588,1439,399,24,129,0.277,0.338,8,12,4.89,5.52
"gibauia01","Ian Gibaut","Ian","Gibaut","R","R",1,0,0,0,1,NA,1,0,0,0,0
"gibboja01","Jay Gibbons","Jay","Gibbons","L","L",3246,2955,778,105,256,0.263,0.323,16,19,10.06,8.98
"gibbojo01","Joe Gibbon","Joe","Gibbon","R","L",313,292,65,0,20,0.223,0.272,0,1,-0.32,-0.48
"gibbsja01","Jake Gibbs","Jake","Gibbs","L","R",2022,1890,431,20,108,0.228,0.273,14,10,3.43,3.62
"gibsobo01","Bob Gibson","Bob","Gibson","R","R",1843,1720,396,32,100,0.23,0.273,7,16,8.05,7.98
"gibsoki01","Kirk Gibson","Kirk","Gibson","L","L",6863,5981,1643,248,765,0.275,0.36,61,56,40.8,37.53
"gibsoky01","Kyle Gibson","Kyle","Gibson","R","R",302,271,71,7,31,0.262,0.338,0,0,0.94,0.88
"gideobr01","Brett Gideon","Brett","Gideon","R","R",2,0,0,0,1,NA,1,1,0,0.02,0.02
"gieseda01","Dan Giese","Dan","Giese","R","R",6,5,1,0,1,0.2,0.333,0,0,0.03,0.02
"gilbe01","Benji Gil","Benji","Gil","R","R",1339,1252,292,14,69,0.233,0.274,6,12,2.87,1.53
"gilbebu01","Buddy Gilbert","Buddy","Gilbert","L","R",28,24,5,1,4,0.208,0.321,0,0,0.23,0.17
"gilbejo02","Joe Gilbert","Joe","Gilbert","R","L",4,3,1,0,1,0.333,0.5,0,0,0,0.01
"gilbety01","Tyler Gilbert","Tyler","Gilbert","L","L",73,67,17,1,6,0.254,0.315,0,0,0.18,0.15
"gilbrlu01","Lucas Gilbreath","Lucas","Gilbreath","L","L",15,12,4,0,3,0.333,0.467,0,0,0.07,0.07
"gilbrro01","Rod Gilbreath","Rod","Gilbreath","R","R",1255,1108,279,15,130,0.252,0.333,9,8,1.71,0.97
"gilesbr01","Brian Giles","Brian","Giles","R","R",783,700,174,11,76,0.249,0.322,2,5,2.2,2.21
"gilesbr02","Brian Giles","Brian","Giles","L","L",7711,6432,1881,235,1158,0.292,0.401,51,70,51.75,54.53
"gileske01","Ken Giles","Ken","Giles","R","R",37,31,10,0,6,0.323,0.432,0,0,0.23,0.21
"gilesma01","Marcus Giles","Marcus","Giles","R","R",3282,2878,801,63,346,0.278,0.36,36,22,19.1,19.44
"gilfija01","Jason Gilfillan","Jason","Gilfillan","R","R",3,2,1,0,1,0.5,0.667,0,0,0.01,0.01
"gilge01","Geronimo Gil","Geronimo","Gil","R","R",1090,1010,239,18,71,0.237,0.29,6,3,2.15,1.31
"gilkebe01","Bernard Gilkey","Bernard","Gilkey","R","R",4739,4206,1105,93,447,0.263,0.336,41,45,18.03,19.61
"gillaco01","Conor Gillaspie","Conor","Gillaspie","L","R",1863,1672,461,42,171,0.276,0.343,7,13,8.03,7.76
"gillalo01","Logan Gillaspie","Logan","Gillaspie","R","R",7,6,2,0,1,0.333,0.429,0,0,0.01,0.01
"gilleca01","Carden Gillenwater","Carden","Gillenwater","R","R",930,824,202,6,103,0.245,0.331,3,0,0.71,1.4
"gilleco01","Cole Gillespie","Cole","Gillespie","R","R",844,758,209,16,80,0.276,0.345,2,4,3.62,3.22
"gillepa01","Paul Gillespie","Paul","Gillespie","L","R",14,13,4,1,1,0.308,0.357,0,0,0.02,0.02
"gilliji01","Jim Gilliam","Jim","Gilliam","B","R",8392,7293,1926,44,1031,0.264,0.356,33,35,41.24,31.47
"gilmase01","Sean Gilmartin","Sean","Gilmartin","L","L",79,71,23,1,8,0.324,0.392,0,0,0.81,0.86
"gimenan01","Andrés Giménez","Andres","Gimenez","L","R",2339,2045,584,43,154,0.286,0.366,118,22,22.64,17.44
"gimench01","Chris Gimenez","Chris","Gimenez","R","R",1631,1423,363,35,196,0.255,0.347,7,5,7.14,8.45
"gimenhe01","Hector Gimenez","Hector","Gimenez","B","R",253,223,62,6,25,0.278,0.352,2,3,1.17,1.13
"gindlca01","Caleb Gindl","Caleb","Gindl","L","L",282,240,65,7,41,0.271,0.376,0,1,1.19,1.43
"ginkeke01","Kevin Ginkel","Kevin","Ginkel","L","R",28,23,6,0,5,0.261,0.393,0,0,0.11,0.1
"ginteke01","Keith Ginter","Keith","Ginter","R","R",1200,1043,259,29,122,0.248,0.338,25,10,1.49,3.88
"gintema01","Matt Ginter","Matt","Ginter","R","R",59,52,13,1,7,0.25,0.339,0,0,0.38,0.43
"giolilu01","Lucas Giolito","Lucas","Giolito","R","R",106,96,26,2,10,0.271,0.34,0,0,0.44,0.35
"gipsoch01","Charles Gipson","Charles","Gipson","R","R",552,499,124,3,48,0.248,0.319,4,1,0.8,1.22
"girarjo01","Joe Girardi","Joe","Girardi","R","R",4622,4333,1078,15,241,0.249,0.291,25,23,1.3,2.72
"girodch01","Chad Girodo","Chad","Girodo","L","L",1,0,0,0,1,NA,1,0,0,0.01,0.01
"gissech01","Chris Gissell","Chris","Gissell","R","R",10,9,2,0,1,0.222,0.3,0,0,0.01,0.01
"gittech01","Chris Gittens","Chris","Gittens","R","R",119,100,19,2,18,0.19,0.311,0,1,0.18,0.11
"giustda01","Dave Giusti","Dave","Giusti","R","R",589,541,122,7,45,0.226,0.289,3,0,2.16,1.88
"givenmy01","Mychal Givens","Mychal","Givens","R","R",54,46,13,1,8,0.283,0.389,0,0,0.34,0.34
"gladdda01","Dan Gladden","Dan","Gladden","R","R",5026,4609,1252,73,342,0.272,0.326,42,33,15.92,12.03
"glanvdo01","Doug Glanville","Doug","Glanville","R","R",4032,3818,1041,23,163,0.273,0.304,21,30,10.39,8.31
"glasnty01","Tyler Glasnow","Tyler","Glasnow","L","R",207,182,50,4,24,0.275,0.362,1,0,1.58,1.71
"glassja01","Jack Glasscock","Jack","Glasscock","R","R",6877,6557,1534,21,264,0.234,0.27,56,0,27.63,22.26
"glaustr01","Troy Glaus","Troy","Glaus","R","R",6154,5238,1312,252,827,0.25,0.355,46,43,40.02,37.43
"glavito01","Tommy Glaviano","Tommy","Glaviano","R","R",1468,1241,293,30,206,0.236,0.354,21,0,6.46,6.35
"glavito02","Tom Glavine","Tom","Glavine","L","L",2010,1857,409,6,148,0.22,0.278,2,3,8,7.86
"gleesji01","Jim Gleeson","Jim","Gleeson","B","R",1263,1123,267,16,128,0.238,0.322,12,0,1.28,0.95
"gloadro01","Ross Gload","Ross","Gload","L","L",1996,1816,515,37,151,0.284,0.339,11,18,7.01,6.1
"glovega01","Gary Glover","Gary","Glover","R","R",8,7,3,0,1,0.429,0.5,0,0,0.01,0.01
"gloveko01","Koda Glover","Koda","Glover","R","R",27,24,6,0,3,0.25,0.333,0,0,0.13,0.14
"glynned01","Ed Glynn","Ed","Glynn","R","L",5,4,1,0,1,0.25,0.4,0,0,0.02,0.02
"glynnry01","Ryan Glynn","Ryan","Glynn","R","R",1,0,0,0,1,NA,1,0,0,0,0
"gobblji01","Jimmy Gobble","Jimmy","Gobble","L","L",15,13,4,0,2,0.308,0.4,0,0,0,0
"godfrgr01","Graham Godfrey","Graham","Godfrey","R","R",20,18,6,0,2,0.333,0.4,0,0,0,0
"godleza01","Zack Godley","Zack","Godley","R","R",461,417,93,5,44,0.223,0.297,0,0,1.79,1.74
"goebbja01","Jake Goebbert","Jake","Goebbert","L","L",181,157,41,3,22,0.261,0.359,2,0,0.7,0.66
"goedder01","Erik Goeddel","Erik","Goeddel","R","R",58,50,12,1,8,0.24,0.345,0,0,0.8,0.77
"goeddty01","Tyler Goeddel","Tyler","Goeddel","R","R",269,241,61,4,25,0.253,0.327,2,1,0.82,0.71
"goetzjo01","John Goetz","John","Goetz","R","R",1,0,0,0,1,NA,1,0,0,0,0
"goffje01","Jerry Goff","Jerry","Goff","L","R",77,68,17,2,9,0.25,0.338,0,0,0.09,0.23
"goforda01","David Goforth","David","Goforth","R","R",54,47,13,1,7,0.277,0.37,0,0,0.43,0.4
"goggich01","Chuck Goggin","Chuck","Goggin","B","R",9,8,2,0,1,0.25,0.333,0,0,0.01,0.01
"goharlu01","Luiz Gohara","Luiz","Gohara","L","L",91,83,23,2,8,0.277,0.341,0,0,0.38,0.44
"goinsry01","Ryan Goins","Ryan","Goins","L","R",1940,1751,461,28,175,0.263,0.329,3,11,10.01,6.9
"goldeji01","Jim Golden","Jim","Golden","L","R",78,73,15,0,4,0.205,0.256,1,0,0.38,0.43
"goldsgo01","Gordon Goldsberry","Gordon","Goldsberry","L","L",226,196,49,2,30,0.25,0.35,0,0,0.24,0.29
"goldspa01","Paul Goldschmidt","Paul","Goldschmidt","R","R",8825,7474,2245,325,1232,0.3,0.4,57,62,71.83,67.09
"goliami01","Mike Goliat","Mike","Goliat","R","R",744,691,150,19,49,0.217,0.273,4,0,0.19,0.17
"golsogr01","Greg Golson","Greg","Golson","R","R",180,163,44,3,17,0.27,0.339,0,0,0.62,0.74
"goltzda01","Dave Goltz","Dave","Goltz","R","R",71,59,12,0,11,0.203,0.338,1,0,0.47,0.57
"gombeau01","Austin Gomber","Austin","Gomber","L","L",185,171,38,2,14,0.222,0.281,0,0,0.86,0.71
"gomesbr01","Brandon Gomes","Brandon","Gomes","R","R",34,27,7,1,7,0.259,0.412,0,0,0.17,0.14
"gomesjo01","Jonny Gomes","Jonny","Gomes","R","R",4042,3423,898,148,486,0.262,0.363,82,51,15.82,17.9
"gomesya01","Yan Gomes","Yan","Gomes","R","R",4327,3881,1048,114,317,0.27,0.333,75,54,25.88,24.05
"gomezal01","Alexis Gomez","Alexis","Gomez","L","L",175,161,43,2,13,0.267,0.326,1,0,0.84,0.8
"gomezca01","Carlos Gómez","Carlos","Gomez","R","R",5384,4801,1299,130,444,0.271,0.345,112,27,33.89,33.33
"gomezch02","Chris Gomez","Chris","Gomez","R","R",3240,2955,794,29,241,0.269,0.326,22,22,5.07,4.44
"gomezhe01","Héctor Gómez","Hector","Gomez","R","R",323,294,76,5,27,0.259,0.325,2,0,1.27,1.01
"gomezje01","Jeanmar Gómez","Jeanmar","Gomez","R","R",173,155,42,4,18,0.271,0.347,0,0,2.32,2.26
"gomezle02","Leo Gomez","Leo","Gomez","R","R",2292,1990,468,66,252,0.235,0.325,25,25,10.22,10.24
"gomezma01","Mauro Gomez","Mauro","Gomez","R","R",174,157,44,3,16,0.28,0.345,0,1,0.49,0.46
"gomezmi01","Miguel Gómez","Miguel","Gomez","B","R",163,150,41,2,12,0.273,0.325,0,1,0.66,0.69
"gomezro01","Roberto Gómez","Roberto","Gomez","R","R",35,31,10,1,4,0.323,0.4,0,0,0.23,0.26
"gomezru01","Ruben Gomez","Ruben","Gomez","R","R",174,167,41,0,7,0.246,0.276,0,0,0.61,0.07
"gondeje01","Jesse Gonder","Jesse","Gonder","L","R",1139,1040,268,26,87,0.258,0.317,6,6,1.95,2.78
"gonsoto01","Tony Gonsolin","Tony","Gonsolin","R","R",155,141,39,2,14,0.277,0.342,0,0,0.86,0.83
"gonzaad01","Adrián González","Adrian","Gonzalez","L","L",8142,7086,2129,317,938,0.3,0.382,45,73,51.02,44.95
"gonzaal01","Alex Gonzalez","Alex","Gonzalez","R","R",5463,5010,1149,92,376,0.229,0.287,45,32,8.93,9.29
"gonzaal02","Alex Gonzalez","Alex","Gonzalez","R","R",4607,4204,1096,112,314,0.261,0.318,54,35,17.25,16.55
"gonzaal03","Alberto Gonzalez","Alberto","Gonzalez","R","R",1289,1175,304,17,95,0.259,0.315,7,12,4.03,4.34
"gonzaal04","Alfredo González","Alfredo","Gonzalez","R","R",65,59,15,1,6,0.254,0.323,0,0,0.11,0.1
"gonzaan01","Andy Gonzalez","Andy","Gonzalez","R","R",139,121,28,3,18,0.231,0.331,0,0,0.38,0.36
"gonzaca01","Carlos González","Carlos","Gonzalez","L","L",5658,5040,1404,192,555,0.279,0.35,22,41,33.39,33.42
"gonzach01","Chi Chi González","Chi Chi","Gonzalez","R","R",178,165,37,2,13,0.224,0.281,0,0,0.61,0.44
"gonzaed01","Edgar Gonzalez","Edgar","Gonzalez","R","R",369,333,84,7,35,0.252,0.325,1,0,1.42,1.48
"gonzaed02","Edgar Gonzalez","Edgar","Gonzalez","R","R",569,513,144,14,48,0.281,0.346,5,3,2.19,2.14
"gonzaen01","Enrique Gonzalez","Enrique","Gonzalez","R","R",84,77,21,1,7,0.273,0.333,0,0,0.64,0.59
"gonzaer01","Erik González","Erik","Gonzalez","R","R",1443,1324,362,22,110,0.273,0.329,3,6,6.86,5.28
"gonzaeu01","Eusebio González","Eusebio","Gonzalez","R","R",8,6,2,0,1,0.333,0.5,1,0,0.01,0.01
"gonzafe01","Fernando Gonzalez","Fernando","Gonzalez","R","R",1068,988,247,21,72,0.25,0.299,0,8,-0.28,0.29
"gonzagi01","Gio Gonzalez","Gio","Gonzalez","R","L",992,910,179,17,76,0.197,0.261,4,2,3.34,3.21
"gonzaje01","Geremi Gonzalez","Geremi","Gonzalez","R","R",55,49,13,1,6,0.265,0.345,0,0,0.29,0.25
"gonzajo02","Jose Gonzalez","Jose","Gonzalez","R","R",553,503,131,8,46,0.26,0.322,1,3,0.67,0.19
"gonzaju02","Julio Gonzalez","Julio","Gonzalez","R","R",997,930,238,10,56,0.256,0.304,9,2,0.91,0.54
"gonzaju03","Juan Gonzalez","Juan","Gonzalez","R","R",7258,6721,1906,356,397,0.284,0.326,62,78,37.95,34.72
"gonzala01","Larry Gonzales","Larry","Gonzales","R","R",4,3,1,0,1,0.333,0.5,0,0,0,0
"gonzalu01","Luis Gonzalez","Luis","Gonzalez","L","R",10617,9282,2550,275,1126,0.275,0.357,111,98,53.67,56.34
"gonzalu02","Luis Gonzalez","Luis","Gonzalez","R","R",974,898,237,18,59,0.264,0.316,12,5,2.23,-1.24
"gonzalu03","Luis González","Luis","Gonzalez","L","L",485,415,115,4,51,0.277,0.361,9,10,1.18,1.59
"gonzama01","Marwin Gonzalez","Marwin","Gonzalez","B","R",4311,3869,1074,100,379,0.278,0.348,47,16,24.3,19.09
"gonzama02","Marco Gonzales","Marco","Gonzales","L","L",238,214,59,5,24,0.276,0.349,0,0,1.25,1.25
"gonzame01","Merandy Gonzalez","Merandy","Gonzalez","R","R",50,45,13,1,5,0.289,0.36,0,0,0.37,0.3
"gonzami02","Mike Gonzalez","Mike","Gonzalez","R","L",98,84,22,0,14,0.262,0.367,0,0,0.52,0.51
"gonzami03","Miguel González","Miguel","Gonzalez","R","R",35,31,8,1,4,0.258,0.343,0,0,0.14,0.07
"gonzami04","Miguel Gonzalez","Miguel","Gonzalez","R","R",56,51,15,1,5,0.294,0.357,0,0,0.28,0.16
"gonzami05","Miguel González","Miguel","Gonzalez","R","R",5,4,1,0,1,0.25,0.4,0,0,0.03,0.02
"gonzaor01","Orlando Gonzalez","Orlando","Gonzalez","L","L",73,66,18,1,7,0.273,0.342,0,0,0.05,-0.03
"gonzare01","Rene Gonzales","Rene","Gonzales","R","R",1633,1456,356,16,156,0.245,0.321,13,8,2.2,2.4
"gonzaro01","Romy Gonzalez","Romy","Gonzalez","R","R",396,361,95,7,24,0.263,0.308,3,8,0.95,1.24
"gonzase01","Severino González","Severino","Gonzalez","R","R",87,78,21,2,9,0.269,0.345,0,0,0.33,0.36
"gonzato01","Tony Gonzalez","Tony","Gonzalez","L","R",5664,5100,1492,91,459,0.293,0.356,68,37,26.59,22.86
"gonzavi02","Victor González","Victor","Gonzalez","L","L",21,18,5,0,3,0.278,0.381,0,0,0.08,0.08
"gonzawi01","Wiki Gonzalez","Wiki","Gonzalez","R","R",1178,1068,261,14,94,0.244,0.31,10,6,1.47,2.7
"goodedw01","Dwight Gooden","Dwight","Gooden","R","R",777,733,167,8,35,0.228,0.264,3,6,5.07,4.35
"goodmbi01","Billy Goodman","Billy","Goodman","L","R",6461,5840,1638,13,577,0.28,0.347,29,15,24.66,22.25
"goodmiv01","Ival Goodman","Ival","Goodman","L","R",4484,4086,1068,134,349,0.261,0.327,49,0,19.92,18.84
"goodrni01","Niko Goodrum","Niko","Goodrum","B","R",1873,1662,431,40,193,0.259,0.338,9,9,6.81,6.68
"goodsed01","Ed Goodson","Ed","Goodson","L","R",1464,1366,377,36,86,0.276,0.32,6,6,3.15,3.66
"goodwbr01","Brian Goodwin","Brian","Goodwin","L","R",1755,1551,418,42,185,0.27,0.349,9,10,7.46,8.15
"goodwda01","Danny Goodwin","Danny","Goodwin","L","R",635,565,146,16,66,0.258,0.334,0,4,1.3,1.4
"goodwji01","Jim Goodwin","Jim","Goodwin","L","L",2,1,0,0,1,0,0.5,0,0,0,0
"goodwto01","Tom Goodwin","Tom","Goodwin","L","R",4260,3895,958,11,334,0.246,0.306,13,18,4.19,0.32
"goodyni01","Nick Goody","Nick","Goody","R","R",1,0,0,0,1,NA,1,0,0,0.01,0
"goossgr01","Greg Goossen","Greg","Goossen","R","R",723,653,169,13,60,0.259,0.329,9,1,0.61,0.99
"gordoal01","Alex Gordon","Alex","Gordon","L","R",7547,6554,1795,191,829,0.274,0.364,121,43,44.78,42.96
"gordobr01","Brian Gordon","Brian","Gordon","L","R",21,18,6,1,3,0.333,0.429,0,0,0.07,0.06
"gordode01","Dee Strange Gordon","Dee","Strange-Gordon","L","R",4306,3933,1227,52,315,0.312,0.366,32,26,21.39,20.84
"gordojo01","Joe Gordon","Joe","Gordon","R","R",6615,5900,1555,268,686,0.264,0.343,29,0,51.5,54.71
"gordoni01","Nick Gordon","Nick","Gordon","L","R",850,765,212,13,49,0.277,0.334,23,13,3.07,2.52
"gordosi01","Sid Gordon","Sid","Gordon","R","R",5909,5223,1452,209,652,0.278,0.36,22,12,33.65,31.08
"gordoto01","Tom Gordon","Tom","Gordon","R","R",54,46,13,0,8,0.283,0.389,0,0,0.2,0.21
"gorecre01","Reid Gorecki","Reid","Gorecki","R","R",82,74,20,1,7,0.27,0.329,0,1,0.38,0.31
"gorecri01","Rick Gorecki","Rick","Gorecki","R","R",1,0,0,0,1,NA,1,0,0,0,0
"gorege01","George Gore","George","Gore","L","R",6427,5636,1472,42,767,0.261,0.352,24,0,11.38,13.46
"gorete01","Terrance Gore","Terrance","Gore","R","R",337,296,81,6,38,0.274,0.362,3,0,2.72,3.33
"gorinch01","Charlie Gorin","Charlie","Gorin","L","L",2,1,0,0,1,0,0.5,0,0,0,0
"gormano01","Nolan Gorman","Nolan","Gorman","L","R",1293,1136,290,60,140,0.255,0.341,11,6,5.39,5.31
"gormato03","Tom Gorman","Tom","Gorman","L","L",1,0,0,0,1,NA,1,0,0,0.01,0.01
"gorneni01","Nick Gorneault","Nick","Gorneault","R","R",42,37,9,1,5,0.243,0.333,0,0,0.11,0.09
"gorsijo01","Johnny Gorsica","Johnny","Gorsica","R","R",175,162,39,1,13,0.241,0.297,0,0,0.45,0.66
"goryljo01","Johnny Goryl","Johnny","Goryl","R","R",875,787,188,15,82,0.239,0.314,5,1,0.37,1.42
"gorzeto01","Tom Gorzelanny","Tom","Gorzelanny","R","L",672,610,135,8,61,0.221,0.293,1,0,3.05,2.89
"gosean01","Anthony Gose","Anthony","Gose","L","L",1466,1301,349,22,153,0.268,0.35,11,1,6.15,5.81
"gosewtu01","Tuffy Gosewisch","Tuffy","Gosewisch","R","R",759,694,163,12,61,0.235,0.298,2,2,1.8,1.3
"gosgeji01","Jim Gosger","Jim","Gosger","L","L",2128,1888,411,26,224,0.218,0.301,6,10,-0.77,-0.42
"gosligo01","Goose Goslin","Goose","Goslin","L","R",8491,7678,2111,337,765,0.275,0.344,48,0,50.51,48.44
"goslimi01","Mike Gosling","Mike","Gosling","L","L",140,126,31,3,14,0.246,0.321,0,0,0.46,0.48
"gossari01","Rich Gossage","Rich","Gossage","R","R",61,55,15,0,6,0.273,0.344,0,0,0.61,0.75
"gosseda01","Daniel Gossett","Daniel","Gossett","R","R",49,44,13,1,5,0.295,0.367,0,0,0.16,0.13
"gosseph01","Phil Gosselin","Philip","Gosselin","R","R",1667,1509,419,26,144,0.278,0.344,10,4,6.56,6.59
"gotayru01","Ruben Gotay","Ruben","Gotay","B","R",952,853,228,15,84,0.267,0.335,7,8,2.45,2.61
"gottji01","Jim Gott","Jim","Gott","R","R",66,59,13,2,6,0.22,0.303,1,0,0.54,0.52
"gotttr01","Trevor Gott","Trevor","Gott","R","R",52,45,13,1,7,0.289,0.385,0,0,0.83,0.74
"goudeas01","Ashton Goudeau","Ashton","Goudeau","R","R",64,59,15,1,5,0.254,0.312,0,0,0.33,0.3
"gourryu01","Yuli Gurriel","Yuli","Gurriel","R","R",4263,3834,1155,84,337,0.301,0.359,39,53,19.48,14.19
"gowella01","Larry Gowell","Larry","Gowell","R","R",0,0,0,0,0,NA,NA,0,0,0,0
"gozzoma01","Mauro Gozzo","Mauro","Gozzo","R","R",18,16,4,0,2,0.25,0.333,0,0,0.02,0.03
"grababi01","Billy Grabarkewitz","Billy","Grabarkewitz","R","R",1442,1225,308,30,197,0.251,0.357,10,10,7.65,7.11
"graboja01","Jason Grabowski","Jason","Grabowski","L","R",100,88,21,2,12,0.239,0.33,0,0,0.1,0.17
"grabojo02","John Grabow","John","Grabow","L","L",115,100,32,1,15,0.32,0.409,0,0,1.29,1.28
"graceea01","Earl Grace","Earl","Grace","L","R",1212,1100,240,23,110,0.218,0.29,2,0,-0.92,1.43
"gracefr01","Frank Gracesqui","Frank","Gracesqui","B","L",5,4,1,0,1,0.25,0.4,0,0,0.02,0.01
"gracejo01","Joe Grace","Joe","Grace","L","R",988,906,253,8,71,0.279,0.339,11,0,-0.63,0.4
"gracema01","Mark Grace","Mark","Grace","L","L",9219,8071,2370,115,1018,0.294,0.371,34,96,47.64,45.86
"gracema02","Matt Grace","Matt","Grace","L","L",152,137,37,3,15,0.27,0.342,0,0,2.06,2.02
"gracemi01","Mike Grace","Mike","Grace","R","R",4,3,1,0,1,0.333,0.5,0,0,0.01,0.01
"grafffr01","Fred Graf","Fred","Graf","R","R",12,10,2,0,2,0.2,0.333,0,0,0.01,0.01
"graffto01","Tony Graffanino","Tony","Graffanino","R","R",3273,2927,766,45,300,0.262,0.334,27,19,16.7,14.16
"grahabi02","Bill Graham","Bill","Graham","R","R",9,8,2,0,1,0.25,0.333,0,0,0,0
"grahada01","Dan Graham","Dan","Graham","L","R",478,435,116,20,38,0.267,0.322,0,5,2.41,2.18
"grahajr01","J R  Graham","J. R.","Graham","R","R",4,3,1,0,1,0.333,0.5,0,0,0.02,0.02
"grahaty01","Tyler Graham","Tyler","Graham","R","R",27,24,6,1,3,0.25,0.333,0,0,0.23,0.22
"grammal01","Alex Grammas","Alex","Grammas","R","R",2640,2383,573,9,230,0.24,0.309,14,13,9.15,5.98
"grandcu01","Curtis Granderson","Curtis","Granderson","L","R",8345,7182,1931,296,1047,0.269,0.365,67,49,56.5,55.9
"grandya01","Yasmani Grandal","Yasmani","Grandal","B","R",5365,4478,1194,168,815,0.267,0.38,32,40,29.18,44.89
"grangwa01","Wayne Granger","Wayne","Granger","R","R",88,77,21,0,11,0.273,0.364,0,0,-0.57,-0.7
"graniza01","Zack Granite","Zach","Granite","L","L",177,155,40,2,21,0.258,0.345,0,1,0.91,0.59
"grantge01","George Grantham","George","Grantham","L","R",5767,5061,1250,156,683,0.247,0.339,23,0,19.39,23.39
"grantmu01","Mudcat Grant","Mudcat","Grant","R","R",414,400,78,2,10,0.195,0.215,1,3,-1.64,-1.09
"graperi01","Rick Grapenthin","Rick","Grapenthin","R","R",1,0,0,0,1,NA,1,0,0,0,0
"grasmlo01","Lou Grasmick","Lou","Grasmick","R","R",0,0,0,0,0,NA,NA,0,0,0,0
"gratebr01","Brusdar Graterol","Brusdar","Graterol","R","R",42,37,9,1,5,0.243,0.333,0,0,0.51,0.44
"grateju01","Juan Graterol","Juan","Graterol","R","R",370,338,92,5,30,0.272,0.33,0,2,1.68,1.48
"gravebr01","Brett Graves","Brett","Graves","R","R",34,30,9,1,4,0.3,0.382,0,0,0.33,0.38
"graveda01","Danny Graves","Danny","Graves","R","R",111,105,24,0,6,0.229,0.27,0,0,-0.19,-0.11
"graveke01","Kendall Graveman","Kendall","Graveman","R","R",73,64,20,1,9,0.312,0.397,0,0,0.16,0.15
"graydi01","Dick Gray","Dick","Gray","R","R",457,410,98,13,43,0.239,0.317,4,0,1.3,0.8
"grayga01","Gary Gray","Gary","Gray","R","R",703,643,165,23,56,0.257,0.317,2,2,1.51,1.39
"grayje01","Jeff Gray","Jeff","Gray","R","R",1,0,0,0,1,NA,1,0,0,0,0
"grayje02","Jeff Gray","Jeff","Gray","R","R",8,6,2,0,2,0.333,0.5,0,0,0.05,0.04
"grayjo02","Jon Gray","Jon","Gray","R","R",516,470,93,7,46,0.198,0.269,0,0,1.62,1.47
"grayjo03","Josiah Gray","Josiah","Gray","R","R",88,81,15,1,7,0.185,0.25,0,0,0.23,0.19
"grayso01","Sonny Gray","Sonny","Gray","R","R",376,343,91,6,33,0.265,0.33,0,0,1.28,1.42
"graytr01","Tristan Gray","Tristan","Gray","L","R",35,31,9,1,4,0.29,0.371,0,0,0.25,0.17
"grbael01","Eli Grba","Eli","Grba","R","R",181,170,33,2,9,0.194,0.238,1,1,0.41,0.09
"greasbi01","Bill Greason","Bill","Greason","R","R",1,0,0,0,1,NA,1,0,0,0,0
"grebecr01","Craig Grebeck","Craig","Grebeck","R","R",2379,2122,546,12,224,0.257,0.332,19,14,8.2,7.17
"greenal01","Al Greene","Al","Greene","L","R",65,55,11,2,9,0.2,0.308,0,1,0.07,0.03
"greenan01","Andy Green","Andy","Green","R","R",291,250,62,4,40,0.248,0.351,0,1,1.15,0.99
"greench03","Chad Green","Chad","Green","L","R",69,58,16,1,11,0.276,0.391,0,0,0.13,0.11
"greenco01","Conner Greene","Conner","Greene","R","R",5,4,1,0,1,0.25,0.4,0,0,0.02,0.02
"greenda01","Danny Green","Danny","Green","L","R",1666,1517,335,31,128,0.221,0.291,21,0,-0.05,-0.78
"greenda02","Dallas Green","Dallas","Green","L","R",102,92,20,0,9,0.217,0.294,1,0,0.09,0.13
"greenda03","David Green","David","Green","R","R",1503,1387,383,36,98,0.276,0.323,4,14,5.31,5.58
"greendi01","Dick Green","Dick","Green","R","R",4652,4265,1010,73,333,0.237,0.296,32,22,10.59,11.43
"greenfr01","Fred Green","Fred","Green","R","L",14,11,3,1,3,0.273,0.429,0,0,0.06,0.06
"greenga01","Gary Green","Gary","Green","R","R",172,159,40,0,12,0.252,0.302,0,1,-0.06,0
"greenge01","Gene Green","Gene","Green","R","R",1297,1205,326,42,77,0.271,0.312,2,13,1.28,3.14
"greengr01","Grant Green","Grant","Green","R","R",627,570,159,12,51,0.279,0.337,1,5,0.54,1.77
"greenha01","Hank Greenberg","Hank","Greenberg","R","R",6185,5368,1536,322,801,0.286,0.38,16,0,51.33,53.85
"greenji02","Jim Greengrass","Jim","Greengrass","R","R",2085,1914,493,64,158,0.258,0.314,4,9,5.1,3.94
"greenkh01","Khalil Greene","Khalil","Greene","R","R",2870,2569,677,87,229,0.264,0.328,35,37,12.54,12.2
"greenle01","Lenny Green","Lenny","Green","L","L",3067,2687,688,14,334,0.256,0.342,28,18,-0.170000000000001,2.24
"greenmi01","Mike Greenwell","Mike","Greenwell","L","R",5382,4835,1383,120,467,0.286,0.351,39,41,25.49,25.54
"greenni01","Nick Green","Nick","Green","R","R",1435,1276,325,21,120,0.255,0.33,29,10,3.7,4.1
"greenni02","Nick Greenwood","Nick","Greenwood","R","L",48,43,12,1,5,0.279,0.354,0,0,0.39,0.35
"greenri03","Riley Greene",NA,NA,NA,NA,1555,1364,395,34,166,0.29,0.369,13,12,10.05,8.79
"greense01","Sean Green","Sean","Green","R","R",48,40,12,0,8,0.3,0.417,0,0,0.22,0.2
"greensh01","Shawn Green","Shawn","Green","L","L",6922,6138,1741,230,667,0.284,0.358,69,48,36.31,31.9
"greensh02","Shane Greene","Shane","Greene","R","R",107,93,25,2,14,0.269,0.364,0,0,0.33,0.34
"greenta01","Taylor Green","Taylor","Green","L","R",263,234,52,5,25,0.222,0.3,2,2,0.97,1.01
"greento01","Tommy Greene","Tommy","Greene","R","R",209,194,47,4,14,0.242,0.292,0,1,1.58,1.54
"greenty01","Tyler Green","Tyler","Green","R","R",181,172,38,1,7,0.221,0.249,0,2,0.19,0.28
"greenty02","Tyler Greene","Tyler","Greene","R","R",1007,897,231,23,94,0.258,0.335,12,4,3.86,3.75
"greenwi01","Willie Greene","Willie","Greene","L","R",1763,1547,350,54,202,0.226,0.315,4,10,0.4,1.89
"greenza01","Zach Green","Zach","Green","R","R",72,64,16,1,8,0.25,0.333,0,0,0.2,0.17
"greerru01","Rusty Greer","Rusty","Greer","L","L",4231,3695,1053,77,471,0.285,0.365,22,43,21.77,17.3
"gregelu01","Luke Gregerson","Luke","Gregerson","L","R",106,89,26,1,17,0.292,0.406,0,0,1.4,1.35
"greggha01","Hal Gregg","Hal","Gregg","R","R",58,57,12,0,1,0.211,0.224,0,0,-0.92,-0.78
"greggke01","Kevin Gregg","Kevin","Gregg","R","R",114,96,31,2,18,0.323,0.43,0,0,1.11,1.05
"greggto01","Tommy Gregg","Tommy","Gregg","L","L",616,567,138,13,45,0.243,0.299,1,3,-0.43,-1
"gregodi01","Didi Gregorius","Didi","Gregorius","L","R",4829,4332,1212,120,397,0.28,0.345,55,45,26.85,26.68
"greifbi01","Bill Greif","Bill","Greif","R","R",196,173,34,1,22,0.197,0.291,1,0,-0.16,-0.27
"greingr01","Grayson Greiner","Grayson","Greiner","R","R",680,601,152,10,73,0.253,0.334,2,4,1.86,-0.0100000000000001
"greinza01","Zack Greinke","Zack","Greinke","R","R",1318,1197,325,28,115,0.272,0.335,2,4,9.94,10.59
"greisse01","Seth Greisinger","Seth","Greisinger","R","R",10,9,2,0,1,0.222,0.3,0,0,0,0
"grichbo01","Bobby Grich","Bobby","Grich","R","R",8448,7184,1978,253,1128,0.275,0.378,86,50,72.55,70.3
"grichra01","Randal Grichuk","Randal","Grichuk","R","R",5058,4607,1246,171,374,0.27,0.331,52,25,23.99,21.46
"grievbe01","Ben Grieve","Ben","Grieve","L","R",3793,3284,866,83,448,0.264,0.358,45,16,7.95,5.72
"grievto01","Tom Grieve","Tom","Grieve","R","R",1682,1539,412,68,121,0.268,0.323,10,12,5.55,5.35
"griffaj01","A J  Griffin","A. J.","Griffin","R","R",39,34,10,1,5,0.294,0.385,0,0,0.09,0.09
"griffal01","Alfredo Griffin","Alfredo","Griffin","B","R",6752,6290,1636,49,394,0.26,0.304,24,44,12.21,7.83
"griffcl01","Clark Griffith","Clark","Griffith","R","R",543,499,99,5,41,0.198,0.263,3,0,-6.16,-4.97
"griffde01","Derrell Griffith","Derrell","Griffith","L","R",1,0,0,0,1,NA,1,0,0,0,0
"griffdo01","Doug Griffin","Doug","Griffin","R","R",1803,1644,419,9,137,0.255,0.314,10,12,1.95,0.51
"griffjo01","John Ford Griffin","John-Ford","Griffin","L","L",122,108,32,4,13,0.296,0.369,0,1,0.72,0.65
"griffke01","Ken Griffey","Ken","Griffey","L","L",8268,7409,2238,173,790,0.302,0.368,14,55,38.46,37.31
"griffke02","Ken Griffey Jr","Ken","Griffey","L","L",11499,10017,2835,526,1299,0.283,0.367,81,102,86.76,77.72
"griffmi01","Mike Griffin","Mike","Griffin","L","R",4555,4140,807,13,360,0.195,0.268,55,0,8.24,7.66
"griffmi02","Mike Griffin","Mike","Griffin","R","R",14,12,3,0,2,0.25,0.357,0,0,0.02,0.02
"griffto02","Tom Griffin","Tom","Griffin","R","R",482,441,106,12,35,0.24,0.297,2,4,2.48,2.71
"grillja01","Jason Grilli","Jason","Grilli","R","R",159,137,36,3,22,0.263,0.365,0,0,1.63,1.61
"grimebu01","Burleigh Grimes","Burleigh","Grimes","R","R",1646,1629,343,0,13,0.211,0.219,4,0,-3.92,-3.51
"grimeos01","Oscar Grimes","Oscar","Grimes","R","R",2375,2073,473,15,291,0.228,0.326,11,0,0.54,1.54
"grimera01","Ray Grimes","Ray","Grimes","R","R",1414,1242,351,18,158,0.283,0.37,14,0,5.36,6.27
"grimmch01","Charlie Grimm","Charlie","Grimm","L","L",6085,5767,1386,64,299,0.24,0.28,19,0,-10.54,-6.26
"grimmju01","Justin Grimm","Justin","Grimm","R","R",125,110,29,3,15,0.264,0.352,0,0,2.59,2.53
"grimsja01","Jason Grimsley","Jason","Grimsley","R","R",88,76,20,1,12,0.263,0.364,0,0,0.3,0.3
"grishtr01","Trent Grisham","Trent","Grisham","L","L",2728,2327,592,66,344,0.254,0.358,41,16,16.84,15.48
"grissma02","Marquis Grissom","Marquis","Grissom","R","R",9072,8463,2235,171,516,0.264,0.307,31,62,26.79,25.66
"grissva01","Vaughn Grissom","Vaughn","Grissom","R","R",215,186,59,4,15,0.317,0.391,10,4,0.9,0.33
"groatdi01","Dick Groat","Dick","Groat","R","R",7846,7299,2064,28,465,0.283,0.326,30,52,36.42,32.1
"grohhe01","Heinie Groh","Heinie","Groh","R","R",5970,5428,1355,35,476,0.25,0.318,66,0,27.3,28.42
"gromest01","Steve Gromek","Steve","Gromek","B","R",931,858,176,0,72,0.205,0.267,1,0,-2.15,-2.07
"groombu01","Buddy Groom","Buddy","Groom","L","L",14,11,4,0,3,0.364,0.5,0,0,0.05,0.05
"grossga01","Gabe Gross","Gabe","Gross","L","R",1893,1645,424,42,234,0.258,0.35,5,9,8.84,9.98
"grossgr01","Greg Gross","Greg","Gross","L","L",4130,3574,1064,25,512,0.298,0.383,6,38,19.54,18.94
"grosske01","Kevin Gross","Kevin","Gross","R","R",741,689,143,6,50,0.208,0.263,2,0,2.1,2.6
"grossro01","Robbie Grossman","Robbie","Grossman","B","L",4983,4192,1124,89,705,0.268,0.375,42,44,19.5,17.75
"grosswa01","Wayne Gross","Wayne","Gross","L","R",3744,3185,802,129,515,0.252,0.357,20,24,18.54,17.76
"groteje01","Jerry Grote","Jerry","Grote","R","R",4773,4298,1162,54,424,0.27,0.337,22,29,17.62,19.37
"grothjo01","Johnny Groth","Johnny","Groth","R","R",3608,3301,886,40,290,0.268,0.329,10,7,0.56,4.94
"grotzza01","Zac Grotz","Zac","Grotz","R","R",2,1,0,0,1,0,0.5,0,0,0.01,0.01
"groveor01","Orval Grove","Orval","Grove","R","R",137,120,24,1,16,0.2,0.299,1,0,-0.04,-0.2
"grubbjo01","Johnny Grubb","Johnny","Grubb","L","R",4835,4173,1186,114,591,0.284,0.375,36,35,20.95,20.55
"grubeke01","Kelly Gruber","Kelly","Gruber","R","R",3418,3150,826,107,198,0.262,0.31,35,35,16.69,14.77
"grudzma01","Mark Grudzielanek","Mark","Grudzielanek","R","R",7192,6691,1922,55,361,0.287,0.331,98,42,26.24,23.66
"grullde01","Deivy Grullón","Deivy","Grullon","R","R",63,58,16,1,5,0.276,0.333,0,0,0.09,-0.27
"gryboke01","Kevin Gryboski","Kevin","Gryboski","R","R",34,29,11,0,5,0.379,0.471,0,0,0.08,0.1
"grzenjo01","Joe Grzenda","Joe","Grzenda","R","L",4,1,0,0,3,0,0.75,0,0,-0.09,-0.06
"gsellro01","Robert Gsellman","Robert","Gsellman","R","R",305,267,72,5,36,0.27,0.357,1,1,2.74,2.57
"guaipma01","Mayckol Guaipe","Mayckol","Guaipe","R","R",2,1,0,0,1,0,0.5,0,0,0.01,0.01
"guantce01","Cecilio Guante","Cecilio","Guante","R","R",4,3,1,0,1,0.333,0.5,0,0,0.01,0
"guarded01","Eddie Guardado","Eddie","Guardado","R","L",32,25,7,0,7,0.28,0.438,0,0,0.12,0.11
"gubancr01","Creighton Gubanich","Creighton","Gubanich","R","R",74,68,17,1,4,0.25,0.311,2,0,0.15,0.22
"guentse01","Sean Guenther","Sean","Guenther","L","L",9,8,2,0,1,0.25,0.333,0,0,0.04,0.04
"guerral01","Alex Guerrero","Alex","Guerrero","R","R",330,303,79,12,23,0.261,0.315,2,2,1.29,1.28
"guerrde01","Deolis Guerra","Deolis","Guerra","R","R",31,25,6,0,6,0.24,0.387,0,0,0.1,0.09
"guerrga01","Gabriel Guerrero","Gabriel","Guerrero","R","R",77,71,19,2,6,0.268,0.325,0,0,0.28,0.27
"guerrja01","Javy Guerra","Javy","Guerra","R","R",138,121,32,1,17,0.264,0.355,0,0,1.09,1
"guerrja02","Javy Guerra","Javy","Guerra","L","R",91,78,21,1,13,0.269,0.374,0,0,0.33,0.26
"guerrju02","Junior Guerra","Junior","Guerra","R","R",339,311,78,5,28,0.251,0.313,0,0,2.4,2.32
"guerrma01","Mario Guerrero","Mario","Guerrero","R","R",2399,2228,598,21,131,0.268,0.311,16,24,3.84,3.19
"guerrma02","Matt Guerrier","Matt","Guerrier","R","R",93,78,23,1,15,0.295,0.409,0,0,0.36,0.34
"guerrpe01","Pedro Guerrero","Pedro","Guerrero","R","R",5623,4919,1503,228,609,0.306,0.381,31,64,36,36.98
"guerrta01","Tayron Guerrero","Tayron","Guerrero","R","R",26,22,8,0,4,0.364,0.462,0,0,0.16,0.15
"guerrta02","Taylor Guerrieri","Taylor","Guerrieri","R","R",1,0,0,0,1,NA,1,0,0,0,0
"guerrvl01","Vladimir Guerrero","Vladimir","Guerrero","R","R",8874,7950,2466,364,757,0.31,0.375,103,64,62.5,57.02
"guerrvl02","Vladimir Guerrero Jr","Vladimir","Guerrero","R","R",4025,3519,1082,141,437,0.307,0.389,45,24,26.31,21.53
"guevaca01","Carlos Guevara","Carlos","Guevara","R","R",6,5,1,0,1,0.2,0.333,0,0,0.03,0.03
"guidrro01","Ron Guidry","Ron","Guidry","L","L",0,0,0,0,0,NA,NA,0,0,0,0
"guielaa01","Aaron Guiel","Aaron","Guiel","L","R",990,869,218,30,88,0.251,0.335,26,7,4.48,4.56
"guilbta01","Taylor Guilbeau","Taylor","Guilbeau","L","L",2,1,0,0,1,0,0.5,0,0,0.01,0.01
"guillca01","Carlos Guillen","Carlos","Guillen","B","R",5304,4696,1342,98,542,0.286,0.359,22,44,32.94,30.16
"guilljo01","Jose Guillen","Jose","Guillen","R","R",4959,4480,1225,156,318,0.273,0.336,124,37,17.05,14.79
"guilllu01","Luis Guillorme","Luis","Guillorme","L","R",1187,1028,293,9,150,0.285,0.377,4,5,6.72,5.97
"guilloz01","Ozzie Guillen","Ozzie","Guillen","L","R",7213,6849,1791,19,297,0.261,0.29,7,60,17.46,11.42
"guilmpr01","Preston Guilmet","Preston","Guilmet","R","R",1,0,0,0,1,NA,1,0,0,0.01,0.01
"guisele01","Lefty Guise","Lefty","Guise","L","L",2,1,0,0,1,0,0.5,0,0,0,0
"guldebr01","Brad Gulden","Brad","Gulden","L","R",494,436,99,7,54,0.227,0.314,2,2,0.82,0.74
"gulledo01","Don Gullett","Don","Gullett","R","L",422,387,92,4,31,0.238,0.294,1,3,1.86,1.58
"gullibi01","Bill Gullickson","Bill","Gullickson","R","R",617,575,120,7,40,0.209,0.259,0,2,1.13,1.46
"gulligl01","Glenn Gulliver","Glenn","Gulliver","L","R",246,193,47,3,52,0.244,0.402,0,1,0.9,1.05
"gumbeha01","Harry Gumbert","Harry","Gumbert","R","R",450,440,93,4,10,0.211,0.229,0,0,-1.98,-1.89
"gumpeda01","Dave Gumpert","Dave","Gumpert","R","R",1,0,0,0,1,NA,1,0,0,0,0
"gumpera01","Randy Gumpert","Randy","Gumpert","R","R",283,274,61,0,8,0.223,0.247,1,0,-1.21,-1.55
"gurkaja01","Jason Gurka","Jason","Gurka","L","L",14,12,4,0,2,0.333,0.429,0,0,0.07,0.07
"gurrilo01","Lourdes Gurriel Jr","Lourdes","Gurriel","R","R",3512,3195,939,99,252,0.294,0.35,39,26,18.8,16.08
"gushuta01","Taylor Gushue","Taylor","Gushue","B","R",52,47,12,1,5,0.255,0.327,0,0,0.04,0.05
"gustaja01","Jandel Gustave","Jandel","Gustave","R","R",60,53,13,2,7,0.245,0.333,0,0,0.68,0.67
"gustifr01","Frankie Gustine","Frankie","Gustine","R","R",4505,4269,1006,49,223,0.236,0.276,13,0,-0.55,-1.71
"guthbu01","Bucky Guth","Bucky","Guth","R","R",3,2,0,0,1,0,0.333,0,0,0,0
"guthrda01","Dalton Guthrie","Dalton","Guthrie","R","R",61,46,13,1,11,0.283,0.459,4,0,1.27,0.95
"guthrje01","Jeremy Guthrie","Jeremy","Guthrie","R","R",291,264,66,7,27,0.25,0.32,0,0,0.78,0.74
"guthrma01","Mark Guthrie","Mark","Guthrie","R","L",7,5,1,0,2,0.2,0.429,0,0,-0.11,-0.08
"gutiefr01","Franklin Gutierrez","Franklin","Gutierrez","R","R",3654,3294,903,108,316,0.274,0.34,22,22,24.71,23.6
"gutieju01","J C  Gutierrez","J. C.","Gutierrez","R","R",99,89,25,2,10,0.281,0.354,0,0,0.46,0.45
"gutieke01","Kelvin Gutiérrez","Kelvin","Gutierrez","R","R",533,483,128,5,45,0.265,0.332,4,1,1.37,0.12
"gutieri01","Ricky Gutierrez","Ricky","Gutierrez","R","R",2302,2049,552,13,197,0.269,0.339,32,24,0.57,0.0700000000000001
"gutievl01","Vladimir Gutiérrez","Vladimir","Gutierrez","R","R",107,99,20,1,8,0.202,0.262,0,0,0.28,0.24
"guttedo01","Don Gutteridge","Don","Gutteridge","R","R",3232,3071,726,39,157,0.236,0.274,4,0,-4.89,-4.44
"guyerbr01","Brandon Guyer","Brandon","Guyer","R","R",1659,1426,393,35,143,0.276,0.374,85,5,10.36,9.84
"guzmaan01","Angel Guzman","Angel","Guzman","R","R",146,133,32,3,13,0.241,0.308,0,0,1.17,1.18
"guzmacr01","Cristian Guzman","Cristian","Guzman","B","R",4573,4254,1201,48,268,0.282,0.327,26,25,19.69,17.4
"guzmafr01","Freddy Guzman","Freddy","Guzman","B","R",293,267,68,5,23,0.255,0.317,2,1,1.55,1.02
"guzmaje01","Jesus Guzman","Jesus","Guzman","R","R",1277,1134,321,31,135,0.283,0.361,5,3,6.44,6.53
"guzmajo03","Joel Guzman","Joel","Guzman","R","R",72,62,16,1,9,0.258,0.361,1,0,0.05,0.21
"guzmajo04","Jorge Guzman","Jorge","Guzman","R","R",2,1,0,0,1,0,0.5,0,0,0.01,0.01
"guzmaro01","Ronald Guzmán","Ronald","Guzman","L","L",910,801,206,25,93,0.257,0.341,11,5,3.87,3.01
"guzmasa01","Santiago Guzman","Santiago","Guzman","R","R",3,2,1,0,1,0.5,0.667,0,0,0,0
"gwosddo01","Doug Gwosdz","Doug","Gwosdz","R","R",36,30,9,1,4,0.3,0.361,0,2,0.19,0.2
"gwynnch01","Chris Gwynn","Chris","Gwynn","L","L",386,358,97,10,20,0.271,0.306,1,7,-1.22,-0.64
"gwynnto01","Tony Gwynn","Tony","Gwynn","L","L",10447,9560,3274,104,778,0.342,0.39,24,85,70.62,65.33
"gwynnto02","Tony Gwynn","Tony","Gwynn","L","R",2066,1836,495,25,216,0.27,0.347,6,8,10.4,11
"gyorkje01","Jedd Gyorko","Jedd","Gyorko","R","R",3199,2830,771,127,327,0.272,0.349,18,24,17.16,16.78
"haasbe01","Bert Haas","Bert","Haas","R","R",2754,2586,669,33,161,0.259,0.304,7,0,0.26,-1.08
"haaseer01","Eric Haase","Eric","Haase","R","R",1373,1251,319,46,106,0.255,0.313,5,11,5.28,3.58
"haasmo01","Moose Haas","Moose","Haas","R","R",1,0,0,0,1,NA,1,0,0,0,0
"haasmu01","Mule Haas","Mule","Haas","L","R",4104,3764,962,36,330,0.256,0.317,10,0,5.44,4.45
"habenbo01","Bob Habenicht","Bob","Habenicht","R","R",1,0,0,0,1,NA,1,0,0,0,0
"hackeer01","Eric Hacker","Eric","Hacker","B","R",2,1,0,0,1,0,0.5,0,0,0.02,0.02
"hackewa02","Warren Hacker","Warren","Hacker","R","R",179,172,43,0,7,0.25,0.279,0,0,0.62,0.41
"hackst01","Stan Hack","Stan","Hack","L","R",8272,7260,2082,68,992,0.287,0.374,20,0,49.23,49.75
"haddiha01","Harvey Haddix","Harvey","Haddix","L","L",1150,1079,256,4,64,0.237,0.28,2,5,4.31,3.48
"haderjo01","Josh Hader","Josh","Hader","L","L",131,115,31,3,16,0.27,0.359,0,0,2.07,2.04
"haefnmi01","Mickey Haefner","Mickey","Haefner","L","L",516,472,94,0,44,0.199,0.267,0,0,0.47,-0.13
"haegech01","Charlie Haeger","Charlie","Haeger","R","R",12,10,3,0,2,0.3,0.417,0,0,0.02,0.03
"hafeych01","Chick Hafey","Chick","Hafey","R","R",4411,4090,1178,175,291,0.288,0.34,30,0,26.56,26.56
"hafnetr01","Travis Hafner","Travis","Hafner","L","R",4734,3991,1132,193,624,0.284,0.39,90,29,29.78,28.24
"hagadni01","Nick Hagadone","Nick","Hagadone","L","L",2,1,0,0,1,0,0.5,0,0,0.02,0.02
"hagenbr01","Bradin Hagens","Bradin","Hagens","R","R",2,1,0,0,1,0,0.5,0,0,0.01,0.01
"hagerja01","Jake Hager","Jake","Hager","R","R",94,82,21,1,12,0.256,0.351,0,0,0.28,0.12
"haggesa01","Sam Haggerty","Sam","Haggerty","B","R",610,532,148,9,63,0.278,0.364,11,4,4.4,3.91
"haguejo01","Joe Hague","Joe","Hague","L","L",1585,1376,339,48,194,0.246,0.338,3,12,1.91,3.23
"haguema01","Matt Hague","Matt","Hague","R","R",201,181,49,3,18,0.271,0.343,2,0,0.63,0.66
"hahnje01","Jesse Hahn","Jesse","Hahn","R","R",107,97,27,2,10,0.278,0.346,0,0,0.33,0.34
"hairsje01","Jerry Hairston","Jerry","Hairston","B","R",2074,1754,469,34,291,0.267,0.37,8,21,8.88,8.25
"hairsje02","Jerry Hairston","Jerry","Hairston","R","R",5072,4520,1198,64,433,0.265,0.338,84,35,21.78,21.93
"hairssa01","Sam Hairston","Sam","Hairston","R","R",5,4,1,0,1,0.25,0.4,0,0,0.01,0.01
"hairssc01","Scott Hairston","Scott","Hairston","R","R",2967,2678,712,108,245,0.266,0.33,21,23,13.99,13.4
"hajekda01","Dave Hajek","Dave","Hajek","R","R",17,15,5,0,2,0.333,0.412,0,0,0.01,0.02
"halamjo01","John Halama","John","Halama","L","L",91,79,21,1,12,0.266,0.363,0,0,0.27,0.3
"halebo01","Bob Hale","Bob","Hale","L","L",701,673,186,0,18,0.276,0.294,2,8,-2.97,-2.91
"halech01","Chip Hale","Chip","Hale","L","R",367,320,94,3,35,0.294,0.371,7,5,1.74,1.45
"haleda02","David Hale","David","Hale","R","R",197,179,46,3,17,0.257,0.32,0,1,1.04,0.95
"halejo01","John Hale","John","Hale","L","R",753,646,141,15,97,0.218,0.321,4,6,1.41,1.8
"haleod01","Odell Hale","Odell","Hale","R","R",3786,3484,911,104,299,0.261,0.32,3,0,8.7,11.09
"haleyju01","Justin Haley","Justin","Haley","L","R",0,0,0,0,0,NA,NA,0,0,0,0
"haliced01","Ed Halicki","Ed","Halicki","R","R",343,313,66,6,28,0.211,0.277,1,1,1.36,1.34
"hallabi01","Bill Hallahan","Bill","Hallahan","R","L",347,326,63,4,20,0.193,0.242,1,0,-2.94,-2.34
"hallal02","Albert Hall","Albert","Hall","B","R",856,760,196,5,90,0.258,0.339,4,2,0.85,0.48
"hallaro01","Roy Halladay","Roy","Halladay","R","R",710,652,147,12,58,0.225,0.289,0,0,1.51,1.38
"hallbi02","Bill Hall","Bill","Hall","L","R",192,170,47,2,22,0.276,0.359,0,0,0.87,0.65
"hallbi03","Bill Hall","Bill","Hall","R","R",3496,3134,813,101,325,0.259,0.329,12,25,17.82,16.3
"hallbo02","Bob Hall","Bob","Hall","R","R",32,30,9,0,2,0.3,0.344,0,0,0.02,0.01
"hallco01","Cody Hall","Cody","Hall","R","R",9,7,2,0,2,0.286,0.444,0,0,0.04,0.04
"halldl01","DL Hall","DL","Hall","L","L",2,1,0,0,1,0,0.5,0,0,0.01,0.01
"halldr01","Drew Hall","Drew","Hall","L","L",8,7,3,0,1,0.429,0.5,0,0,0,0
"halleja01","Jack Hallett","Jack","Hallett","R","R",3,2,1,0,1,0.5,0.667,0,0,0,0
"halleto01","Tom Haller","Tom","Haller","L","R",4726,4137,1141,131,519,0.276,0.358,34,36,29.02,30.05
"hallji02","Jimmie Hall","Jimmie","Hall","L","R",2902,2612,674,92,270,0.258,0.326,2,18,10.94,11.17
"halljo02","Joe Hall","Joe","Hall","R","R",59,53,15,1,5,0.283,0.356,1,0,0.29,0.35
"halljo03","Josh Hall","Josh","Hall","R","R",44,40,10,1,4,0.25,0.318,0,0,0.14,0.14
"hallma02","Matt Hall","Matt","Hall","L","L",1,0,0,0,1,NA,1,0,0,0.01,0.01
"hallme01","Mel Hall","Mel","Hall","L","L",4648,4300,1202,128,281,0.28,0.323,16,51,9.06,7.87
"hallto01","Tom Hall","Tom","Hall","L","L",12,9,2,0,3,0.222,0.417,0,0,0.04,0.06
"hallto02","Toby Hall","Toby","Hall","R","R",2662,2454,650,40,155,0.265,0.312,25,28,7.16,5.49
"halmagr01","Greg Halman","Greg","Halman","R","R",222,205,54,5,16,0.263,0.32,1,0,0.59,0.56
"halsebr01","Brad Halsey","Brad","Halsey","L","L",16,14,5,0,2,0.357,0.438,0,0,0.01,0
"haltesh01","Shane Halter","Shane","Halter","R","R",1776,1618,393,33,131,0.243,0.302,12,15,6.71,5.17
"haltose01","Sean Halton","Sean","Halton","R","R",171,154,41,5,13,0.266,0.333,3,1,0.51,0.58
"hamelbo01","Bob Hamelin","Bob","Hamelin","L","L",1667,1429,332,57,212,0.232,0.333,11,15,0.04,0.99
"hamelco01","Cole Hamels","Cole","Hamels","L","L",1506,1381,326,21,118,0.236,0.297,4,3,6.8,6.81
"hamilbi01","Billy Hamilton","Billy","Hamilton","L","L",7150,6140,1763,15,939,0.287,0.388,71,0,38.91,40.56
"hamilbi02","Billy Hamilton","Billy","Hamilton","B","R",3412,3081,823,42,308,0.267,0.333,4,19,17.83,17.58
"hamilda01","Dave Hamilton","Dave","Hamilton","L","L",42,35,7,0,6,0.2,0.333,1,0,0.18,0.17
"hamilda02","Darryl Hamilton","Darryl","Hamilton","L","R",4919,4444,1255,21,432,0.282,0.346,15,28,11.72,9.73
"hamilje01","Jeff Hamilton","Jeff","Hamilton","R","R",1149,1082,266,28,49,0.246,0.281,8,10,0.06,0.99
"hamiljo02","Joey Hamilton","Joey","Hamilton","R","R",124,114,29,1,9,0.254,0.306,0,1,0.44,0.52
"hamiljo03","Josh Hamilton","Josh","Hamilton","L","L",4374,3865,1144,183,421,0.296,0.365,33,55,32.69,31.82
"hamilma01","Mark Hamilton","Mark","Hamilton","L","L",149,134,34,2,15,0.254,0.329,0,0,0.66,0.74
"hamilst01","Steve Hamilton","Steve","Hamilton","L","L",135,127,26,0,8,0.205,0.252,0,0,-3.15,-2.99
"hamlilu01","Luke Hamlin","Luke","Hamlin","L","R",215,208,40,0,6,0.192,0.219,1,0,-2.43,-2.18
"hammaat01","Atlee Hammaker","Atlee","Hammaker","B","L",201,186,40,0,15,0.215,0.274,0,0,-0.23,-0.0700000000000001
"hammeja01","Jason Hammel","Jason","Hammel","R","R",816,749,185,12,66,0.247,0.308,0,1,3.59,3.53
"hammejd01","J D  Hammer","J. D.","Hammer","R","R",47,41,10,2,6,0.244,0.34,0,0,0.71,0.67
"hammoch01","Chris Hammond","Chris","Hammond","L","L",370,328,80,5,41,0.244,0.327,0,1,2.41,2.31
"hammoje01","Jeffrey Hammonds","Jeffrey","Hammonds","R","R",3549,3199,813,75,289,0.254,0.319,29,32,7.43,7.68
"hammoro01","Robby Hammock","Robby","Hammock","R","R",716,649,168,13,60,0.259,0.324,4,3,1.93,1.5
"hammost01","Steve Hammond","Steve","Hammond","L","R",132,123,31,2,8,0.252,0.295,0,1,0.17,0.19
"hamnegr01","Granny Hamner","Granny","Hamner","R","R",6327,5995,1538,100,302,0.257,0.292,6,24,18.05,12.81
"hampsga01","Garrett Hampson","Garrett","Hampson","R","R",2028,1817,472,27,184,0.26,0.329,12,15,7.82,7.48
"hampsju01","Justin Hampson","Justin","Hampson","L","L",103,90,23,2,13,0.256,0.35,0,0,0.7,0.61
"hamptik01","Ike Hampton","Ike","Hampton","B","R",135,120,31,4,13,0.258,0.341,2,0,0.78,0.63
"hamptmi01","Mike Hampton","Mike","Hampton","R","L",1231,1136,286,18,85,0.252,0.305,5,5,9.69,10.01
"hamreer01","Erik Hamren","Erik","Hamren","R","R",7,6,2,0,1,0.333,0.429,0,0,0.04,0.04
"hamulti01","Tim Hamulack","Tim","Hamulack","R","L",18,15,5,0,3,0.333,0.444,0,0,0.06,0.07
"hancoga01","Garry Hancock","Garry","Hancock","L","L",180,165,46,5,13,0.279,0.328,0,2,0.55,0.59
"hancojo01","Josh Hancock","Josh","Hancock","R","R",133,115,26,2,18,0.226,0.331,0,0,0.89,0.77
"hancoju01","Justin Hancock","Justin","Hancock","R","R",33,29,9,1,4,0.31,0.394,0,0,0.28,0.34
"hancory01","Ryan Hancock","Ryan","Hancock","R","R",1,0,0,0,1,NA,1,0,0,0,0
"handbr01","Brad Hand","Brad","Hand","L","L",379,342,88,7,37,0.257,0.33,0,0,3.98,3.85
"handdo01","Donovan Hand","Donovan","Hand","R","R",79,71,20,1,7,0.282,0.354,1,0,0.53,0.5
"handlle01","Lee Handley","Lee","Handley","R","R",2634,2468,598,23,164,0.242,0.29,2,0,1.34,2.2
"handsbi01","Bill Hands","Bill","Hands","R","R",142,130,26,1,12,0.2,0.268,0,0,-0.41,-0.58
"haneyla01","Larry Haney","Larry","Haney","R","R",1094,1037,251,15,50,0.242,0.277,2,5,0.34,0.11
"haneyto01","Todd Haney","Todd","Haney","R","R",190,174,49,2,15,0.282,0.337,0,1,-0.75,-0.42
"hanhoer01","Eric Hanhold","Eric","Hanhold","R","R",3,2,1,0,1,0.5,0.667,0,0,0.02,0.02
"hanigmi01","Mitch Haniger","Mitch","Haniger","R","R",3224,2835,799,108,322,0.282,0.361,42,25,18.65,16
"hanigry01","Ryan Hanigan","Ryan","Hanigan","R","R",2707,2327,624,45,340,0.268,0.367,29,11,16.6,19.72
"hannage01","Gerry Hannahs","Gerry","Hannahs","L","L",9,8,2,0,1,0.25,0.333,0,0,0.01,0.01
"hannaja01","Jack Hannahan","Jack","Hannahan","L","R",2057,1796,471,36,238,0.262,0.35,11,12,12.11,10.25
"hannapr01","Preston Hanna","Preston","Hanna","R","R",91,81,20,1,10,0.247,0.33,0,0,0.32,0.35
"hanrajo01","Joel Hanrahan","Joel","Hanrahan","R","R",141,127,34,2,14,0.268,0.34,0,0,1.69,1.81
"hansecr01","Craig Hansen","Craig","Hansen","R","R",12,9,3,0,3,0.333,0.5,0,0,0.07,0.07
"hanseje01","Jed Hansen","Jed","Hansen","R","R",139,122,36,0,15,0.295,0.374,1,1,0.8,0.86
"hansero02","Ron Hansen","Ron","Hansen","R","R",5230,4605,1044,92,567,0.227,0.311,18,40,16.73,21.21
"hansoal01","Alen Hanson","Alen","Hanson","B","R",767,699,186,13,58,0.266,0.322,3,7,1.64,1.91
"hansoto01","Tommy Hanson","Tommy","Hanson","R","R",296,272,56,4,23,0.206,0.267,0,1,0.89,0.75
"happia01","Ian Happ","Ian","Happ","B","R",4276,3643,1010,144,559,0.277,0.377,44,30,24.75,26.1
"happja01","J A  Happ","J. A.","Happ","L","L",599,544,128,10,55,0.235,0.306,0,0,2.83,2.56
"haranaa01","Aaron Harang","Aaron","Harang","R","R",1389,1291,267,17,95,0.207,0.262,2,1,1.95,1.82
"harderi01","Rich Harden","Rich","Harden","L","R",225,206,49,3,19,0.238,0.302,0,0,0.64,0.66
"hardybl01","Blaine Hardy","Blaine","Hardy","L","L",1,0,0,0,1,NA,1,0,0,0.01,0.01
"hardyjj01","J J  Hardy","J. J.","Hardy","R","R",6329,5748,1568,171,528,0.273,0.334,15,38,36.89,35.6
"hardyla01","Larry Hardy","Larry","Hardy","R","R",12,10,2,0,2,0.2,0.333,0,0,0.02,0.03
"harenda01","Dan Haren","Dan","Haren","R","R",967,882,233,15,80,0.264,0.325,1,4,5.68,5.6
"hargeal01","Alan Hargesheimer","Alan","Hargesheimer","R","R",21,19,5,0,2,0.263,0.333,0,0,0.12,0.15
"hargrbu01","Bubbles Hargrave","Bubbles","Hargrave","R","R",2311,2156,587,63,130,0.272,0.321,25,0,7.23,11.42
"hargrmi01","Mike Hargrove","Mike","Hargrove","L","L",6801,5663,1651,112,1018,0.292,0.4,53,67,35.66,35.82
"harikti01","Tim Harikkala","Tim","Harikkala","R","R",31,28,7,1,3,0.25,0.323,0,0,0.16,0.19
"harkemi01","Mike Harkey","Mike","Harkey","R","R",69,64,16,0,4,0.25,0.304,1,0,0.52,0.55
"harknti01","Tim Harkness","Tim","Harkness","L","L",739,659,153,12,68,0.232,0.311,9,3,0.44,0.12
"harlola01","Larry Harlow","Larry","Harlow","L","L",1273,1102,287,22,164,0.26,0.357,4,3,3.78,4.1
"harmabr01","Brad Harman","Brad","Harman","R","R",60,54,14,1,6,0.259,0.333,0,0,0.08,0.13
"harmote01","Terry Harmon","Terry","Harmon","R","R",1532,1374,338,9,140,0.246,0.32,13,5,3.54,2.5
"harnipe01","Pete Harnisch","Pete","Harnisch","B","R",304,293,59,0,9,0.201,0.227,1,1,-1.18,-1.04
"harpebr01","Brian Harper","Brian","Harper","R","R",3466,3236,940,62,143,0.29,0.325,44,43,13.36,13.42
"harpebr02","Brandon Harper","Brandon","Harper","R","R",97,85,24,3,10,0.282,0.361,1,1,0.52,0.59
"harpebr03","Bryce Harper","Bryce","Harper","L","R",7650,6243,1852,297,1285,0.297,0.417,54,68,60.65,63.11
"harpege02","George Harper","George","Harper","L","R",3578,3241,806,108,306,0.249,0.319,31,0,7.05,8.61
"harpery01","Ryne Harper","Ryne","Harper","R","R",44,39,10,1,5,0.256,0.341,0,0,0.51,0.44
"harpete01","Terry Harper","Terry","Harper","R","R",1502,1345,346,32,140,0.257,0.329,8,9,1.43,2.16
"harpeto01","Tommy Harper","Tommy","Harper","R","R",7195,6359,1621,133,770,0.255,0.337,35,31,23.38,20.71
"harpetr01","Travis Harper","Travis","Harper","L","R",2,1,0,0,1,0,0.5,0,0,0.01,0.01
"harrato01","Toby Harrah","Toby","Harrah","R","R",8583,7266,1974,219,1185,0.272,0.375,63,69,55.4,49.55
"harrebi01","Billy Harrell","Billy","Harrell","R","R",121,111,32,1,10,0.288,0.347,0,0,-0.21,0.04
"harrebu01","Bud Harrelson","Bud","Harrelson","B","R",5609,4913,1235,22,651,0.251,0.34,22,23,23.37,22.38
"harrejo01","John Harrell","John","Harrell","R","R",8,7,3,0,1,0.429,0.5,0,0,0,0.01
"harreke01","Ken Harrelson","Ken","Harrelson","R","R",1297,1117,261,57,164,0.234,0.331,4,12,4.79,4.54
"harrelu01","Lucas Harrell","Lucas","Harrell","B","R",237,215,51,4,22,0.237,0.308,0,0,1.11,1.22
"harribi03","Bill Harris","Bill","Harris","L","R",2,1,0,0,1,0,0.5,0,0,0,0
"harribo01","Bob Harris","Bob","Harris","R","R",245,229,49,0,16,0.214,0.265,0,0,-0.86,-0.69
"harribr01","Brendan Harris","Brendan","Harris","R","R",1995,1793,484,38,171,0.27,0.336,16,15,4.55,7.03
"harribu01","Bucky Harris","Bucky","Harris","R","R",3406,3121,594,6,240,0.19,0.258,45,0,-5.12,-6.63
"harrich02","Chuck Harrison","Chuck","Harrison","R","R",1106,1015,249,18,83,0.245,0.303,3,5,-0.48,-0.89
"harrida01","Dave Harris","Dave","Harris","R","R",1163,1011,253,47,148,0.25,0.348,4,0,3.61,4.25
"harriga01","Gail Harris","Gail","Harris","L","L",993,919,212,20,56,0.231,0.28,10,8,0.0299999999999998,0.04
"harrigr01","Greg Harris","Greg","Harris","B","R",71,63,19,1,8,0.302,0.38,0,0,0.31,0.3
"harrijo03","Joe Harris","Joe","Harris","R","R",3693,3266,853,81,397,0.261,0.347,30,0,15.99,13.44
"harrijo04","John Harris","John","Harris","L","L",143,128,36,5,14,0.281,0.35,0,1,0.7,0.78
"harrijo05","Josh Harrison","Josh","Harrison","R","R",4628,4151,1196,79,320,0.288,0.353,118,39,24.38,20.72
"harrile01","Lenny Harris","Lenny","Harris","L","R",4654,4327,1137,22,285,0.263,0.309,17,25,-6.15,-3.8
"harrilu01","Lum Harris","Lum","Harris","R","R",52,50,13,0,2,0.26,0.288,0,0,-0.04,0.1
"harrima01","Matt Harrison","Matt","Harrison","L","L",18,15,5,0,3,0.333,0.444,0,0,0.01,0.01
"harrimi01","Mickey Harris","Mickey","Harris","L","L",337,289,60,0,48,0.208,0.32,0,0,0.77,0.36
"harrimi03","Mitch Harris","Mitch","Harris","R","R",21,18,6,1,3,0.333,0.429,0,0,0.47,0.46
"harrimi04","Michael Harris","Michael","Harris","L","L",1579,1456,446,47,90,0.306,0.355,24,9,13.53,12.14
"harrimo01","Monte Harrison","Monte","Harrison","R","R",144,128,37,3,14,0.289,0.368,2,0,1.33,1.18
"harrine01","Ned Harris","Ned","Harris","L","L",884,793,191,20,90,0.241,0.319,1,0,-1.69,-0.09
"harriro01","Roric Harrison","Roric","Harrison","R","R",135,122,27,5,12,0.221,0.296,1,0,0.56,0.3
"harriwi02","Willie Harris","Will","Harris","R","R",2620,2256,584,43,326,0.259,0.357,25,13,12.64,11.93
"harriwi10","Will Harris",NA,NA,NA,NA,71,60,16,0,11,0.267,0.38,0,0,0.32,0.31
"harshja01","Jack Harshman","Jack","Harshman","L","L",623,532,105,22,83,0.197,0.302,0,8,4.11,3.22
"hartbo01","Bo Hart","Bo","Hart","R","R",369,343,94,3,19,0.274,0.322,6,1,1.54,1.56
"hartco01","Corey Hart","Corey","Hart","R","R",4247,3795,1068,146,368,0.281,0.35,52,32,21.97,20.33
"hartdo01","Donnie Hart","Donnie","Hart","L","L",17,15,5,0,2,0.333,0.412,0,0,0.02,0.02
"hartja01","Jason Hart","Jason","Hart","R","R",62,55,15,1,7,0.273,0.355,0,0,0.2,0.09
"hartjch01","Chris Hartje","Chris","Hartje","R","R",19,17,5,0,2,0.294,0.368,0,0,0.01,0.01
"hartji01","Jim Ray Hart","Jim Ray","Hart","R","R",4440,3949,1162,170,426,0.294,0.364,28,37,23.88,22.95
"hartke01","Kevin Hart","Kevin","Hart","R","R",131,117,28,2,14,0.239,0.321,0,0,0.84,0.74
"hartlge01","Geoff Hartlieb","Geoff","Hartlieb","R","R",19,16,5,0,3,0.312,0.421,0,0,0.08,0.08
"hartlmi01","Mike Hartley","Mike","Hartley","R","R",1,0,0,0,1,NA,1,0,0,0,0
"hartmi01","Mike Hart","Mike","Hart","B","R",5,4,1,0,1,0.25,0.4,0,0,0,0
"hartnga01","Gabby Hartnett","Gabby","Hartnett","R","R",7111,6452,1622,273,627,0.251,0.321,32,0,47.01,42.94
"hartsro01","Roy Hartsfield","Roy","Hartsfield","R","R",985,929,255,15,54,0.274,0.316,2,0,1.09,-0.25
"hartsto01","Topsy Hartsel","Topsy","Hartsel","L","L",5029,4318,904,56,703,0.209,0.321,8,0,-0.32,1.58
"hartucl01","Clint Hartung","Clint","Hartung","R","R",415,394,98,10,21,0.249,0.287,0,0,1.47,-1
"harvehu01","Hunter Harvey","Hunter","Harvey","R","R",1,0,0,0,1,NA,1,0,0,0.01,0.01
"harvejo01","Joe Harvey","Joe","Harvey","R","R",8,7,3,0,1,0.429,0.5,0,0,0.03,0.03
"harvema01","Matt Harvey","Matt","Harvey","R","R",667,617,134,10,50,0.217,0.276,0,0,2.65,2.49
"harvich01","Chad Harville","Chad","Harville","R","R",30,25,8,0,5,0.32,0.433,0,0,0.07,0.08
"hasegsh01","Shigetoshi Hasegawa","Shigetoshi","Hasegawa","R","R",2,1,0,0,1,0,0.5,0,0,0,0.01
"haselad01","Adam Haseley","Adam","Haseley","L","L",449,405,113,7,36,0.279,0.347,7,1,3.82,2.95
"haselbi01","Bill Haselman","Bill","Haselman","R","R",1659,1547,374,29,95,0.242,0.288,9,8,2.37,1.81
"hassaal01","Alex Hassan","Alex","Hassan","R","R",55,49,13,1,6,0.265,0.345,0,0,0.11,0.1
"hassebu01","Buddy Hassett","Buddy","Hassett","L","L",3651,3471,966,14,169,0.278,0.314,11,0,7.03,4.69
"hassero01","Ron Hassey","Ron","Hassey","L","R",3893,3430,939,79,407,0.274,0.351,20,36,16.46,19.68
"hatchbi01","Billy Hatcher","Billy","Hatcher","R","R",4811,4460,1167,50,258,0.262,0.308,55,38,5.37,3.64
"hatchch02","Chris Hatcher","Chris","Hatcher","B","R",170,148,43,3,22,0.291,0.382,0,0,1.78,1.6
"hatchmi01","Mickey Hatcher","Mickey","Hatcher","R","R",3587,3335,940,51,209,0.282,0.324,12,31,7.02,8.82
"hatfifr01","Fred Hatfield","Fred","Hatfield","L","R",1743,1534,357,12,175,0.233,0.32,25,9,2.65,2.44
"hathast01","Steve Hathaway","Steve","Hathaway","L","L",9,8,2,0,1,0.25,0.333,0,0,0.04,0.04
"hatlema01","Marcus Hatley","Marcus","Hatley","R","R",2,1,0,0,1,0,0.5,0,0,0.01,0.01
"hattesc01","Scott Hatteberg","Scott","Hatteberg","L","R",4863,4222,1122,75,568,0.266,0.356,42,31,12.89,12.2
"hattijo01","John Hattig","John","Hattig","B","R",80,69,21,1,11,0.304,0.4,0,0,0.56,0.47
"hattogr01","Grady Hatton","Grady","Hatton","L","R",5206,4581,1084,97,606,0.237,0.327,12,7,15.3,11.18
"hausejo01","Joe Hauser","Joe","Hauser","L","L",2024,1797,361,90,208,0.201,0.291,19,0,3.56,2.75
"hausmge01","George Hausmann","George","Hausmann","R","R",761,701,181,1,59,0.258,0.317,1,0,1.51,0.33
"hausmto01","Tom Hausman","Tom","Hausman","R","R",64,57,13,0,7,0.228,0.312,0,0,0.14,0.14
"havenbr01","Brad Havens","Brad","Havens","L","L",2,1,0,0,1,0,0.5,0,0,0,0.01
"hawkian01","Andy Hawkins","Andy","Hawkins","R","R",154,141,31,1,13,0.22,0.286,0,0,0.05,0.16
"hawkila01","LaTroy Hawkins","LaTroy","Hawkins","R","R",147,125,39,2,22,0.312,0.415,0,0,0.69,0.66
"hawksbl01","Blake Hawksworth","Blake","Hawksworth","R","R",83,75,17,1,8,0.227,0.301,0,0,0.64,0.66
"hawpebr01","Brad Hawpe","Brad","Hawpe","L","L",3283,2811,748,99,438,0.266,0.365,13,21,12.04,11.22
"hayesbe01","Ben Hayes","Ben","Hayes","R","R",3,2,0,0,1,0,0.333,0,0,0.01,0.01
"hayesbi01","Bill Hayes","Bill","Hayes","R","R",7,6,2,0,1,0.333,0.429,0,0,0.01,0.01
"hayesbr01","Brett Hayes","Brett","Hayes","R","R",842,769,200,26,72,0.26,0.324,1,0,1.6,1.06
"hayesch01","Charlie Hayes","Charlie","Hayes","R","R",5184,4804,1203,100,320,0.25,0.298,20,40,6.29,8.5
"hayesdr01","Drew Hayes","Drew","Hayes","R","R",29,26,7,1,3,0.269,0.345,0,0,0.22,0.24
"hayesfr01","Frankie Hayes","Frankie","Hayes","R","R",4425,3970,905,129,445,0.228,0.307,10,0,2.82,11
"hayesja02","Jackie Hayes","Jackie","Hayes","R","R",2821,2596,577,13,218,0.222,0.284,7,0,-0.28,-0.33
"hayeske01","Ke Bryan Hayes","Ke'Bryan","Hayes","R","R",2121,1921,532,30,168,0.277,0.338,16,16,16.43,13.01
"hayesvo01","Von Hayes","Von","Hayes","L","R",6137,5323,1431,139,742,0.269,0.358,22,50,32.72,30.81
"hayhudi01","Dirk Hayhurst","Dirk","Hayhurst","L","R",36,31,8,1,5,0.258,0.361,0,0,0.3,0.29
"hayneji01","Jimmy Haynes","Jimmy","Haynes","R","R",401,379,82,2,22,0.216,0.259,0,0,0.31,-0.15
"haynejo01","Joe Haynes","Joe","Haynes","R","R",397,382,83,1,14,0.217,0.247,1,0,-1.07,-1.12
"haynena01","Nathan Haynes","Nathan","Haynes","L","L",191,174,48,2,17,0.276,0.34,0,0,-0.46,0.82
"haysau01","Austin Hays","Austin","Hays","R","R",2338,2100,601,52,172,0.286,0.35,45,21,12.61,11.19
"hazelje01","Jeremy Hazelbaker","Jeremy","Hazelbaker","L","R",385,339,96,15,44,0.283,0.364,0,2,2.72,2.57
"hazlebo01","Bob Hazle","Bob","Hazle","L","R",423,376,102,11,45,0.271,0.352,2,0,0.54,0.66
"headed01","Ed Head","Ed","Head","R","R",125,119,31,0,6,0.261,0.296,0,0,-1.06,-0.78
"headje01","Jerad Head","Jerad","Head","R","R",72,66,16,1,5,0.242,0.306,1,0,0.26,0.16
"headlch01","Chase Headley","Chase","Headley","B","R",5918,5136,1465,134,686,0.285,0.374,61,35,34.02,33.86
"healyfr02","Fran Healy","Fran","Healy","R","R",1614,1435,364,31,175,0.254,0.335,2,2,7.44,7.91
"healyry01","Ryon Healy","Ryon","Healy","R","R",1693,1551,440,58,126,0.284,0.339,8,8,7.15,5.43
"heanean01","Andrew Heaney","Andrew","Heaney","L","L",222,199,55,4,23,0.276,0.351,0,0,0.79,0.85
"hearned02","Ed Hearn","Ed","Hearn","R","R",164,147,43,3,16,0.293,0.36,0,1,0.37,0.61
"hearnji01","Jim Hearn","Jim","Hearn","R","R",285,270,53,4,15,0.196,0.239,0,0,-0.17,-0.18
"hearnta01","Taylor Hearn","Taylor","Hearn","L","L",2,1,0,0,1,0,0.5,0,0,0.01,0.01
"heasljo01","Jonathan Heasley","Jonathan","Heasley","R","R",0,0,0,0,0,NA,NA,0,0,0,0
"heathbi01","Bill Heath","Bill","Heath","L","R",267,243,68,1,23,0.28,0.345,1,0,0.57,0.59
"heathje01","Jeff Heath","Jeff","Heath","L","R",5739,5198,1473,262,531,0.283,0.351,10,0,35.95,36.59
"heathke01","Kelly Heath","Kelly","Heath","R","R",0,0,0,0,0,NA,NA,0,0,0,0
"heathmi02","Mike Heath","Mike","Heath","R","R",4636,4262,1136,101,320,0.267,0.319,22,32,17.51,15.96
"heathni01","Nick Heath","Nick","Heath","L","L",123,108,27,1,14,0.25,0.341,1,0,0.2,0.15
"heathsl01","Slade Heathcott","Slade","Heathcott","L","L",87,77,28,4,9,0.364,0.425,0,1,0.87,0.96
"heatone01","Neal Heaton","Neal","Heaton","L","L",94,90,21,0,4,0.233,0.266,0,0,0.38,0.41
"heaveda01","Dave Heaverlo","Dave","Heaverlo","R","R",13,10,3,0,3,0.3,0.462,0,0,0.12,0.11
"hebneri01","Richie Hebner","Richie","Hebner","L","R",7190,6315,1792,231,734,0.284,0.362,74,67,37.28,38.85
"hebsobr01","Bryan Hebson","Bryan","Hebson","R","R",1,0,0,0,1,NA,1,0,0,0.01,0.01
"hechaad01","Adeiny Hechavarria","Adeiny","Hechavarria","R","R",3390,3100,861,52,256,0.278,0.332,9,25,14.98,13.59
"hedgeau01","Austin Hedges","Austin","Hedges","R","R",2444,2189,533,56,195,0.243,0.311,33,27,6.68,12.2
"hefneje01","Jeremy Hefner","Jeremy","Hefner","R","R",159,146,29,3,12,0.199,0.264,1,0,0.72,0.66
"heganji01","Jim Hegan","Jim","Hegan","R","R",4698,4390,958,76,294,0.218,0.267,3,11,-5.73,0.250000000000001
"heganmi01","Mike Hegan","Mike","Hegan","L","L",2434,2122,535,55,291,0.252,0.342,6,15,9.54,7.22
"heilmaa01","Aaron Heilman","Aaron","Heilman","R","R",149,132,34,1,17,0.258,0.342,0,0,0.72,0.71
"heilmha01","Harry Heilmann","Harry","Heilmann","R","R",7512,6833,2052,280,649,0.3,0.364,30,0,48.43,41.91
"heimjo01","Jonah Heim","Jonah","Heim","B","R",1938,1752,457,44,162,0.261,0.324,9,15,9.68,11.22
"heinesc01","Scott Heineman","Scott","Heineman","R","R",322,286,69,7,34,0.241,0.326,2,0,1.26,1.05
"heinety01","Tyler Heineman","Tyler","Heineman","B","R",340,293,76,4,32,0.259,0.362,15,0,1.74,2.46
"heinkdo01","Don Heinkel","Don","Heinkel","L","R",11,9,2,0,2,0.222,0.364,0,0,0,0
"heintch01","Chris Heintz","Chris","Heintz","R","R",74,68,16,1,6,0.235,0.297,0,0,0.08,0.08
"heintto01","Tom Heintzelman","Tom","Heintzelman","R","R",156,140,37,4,16,0.264,0.34,0,0,0.99,1.03
"heisebo01","Bob Heise","Bob","Heise","R","R",1430,1360,353,7,59,0.26,0.292,6,5,1.56,0.48
"heisech01","Chris Heisey","Chris","Heisey","R","R",2114,1887,504,64,187,0.267,0.34,27,13,11.06,10.87
"heistal01","Al Heist","Al","Heist","R","R",674,609,154,7,62,0.253,0.323,2,1,1.61,1.61
"heldwo01","Woodie Held","Woodie","Held","R","R",4905,4311,991,141,511,0.23,0.317,55,28,14.14,16.16
"hellije01","Jeremy Hellickson","Jeremy","Hellickson","R","R",562,505,124,9,54,0.246,0.32,2,1,2.73,2.73
"helliri01","Rick Helling","Rick","Helling","R","R",205,182,41,2,22,0.225,0.312,1,0,0.16,0.44
"hellwjo01","Johnny Hellweg","Johnny","Hellweg","R","R",59,54,14,1,5,0.259,0.322,0,0,0.23,0.22
"helmsto01","Tommy Helms","Tommy","Helms","R","R",5417,5093,1402,43,267,0.275,0.311,15,42,10.72,10.29
"helmswe01","Wes Helms","Wes","Helms","R","R",2700,2392,651,56,235,0.272,0.343,41,32,7.96,7.85
"helslry01","Ryan Helsley","Ryan","Helsley","R","R",59,52,15,1,7,0.288,0.373,0,0,0.51,0.45
"heltoto01","Todd Helton","Todd","Helton","L","L",9250,7779,2231,246,1321,0.287,0.39,57,93,65.66,59.72
"hembrhe01","Heath Hembree","Heath","Hembree","R","R",61,52,13,1,9,0.25,0.361,0,0,0.77,0.64
"hemonsc01","Scott Hemond","Scott","Hemond","R","R",541,484,115,8,54,0.238,0.314,1,2,1.34,1.14
"hemslro01","Rollie Hemsley","Rollie","Hemsley","R","R",3221,3018,708,22,199,0.235,0.283,4,0,-1.59,-2.36
"hemusso01","Solly Hemus","Solly","Hemus","L","R",3490,2968,787,50,453,0.265,0.373,62,7,26.07,23.4
"hendeda01","Dave Henderson","Dave","Henderson","R","R",5083,4577,1242,172,454,0.271,0.338,21,31,31.46,29.7
"hendegu01","Gunnar Henderson","Gunnar","Henderson","L","R",1488,1295,376,65,170,0.29,0.376,13,10,16.61,13.43
"hendeji01","Jim Henderson","Jim","Henderson","L","R",40,34,12,0,6,0.353,0.45,0,0,0.26,0.25
"hendejo01","Joe Henderson","Joe","Henderson","L","R",1,0,0,0,1,NA,1,0,0,0,0
"hendeke01","Ken Henderson","Ken","Henderson","B","R",5128,4500,1201,129,564,0.267,0.35,29,35,18.33,19.7
"henderi01","Rickey Henderson","Rickey","Henderson","R","L",13760,11331,3197,285,2264,0.282,0.404,98,67,109.26,103.9
"hendero01","Rod Henderson","Rod","Henderson","R","R",1,0,0,0,1,NA,1,0,0,0,0
"hendest01","Steve Henderson","Steve","Henderson","R","R",3842,3400,969,80,407,0.285,0.362,13,22,14.58,13.53
"hendrbe01","Ben Hendrickson","Ben","Hendrickson","R","R",60,56,11,1,4,0.196,0.25,0,0,0.06,0.03
"hendrcl01","Claude Hendrix","Claude","Hendrix","R","R",869,866,183,19,0,0.211,0.214,3,0,-4.87,-3.6
"hendrel01","Elrod Hendricks","Elrod","Hendricks","L","R",2489,2197,497,71,262,0.226,0.31,12,18,6.76,8.12
"hendrge01","George Hendrick","George","Hendrick","R","R",7663,6926,1976,283,637,0.285,0.344,20,80,36.33,35.04
"hendrha01","Harvey Hendrick","Harvey","Hendrick","L","R",2693,2495,682,54,187,0.273,0.327,11,0,4.23,4.52
"hendrky01","Kyle Hendricks","Kyle","Hendricks","R","R",847,781,154,9,64,0.197,0.26,2,0,3.02,2.95
"hendrli01","Liam Hendriks","Liam","Hendriks","R","R",66,53,15,1,13,0.283,0.424,0,0,0.22,0.18
"hendrma01","Mark Hendrickson","Mark","Hendrickson","L","L",356,323,75,6,33,0.232,0.303,0,0,1.62,1.6
"hendrry01","Ryan Hendrix","Ryan","Hendrix","R","R",27,23,7,1,4,0.304,0.407,0,0,0.51,0.44
"henlebo01","Bob Henley","Bob","Henley","R","R",156,140,41,3,12,0.293,0.359,3,1,1.33,1.3
"henlega01","Gail Henley","Gail","Henley","L","R",44,39,11,1,5,0.282,0.364,0,0,0.13,0.06
"henlibu01","Butch Henline","Butch","Henline","R","R",1886,1761,346,24,89,0.196,0.25,36,0,-2.49,-1.13
"hennebr01","Brad Hennessey","Brad","Hennessey","R","R",296,272,72,6,23,0.265,0.321,0,1,1.89,1.86
"hennemi01","Mike Henneman","Mike","Henneman","R","R",1,0,0,0,1,NA,1,0,0,0,0
"hennira01","Randy Hennis","Randy","Hennis","R","R",2,1,0,0,1,0,0.5,0,0,0,0
"hennse01","Sean Henn","Sean","Henn","R","L",22,17,5,0,5,0.294,0.455,0,0,0.05,0.05
"henriol01","Olaf Henriksen","Olaf","Henriksen","L","L",274,243,70,0,31,0.288,0.369,0,0,-1.34,-1.13
"henrito01","Tommy Henrich","Tommy","Henrich","L","L",5573,4886,1357,202,653,0.278,0.367,34,0,39.57,37.62
"henrybi01","Bill Henry","Bill","Henry","L","L",245,226,49,0,18,0.217,0.273,0,1,-0.07,-0.5
"henrybu01","Butch Henry","Butch","Henry","L","L",183,173,38,1,9,0.22,0.257,0,1,-0.31,-0.29
"hensiph01","Phil Hensiek","Phil","Hensiek","R","R",2,1,0,0,1,0,0.5,0,0,0.02,0.01
"henslcl01","Clay Hensley","Clay","Hensley","R","R",344,313,76,6,31,0.243,0.311,0,0,2.7,2.87
"henslda01","David Hensley","David","Hensley","R","R",119,103,25,1,16,0.243,0.345,0,0,0.25,-0.39
"henslma01","Matt Hensley","Matt","Hensley","R","R",10,9,2,0,1,0.222,0.3,0,0,0.01,0.01
"hensodr01","Drew Henson","Drew","Henson","R","R",9,8,2,0,1,0.25,0.333,0,0,0,0.01
"hentgsa01","Sam Hentges","Sam","Hentges","L","L",17,15,5,0,2,0.333,0.412,0,0,0.01,0.01
"herbera01","Ray Herbert","Ray","Herbert","R","R",834,781,157,7,47,0.201,0.247,2,4,-0.29,-0.28
"heredgi01","Gil Heredia","Gil","Heredia","R","R",33,30,8,0,3,0.267,0.333,0,0,-0.02,-0.01
"heredgu01","Guillermo Heredia","Guillermo","Heredia","R","L",1665,1463,386,26,165,0.264,0.35,32,5,7.93,6.74
"hergeji01","Jimmy Herget","Jimmy","Herget","R","R",8,6,1,0,2,0.167,0.375,0,0,0.03,0.03
"hergeke01","Kevin Herget","Kevin","Herget","L","R",4,3,1,0,1,0.333,0.5,0,0,0.01,0.01
"hergema01","Matt Herges","Matt","Herges","L","R",134,120,34,2,14,0.283,0.358,0,0,1.33,1.41
"hermaba01","Babe Herman","Babe","Herman","L","L",6051,5601,1611,233,439,0.288,0.341,11,0,30.02,33.41
"hermabi01","Billy Herman","Billy","Herman","R","R",8594,7921,2267,50,647,0.286,0.342,26,0,50.32,47.76
"hermadu01","Dustin Hermanson","Dustin","Hermanson","R","R",176,159,31,1,16,0.195,0.273,1,0,-0.67,-0.48
"hermage01","Gene Hermanski","Gene","Hermanski","L","R",2465,2174,581,48,270,0.267,0.354,21,0,9.33,8.71
"hermije01","Jeremy Hermida","Jeremy","Hermida","L","R",2372,2091,561,65,252,0.268,0.352,21,8,8.98,8.64
"hermomi01","Michael Hermosillo","Michael","Hermosillo","R","R",417,362,90,9,38,0.249,0.343,15,2,0.21,1.24
"hermore01","Remy Hermoso","Remy","Hermoso","R","R",42,38,11,0,4,0.289,0.357,0,0,0.09,0.04
"hernaad01","Adrián Hernández","Adrian","Hernandez","R","R",37,34,8,1,3,0.235,0.297,0,0,0.04,0.02
"hernaan01","Anderson Hernandez","Anderson","Hernandez","B","R",743,668,188,10,73,0.281,0.351,0,2,3.18,2.91
"hernaar01","Ariel Hernández","Ariel","Hernandez","R","R",28,25,8,1,3,0.32,0.393,0,0,0.38,0.4
"hernaca03","Carlos Hernández","Carlos","Hernandez","L","L",15,13,4,0,2,0.308,0.4,0,0,0.01,0.01
"hernaca04","Carlos Hernández","Carlos","Hernandez","R","R",49,44,11,1,5,0.25,0.327,0,0,0.04,0.05
"hernace02","César Hernández","Cesar","Hernandez","B","R",5426,4785,1376,77,582,0.288,0.368,40,19,23.84,26.05
"hernada01","David Hernandez","David","Hernandez","R","R",140,121,34,2,19,0.281,0.379,0,0,1.38,1.46
"hernada02","Darwinzon Hernandez","Darwinzon","Hernandez","L","L",8,6,1,0,2,0.167,0.375,0,0,0.04,0.03
"hernadi01","Diory Hernandez","Diory","Hernandez","R","R",130,120,31,4,10,0.258,0.315,0,0,0.63,0.64
"hernael01","Elieser Hernandez","Elieser","Hernandez","R","R",226,207,49,3,19,0.237,0.301,0,0,1.03,0.9
"hernaen01","Enzo Hernandez","Enzo","Hernandez","R","R",762,689,179,6,67,0.26,0.325,2,4,3.28,3.23
"hernaen02","Enrique Hernández","Enrique","Hernandez","R","R",4320,3809,1017,99,433,0.267,0.343,33,45,26.62,20.88
"hernafe02","Félix Hernández","Felix","Hernandez","R","R",278,249,67,8,29,0.269,0.345,0,0,0.43,0.45
"hernago01","Gorkys Hernández","Gorkys","Hernandez","R","R",1292,1159,301,27,116,0.26,0.33,10,7,4.33,4
"hernaje01","Jesus Hernaiz","Jesus","Hernaiz","R","R",4,3,1,0,1,0.333,0.5,0,0,0.01,0.01
"hernajo01","José Hernández","Jose","Hernandez","R","R",4900,4490,1077,117,363,0.24,0.299,23,24,12.7,12.32
"hernajo02","Jonathan Hernández","Jonathan","Hernandez","R","R",6,5,1,0,1,0.2,0.333,0,0,0.02,0.02
"hernake01","Keith Hernandez","Keith","Hernandez","L","L",8613,7370,2237,192,1141,0.304,0.396,31,71,64.85,63.5
"hernali01","Liván Hernández","Livan","Hernandez","R","R",1737,1639,389,18,91,0.237,0.279,4,3,9.37,10.14
"hernalu01","Luis Hernandez","Luis","Hernandez","B","R",551,502,131,10,45,0.261,0.323,2,2,2.32,2.07
"hernama02","Marco Hernández","Marco","Hernandez","L","R",451,412,114,5,35,0.277,0.339,4,0,1.84,1.44
"hernami01","Michel Hernandez","Michel","Hernandez","R","R",271,247,64,5,24,0.259,0.325,0,0,0.78,0.61
"hernaor01","Orlando Hernandez","Orlando","Hernandez","R","R",252,232,55,2,20,0.237,0.298,0,0,0.85,0.81
"hernaos01","Óscar Hernández","Oscar","Hernandez","R","R",154,138,36,4,15,0.261,0.338,1,0,0.44,0.5
"hernape02","Pedro Hernandez","Pedro","Hernandez","L","L",24,21,5,1,3,0.238,0.333,0,0,0.05,0.06
"hernara01","Ramon Hernandez","Ramon","Hernandez","B","L",44,35,9,0,9,0.257,0.409,0,0,0.14,0.14
"hernara02","Ramon Hernandez","Ramon","Hernandez","R","R",5695,5092,1359,135,477,0.267,0.335,74,52,26.97,28.42
"hernaro01","Roberto Hernandez","Roberto","Hernandez","R","R",43,37,12,0,6,0.324,0.419,0,0,0.22,0.22
"hernaru03","Runelvys Hernandez","Runelvys","Hernandez","R","R",82,73,19,2,9,0.26,0.341,0,0,0.27,0.28
"hernate01","Teoscar Hernández","Teoscar","Hernandez","R","R",4428,3990,1143,179,374,0.286,0.352,40,24,24.17,22.56
"hernato01","Toby Hernandez","Toby","Hernandez","R","R",2,1,0,0,1,0,0.5,0,0,0.01,0
"hernawi01","Willie Hernandez","Willie","Hernandez","L","L",62,53,15,0,9,0.283,0.387,0,0,0.23,0.22
"hernaya01","Yadiel Hernández","Yadiel","Hernandez","L","R",733,667,198,16,56,0.297,0.351,3,7,2.25,1.66
"hernayo01","Yoel Hernandez","Yoel","Hernandez","R","R",7,6,2,0,1,0.333,0.429,0,0,0.03,0.03
"hernayo02","Yonny Hernandez","Yonny","Hernandez","B","R",258,224,56,2,29,0.25,0.345,4,1,1.55,0.5
"herndda01","David Herndon","David","Herndon","R","R",72,63,16,2,9,0.254,0.347,0,0,1.21,1.23
"herndla01","Larry Herndon","Larry","Herndon","R","R",5457,4981,1415,122,422,0.284,0.34,16,38,20.67,22.35
"herreda01","Danny Herrera","Danny","Herrera","L","L",64,55,17,1,9,0.309,0.406,0,0,0.97,0.93
"herredi01","Dilson Herrera","Dilson","Herrera","R","R",478,417,109,16,56,0.261,0.356,5,0,1.64,2.41
"herreel01","Elian Herrera","Elian","Herrera","B","R",836,749,206,13,82,0.275,0.347,2,3,3.2,3
"herreiv01","Iván Herrera","Ivan","Herrera","R","R",214,182,58,3,24,0.319,0.411,6,2,2.41,3.06
"herrejo03","Jonathan Herrera","Jonathan","Herrera","B","R",1621,1458,388,22,151,0.266,0.336,6,6,7.09,6.02
"herrejo04","Jose Herrera","Jose","Herrera","B","R",155,132,33,1,20,0.25,0.342,0,3,0.29,0.04
"herreke01","Kelvin Herrera","Kelvin","Herrera","R","R",46,38,11,0,8,0.289,0.413,0,0,0.24,0.23
"herreod01","Odúbel Herrera","Odubel","Herrera","L","R",3309,2983,859,63,280,0.288,0.354,32,14,17.74,16.87
"herrepa01","Pancho Herrera","Pancho","Herrera","R","R",1196,1052,283,30,124,0.269,0.349,10,10,2.8,3.5
"herrero02","Rosell Herrera","Rosell","Herrera","B","R",496,446,115,6,44,0.258,0.329,4,2,1.38,1.52
"herreyo01","Yoslán Herrera","Yoslan","Herrera","R","R",47,43,12,1,4,0.279,0.34,0,0,0.2,0.21
"herriar01","Art Herring","Art","Herring","R","R",122,114,25,0,8,0.219,0.27,0,0,-1.86,-1.57
"herrmch01","Chris Herrmann","Chris","Herrmann","L","R",1467,1299,328,30,163,0.253,0.336,2,3,5.45,4.01
"herrmed01","Ed Herrmann","Ed","Herrmann","L","R",3300,2961,717,89,286,0.242,0.313,29,24,6.37,8.35
"herrmfr01","Frank Herrmann","Frank","Herrmann","L","R",38,33,8,0,5,0.242,0.342,0,0,0.08,0.07
"herrto01","Tom Herr","Tom","Herr","B","R",5990,5284,1473,46,633,0.279,0.355,22,51,25.26,24.59
"hershmi01","Mike Hershberger","Mike","Hershberger","R","R",2734,2504,588,5,186,0.235,0.292,23,21,-4.16,-5.33
"hershor01","Orel Hershiser","Orel","Hershiser","R","R",761,709,172,1,44,0.243,0.289,4,4,5.24,5.01
"hershwi01","Willard Hershberger","Willard","Hershberger","R","R",408,392,121,0,12,0.309,0.336,4,0,1.71,2.26
"herzobu01","Buck Herzog","Buck","Herzog","R","R",4338,4066,836,7,192,0.206,0.255,80,0,-0.21,6.93
"herzowh01","Whitey Herzog","Whitey","Herzog","L","L",1392,1182,318,14,199,0.269,0.375,5,6,3.52,3.32
"heskejo01","Joe Hesketh","Joe","Hesketh","L","L",56,49,9,0,7,0.184,0.286,0,0,-0.09,-0.06
"hessda01","David Hess","David","Hess","R","R",144,129,35,3,15,0.271,0.347,0,0,0.55,0.59
"hesslke01","Keith Hessler","Keith","Hessler","L","L",29,26,8,1,3,0.308,0.379,0,0,0.09,0.09
"hessmmi01","Mike Hessman","Mike","Hessman","R","R",494,439,105,19,49,0.239,0.322,5,1,2.08,1.5
"hessot01","Otto Hess","Otto","Hess","L","L",346,346,76,10,0,0.22,0.22,0,0,-1.71,-1.84
"hestejo01","John Hester","John","Hester","R","R",421,375,99,10,45,0.264,0.344,1,0,1.38,-0.74
"hestoch01","Chris Heston","Chris","Heston","R","R",137,126,33,2,11,0.262,0.321,0,0,0.66,0.72
"heuerco01","Codi Heuer","Codi","Heuer","R","R",11,9,2,0,2,0.222,0.364,0,0,0.05,0.04
"heussed01","Ed Heusser","Ed","Heusser","B","R",68,59,12,2,9,0.203,0.309,0,0,0.56,0.31
"heywaja01","Jason Heyward","Jason","Heyward","L","L",7168,6223,1741,177,843,0.28,0.37,68,34,50.51,45.98
"hiattja01","Jack Hiatt","Jack","Hiatt","R","R",1716,1445,377,29,261,0.261,0.374,4,6,9.84,9.91
"hickmji02","Jim Hickman","Jim","Hickman","R","R",4877,4309,1057,135,523,0.245,0.327,16,29,11.69,11.87
"hicksaa01","Aaron Hicks","Aaron","Hicks","B","R",4155,3506,925,96,598,0.264,0.372,21,30,22.71,23.95
"hicksbr01","Brandon Hicks","Brandon","Hicks","R","R",501,435,110,18,63,0.253,0.349,2,1,2.41,2.1
"hicksjo01","Joe Hicks","Joe","Hicks","L","R",10,9,3,0,1,0.333,0.4,0,0,0,0.01
"hicksjo02","John Hicks","John","Hicks","R","R",1005,920,250,29,79,0.272,0.33,3,3,3.59,2.98
"hicksjo03","Jordan Hicks","Jordan","Hicks","R","R",44,38,12,1,6,0.316,0.409,0,0,0.83,0.9
"hidalri01","Richard Hidalgo","Richard","Hidalgo","R","R",3884,3423,893,129,351,0.261,0.338,67,43,19.59,20.62
"hietpjo01","Joe Hietpas","Joe","Hietpas","R","R",1,0,0,0,1,NA,1,0,0,0,0
"higasky01","Kyle Higashioka","Kyle","Higashioka","R","R",1408,1282,328,45,106,0.256,0.31,3,17,5.36,9.82
"higdobi01","Bill Higdon","Bill","Higdon","L","R",28,24,8,0,4,0.333,0.429,0,0,0.14,0.17
"higgibo02","Bobby Higginson","Bobby","Higginson","L","R",5630,4924,1308,130,617,0.266,0.348,37,52,21.26,15.96
"higgipi01","Pinky Higgins","Pinky","Higgins","R","R",7374,6632,1768,156,720,0.267,0.34,22,0,15.39,18.9
"hildetr01","Trevor Hildenberger","Trevor","Hildenberger","R","R",13,10,3,0,3,0.3,0.462,0,0,0.06,0.06
"hilgeto01","Tom Hilgendorf","Tom","Hilgendorf","B","L",30,24,6,0,5,0.25,0.367,0,1,0.04,0.05
"hillaa01","Aaron Hill","Aaron","Hill","R","R",6265,5603,1555,150,556,0.278,0.346,55,51,33.12,30.95
"hillbo01","Bobby Hill","Bobby","Hill","B","R",756,667,176,7,69,0.264,0.348,18,2,1.26,1.5
"hillde01","Derek Hill","Derek","Hill","R","R",452,411,112,8,35,0.273,0.332,3,3,1.52,1.3
"hilldo01","Donnie Hill","Donnie","Hill","B","R",2537,2328,623,28,187,0.268,0.32,3,19,5.52,4.67
"hillech01","Chuck Hiller","Chuck","Hiller","L","R",2458,2260,566,15,166,0.25,0.305,18,14,1.18,-0.43
"hillefr01","Frank Hiller","Frank","Hiller","R","R",17,15,5,0,2,0.333,0.412,0,0,0.03,0.02
"hillesh02","Shea Hillenbrand","Shea","Hillenbrand","R","R",3268,3004,841,71,170,0.28,0.328,62,32,7.31,5.44
"hillgl01","Glenallen Hill","Glenallen","Hill","R","R",3834,3571,950,140,217,0.266,0.31,20,26,7.82,8.85
"hillisa01","Sam Hilliard","Sam","Hilliard","L","L",996,876,221,33,110,0.252,0.336,4,6,5.82,4.06
"hillje01","Jesse Hill","Jesse","Hill","R","R",692,622,175,4,69,0.281,0.354,1,0,2.35,1.47
"hillje02","Jeremy Hill","Jeremy","Hill","R","R",0,0,0,0,0,NA,NA,0,0,0,0
"hillke01","Ken Hill","Ken","Hill","R","R",355,325,64,1,29,0.197,0.265,1,0,0.09,0.41
"hillko01","Koyie Hill","Koyie","Hill","B","R",1313,1180,284,20,124,0.241,0.312,2,7,2.31,2.21
"hillma01","Marc Hill","Marc","Hill","R","R",2012,1788,432,44,203,0.242,0.318,5,16,5.64,7.24
"hillri01","Rich Hill","Rich","Hill","L","L",781,717,162,10,61,0.226,0.288,2,1,2.47,2.46
"hillsh01","Shawn Hill","Shawn","Hill","R","R",244,216,52,4,27,0.241,0.328,1,0,0.91,0.93
"hillst01","Steven Hill","Steven","Hill","R","R",82,74,21,3,8,0.284,0.354,0,0,0.32,0.26
"hillta01","Taylor Hill","Taylor","Hill","R","R",33,30,9,1,3,0.3,0.364,0,0,0.21,0.17
"hillti01","Tim Hill","Tim","Hill","R","L",41,35,11,0,6,0.314,0.415,0,0,0.14,0.13
"hinchbr01","Brett Hinchliffe","Brett","Hinchliffe","R","R",0,0,0,0,0,NA,NA,0,0,0,0
"hinckmi01","Mike Hinckley","Mike","Hinckley","R","L",20,17,6,0,3,0.353,0.45,0,0,0.07,0.07
"hinespa01","Paul Hines","Paul","Hines","R","R",8161,7819,1987,135,334,0.254,0.285,8,0,12.21,17.15
"hinojda01","Dalier Hinojosa","Dalier","Hinojosa","R","R",16,14,4,0,2,0.286,0.375,0,0,0.07,0.08
"hinshal01","Alex Hinshaw","Alex","Hinshaw","L","L",31,27,9,0,4,0.333,0.419,0,0,0.14,0.15
"hinshge01","George Hinshaw","George","Hinshaw","R","R",14,12,3,0,2,0.25,0.357,0,0,0,0.01
"hinsker01","Eric Hinske","Eric","Hinske","L","R",4478,3909,1000,116,508,0.256,0.343,30,31,16.99,18.93
"hinslje01","Jerry Hinsley","Jerry","Hinsley","R","R",1,0,0,0,1,NA,1,0,0,0,0
"hintoch01","Chuck Hinton","Chuck","Hinton","R","R",4752,4291,1110,84,418,0.259,0.323,7,36,2.65,4.46
"hiranyo01","Yoshihisa Hirano","Yoshihisa","Hirano","R","R",39,34,10,1,5,0.294,0.385,0,0,0.86,0.94
"hirshja01","Jason Hirsh","Jason","Hirsh","R","R",64,59,11,1,5,0.186,0.25,0,0,0.09,0.09
"hiserge01","Gene Hiser","Gene","Hiser","L","L",43,38,9,0,5,0.237,0.326,0,0,-0.01,0.02
"hislela01","Larry Hisle","Larry","Hisle","R","R",4822,4258,1178,173,483,0.277,0.353,39,42,25.8,23.34
"hisneha01","Harley Hisner","Harley","Hisner","R","R",1,0,0,0,1,NA,1,0,0,0,0
"hiurake01","Keston Hiura","Keston","Hiura","R","R",1590,1401,383,55,141,0.273,0.356,42,6,6.32,6.4
"hoakdo01","Don Hoak","Don","Hoak","R","R",5143,4546,1184,81,542,0.26,0.34,22,33,22.76,21.37
"hobbigl01","Glen Hobbie","Glen","Hobbie","R","R",180,171,35,0,8,0.205,0.239,0,1,-0.94,-0.86
"hobsobu01","Butch Hobson","Butch","Hobson","R","R",2855,2598,652,96,224,0.251,0.309,5,28,5.12,5.97
"hochelu01","Luke Hochevar","Luke","Hochevar","R","R",154,136,38,4,18,0.279,0.364,0,0,0.34,0.29
"hockeor01","Oris Hockett","Oris","Hockett","L","R",1815,1729,474,17,79,0.274,0.309,7,0,-0.73,-0.8
"hockide01","Denny Hocking","Denny","Hocking","B","R",2662,2444,574,11,187,0.235,0.289,7,24,-4.48,-7.57
"hodapjo01","Johnny Hodapp","Johnny","Hodapp","R","R",3006,2887,760,39,114,0.263,0.292,5,0,4.3,3.32
"hoderme01","Mel Hoderlein","Mel","Hoderlein","B","R",16,13,5,0,3,0.385,0.5,0,0,0.02,0.02
"hodgegi01","Gil Hodges","Gil","Hodges","R","R",7674,6767,1831,304,832,0.271,0.35,25,50,43.69,41.95
"hodgero01","Ron Hodges","Ron","Hodges","L","R",1692,1442,368,30,231,0.255,0.356,4,15,8.29,8.26
"hodgira01","Ralph Hodgin","Ralph","Hodgin","L","R",1894,1814,491,5,63,0.271,0.301,17,0,2.58,2
"hoeftbi01","Billy Hoeft","Billy","Hoeft","L","L",716,643,137,3,69,0.213,0.288,0,4,1.8,1.08
"hoeinbr01","Bryan Hoeing","Bryan","Hoeing","R","R",1,0,0,0,1,NA,1,0,0,0.01,0
"hoernjo01","Joe Hoerner","Joe","Hoerner","R","L",30,26,7,0,4,0.269,0.367,0,0,0.02,0.02
"hoernni01","Nico Hoerner","Nico","Hoerner","R","R",2498,2217,675,27,202,0.304,0.374,58,21,19.24,17.98
"hoersle01","Lefty Hoerst","Lefty","Hoerst","L","L",2,1,0,0,1,0,0.5,0,0,0,0.01
"hoeslj01","L J  Hoes","L. J.","Hoes","R","R",519,464,130,9,50,0.28,0.349,1,4,1.96,1.48
"hoeyja02","Jim Hoey","Jim","Hoey","R","R",1,0,0,0,1,NA,1,0,0,0.01,0.01
"hoffmgl01","Glenn Hoffman","Glenn","Hoffman","R","R",2072,1888,485,34,155,0.257,0.316,15,14,5,4.55
"hoffmja01","Jamie Hoffmann","Jamie","Hoffmann","R","R",109,98,24,3,9,0.245,0.303,0,2,0.35,0.4
"hoffmje02","Jeff Hoffman","Jeff","Hoffman","R","R",324,297,71,4,27,0.239,0.302,0,0,1.42,1.44
"hoffmtr01","Trevor Hoffman","Trevor","Hoffman","R","R",101,89,26,0,12,0.292,0.376,0,0,0.31,0.35
"hoffpja01","Jarrett Hoffpauir","Jarrett","Hoffpauir","R","R",146,129,35,2,17,0.271,0.356,0,0,0.98,0.82
"hoffpmi01","Micah Hoffpauir","Micah","Hoffpauir","L","L",510,458,126,12,48,0.275,0.345,2,2,2.28,2.1
"hofmabo01","Bobby Hofman","Bobby","Hofman","R","R",893,811,205,29,74,0.253,0.317,4,4,1.49,2.22
"hofmaso01","Solly Hofman","Solly","Hofman","R","R",2274,2126,514,3,143,0.242,0.291,5,0,-2.11,0.26
"hogansh01","Shanty Hogan","Shanty","Hogan","R","R",3660,3450,914,73,172,0.265,0.307,38,0,5.29,7.23
"hogsech01","Elon Hogsett","Elon","Hogsett","L","L",216,202,45,3,13,0.223,0.273,1,0,-2.22,-1.92
"hoilech01","Chris Hoiles","Chris","Hoiles","R","R",3423,2920,741,120,431,0.254,0.355,44,28,24.11,25.51
"holadbr01","Bryan Holaday","Bryan","Holaday","R","R",1315,1189,321,22,108,0.27,0.333,9,9,5.92,2.02
"holbera01","Ray Holbert","Ray","Holbert","R","R",7,6,2,0,1,0.333,0.429,0,0,0,0
"holdejo02","Jonathan Holder","Jonathan","Holder","R","R",12,9,2,0,3,0.222,0.417,0,0,0.06,0.06
"holdzjo01","John Holdzkom","John","Holdzkom","R","R",8,7,3,0,1,0.429,0.5,0,0,0.04,0.04
"hollaal01","Al Holland","Al","Holland","R","L",76,67,14,0,9,0.209,0.303,0,0,0.89,0.94
"hollade01","Derek Holland","Derek","Holland","B","L",349,313,77,5,36,0.246,0.324,0,0,1.37,1.21
"holladu01","Dutch Holland","Dutch","Holland","R","R",255,237,63,1,18,0.266,0.318,0,0,0.66,0.59
"hollagr01","Greg Holland","Greg","Holland","R","R",63,51,15,0,12,0.294,0.429,0,0,0.38,0.38
"hollama01","Mario Hollands","Mario","Hollands","L","L",11,9,2,0,2,0.222,0.364,0,0,0.08,0.08
"hollato01","Todd Hollandsworth","Todd","Hollandsworth","L","L",2424,2211,581,49,197,0.263,0.323,5,11,8.13,6.08
"hollega01","Gary Holle","Gary","Holle","R","L",7,6,2,0,1,0.333,0.429,0,0,0.01,0.01
"hollial01","Al Hollingsworth","Al","Hollingsworth","L","L",329,317,72,2,11,0.227,0.255,1,0,0.73,-0.13
"hollibu01","Bug Holliday","Bug","Holliday","R","R",1683,1616,402,56,60,0.249,0.279,7,0,1.07,-0.64
"hollida01","Dave Hollins","Dave","Hollins","B","R",3639,3123,788,82,424,0.252,0.351,64,28,17.9,13.88
"hollida02","Damon Hollins","Damon","Hollins","R","L",739,682,175,23,53,0.257,0.31,1,3,2.2,1.73
"hollima01","Matt Holliday","Matt","Holliday","R","R",8052,6960,2074,285,923,0.298,0.388,124,45,52.27,54.52
"hollimi01","Michael Hollimon","Michael","Hollimon","B","R",76,69,19,2,6,0.275,0.329,0,1,0.57,0.41
"holloch01","Charlie Hollocher","Charlie","Hollocher","L","R",3439,3245,799,5,168,0.246,0.289,26,0,13.16,13.74
"holloji01","Jim Holloway","Jim","Holloway","R","R",1,0,0,0,1,NA,1,0,0,0,0
"hollojo01","Jordan Holloway","Jordan","Holloway","R","R",73,67,17,1,6,0.254,0.315,0,0,0.28,0.31
"holmasc01","Scott Holman","Scott","Holman","R","R",7,6,2,0,1,0.333,0.429,0,0,0,0
"holmbda01","David Holmberg","David","Holmberg","R","L",134,116,30,2,17,0.259,0.358,1,0,0.63,0.59
"holmecl01","Clay Holmes","Clay","Holmes","R","R",140,127,33,3,13,0.26,0.329,0,0,1.41,1.22
"holmeto01","Tommy Holmes","Tommy","Holmes","L","L",5607,5229,1545,108,354,0.295,0.343,24,0,33.54,30.31
"holmst01","Steve Holm","Steve","Holm","R","R",280,245,66,4,31,0.269,0.357,3,1,0.81,1.08
"holtbr01","Brock Holt","Brock","Holt","L","R",2926,2572,712,40,308,0.277,0.357,24,22,15.73,13.41
"holtji01","Jim Holt","Jim","Holt","L","R",942,860,237,16,68,0.276,0.33,6,8,2.2,2.34
"holtobr01","Brian Holton","Brian","Holton","R","R",4,3,1,0,1,0.333,0.5,0,0,0.01,0
"holtro01","Roger Holt","Roger","Holt","B","R",6,5,1,0,1,0.2,0.333,0,0,0.01,0
"holtty01","Tyler Holt","Tyler","Holt","R","R",482,424,109,5,54,0.257,0.344,3,1,1.76,2.01
"holtzke01","Ken Holtzman","Ken","Holtzman","R","L",769,734,147,3,34,0.2,0.235,0,1,0.49,0
"honeyri01","Rick Honeycutt","Rick","Honeycutt","L","L",205,184,42,0,21,0.228,0.307,0,0,0.78,0.91
"hoodde01","Destin Hood","Destin","Hood","R","R",82,76,20,2,6,0.263,0.317,0,0,0.25,0.32
"hooddo01","Don Hood","Don","Hood","L","L",0,0,0,0,0,NA,NA,0,0,0,0
"hookja01","Jay Hook","Jay","Hook","L","R",338,309,63,0,28,0.204,0.269,0,1,0.5,-0.04
"hoopeha01","Harry Hooper","Harry","Hooper","L","R",9408,8469,1898,124,876,0.224,0.302,63,0,9.91,8.67
"hoopeke01","Kevin Hooper","Kevin","Hooper","R","R",82,73,19,2,9,0.26,0.341,0,0,0.48,0.29
"hootobu01","Burt Hooton","Burt","Hooton","R","R",711,645,128,11,62,0.198,0.27,2,2,1.84,1.34
"hoovejj01","J J  Hoover","J. J.","Hoover","R","R",75,63,19,0,12,0.302,0.413,0,0,0.47,0.44
"hoovepa01","Paul Hoover","Paul","Hoover","R","R",71,66,15,1,5,0.227,0.282,0,0,-0.15,-0.06
"hopkido01","Don Hopkins","Don","Hopkins","L","R",8,6,2,0,2,0.333,0.5,0,0,0.03,0.05
"hopkiga01","Gail Hopkins","Gail","Hopkins","L","R",1332,1189,318,21,127,0.267,0.339,6,10,0.89,0.64
"hoppeno01","Norris Hopper","Norris","Hopper","R","R",521,471,142,6,46,0.301,0.365,2,2,3.06,3.52
"hoppjo01","Johnny Hopp","Johnny","Hopp","L","L",5018,4618,1303,50,382,0.282,0.339,18,0,21.86,18.09
"horgajo01","Joe Horgan","Joe","Horgan","L","L",37,33,8,1,4,0.242,0.324,0,0,0.25,0.26
"hornebo01","Bob Horner","Bob","Horner","R","R",4309,3828,1049,175,415,0.274,0.343,16,50,23.82,21.38
"hornsa01","Sam Horn","Sam","Horn","L","L",1255,1104,275,58,138,0.249,0.335,7,6,2.4,3.05
"hornsro01","Rogers Hornsby","Rogers","Hornsby","R","R",9421,8459,2578,428,914,0.305,0.376,48,0,97.16,94.49
"horstje01","Jeremy Horst","Jeremy","Horst","L","L",32,28,10,0,4,0.357,0.438,0,0,0.15,0.16
"hortori01","Ricky Horton","Ricky","Horton","L","L",32,29,5,0,3,0.172,0.25,0,0,0.1,-0.04
"hortoto01","Tony Horton","Tony","Horton","R","R",2144,2025,551,53,94,0.272,0.307,13,12,5.36,5.03
"hortowi01","Willie Horton","Willie","Horton","R","R",8308,7541,2088,292,650,0.277,0.337,58,59,28.28,29.15
"horwibr01","Brian Horwitz","Brian","Horwitz","R","R",89,77,20,3,11,0.26,0.348,0,1,0.48,0.34
"horwisp01","Spencer Horwitz","Spencer","Horwitz","L","R",402,337,99,10,52,0.294,0.398,9,4,2.29,2.68
"hoskirh01","Rhys Hoskins","Rhys","Hoskins","R","R",3772,3162,847,145,529,0.268,0.379,52,29,17.28,18.6
"hosleti01","Tim Hosley","Tim","Hosley","R","R",455,387,94,11,61,0.243,0.349,4,3,2.03,1.94
"hosmeer01","Eric Hosmer","Eric","Hosmer","L","L",7259,6493,1899,187,701,0.292,0.361,24,41,30.73,25.01
"hosteda01","Dave Hostetler","Dave","Hostetler","R","R",796,695,170,37,88,0.245,0.332,6,7,0.5,0.88
"hottoto01","Tommy Hottovy","Tommy","Hottovy","L","L",1,0,0,0,1,NA,1,0,0,0.01,0.01
"houckta01","Tanner Houck","Tanner","Houck","R","R",18,16,4,0,2,0.25,0.333,0,0,0.01,0.01
"houghch01","Charlie Hough","Charlie","Hough","R","R",131,119,31,1,12,0.261,0.328,0,0,1.23,1.31
"houkra01","Ralph Houk","Ralph","Houk","R","R",194,176,48,0,17,0.273,0.34,1,0,-0.35,0.25
"houltdj01","D J  Houlton","D. J.","Houlton","R","R",90,80,18,1,10,0.225,0.311,0,0,0.32,0.39
"housead01","Adrian Houser","Adrian","Houser","R","R",214,195,39,4,19,0.2,0.271,0,0,1.01,0.9
"housefr03","Frank House","Frank","House","L","R",1952,1812,438,35,114,0.242,0.287,9,17,2.28,3.77
"housejr01","J R  House","J. R.","House","R","R",92,84,21,4,6,0.25,0.315,2,0,0.41,0.29
"housepa02","Paul Householder","Paul","Householder","B","R",1458,1306,332,32,139,0.254,0.327,6,7,2.48,2.32
"housetj01","T J  House","T. J.","House","R","L",22,19,5,1,3,0.263,0.364,0,0,0.03,0.03
"houseto01","Tom House","Tom","House","L","L",37,32,8,0,5,0.25,0.351,0,0,0.12,0.12
"houstty01","Tyler Houston","Tyler","Houston","L","R",1392,1298,330,35,87,0.254,0.303,5,2,-0.46,0.85
"houttar01","Art Houtteman","Art","Houtteman","R","R",684,663,146,2,20,0.22,0.243,0,1,-2.8,-2.68
"hovlest01","Steve Hovley","Steve","Hovley","L","L",1322,1200,309,9,114,0.258,0.323,4,4,-0.35,-0.51
"howarch01","Chris Howard","Chris","Howard","R","R",9,8,2,0,1,0.25,0.333,0,0,0.02,0.01
"howardo01","Doug Howard","Doug","Howard","R","R",181,164,43,3,13,0.262,0.315,1,3,-0.98,-0.76
"howarel01","Elston Howard","Elston","Howard","R","R",5925,5562,1520,134,287,0.273,0.309,25,51,18.47,22.78
"howarfr01","Frank Howard","Frank","Howard","R","R",7512,6664,1859,374,772,0.279,0.355,33,43,32.82,34.15
"howariv01","Ivan Howard","Ivan","Howard","B","R",730,666,144,2,52,0.216,0.285,12,0,-1.19,-0.97
"howarji01","Jim Howarth","Jim","Howarth","L","L",18,15,5,0,3,0.333,0.444,0,0,0.01,0.01
"howarla01","Larry Howard","Larry","Howard","R","R",220,202,56,6,17,0.277,0.332,0,1,0.87,0.83
"howarmi01","Mike Howard","Mike","Howard","B","R",83,68,16,2,12,0.235,0.349,1,2,0.42,0.44
"howarry01","Ryan Howard","Ryan","Howard","L","L",6554,5659,1555,327,781,0.275,0.365,59,55,29.9,31.7
"howarsa01","Sam Howard","Sam","Howard","R","L",40,34,10,1,6,0.294,0.4,0,0,0.44,0.42
"howarsp01","Spencer Howard","Spencer","Howard","R","R",68,61,17,1,7,0.279,0.353,0,0,0.51,0.42
"howarth01","Thomas Howard","Thomas","Howard","B","R",1644,1541,412,14,91,0.267,0.307,2,10,1.73,1.66
"howarwi01","Wilbur Howard","Wilbur","Howard","B","R",1001,932,258,11,59,0.277,0.323,6,4,2.65,2.54
"howear01","Art Howe","Art","Howe","R","R",3089,2737,761,73,318,0.278,0.352,9,25,17.43,17.05
"howeldi01","Dixie Howell","Dixie","Howell","L","R",94,88,22,3,6,0.25,0.298,0,0,0.59,0.53
"howeldi02","Dixie Howell","Dixie","Howell","R","R",513,476,115,8,35,0.242,0.296,2,0,-0.84,-0.35
"howelja01","Jay Howell","Jay","Howell","R","R",3,2,1,0,1,0.5,0.667,0,0,0.02,0.01
"howelja02","Jack Howell","Jack","Howell","L","R",2419,2141,521,72,257,0.243,0.327,12,9,9.35,9.28
"howeljp01","J P  Howell","J. P.","Howell","L","L",177,155,44,3,22,0.284,0.373,0,0,2.02,1.96
"howelke01","Ken Howell","Ken","Howell","R","R",9,7,2,0,2,0.286,0.444,0,0,0.01,0.01
"howelro02","Roy Howell","Roy","Howell","L","R",4265,3851,1029,104,367,0.267,0.333,23,24,15.19,14.16
"howerbi01","Bill Howerton","Bill","Howerton","L","R",825,738,189,24,87,0.256,0.335,0,0,2.87,2.67
"howest01","Steve Howe","Steve","Howe","L","L",26,22,6,0,4,0.273,0.385,0,0,0.15,0.14
"howrybo01","Bob Howry","Bob","Howry","L","R",98,84,27,1,14,0.321,0.418,0,0,1.1,1.09
"howsedi01","Dick Howser","Dick","Howser","R","R",2623,2284,542,5,314,0.237,0.33,9,16,3.52,0.42
"hoyinja01","Jared Hoying","Jared","Hoying","L","R",311,283,75,5,27,0.265,0.328,0,1,0.99,1.03
"hoytja01","James Hoyt","James","Hoyt","R","R",1,0,0,0,1,NA,1,0,0,0.01,0.01
"hoytla01","LaMarr Hoyt","LaMarr","Hoyt","R","R",0,0,0,0,0,NA,NA,0,0,0,0
"hraboal01","Al Hrabosky","Al","Hrabosky","R","L",68,54,14,0,13,0.259,0.412,1,0,0.75,0.69
"hrbekke01","Kent Hrbek","Kent","Hrbek","L","R",7239,6286,1738,284,861,0.276,0.363,26,66,40.46,39.23
"hubbagl01","Glenn Hubbard","Glenn","Hubbard","R","R",5227,4570,1138,80,585,0.249,0.336,33,39,24.44,20.38
"hubbatr01","Trent Hubbard","Trent","Hubbard","R","R",643,580,155,9,55,0.267,0.333,4,4,0.7,0.59
"hubbeca01","Carl Hubbell","Carl","Hubbell","R","L",733,723,144,1,10,0.199,0.21,0,0,-1.91,-2.53
"hubbske01","Ken Hubbs","Ken","Hubbs","R","R",618,573,129,2,39,0.225,0.275,2,4,1.24,0.87
"huberju01","Justin Huber","Justin","Huber","R","R",250,226,61,6,22,0.27,0.34,2,0,0.93,0.72
"huch01","Chin lung Hu","Chin-lung","Hu","R","R",457,413,96,9,40,0.232,0.3,1,3,1.92,1.49
"huckake01","Ken Huckaby","Ken","Huckaby","R","R",0,0,0,0,0,NA,NA,0,0,0,0
"hudlere01","Rex Hudler","Rex","Hudler","R","R",1876,1786,468,48,66,0.262,0.292,14,10,6,5.46
"hudliwi01","Willis Hudlin","Willis","Hudlin","R","R",348,319,68,4,26,0.213,0.279,3,0,-2.08,-1.27
"hudsoda01","Daniel Hudson","Daniel","Hudson","R","R",377,335,96,6,40,0.287,0.363,1,1,3.63,3.69
"hudsoda02","Dakota Hudson","Dakota","Hudson","R","R",189,172,38,2,16,0.221,0.291,1,0,0.87,0.89
"hudsojo01","Johnny Hudson","Johnny","Hudson","R","R",651,610,127,1,39,0.208,0.258,2,0,-1.25,-0.36
"hudsojo03","Joe Hudson","Joe","Hudson","R","R",89,80,24,1,9,0.3,0.371,0,0,0.25,0.34
"hudsoky01","Kyle Hudson","Kyle","Hudson","L","L",73,68,17,1,5,0.25,0.301,0,0,0.19,0.11
"hudsolu01","Luke Hudson","Luke","Hudson","R","R",147,132,34,2,14,0.258,0.327,0,1,1.01,0.87
"hudsoor01","Orlando Hudson","Orlando","Hudson","B","R",5385,4773,1316,87,540,0.276,0.35,30,42,35.24,26.62
"hudsosi01","Sid Hudson","Sid","Hudson","R","R",1002,973,211,0,28,0.217,0.24,1,0,0.17,-0.56
"hudsoti01","Tim Hudson","Tim","Hudson","R","R",1352,1239,298,20,109,0.241,0.303,2,2,6.63,6.38
"huffau01","Aubrey Huff","Aubrey","Huff","L","R",6623,5889,1649,207,625,0.28,0.35,47,62,28.65,25.57
"huffda01","David Huff","David","Huff","B","L",100,89,25,2,11,0.281,0.36,0,0,0.5,0.46
"huffmch01","Chad Huffman","Chad","Huffman","R","R",132,117,32,2,14,0.274,0.356,1,0,0.64,0.55
"huffmi01","Mike Huff","Mike","Huff","R","R",972,840,206,7,111,0.245,0.34,13,8,1.52,2.75
"huffsa01","Sam Huff","Sam","Huff","R","R",204,184,50,6,20,0.272,0.343,0,0,1.85,1.86
"huggimi01","Miller Huggins","Miller","Huggins","B","R",5613,4847,974,9,729,0.201,0.31,37,0,-6.36,-1.63
"hughebr01","Brandon Hughes","Brandon","Hughes","B","L",2,1,0,0,1,0,0.5,0,0,0.01,0.01
"hughedi01","Dick Hughes","Dick","Hughes","R","R",5,4,1,0,1,0.25,0.4,0,0,0.01,0.01
"hughedu01","Dusty Hughes","Dusty","Hughes","L","L",3,2,1,0,1,0.5,0.667,0,0,0.02,0.02
"hugheja02","Jared Hughes","Jared","Hughes","R","R",195,172,49,5,23,0.285,0.369,0,0,4.19,4.05
"hughelu01","Luke Hughes","Luke","Hughes","R","R",452,407,100,12,40,0.246,0.316,3,2,1.27,0.98
"hugheph01","Phil Hughes","Phil","Hughes","R","R",206,183,52,5,23,0.284,0.364,0,0,0.3,0.31
"hugherh01","Rhyne Hughes","Rhyne","Hughes","L","L",97,88,22,1,9,0.25,0.32,0,0,0.25,0.28
"hughero01","Roy Hughes","Roy","Hughes","R","R",1345,1234,317,2,106,0.257,0.318,5,0,-0.47,-0.32
"hugheto03","Tom Hughes","Tom","Hughes","L","R",65,62,18,0,3,0.29,0.323,0,0,0.07,0.08
"hugheto05","Tom Hughes","Tom","Hughes","L","R",1,0,0,0,1,NA,1,0,0,0,0
"hughetr01","Travis Hughes","Travis","Hughes","R","R",19,16,5,0,3,0.312,0.421,0,0,0.06,0.06
"huismju01","Justin Huisman","Justin","Huisman","R","R",1,0,0,0,1,NA,1,0,0,0,0
"huletti01","Tim Hulett","Tim","Hulett","R","R",2320,2142,547,43,155,0.255,0.307,10,13,6.45,7.16
"hulettu01","Tug Hulett","Tug","Hulett","L","R",172,155,37,3,16,0.239,0.314,1,0,-0.49,0.44
"huller01","Eric Hull","Eric","Hull","R","R",5,4,1,0,1,0.25,0.4,0,0,0.02,0.02
"hulseda01","David Hulse","David","Hulse","L","L",921,868,234,2,47,0.27,0.308,3,3,2.39,0.79
"hultzda01","Danny Hultzen","Danny","Hultzen","L","L",7,6,2,0,1,0.333,0.429,0,0,0.03,0.03
"humbeph01","Philip Humber","Philip","Humber","R","R",1,0,0,0,1,NA,1,0,0,0.01,0.01
"humeto01","Tom Hume","Tom","Hume","R","R",127,114,27,1,13,0.237,0.315,0,0,0.41,0.28
"humphbo01","Bob Humphreys","Bob","Humphreys","R","R",11,8,2,0,3,0.25,0.455,0,0,0.01,-0.01
"humphjo02","Johnny Humphries","Johnny","Humphries","R","R",282,275,63,0,7,0.229,0.248,0,0,0.25,0.39
"humphte01","Terry Humphrey","Terry","Humphrey","R","R",777,700,173,9,57,0.247,0.31,11,9,1.98,1.75
"hundlni01","Nick Hundley","Nick","Hundley","R","R",3607,3254,869,94,306,0.267,0.331,19,28,17.26,13.54
"hundlra01","Randy Hundley","Randy","Hundley","R","R",3954,3610,866,79,304,0.24,0.299,13,27,13.37,14.01
"hundlto01","Todd Hundley","Todd","Hundley","B","R",3467,3031,717,150,385,0.237,0.326,27,24,12.1,14.37
"huntebr01","Brian Hunter","Brian","Hunter","R","L",1176,1078,238,36,71,0.221,0.268,6,21,-1.62,-1.13
"huntebr02","Brian Hunter","Brian","Hunter","R","R",3731,3475,875,8,214,0.252,0.295,13,29,4.57,2.13
"huntebu01","Buddy Hunter","Buddy","Hunter","R","R",11,9,2,0,2,0.222,0.364,0,0,0.01,0
"hunteca01","Catfish Hunter","Catfish","Hunter","R","R",688,673,166,4,10,0.247,0.256,0,5,3.28,2.75
"hunteto01","Torii Hunter","Torii","Hunter","R","R",8789,7913,2242,304,723,0.283,0.347,89,64,57.07,49.89
"hunteto02","Tommy Hunter","Tommy","Hunter","R","R",119,103,30,2,16,0.291,0.387,0,0,0.98,1.03
"huntro01","Ron Hunt","Ron","Hunt","R","R",6271,5419,1531,38,587,0.283,0.376,243,22,33.4,29.04
"huntzst01","Steve Huntz","Steve","Huntz","B","R",803,695,148,17,103,0.213,0.314,1,4,0.56,0.68
"hurdlcl01","Clint Hurdle","Clint","Hurdle","L","R",1296,1130,309,36,146,0.273,0.355,5,15,5.46,5.48
"hurdto01","Tom Hurd","Tom","Hurd","R","R",5,4,1,0,1,0.25,0.4,0,0,0.01,0.01
"hurleer01","Eric Hurley","Eric","Hurley","R","R",18,16,4,0,2,0.25,0.333,0,0,0,0
"hurshja01","Jason Hursh","Jason","Hursh","R","R",9,7,3,0,2,0.429,0.556,0,0,0.05,0.04
"hurstdo01","Don Hurst","Don","Hurst","L","L",3396,3015,652,104,366,0.216,0.304,15,0,6.51,5.12
"hurstsc01","Scott Hurst","Scott","Hurst","L","R",58,53,13,1,5,0.245,0.31,0,0,0.17,0.13
"husonje01","Jeff Huson","Jeff","Huson","L","R",1543,1371,323,7,157,0.236,0.314,4,11,3.23,2.18
"hutchch01","Chad Hutchinson","Chad","Hutchinson","R","R",1,0,0,0,1,NA,1,0,0,0,0.01
"hutchdr01","Drew Hutchison","Drew","Hutchison","L","R",152,134,40,2,18,0.299,0.382,0,0,0.82,0.84
"hutchfr01","Fred Hutchinson","Fred","Hutchinson","L","R",969,900,232,5,66,0.258,0.311,3,0,5.81,6.15
"hutchjo02","Johnny Hutchings","Johnny","Hutchings","B","R",13,11,3,0,2,0.273,0.385,0,0,0.01,0
"hutsohe01","Herb Hutson","Herb","Hutson","R","R",3,2,0,0,1,0,0.333,0,0,0.02,0.01
"huttoma01","Mark Hutton","Mark","Hutton","R","R",36,34,9,1,2,0.265,0.306,0,0,0.16,0.21
"huttoto01","Tom Hutton","Tom","Hutton","L","L",2027,1760,462,31,257,0.262,0.355,0,10,4.34,5.97
"hwangja01","Jae gyun Hwang","Jae-gyun","Hwang","R","R",118,106,26,2,12,0.245,0.322,0,0,0.28,0.28
"hynesco01","Colt Hynes","Colt","Hynes","L","L",8,7,3,0,1,0.429,0.5,0,0,0.05,0.05
"hyzduad01","Adam Hyzdu","Adam","Hyzdu","R","R",645,571,135,21,67,0.236,0.318,3,4,0.35,1.93
"iannech01","Chris Iannetta","Chris","Iannetta","R","R",4478,3697,956,124,676,0.259,0.38,69,36,24.85,19.2
"ibanean01","Andy Ibáñez","Andy","Ibanez","R","R",1025,938,263,17,75,0.28,0.337,7,5,6.62,4.92
"ibanera01","Raul Ibanez","Raul","Ibanez","L","R",7731,6886,1939,256,757,0.282,0.352,27,61,32.81,31.58
"igarary01","Ryota Igarashi","Ryota","Igarashi","R","R",17,15,5,0,2,0.333,0.412,0,0,0.12,0.13
"igawake01","Kei Igawa","Kei","Igawa","L","L",20,17,5,0,3,0.294,0.4,0,0,0.09,0.1
"iglesjo01","José Iglesias","Jose","Iglesias","R","R",4622,4209,1236,56,317,0.294,0.352,74,22,24.03,25.63
"iglesra01","Raisel Iglesias","Raisel","Iglesias","R","R",266,242,59,5,24,0.244,0.312,0,0,3.3,3.22
"iguchta01","Tadahito Iguchi","Tadahito","Iguchi","R","R",2015,1781,485,35,208,0.272,0.35,12,14,8.52,9.08
"ilslebl01","Blaise Ilsley","Blaise","Ilsley","L","L",1,0,0,0,1,NA,1,0,0,0,0
"incavpe01","Pete Incaviglia","Pete","Incaviglia","R","R",4230,3832,938,170,324,0.245,0.307,38,36,10.94,11.26
"inciaen01","Ender Inciarte","Ender","Inciarte","L","L",3647,3281,959,54,329,0.292,0.358,18,19,24.01,20.01
"indiajo01","Jonathan India","Jonathan","India","R","R",2363,1951,527,36,289,0.27,0.387,98,25,9,10.27
"infangr01","Gregory Infante","Greg","Infante","R","R",5,4,1,0,1,0.25,0.4,0,0,0.02,0.02
"infanom01","Omar Infante","Omar","Infante","R","R",5893,5385,1514,97,441,0.281,0.334,14,53,26.61,23.68
"ingebr01","Brandon Inge","Brandon","Inge","R","R",5083,4505,1158,132,470,0.257,0.333,64,44,26.96,22.78
"inglejo01","Joe Inglett","Joe","Inglett","L","R",1123,1012,295,14,100,0.292,0.359,8,3,7.67,5.35
"ingraga01","Garey Ingram","Garey","Ingram","R","R",166,149,37,2,17,0.248,0.325,0,0,-0.45,-0.25
"iorgda01","Dane Iorg","Dane","Iorg","L","R",1508,1369,393,22,115,0.287,0.338,2,22,4.34,4.78
"iorgga01","Garth Iorg","Garth","Iorg","R","R",2583,2404,640,28,152,0.266,0.31,10,17,6.78,4.98
"irabuhi01","Hideki Irabu","Hideki","Irabu","R","R",1,0,0,0,1,NA,1,0,0,0,0
"irelati01","Tim Ireland","Tim","Ireland","B","R",1,0,0,0,1,NA,1,0,0,0.01,0.01
"iribahe01","Hernan Iribarren","Hernan","Iribarren","L","R",234,214,61,4,20,0.285,0.346,0,0,1.27,1.24
"irvinco01","Cole Irvin","Cole","Irvin","L","L",123,109,29,2,14,0.266,0.35,0,0,0.65,0.54
"irvined01","Ed Irwin","Ed","Irwin","R","R",5,5,1,0,0,0.2,0.2,0,0,0.01,0.01
"irvinmo01","Monte Irvin","Monte","Irvin","R","R",2958,2612,758,79,312,0.29,0.37,23,11,20.7,20.33
"irwinjo01","John Irwin","John","Irwin","L","R",118,114,24,1,1,0.211,0.237,3,0,-1.32,-1.1
"irwinph01","Phil Irwin","Phil","Irwin","R","R",15,13,4,0,2,0.308,0.4,0,0,0,0.01
"isaleor01","Orlando Isales","Orlando","Isales","R","R",5,4,1,0,1,0.25,0.4,0,0,0.01,0.01
"isbelky01","Kyle Isbel","Kyle","Isbel","L","R",1261,1145,289,15,93,0.252,0.313,13,10,6.79,5.71
"ishiika01","Kazuhisa Ishii","Kazuhisa","Ishii","L","L",174,163,36,2,11,0.221,0.27,0,0,0.64,0.44
"ishiktr01","Travis Ishikawa","Travis","Ishikawa","L","L",1426,1270,347,32,141,0.273,0.349,9,6,6.37,6.44
"isrinja01","Jason Isringhausen","Jason","Isringhausen","R","R",268,241,58,3,24,0.241,0.31,1,2,1.26,1.51
"iviemi01","Mike Ivie","Mike","Ivie","R","R",2984,2693,755,97,247,0.28,0.341,17,27,10.81,10.47
"iwakuhi01","Hisashi Iwakuma","Hisashi","Iwakuma","R","R",1,0,0,0,1,NA,1,0,0,0.01,0.01
"iwamuak01","Akinori Iwamura","Akinori","Iwamura","L","R",1762,1546,422,21,198,0.273,0.355,6,12,6.24,7.07
"izturce01","Cesar Izturis","Cesar","Izturis","B","R",4789,4441,1175,40,308,0.265,0.314,22,18,13.62,11.34
"izturma01","Maicer Izturis","Maicer","Izturis","B","R",3331,2971,829,50,314,0.279,0.35,22,24,18.14,17.75
"jablora01","Ray Jablonski","Ray","Jablonski","R","R",2099,1913,503,52,143,0.263,0.314,14,29,3.7,2.91
"jacksal01","Al Jackson","Al","Jackson","L","L",511,484,106,1,23,0.219,0.254,1,3,0.4,0.63
"jacksal02","Alex Jackson","Alex","Jackson","R","R",328,287,58,5,31,0.202,0.299,9,1,0.65,0.76
"jacksan01","Andre Jackson","Andre","Jackson","R","R",53,48,12,1,5,0.25,0.321,0,0,0.11,0.15
"jacksau01","Austin Jackson","Austin","Jackson","R","R",4688,4170,1196,78,467,0.287,0.359,22,29,29.26,25.56
"jacksbo01","Bo Jackson","Bo","Jackson","R","R",2154,1964,501,129,168,0.255,0.314,7,15,9.01,8.41
"jacksbr01","Brett Jackson","Brett","Jackson","L","R",249,209,42,6,40,0.201,0.329,0,0,0.89,0.95
"jacksch03","Chuck Jackson","Chuck","Jackson","R","R",96,85,20,1,10,0.235,0.312,0,1,0.43,0.35
"jacksco01","Conor Jackson","Conor","Jackson","R","R",2624,2283,615,53,296,0.269,0.357,27,18,5.57,7.64
"jacksda01","Darrell Jackson","Darrell","Jackson","B","L",0,0,0,0,0,NA,NA,0,0,0,0
"jacksda02","Danny Jackson","Danny","Jackson","R","L",265,252,51,0,12,0.202,0.238,0,1,-0.39,-0.66
"jacksda03","Darrin Jackson","Darrin","Jackson","R","R",2819,2667,668,67,124,0.25,0.285,11,17,9.86,10.47
"jacksda04","Damian Jackson","Damian","Jackson","R","R",2683,2385,580,20,260,0.243,0.322,24,14,8.02,6.35
"jacksed01","Edwin Jackson","Edwin","Jackson","R","R",900,816,205,16,83,0.251,0.32,0,1,5.53,5.39
"jacksgr01","Grant Jackson","Grant","Jackson","B","L",294,277,58,2,16,0.209,0.255,1,0,-0.25,-0.81
"jacksja01","Jay Jackson","Jay","Jackson","R","R",69,61,19,2,8,0.311,0.391,0,0,0.87,0.83
"jacksjo01","Shoeless Joe Jackson","Shoeless Joe","Jackson","L","R",5749,5365,1633,142,325,0.304,0.351,59,0,45.11,42.12
"jacksla01","Larry Jackson","Larry","Jackson","R","R",737,702,141,0,32,0.201,0.239,3,0,0.95,0.51
"jackslu01","Luke Jackson","Luke","Jackson","R","R",110,96,26,2,14,0.271,0.364,0,0,1.38,1.49
"jacksmi01","Mike Jackson","Mike","Jackson","L","L",1,0,0,0,1,NA,1,0,0,0,0.01
"jacksmi02","Michael Jackson","Michael","Jackson","R","R",6,5,1,0,1,0.2,0.333,0,0,-0.07,-0.04
"jacksra01","Randy Jackson","Randy","Jackson","R","R",3282,3037,763,92,223,0.251,0.303,7,15,10.34,9.9
"jacksre01","Reggie Jackson","Reggie","Jackson","L","L",11481,9931,2725,575,1392,0.274,0.367,91,67,76.72,75.88
"jacksro01","Ron Jackson","Ron","Jackson","R","R",709,646,152,22,55,0.235,0.299,5,3,-0.42,0.26
"jacksro02","Ron Jackson","Ron","Jackson","R","R",3199,2896,779,72,249,0.269,0.332,35,19,11.57,10.93
"jacksro03","Roy Lee Jackson","Roy Lee","Jackson","R","R",5,4,1,0,1,0.25,0.4,0,0,0,0
"jacksry01","Ryan Jackson","Ryan","Jackson","L","L",42,37,10,1,5,0.27,0.357,0,0,0.24,0.23
"jacksry02","Ryan Jackson","Ryan","Jackson","R","R",188,169,43,3,19,0.254,0.33,0,0,0.63,0.63
"jacksso01","Sonny Jackson","Sonny","Jackson","L","R",3552,3247,846,12,277,0.261,0.319,11,17,2.88,1.85
"jacksst01","Steven Jackson","Steven","Jackson","R","R",21,18,5,0,3,0.278,0.381,0,0,0.1,0.1
"jackstr01","Travis Jackson","Travis","Jackson","R","R",6652,6325,1552,137,317,0.245,0.282,10,0,31.51,31.41
"jacksza01","Zach Jackson","Zach","Jackson","L","L",55,50,12,1,5,0.24,0.309,0,0,0.16,0.12
"jacobba01","Baby Doll Jacobson","Baby Doll","Jacobson","R","R",4813,4608,1247,61,178,0.271,0.302,27,0,12.41,9.36
"jacobbr01","Brook Jacoby","Brook","Jacoby","R","R",5088,4567,1235,120,463,0.27,0.337,16,42,16.62,18.12
"jacobbu02","Bucky Jacobsen","Bucky","Jacobsen","R","R",228,206,59,9,20,0.286,0.351,1,1,1.01,0.81
"jacobmi02","Mike Jacobs","Mike","Jacobs","L","R",2257,2029,538,96,208,0.265,0.334,7,13,5.43,5.73
"jacobto01","Tony Jacobs","Tony","Jacobs","B","R",1,0,0,0,1,NA,1,0,0,0,0
"jaeckja01","Jake Jaeckel","Jake","Jaeckel","R","R",1,0,0,0,1,NA,1,0,0,0,0
"jahajo01","John Jaha","John","Jaha","R","R",2227,1871,480,85,315,0.257,0.37,30,11,11.52,9.98
"jaimeju01","Juan Jaime","Juan","Jaime","R","R",10,8,3,0,2,0.375,0.5,0,0,0.06,0.05
"jakubch01","Chris Jakubauskas","Chris","Jakubauskas","L","R",20,18,6,1,2,0.333,0.4,0,0,0.01,0.01
"jamesbo01","Bob James","Bob","James","R","R",20,18,5,0,2,0.278,0.35,0,0,0.04,0.06
"jamesch01","Charlie James","Charlie","James","R","R",657,627,150,12,25,0.239,0.271,3,2,-0.17,0.23
"jamesch02","Chris James","Chris","James","R","R",3388,3148,825,87,194,0.262,0.307,21,25,5.6,5.11
"jamesch03","Chuck James","Chuck","James","L","L",262,240,47,3,22,0.196,0.263,0,0,0.58,0.48
"jamescl01","Cleo James","Cleo","James","R","R",12,11,4,0,1,0.364,0.417,0,0,0,0.01
"jamesdi01","Dion James","Dion","James","L","L",3093,2738,784,28,329,0.286,0.363,11,15,6.33,5.13
"jamesdr01","Drey Jameson","Drey","Jameson","R","R",1,0,0,0,1,NA,1,0,0,0,0
"jamesjo02","Josh James","Josh","James","R","R",3,2,1,0,1,0.5,0.667,0,0,0.02,0.01
"jamesri01","Rick James","Rick","James","R","R",1,0,0,0,1,NA,1,0,0,0,0
"jamessk01","Skip James","Skip","James","L","L",15,13,4,0,2,0.308,0.4,0,0,0.01,0.01
"jamiech01","Charlie Jamieson","Charlie","Jamieson","L","L",7073,6460,1529,12,582,0.237,0.303,31,0,-6.93,-7.77
"janispa01","Paul Janish","Paul","Janish","R","R",1680,1498,369,21,158,0.246,0.323,16,8,6.26,5.59
"jankotr01","Travis Jankowski","Travis","Jankowski","L","R",1904,1659,446,21,225,0.269,0.361,16,4,9.84,9
"janseda01","Danny Jansen","Danny","Jansen","R","R",1992,1716,448,66,218,0.261,0.355,42,16,13.95,14.21
"janseke01","Kenley Jansen","Kenley","Jansen","B","R",227,199,58,6,28,0.291,0.379,0,0,5.27,4.88
"jansela01","Larry Jansen","Larry","Jansen","R","R",164,146,27,0,18,0.185,0.274,0,0,-0.13,-0.08
"janssca01","Casey Janssen","Casey","Janssen","R","R",66,55,15,0,11,0.273,0.394,0,0,0.17,0.16
"jaramja01","Jason Jaramillo","Jason","Jaramillo","B","R",496,449,114,8,45,0.254,0.323,1,1,1.44,-0.33
"jarvibr01","Bryce Jarvis","Bryce","Jarvis","L","R",2,1,0,0,1,0,0.5,0,0,0.01,0.01
"jarvike01","Kevin Jarvis","Kevin","Jarvis","L","R",364,327,72,3,32,0.22,0.294,3,2,0.37,0.59
"jarvipa01","Pat Jarvis","Pat","Jarvis","R","R",130,122,26,1,8,0.213,0.262,0,0,0.12,0.11
"jasojo01","John Jaso","John","Jaso","L","R",2787,2348,656,61,396,0.279,0.388,28,15,17.89,12.22
"jastela01","Larry Jaster","Larry","Jaster","L","L",241,221,50,2,18,0.226,0.286,1,1,0.64,0.41
"javiecr01","Cristian Javier","Cristian","Javier","R","R",2,1,0,0,1,0,0.5,0,0,0.01,0.01
"javieju01","Julian Javier","Julian","Javier","R","R",5928,5583,1424,61,298,0.255,0.294,19,28,14.27,7.25
"javiest01","Stan Javier","Stan","Javier","B","R",5938,5300,1445,41,575,0.273,0.344,25,38,24.03,17.16
"jaxgr01","Griffin Jax","Griffin","Jax","R","R",45,41,11,1,4,0.268,0.333,0,0,0.11,0.12
"jayjo01","Joey Jay","Joey","Jay","B","R",543,505,99,3,37,0.196,0.25,0,1,-1.28,-0.67
"jayjo02","Jon Jay","Jon","Jay","L","L",4460,3936,1175,65,388,0.299,0.375,110,26,22.91,19.83
"jeffcha01","Hal Jeffcoat","Hal","Jeffcoat","R","R",2464,2346,547,28,111,0.233,0.269,5,2,-2.67,-6.13
"jeffcmi01","Mike Jeffcoat","Mike","Jeffcoat","L","L",2,1,0,0,1,0,0.5,0,0,0.01,0.01
"jeffegr01","Gregg Jefferies","Gregg","Jefferies","B","R",6101,5592,1580,106,435,0.283,0.334,24,50,16.96,17.99
"jeffeje01","Jesse Jefferson","Jesse","Jefferson","R","R",1,0,0,0,1,NA,1,0,0,0,0
"jeffere01","Reggie Jefferson","Reggie","Jefferson","B","L",2244,2088,595,51,124,0.285,0.329,20,12,2.84,2.57
"jeffery01","Ryan Jeffers","Ryan","Jeffers","R","R",1511,1317,349,52,144,0.265,0.353,40,10,10.45,9.13
"jeffest01","Stan Jefferson","Stan","Jefferson","B","R",613,551,130,7,53,0.236,0.305,4,5,0.18,0.15
"jeffrje01","Jeremy Jeffress","Jeremy","Jeffress","R","R",112,96,29,2,16,0.302,0.402,0,0,1.46,1.4
"jelksgr01","Greg Jelks","Greg","Jelks","R","R",16,13,4,0,3,0.308,0.438,0,0,0.01,0
"jeltzst01","Steve Jeltz","Steve","Jeltz","B","R",2025,1760,397,10,255,0.226,0.323,3,7,0.72,0.17
"jenkich01","Chad Jenkins","Chad","Jenkins","R","R",24,21,7,1,3,0.333,0.417,0,0,0.04,0.05
"jenkife01","Fergie Jenkins","Fergie","Jenkins","R","R",1360,1274,261,19,79,0.205,0.25,0,7,3.18,2.43
"jenkige01","Geoff Jenkins","Geoff","Jenkins","L","R",4892,4354,1215,161,408,0.279,0.351,94,36,25.69,27.04
"jenkity01","Tyrell Jenkins","Tyrell","Jenkins","R","R",68,62,13,1,6,0.21,0.279,0,0,0.32,0.26
"jenksbo01","Bobby Jenks","Bobby","Jenks","R","R",17,11,4,0,6,0.364,0.588,0,0,0.12,0.11
"jennida01","Dan Jennings","Dan","Jennings","L","L",101,88,26,1,13,0.295,0.386,0,0,1.12,1.15
"jennide01","Desmond Jennings","Desmond","Jennings","R","R",2548,2226,608,63,288,0.273,0.361,24,10,16.94,15.42
"jennihu01","Hughie Jennings","Hughie","Jennings","R","R",3933,3516,892,6,176,0.254,0.333,241,0,25.44,24.56
"jennija01","Jason Jennings","Jason","Jennings","L","R",691,635,145,7,54,0.228,0.289,1,1,3.47,3.24
"jenseja01","Jackie Jensen","Jackie","Jensen","R","R",6089,5318,1395,164,696,0.262,0.347,23,52,25.42,30.37
"jenseky01","Kyle Jensen","Kyle","Jensen","R","L",91,82,21,4,8,0.256,0.33,1,0,0.4,0.36
"jensema01","Marcus Jensen","Marcus","Jensen","B","R",152,136,27,1,16,0.199,0.283,0,0,-0.92,-0.6
"jensery01","Ryan Jensen","Ryan","Jensen","R","R",179,166,38,1,12,0.229,0.285,1,0,0.01,0.15
"jensewo01","Woody Jensen","Woody","Jensen","L","L",1333,1275,337,28,48,0.264,0.296,10,0,0.73,1.07
"jepseke01","Kevin Jepsen","Kevin","Jepsen","R","R",24,18,5,0,6,0.278,0.458,0,0,0.12,0.12
"jerezwi01","Williams Jerez","Williams","Jerez","L","L",11,9,2,0,2,0.222,0.364,0,0,0.05,0.04
"jeterde01","Derek Jeter","Derek","Jeter","R","R",12364,11000,3412,203,1136,0.31,0.382,170,58,78.08,76.34
"jethrsa01","Sam Jethroe","Sam","Jethroe","B","R",1965,1797,460,56,143,0.256,0.32,25,0,7.01,6.98
"jewelja01","Jake Jewell","Jake","Jewell","R","R",27,24,6,1,3,0.25,0.333,0,0,0.32,0.31
"jimenaj01","A J  Jimenez","A. J.","Jimenez","R","R",63,58,16,1,5,0.276,0.333,0,0,0.13,0.16
"jimence01","Cesar Jimenez","Cesar","Jimenez","L","L",35,31,9,0,4,0.29,0.371,0,0,0.13,0.13
"jimend'01","D Angelo Jimenez",NA,NA,NA,NA,2636,2298,613,24,322,0.267,0.357,6,10,10.35,9.96
"jimenel01","Elvio Jimenez","Elvio","Jimenez","R","R",5,4,1,0,1,0.25,0.4,0,0,0,0
"jimenel02","Eloy Jiménez","Eloy","Jimenez","R","R",2635,2394,698,86,209,0.292,0.35,15,17,10.83,11.03
"jimenja01","Jason Jimenez","Jason","Jimenez","R","L",1,0,0,0,1,NA,1,0,0,0,0
"jimenjo02","Joe Jiménez","Joe","Jimenez","R","R",16,12,3,0,4,0.25,0.438,0,0,0.06,0.06
"jimenke01","Kelvin Jimenez","Kelvin","Jimenez","R","R",60,53,13,2,7,0.245,0.333,0,0,0.69,0.7
"jimenlu02","Luis Jimenez","Luis","Jimenez","R","R",332,300,81,4,26,0.27,0.337,5,1,1.41,1.5
"jimenub01","Ubaldo Jiménez","Ubaldo","Jimenez","R","R",783,711,165,12,72,0.232,0.303,0,0,1.25,2.41
"jimerch01","Charlton Jimerson","Charlton","Jimerson","R","R",79,70,19,3,9,0.271,0.354,0,0,0.93,0.88
"joaquwa01","Waldis Joaquin","Waldis","Joaquin","R","R",9,7,2,0,2,0.286,0.444,0,0,0.05,0.05
"joeco01","Connor Joe","Connor","Joe","R","R",1804,1530,395,26,226,0.258,0.366,39,9,6.35,6.36
"johjike01","Kenji Johjima","Kenji","Johjima","R","R",1701,1545,430,43,111,0.278,0.34,37,8,7.91,7.57
"johnsad01","Adam Johnson","Adam","Johnson","R","R",4,3,1,0,1,0.333,0.5,0,0,0,0
"johnsal01","Alex Johnson","Alex","Johnson","R","R",5286,4948,1449,87,269,0.293,0.332,36,33,10.72,8.97
"johnsal02","Alan Johnson","Alan","Johnson","R","R",21,19,5,1,2,0.263,0.333,0,0,0.05,0.06
"johnsar02","Art Johnson","Art","Johnson","L","L",1,0,0,0,1,NA,1,0,0,0,0
"johnsba01","Bart Johnson","Bart","Johnson","R","R",9,7,2,0,2,0.286,0.444,0,0,0,0
"johnsbe02","Ben Johnson","Ben","Johnson","R","R",424,371,95,11,50,0.256,0.344,1,2,1.37,1.6
"johnsbi03","Billy Johnson","Billy","Johnson","R","R",3884,3562,954,67,294,0.268,0.329,28,0,10.51,14.98
"johnsbo01","Bob Johnson","Bob","Johnson","R","R",7982,6949,1894,318,1009,0.273,0.367,24,0,50.5,50
"johnsbo02","Bob Johnson","Bob","Johnson","R","R",2606,2498,693,32,90,0.277,0.304,8,10,2.07,3.54
"johnsbo04","Bob Johnson","Bob","Johnson","R","R",284,256,59,9,25,0.23,0.303,2,1,0.36,0.62
"johnsbr01","Brian Johnson","Brian","Johnson","R","R",1457,1368,331,32,63,0.242,0.279,12,14,-0.78,1.15
"johnsbr02","Brian Johnson","Brian","Johnson","L","L",24,21,7,1,3,0.333,0.417,0,0,0.05,0.06
"johnsbr03","Bryce Johnson","Bryce","Johnson","B","R",43,38,10,0,5,0.263,0.349,0,0,0.31,0.38
"johnsch04","Charles Johnson","Charles","Johnson","R","R",4426,3902,913,117,468,0.234,0.318,25,31,21.43,24.56
"johnsch05","Chris Johnson","Chris","Johnson","R","R",3162,2892,839,69,234,0.29,0.345,19,17,9.79,12.05
"johnscl01","Cliff Johnson","Cliff","Johnson","R","R",4757,4061,1096,212,610,0.27,0.369,50,36,21.29,21.78
"johnsco01","Connie Johnson","Connie","Johnson","R","R",222,214,46,0,8,0.215,0.243,0,0,-0.44,-0.5
"johnsda02","Davey Johnson","Davey","Johnson","R","R",5062,4459,1186,119,529,0.266,0.347,39,35,25.56,27.11
"johnsda06","Dan Johnson","Dan","Johnson","L","R",1950,1641,428,63,280,0.261,0.367,7,22,8.49,7.1
"johnsda07","Daniel Johnson","Daniel","Johnson","L","L",187,172,44,6,15,0.256,0.316,0,0,0.4,0.57
"johnsde01","Deron Johnson","Deron","Johnson","R","R",6843,6141,1543,237,621,0.251,0.319,20,61,9.17,11.37
"johnsdj01","DJ Johnson","DJ","Johnson","L","R",18,15,4,0,3,0.267,0.389,0,0,0.08,0.08
"johnsdo02","Don Johnson","Don","Johnson","R","R",1063,1018,256,2,39,0.251,0.283,6,0,1.33,1.12
"johnsea01","Earl Johnson","Earl","Johnson","L","L",45,42,12,0,3,0.286,0.333,0,0,0.23,0.16
"johnsel02","Elliot Johnson","Elliot","Johnson","B","R",1011,917,241,19,87,0.263,0.327,3,4,4.99,4.2
"johnser02","Ernie Johnson","Ernie","Johnson","R","R",92,82,21,1,9,0.256,0.326,0,1,0.04,-0.09
"johnser04","Erik Johnson","Erik","Johnson","R","R",31,28,7,1,3,0.25,0.323,0,0,0.05,0.06
"johnsga01","Gary Johnson","Gary","Johnson","L","L",49,44,13,1,5,0.295,0.367,0,0,0.26,0.12
"johnsgr01","Greg Johnston","Greg","Johnston","L","L",69,65,16,1,4,0.246,0.29,0,0,-0.01,0.02
"johnsho01","Howard Johnson","Howard","Johnson","B","R",5593,4844,1238,221,678,0.256,0.345,16,55,23.76,25.64
"johnsja01","Jay Johnstone","Jay","Johnstone","L","R",4934,4455,1206,103,423,0.271,0.334,21,35,17.28,17.21
"johnsja02","Jason Johnson","Jason","Johnson","R","R",197,172,43,4,25,0.25,0.345,0,0,0.41,0.45
"johnsje01","Jerry Johnson","Jerry","Johnson","R","R",118,110,23,0,8,0.209,0.263,0,0,0.06,-0.09
"johnsji03","Jim Johnson","Jim","Johnson","L","L",2,1,0,0,1,0,0.5,0,0,0,0
"johnsji04","Jim Johnson","Jim","Johnson","R","R",84,69,20,1,15,0.29,0.417,0,0,1.08,1.05
"johnsjo04","John Henry Johnson","John Henry","Johnson","L","L",1,0,0,0,1,NA,1,0,0,0,0
"johnsjo07","John Johnstone","John","Johnstone","R","R",1,0,0,0,1,NA,1,0,0,0,0
"johnsjo08","Jonathan Johnson","Jonathan","Johnson","R","R",6,5,1,0,1,0.2,0.333,0,0,0.01,0.01
"johnsjo09","Josh Johnson","Josh","Johnson","L","R",667,609,134,14,58,0.22,0.288,0,0,2.92,2.97
"johnske01","Ken Johnson","Ken","Johnson","L","L",4,3,1,0,1,0.333,0.5,0,0,0,0.01
"johnske03","Keith Johns","Keith","Johns","R","R",1,0,0,0,1,NA,1,0,0,0,0
"johnske04","Keith Johnson","Keith","Johnson","R","R",20,17,5,0,3,0.294,0.4,0,0,0.33,0.28
"johnske05","Kelly Johnson","Kelly","Johnson","L","R",5108,4468,1200,143,590,0.269,0.356,28,22,25.26,26.85
"johnskr01","Kris Johnson","Kris","Johnson","L","L",31,28,7,1,3,0.25,0.323,0,0,0.18,0.22
"johnsla01","Larry Johnson","Larry","Johnson","R","R",2,1,0,0,1,0,0.5,0,0,0,0
"johnsla02","Lamar Johnson","Lamar","Johnson","R","R",2895,2615,756,79,245,0.289,0.348,7,28,9.4,9.5
"johnsla03","Lance Johnson","Lance","Johnson","L","L",5387,5083,1491,15,271,0.293,0.328,7,26,29.49,25.5
"johnslo01","Lou Johnson","Lou","Johnson","R","R",2148,1981,555,56,107,0.28,0.331,49,11,8.04,6.9
"johnsma01","Mark Johnson","Mark","Johnson","L","L",686,590,135,10,82,0.229,0.327,7,7,0.0799999999999998,0.77
"johnsma02","Mark Johnson","Mark","Johnson","L","R",1130,992,212,10,123,0.214,0.304,9,6,2.03,2.4
"johnsmi03","Mike Johnston","Mike","Johnston","L","L",6,5,1,0,1,0.2,0.333,0,0,0.02,0.02
"johnsmi04","Micah Johnson","Micah","Johnson","L","R",305,273,74,4,30,0.271,0.348,2,0,0.91,1.01
"johnsni01","Nick Johnson","Nick","Johnson","L","L",3381,2751,765,87,547,0.278,0.409,70,13,18.36,17.98
"johnspi01","Pierce Johnson","Pierce","Johnson","R","R",42,35,9,0,7,0.257,0.381,0,0,0.64,0.65
"johnsra03","Randy Johnson","Randy","Johnson","L","L",286,243,61,9,33,0.251,0.332,1,9,0.67,0.48
"johnsra04","Randy Johnson","Randy","Johnson","R","R",562,503,133,9,54,0.264,0.34,4,1,3.17,2.59
"johnsra05","Randy Johnson","Randy","Johnson","R","L",1157,1090,217,8,64,0.199,0.245,2,1,-1.86,-0.76
"johnsre02","Reed Johnson","Reed","Johnson","R","R",4236,3798,1072,65,282,0.282,0.351,134,22,20.51,18.44
"johnsro02","Roy Johnson","Roy","Johnson","L","R",4829,4353,1085,79,464,0.249,0.323,12,0,8.98,8.16
"johnsro03","Ron Johnson","Ron","Johnson","R","R",15,12,3,0,3,0.25,0.4,0,0,0,0.01
"johnsro05","Rondin Johnson","Rondin","Johnson","B","R",36,34,10,0,2,0.294,0.333,0,0,0.12,0.01
"johnsro07","Rob Johnson","Rob","Johnson","R","R",1065,944,238,17,108,0.252,0.331,7,6,2.59,-2.22
"johnsru01","Russ Johnson","Russ","Johnson","R","R",1070,951,242,8,110,0.254,0.333,4,5,2.23,3.24
"johnssh01","Sherman Johnson","Sherman","Johnson","L","R",69,62,16,1,6,0.258,0.333,1,0,0.2,0.23
"johnsst02","Steve Johnson","Steve","Johnson","R","R",1,0,0,0,1,NA,1,0,0,0.01,0.01
"johnsty01","Tyler Johnson","Tyler","Johnson","B","L",34,29,9,0,5,0.31,0.412,0,0,0.14,0.13
"johnswa01","Walter Johnson","Walter","Johnson","R","R",2735,2711,547,62,14,0.202,0.209,10,0,-16.26,-14.16
"johnswa03","Wallace Johnson","Wallace","Johnson","B","R",633,572,155,6,56,0.271,0.335,1,4,0.99,1.21
"johnto01","Tommy John","Tommy","John","R","L",603,575,113,4,26,0.197,0.232,1,1,-1.46,-1.44
"jokiser01","Eric Jokisch","Eric","Jokisch","R","L",43,39,10,1,4,0.256,0.326,0,0,0.14,0.11
"jollesm01","Smead Jolley","Smead","Jolley","L","R",1803,1730,470,64,63,0.272,0.301,10,0,-1.12,-0.79
"jollyda01","Dave Jolly","Dave","Jolly","R","R",50,46,14,1,4,0.304,0.36,0,0,0.49,0.61
"jonesad01","Adam Jones","Adam","Jones","R","R",7674,6973,1978,233,543,0.284,0.342,103,55,42.56,39.57
"jonesan01","Andruw Jones","Andruw","Jones","R","R",8501,7442,1911,352,891,0.257,0.341,97,71,63.83,69.86
"jonesba01","Barry Jones","Barry","Jones","R","R",5,4,1,0,1,0.25,0.4,0,0,0.01,0.01
"jonesbo02","Bob Jones","Bob","Jones","L","L",360,318,79,14,34,0.248,0.322,3,5,1.07,1.05
"jonesbo04","Bobby Jones","Bobby","Jones","R","L",20,18,4,0,2,0.222,0.3,0,0,0.1,0.02
"jonesbr02","Brandon Jones","Brandon","Jones","L","R",329,296,82,4,29,0.277,0.343,2,2,0.8,0.6
"jonesch01","Charley Jones","Charley","Jones","R","R",1926,1740,459,95,186,0.264,0.335,0,0,10.55,11.2
"jonesch05","Chris Jones","Chris","Jones","R","R",412,383,92,10,23,0.24,0.286,3,3,0.56,0.69
"jonesch06","Chipper Jones","Chipper","Jones","B","R",10518,8918,2671,377,1485,0.3,0.397,18,97,85.46,82.85
"jonescl01","Cleon Jones","Cleon","Jones","R","L",4762,4298,1277,101,384,0.297,0.357,39,41,19.17,19.27
"jonesda02","Dale Jones","Dale","Jones","R","R",3,2,1,0,1,0.5,0.667,0,0,0.01,0.01
"jonesda04","Darryl Jones","Darryl","Jones","R","R",46,42,12,0,4,0.286,0.348,0,0,0.06,0.04
"jonesda07","Damon Jones","Damon","Jones","L","L",1,0,0,0,1,NA,1,0,0,0.01,0.01
"jonesfi01","Fielder Jones","Fielder","Jones","L","R",8147,7407,1632,25,664,0.22,0.291,76,0,-9.26,-2.47
"jonesga02","Garrett Jones","Garrett","Jones","L","L",3391,3020,819,133,333,0.271,0.342,7,31,13.18,12.02
"jonesgo01","Gordon Jones","Gordon","Jones","R","R",5,3,1,0,2,0.333,0.6,0,0,0.01,0
"jonesgr01","Greg Jones","Greg","Jones","R","R",1,0,0,0,1,NA,1,0,0,0.01,0
"joneshu01","Hunter Jones","Hunter","Jones","L","L",2,1,0,0,1,0,0.5,0,0,0.02,0.02
"jonesja05","Jacque Jones","Jason","Jones","B","R",4967,4563,1231,127,341,0.27,0.324,36,27,15.15,16.03
"jonesja06","James Jones","James","Jones","L","L",418,386,106,5,32,0.275,0.33,0,0,0.0900000000000001,1.41
"jonesja07","JaCoby Jones","JaCoby","Jones","R","R",1432,1290,333,29,114,0.258,0.329,24,4,5.71,3.86
"jonesja08","Jahmai Jones","Jahmai","Jones","R","R",212,191,51,1,18,0.267,0.34,3,0,0.55,-0.64
"jonesje02","Jeff Jones","Jeff","Jones","R","R",59,46,11,1,10,0.239,0.373,1,2,0.31,0.33
"jonesji02","Jimmy Jones","Jimmy","Jones","R","R",227,203,43,2,23,0.212,0.291,0,1,1.13,1.15
"jonesly01","Lynn Jones","Lynn","Jones","R","R",758,682,187,12,69,0.274,0.34,2,5,2.76,3.21
"jonesma01","Mack Jones","Mack","Jones","L","R",3712,3216,835,123,403,0.26,0.354,75,18,20.65,19.08
"jonesmi03","Mitch Jones","Mitch","Jones","R","R",62,55,17,1,5,0.309,0.387,2,0,0.49,0.37
"jonesna01","Nate Jones","Nate","Jones","R","R",44,37,10,1,7,0.27,0.386,0,0,0.42,0.4
"jonesno01","Nolan Jones","Nolan","Jones","L","R",804,686,191,20,106,0.278,0.378,7,5,5.78,5.02
"jonesod01","Odell Jones","Odell","Jones","R","R",32,29,7,0,3,0.241,0.312,0,0,0.12,0.08
"jonesra01","Randy Jones","Randy","Jones","R","L",615,570,122,5,43,0.214,0.268,0,2,0.49,0.33
"jonesri02","Ricky Jones","Ricky","Jones","R","R",45,39,10,0,6,0.256,0.356,0,0,0.42,0.46
"jonesro01","Ross Jones","Ross","Jones","R","R",13,11,3,0,2,0.273,0.385,0,0,0.01,0.01
"jonesro02","Ron Jones","Ron","Jones","L","R",247,222,65,13,22,0.293,0.352,0,3,1.62,1.55
"jonesru01","Ruppert Jones","Ruppert","Jones","L","L",5190,4567,1198,145,577,0.262,0.344,12,34,26.03,24.14
"jonesry01","Ryder Jones","Ryder","Jones","L","R",280,252,67,8,24,0.266,0.339,4,0,-1.16,1.04
"jonessa01","Sad Sam Jones","Sad Sam","Jones","R","R",1257,1169,230,10,69,0.197,0.253,19,0,-12.25,-9.77
"jonessa02","Sam Jones","Sam","Jones","R","R",586,556,113,0,26,0.203,0.239,1,3,-2.12,-2.12
"jonessh02","Sherman Jones","Sherman","Jones","L","R",8,7,3,0,1,0.429,0.5,0,0,0.01,0.01
"jonesta01","Taylor Jones","Taylor","Jones","R","R",209,193,52,4,14,0.269,0.316,0,2,0.64,0.42
"joneste02","Terry Jones","Terry","Jones","B","R",337,312,64,0,25,0.205,0.264,0,0,1.5,1.02
"jonesti01","Timothy Jones","Timothy","Jones","B","R",2,1,0,0,1,0,0.5,0,0,0,0
"jonesti02","Tim Jones","Tim","Jones","L","R",566,509,121,1,51,0.238,0.309,3,3,-0.55,-0.45
"jonesto02","Todd Jones","Todd","Jones","L","R",107,94,24,1,13,0.255,0.346,0,0,0.04,0.4
"jonestr01","Tracy Jones","Tracy","Jones","R","R",997,905,251,14,76,0.277,0.335,7,9,2.73,2.98
"joneswi01","Willie Jones","Willie","Jones","R","R",6807,6050,1529,194,698,0.253,0.33,22,37,24.54,22.64
"joosted01","Eddie Joost","Eddie","Joost","R","R",6675,5721,1259,149,921,0.22,0.332,33,0,25.13,28.07
"jordabr01","Brian Jordan","Brian","Jordan","R","R",5582,5142,1421,137,310,0.276,0.323,73,57,33.37,31.25
"jordabu01","Buck Jordan","Buck","Jordan","L","R",3122,2978,832,16,139,0.279,0.313,5,0,7.33,5.11
"jordari02","Ricky Jordan","Ricky","Jordan","R","R",2289,2167,608,54,82,0.281,0.308,15,25,3.89,3.09
"jordata01","Taylor Jordan","Taylor","Jordan","R","R",172,156,42,3,16,0.269,0.337,0,0,1.07,0.93
"jorgear01","Arndt Jorgens","Arndt","Jorgens","R","R",298,262,50,3,36,0.191,0.289,0,0,-1.72,-1.38
"jorgemi01","Mike Jorgensen","Mike","Jorgensen","L","L",3912,3329,852,104,536,0.256,0.36,22,25,16.07,17.43
"jorgery01","Ryan Jorgensen","Ryan","Jorgensen","R","R",110,100,25,5,10,0.25,0.318,0,0,0.32,0.34
"jorgesp01","Spider Jorgensen","Spider","Jorgensen","L","R",903,800,210,10,101,0.262,0.347,2,0,3.65,3.35
"jorgete01","Terry Jorgensen","Terry","Jorgensen","R","R",29,25,5,0,4,0.2,0.31,0,0,0.23,0.18
"josefe01","Felix Jose","Felix","Jose","B","R",3040,2795,766,60,222,0.274,0.328,9,14,6.26,7.47
"josepca01","Caleb Joseph","Caleb","Joseph","R","R",1521,1379,360,33,126,0.261,0.327,11,5,8.94,8.18
"josepco01","Corban Joseph","Corban","Joseph","L","R",270,245,64,4,24,0.261,0.326,0,1,0.63,-0.63
"josepdu01","Duane Josephson","Duane","Josephson","R","R",1482,1389,351,20,70,0.253,0.291,10,13,0.2,1.49
"josepke01","Kevin Joseph","Kevin","Joseph","R","R",5,4,1,0,1,0.25,0.4,0,0,0.01,0.01
"josepri01","Rick Joseph","Rick","Joseph","R","R",847,778,200,19,64,0.257,0.314,2,3,0.78,0.4
"josepto01","Tommy Joseph","Tommy","Joseph","R","R",885,798,217,29,72,0.272,0.333,6,9,2.7,2.9
"joshuvo01","Von Joshua","Von","Joshua","L","L",2456,2294,638,44,144,0.278,0.32,3,15,3.02,3.28
"journji01","Jimmy Journell","Jimmy","Journell","R","R",5,4,1,0,1,0.25,0.4,0,0,0.02,0.02
"joycebi01","Bill Joyce","Bill","Joyce","L","R",3288,2730,554,121,467,0.203,0.338,91,0,10.67,11.29
"joycema01","Matt Joyce","Matt","Joyce","L","R",4866,4097,1108,151,694,0.27,0.377,32,43,27.26,27.44
"joynewa01","Wally Joyner","Wally","Joyner","L","L",7841,6930,1998,163,787,0.288,0.36,37,87,34.93,35.97
"juddmi01","Mike Judd","Mike","Judd","R","R",1,0,0,0,1,NA,1,0,0,0,0
"juddos01","Oscar Judd","Oscar","Judd","L","L",452,429,106,5,22,0.247,0.285,1,0,1.69,1.7
"judgeaa01","Aaron Judge","Aaron","Judge","R","R",4579,3667,1127,253,839,0.307,0.438,39,34,53.97,50.63
"judgejo01","Joe Judge","Joe","Judge","L","L",8683,7837,1884,111,796,0.24,0.314,50,0,17.65,16.2
"judniwa01","Wally Judnich","Wally","Judnich","L","L",3217,2858,750,100,352,0.262,0.345,7,0,13.17,13.66
"judyjo01","Josh Judy","Josh","Judy","R","R",0,0,0,0,0,NA,NA,0,0,0,0
"julieed01","Edouard Julien","Edouard","Julien","L","R",700,577,156,18,111,0.27,0.39,6,6,3.98,4.12
"juliojo01","Jorge Julio","Jorge","Julio","R","R",69,56,17,1,13,0.304,0.435,0,0,0.82,0.79
"julksco01","Corey Julks","Corey","Julks","R","R",470,425,113,4,38,0.266,0.326,2,5,-0.89,0.73
"jungeer01","Eric Junge","Eric","Junge","R","R",19,17,4,0,2,0.235,0.316,0,0,0,0.01
"jungjo01","Josh Jung","Josh","Jung","R","R",753,689,192,22,48,0.279,0.333,11,5,3.88,3.84
"jungmta01","Taylor Jungmann","Taylor","Jungmann","R","R",157,143,39,2,14,0.273,0.338,0,0,1.07,1.12
"junisja01","Jakob Junis","Jakob","Junis","R","R",32,29,7,1,3,0.241,0.312,0,0,0.06,0.07
"juradar01","Ariel Jurado","Ariel","Jurado","R","R",15,13,5,0,2,0.385,0.467,0,0,0.01,0.01
"juraked01","Ed Jurak","Ed","Jurak","R","R",302,263,72,2,35,0.274,0.358,1,3,1.62,1.31
"jurgebi01","Billy Jurges","Billy","Jurges","R","R",6588,6084,1406,31,453,0.231,0.29,51,0,19.67,21.58
"jurrjja01","Jair Jurrjens","Jair","Jurrjens","R","R",525,473,95,7,51,0.201,0.28,1,0,2.19,2.2
"justida01","David Justice","David","Justice","L","L",6769,5816,1552,245,881,0.267,0.362,18,54,39.6,39.1
"jutzesk01","Skip Jutze","Skip","Jutze","R","R",89,85,23,1,3,0.271,0.292,0,1,0.05,0.12
"kaaihki01","Kila Ka aihue","Kila","Ka'aihue","L","R",674,592,154,20,79,0.26,0.347,1,2,1.81,1.91
"kaatji01","Jim Kaat","Jim","Kaat","L","L",1431,1360,276,14,61,0.203,0.238,4,6,3.2,2.13
"kaczmke01","Kevin Kaczmarski","Kevin","Kaczmarski","L","R",53,46,13,1,7,0.283,0.377,0,0,0.14,0.13
"kadinja01","Jack Kading","Jack","Kading","R","R",28,25,5,0,3,0.2,0.286,0,0,0.15,0.35
"kahnlto01","Tommy Kahnle","Tommy","Kahnle","R","R",69,59,15,1,10,0.254,0.362,0,0,0.88,0.78
"kalinal01","Al Kaline","Al","Kaline","R","R",11894,10472,3076,306,1264,0.294,0.369,54,104,84.96,81.11
"kalinfr01","Frank Kalin","Frank","Kalin","R","R",4,3,1,0,1,0.333,0.5,0,0,0,0
"kalisry01","Ryan Kalish","Ryan","Kalish","L","L",640,578,155,10,58,0.268,0.336,2,2,2.38,2.38
"kammwi01","Willie Kamm","Willie","Kamm","R","R",6679,5863,1264,31,794,0.216,0.311,22,0,21.29,16.58
"kampoal01","Alex Kampouris","Alex","Kampouris","R","R",1544,1344,289,42,185,0.215,0.317,15,0,5.94,6.12
"kaneto01","Tom Kane","Tom","Kane","R","R",4,3,1,0,1,0.333,0.5,0,0,0,0
"kangju01","Jung Ho Kang","Jung Ho","Kang","R","R",1141,996,267,45,109,0.268,0.358,32,4,8.25,7.24
"kaplega01","Gabe Kapler","Gabe","Kapler","R","R",3495,3161,827,63,292,0.262,0.325,17,25,12.67,8.36
"kaprija01","James Kaprielian","James","Kaprielian","R","R",50,45,13,1,5,0.289,0.36,0,0,0.16,0.19
"karchma01","Matt Karchner","Matt","Karchner","R","R",5,4,1,0,1,0.25,0.4,0,0,0.02,0.02
"karinja01","James Karinchak","James","Karinchak","R","R",9,7,3,0,2,0.429,0.556,0,0,0.04,0.04
"karkoro01","Ron Karkovice","Ron","Karkovice","R","R",3000,2721,595,90,226,0.219,0.282,26,27,14.1,12.35
"karlsc01","Scott Karl","Scott","Karl","L","L",126,117,24,2,7,0.205,0.254,1,1,0.61,0.41
"karnsna01","Nate Karns","Nate","Karns","R","R",104,93,26,4,11,0.28,0.356,0,0,0.43,0.4
"karroer01","Eric Karros","Eric","Karros","R","R",5801,5269,1452,187,438,0.276,0.33,27,67,9.43,16.82
"karsast01","Steve Karsay","Steve","Karsay","R","R",0,0,0,0,0,NA,NA,0,0,0,0
"karstje01","Jeff Karstens","Jeff","Karstens","R","R",398,362,79,5,35,0.218,0.289,1,0,1.93,1.83
"kaskoed01","Eddie Kasko","Eddie","Kasko","R","R",4210,3891,1023,16,278,0.263,0.314,20,21,11.2,7.14
"katama01","Matt Kata","Matt","Kata","B","R",953,866,215,12,78,0.248,0.312,4,5,2.52,1.41
"katohgo01","Gosuke Katoh","Gosuke","Katoh","L","R",15,11,4,0,4,0.364,0.533,0,0,0.04,0.04
"kattra01","Ray Katt","Ray","Katt","R","R",1244,1154,273,26,73,0.237,0.283,6,11,0.31,1.93
"kauffbe01","Benny Kauff","Benny","Kauff","L","L",2245,2106,540,54,127,0.256,0.302,12,0,3.55,7.63
"kauffka01","Karl Kauffmann","Karl","Kauffmann","R","R",6,5,1,0,1,0.2,0.333,0,0,0.01,0.01
"kaufmto01","Tony Kaufmann","Tony","Kaufmann","R","R",253,251,55,3,2,0.219,0.225,0,0,-1.62,-1.17
"kavanma01","Marty Kavanagh","Marty","Kavanagh","R","R",597,571,135,15,23,0.236,0.27,3,0,-0.53,0.24
"kawakke01","Kenshin Kawakami","Kenshin","Kawakami","R","R",166,149,32,2,17,0.215,0.295,0,0,0.77,0.85
"kawasmu01","Munenori Kawasaki","Munenori","Kawasaki","L","R",932,809,215,10,110,0.266,0.358,9,4,5.26,4.61
"kayan01","Anthony Kay","Anthony","Kay","L","L",10,9,2,0,1,0.222,0.3,0,0,0.02,0.01
"kazaked01","Eddie Kazak","Eddie","Kazak","R","R",707,665,178,15,40,0.268,0.311,2,0,2.28,1.5
"kazmase01","Sean Kazmar Jr","Sean","Kazmar","R","R",126,111,28,2,14,0.252,0.333,0,1,0.42,0.31
"kazmisc01","Scott Kazmir","Scott","Kazmir","L","L",396,358,88,8,38,0.246,0.318,0,0,1.09,1.19
"keaglgr01","Greg Keagle","Greg","Keagle","R","R",1,0,0,0,1,NA,1,0,0,0,0
"kearnau01","Austin Kearns","Austin","Kearns","R","R",4337,3712,974,105,530,0.262,0.364,75,20,20.89,23.25
"kearnbo01","Bob Kearney","Bob","Kearney","R","R",1455,1352,334,27,82,0.247,0.294,12,9,5.51,4.77
"keedypa01","Pat Keedy","Pat","Keedy","R","R",3,2,1,0,1,0.5,0.667,0,0,0.01,0
"keegabo01","Bob Keegan","Bob","Keegan","R","R",26,25,8,0,1,0.32,0.346,0,0,0.05,0.2
"keegaed01","Ed Keegan","Ed","Keegan","R","R",4,3,1,0,1,0.333,0.5,0,0,0,0
"keelewi01","Willie Keeler","Willie","Keeler","L","L",7041,6694,1966,11,261,0.294,0.329,86,0,17.54,16.09
"keenejo01","Joe Keener","Joe","Keener","R","R",1,0,0,0,1,NA,1,0,0,0,0
"kehnch01","Chet Kehn","Chet","Kehn","R","R",3,2,1,0,1,0.5,0.667,0,0,0.01,0.01
"keislra01","Randy Keisler","Randy","Keisler","L","L",129,118,31,3,11,0.263,0.326,0,0,0.78,0.61
"keithco01","Colt Keith","Colt","Keith","L","R",569,519,147,11,46,0.283,0.343,2,2,2.02,2.44
"kekicmi01","Mike Kekich","Mike","Kekich","R","L",48,44,8,1,4,0.182,0.25,0,0,-0.01,-0.08
"kelake01","Keone Kela","Keone","Kela","R","R",41,34,9,0,7,0.265,0.39,0,0,0.19,0.17
"kelenja01","Jarred Kelenic","Jarred","Kelenic","L","L",1546,1375,354,38,153,0.257,0.333,8,10,4.23,3.71
"kellebr01","Brad Keller","Brad","Keller","R","R",41,37,10,1,4,0.27,0.341,0,0,0.18,0.15
"kellech01","Charlie Keller","Charlie","Keller","L","R",4846,4095,1168,218,741,0.285,0.396,10,0,43.6,44
"kelledi01","Dick Kelley","Dick","Kelley","R","L",55,49,13,0,6,0.265,0.345,0,0,0.39,0.28
"kellefr02","Frank Kellert","Frank","Kellert","R","R",362,329,78,10,30,0.237,0.298,0,3,0.28,0.37
"kelleha02","Hal Kelleher","Hal","Kelleher","R","R",7,6,2,0,1,0.333,0.429,0,0,0.01,0.01
"kellejo01","Joe Kelley","Joe","Kelley","R","R",4867,4374,1181,64,440,0.27,0.344,53,0,19.14,19.81
"kelleky01","Kyle Keller","Kyle","Keller","R","R",20,17,6,0,3,0.353,0.45,0,0,0.09,0.08
"kellemi02","Mick Kelleher","Mick","Kelleher","R","R",1008,918,219,10,79,0.239,0.302,6,5,2.35,2.32
"kellemi03","Mitch Keller","Mitch","Keller","R","R",160,146,32,2,14,0.219,0.288,0,0,0.56,0.55
"kellesh01","Shawn Kelley","Shawn","Kelley","R","R",80,66,18,1,14,0.273,0.4,0,0,1.52,1.53
"kelleto01","Tom Kelley","Tom","Kelley","R","R",12,11,3,0,1,0.273,0.333,0,0,0.01,0
"kelletr01","Trevor Kelley","Trevor","Kelley","R","R",2,1,0,0,1,0,0.5,0,0,0.01,0.01
"kellge01","George Kell","George","Kell","R","R",7626,7060,2022,51,510,0.286,0.337,36,20,33.14,32.64
"kellnal01","Alex Kellner","Alex","Kellner","R","L",914,878,182,4,33,0.207,0.237,2,1,0.13,-0.23
"kellyca01","Casey Kelly","Casey","Kelly","R","R",187,169,46,4,18,0.272,0.342,0,0,0.81,0.87
"kellyca02","Carson Kelly","Carson","Kelly","R","R",2117,1845,473,50,229,0.256,0.344,26,17,9.55,10.15
"kellydo01","Don Kelly","Don","Kelly","L","R",1592,1413,356,32,160,0.252,0.331,11,8,7.94,7.06
"kellyge01","George Kelly","George","Kelly","R","R",3889,3739,993,152,133,0.266,0.294,17,0,10.61,16.57
"kellyjo05","Joe Kelly","Joe","Kelly","R","R",394,357,94,6,34,0.263,0.33,2,1,3.21,2.97
"kellyke01","Kenny Kelly","Kenny","Kelly","R","R",1,0,0,0,1,NA,1,0,0,0,0
"kellyki01","King Kelly","King","Kelly","R","R",6898,6446,1715,106,445,0.266,0.314,7,0,13.67,13.89
"kellyme01","Merrill Kelly","Merrill","Kelly","R","R",249,228,44,2,21,0.193,0.261,0,0,0.53,0.42
"kellymi02","Mike Kelly","Mike","Kelly","R","R",481,451,109,11,28,0.242,0.285,0,2,-0.22,0.28
"kellypa01","Pat Kelly","Pat","Kelly","L","L",5116,4464,1190,87,594,0.267,0.354,28,30,15.26,15.17
"kellypa02","Pat Kelly","Pat","Kelly","R","R",6,5,1,0,1,0.2,0.333,0,0,0,0
"kellypa03","Pat Kelly","Pat","Kelly","R","R",1849,1701,422,19,100,0.248,0.299,30,18,3.98,3.6
"kellyro01","Roberto Kelly","Roberto","Kelly","R","R",5498,5109,1457,97,300,0.285,0.328,48,41,19.47,17.01
"kellyry01","Ryan Kelly","Ryan","Kelly","R","R",9,8,2,0,1,0.25,0.333,0,0,0.04,0.04
"kellyty01","Ty Kelly","Ty","Kelly","B","R",393,341,90,7,46,0.264,0.349,1,5,2.38,2.04
"keltnke01","Ken Keltner","Ken","Keltner","R","R",6392,5959,1589,216,420,0.267,0.316,13,0,26.98,30.29
"kempma01","Matt Kemp","Matt","Kemp","R","R",7222,6459,1916,265,665,0.297,0.361,26,72,35.99,38.57
"kempst01","Steve Kemp","Steve","Kemp","L","L",4845,4154,1182,136,625,0.285,0.377,19,47,23.37,23.3
"kempto01","Tony Kemp","Tony","Kemp","L","R",2581,2216,592,34,293,0.267,0.361,47,25,10.31,11.69
"kendafr01","Fred Kendall","Fred","Kendall","R","R",2175,1976,516,35,174,0.261,0.32,5,20,5.35,6.44
"kendaja01","Jason Kendall","Jason","Kendall","R","R",8481,7446,2131,64,718,0.286,0.366,254,63,44.48,40.6
"kendrho01","Howie Kendrick","Howie","Kendrick","R","R",6507,5896,1795,134,513,0.304,0.364,61,37,43.71,39.37
"kendrky01","Kyle Kendrick","Kyle","Kendrick","R","R",879,799,177,13,76,0.222,0.291,3,1,4.77,4.64
"kennead01","Adam Kennedy","Adam","Kennedy","L","R",5258,4724,1314,65,420,0.278,0.343,67,47,28.79,25.18
"kennebi02","Bill Kennedy","Bill","Kennedy","L","L",114,106,25,0,8,0.236,0.289,0,0,-0.85,-0.71
"kennebo01","Bob Kennedy","Bob","Kennedy","R","R",2009,1875,506,25,131,0.27,0.319,3,0,-1.28,0.6
"kennebr02","Brett Kennedy","Brett","Kennedy","R","R",65,59,15,1,6,0.254,0.323,0,0,0.18,0.16
"kennebu01","Buddy Kennedy","Buddy","Kennedy","R","R",132,108,28,1,15,0.259,0.356,4,5,0.4,0.31
"kennedo01","Doc Kennedy","Doc","Kennedy","R","R",406,405,85,1,1,0.21,0.212,0,0,-0.68,-0.92
"kenneia01","Ian Kennedy","Ian","Kennedy","R","R",799,704,164,12,92,0.233,0.322,1,2,4.49,4.32
"kenneje01","Jerry Kenney","Jerry","Kenney","L","R",1770,1572,382,4,185,0.243,0.321,2,11,7.91,5.22
"kennejo04","Joe Kennedy","Joe","Kennedy","R","L",252,233,56,4,19,0.24,0.298,0,0,0.58,0.68
"kenneju01","Junior Kennedy","Junior","Kennedy","R","R",1200,1050,278,10,135,0.265,0.345,1,14,5.02,4.77
"kennete02","Terry Kennedy","Terry","Kennedy","L","R",5535,5071,1391,113,409,0.274,0.328,16,39,25.72,28.09
"kenneve01","Vern Kennedy","Vern","Kennedy","L","R",698,685,163,7,12,0.238,0.252,1,0,0.12,0.73
"kensilo01","Logan Kensing","Logan","Kensing","R","R",97,83,22,2,14,0.265,0.371,0,0,1.3,1.35
"kentje01","Jeff Kent","Jeff","Kent","R","R",9601,8603,2454,313,770,0.285,0.349,125,103,56.06,55.38
"kentst01","Steve Kent","Steve","Kent","B","L",1,0,0,0,1,NA,1,0,0,0.01,0.01
"keougma01","Marty Keough","Marty","Keough","L","L",2256,2072,456,33,157,0.22,0.279,16,11,-4.3,-3.34
"keougma02","Matt Keough","Matt","Keough","R","R",19,17,5,0,2,0.294,0.368,0,0,0.04,0.04
"keplema01","Max Kepler","Max","Kepler","L","L",4763,4141,1099,144,530,0.265,0.353,53,39,27.45,25.65
"keppebo01","Bobby Keppel","Bobby","Keppel","R","R",18,16,4,0,2,0.25,0.333,0,0,0.01,0.01
"keppije01","Jeff Keppinger","Jeff","Keppinger","R","R",3309,2997,872,56,270,0.291,0.35,16,26,11.08,12.62
"keriagu01","Gus Keriazakos","Gus","Keriazakos","R","R",0,0,0,0,0,NA,NA,0,0,0,0
"kernege01","George Kernek","George","Kernek","L","L",46,42,13,0,4,0.31,0.37,0,0,0.11,0.14
"kernji01","Jim Kern","Jim","Kern","R","R",9,6,2,0,3,0.333,0.556,0,0,0.04,0.04
"kerrbu01","Buddy Kerr","Buddy","Kerr","R","R",3437,3242,708,16,184,0.218,0.263,11,0,5.3,2.61
"kerrijo01","Joe Kerrigan","Joe","Kerrigan","R","R",10,8,3,0,2,0.375,0.5,0,0,0.05,0.05
"kershcl01","Clayton Kershaw","Clayton","Kershaw","L","L",1557,1422,334,19,130,0.235,0.301,4,1,9.21,8.56
"kershja01","Jason Kershner","Jason","Kershner","L","L",9,8,2,0,1,0.25,0.333,0,0,0.01,0.01
"kerwida01","Dan Kerwin","Dan","Kerwin","L","L",8,6,2,0,1,0.333,0.5,1,0,0.02,0.02
"kessido01","Don Kessinger","Don","Kessinger","B","R",6922,6254,1600,28,622,0.256,0.323,16,30,14.46,14.64
"kessigr01","Grae Kessinger","Grae","Kessinger","R","R",45,39,10,1,6,0.256,0.356,0,0,0.14,0.46
"kessike01","Keith Kessinger","Keith","Kessinger","B","R",35,30,9,1,4,0.3,0.371,0,1,0.07,0.07
"keuchda01","Dallas Keuchel","Dallas","Keuchel","L","L",393,354,86,9,38,0.243,0.316,0,1,1.18,1.06
"khalisa01","Sam Khalifa","Sam","Khalifa","R","R",511,453,107,3,54,0.236,0.315,0,4,1.59,1.44
"kickhmi01","Mike Kickham","Mike","Kickham","L","L",50,44,12,1,6,0.273,0.36,0,0,0.44,0.36
"kidama01","Masao Kida","Masao","Kida","R","R",29,26,7,0,3,0.269,0.345,0,0,0.09,0.1
"kieboca01","Carter Kieboom","Carter","Kieboom","R","R",478,407,108,8,58,0.265,0.368,10,3,1.42,1.02
"kiebosp01","Spencer Kieboom","Spencer","Kieboom","R","R",210,181,48,3,27,0.265,0.362,1,1,1.15,0.94
"kiefest01","Steve Kiefer","Steve","Kiefer","R","R",43,39,8,0,3,0.205,0.256,0,1,0.05,-0.09
"kiekhde01","Dean Kiekhefer","Dean","Kiekhefer","L","L",21,18,6,1,3,0.333,0.429,0,0,0.45,0.44
"kieltbo01","Bobby Kielty","Bobby","Kielty","B","R",2160,1860,477,44,259,0.256,0.351,22,19,8.33,5.82
"kielyle01","Leo Kiely","Leo","Kiely","L","L",65,62,13,1,3,0.21,0.246,0,0,0.21,0.03
"kiermke01","Kevin Kiermaier","Kevin","Kiermaier","L","R",4263,3816,1055,84,379,0.276,0.347,46,22,42.78,31.96
"kiescbr01","Brooks Kieschnick","Brooks","Kieschnick","L","R",245,223,65,10,22,0.291,0.355,0,0,1.89,0.98
"kiescro01","Roger Kieschnick","Roger","Kieschnick","L","R",248,222,57,4,26,0.257,0.335,0,0,0.8,0.77
"kikucyu01","Yusei Kikuchi","Yusei","Kikuchi","L","L",29,26,7,1,3,0.269,0.345,0,0,0.08,0.04
"kildupe01","Pete Kilduff","Pete","Kilduff","R","R",927,860,164,2,66,0.191,0.249,1,0,-0.99,1.15
"kileda01","Darryl Kile","Darryl","Kile","R","R",606,570,110,1,31,0.193,0.239,4,1,-1.84,-0.77
"killeha01","Harmon Killebrew","Harmon","Killebrew","R","R",10073,8403,2092,511,1545,0.249,0.366,48,77,55.65,59.04
"kimbaco01","Cole Kimball","Cole","Kimball","R","R",23,20,5,1,3,0.25,0.348,0,0,0.36,0.3
"kimbane01","Newt Kimball","Newt","Kimball","R","R",0,0,0,0,0,NA,NA,0,0,0,0
"kimbrcr01","Craig Kimbrel","Craig","Kimbrel","R","R",137,117,36,2,20,0.308,0.409,0,0,1.89,1.79
"kimby01","Byung Hyun Kim","Byung-Hyun","Kim","R","R",348,322,66,4,25,0.205,0.261,0,1,0.99,0.96
"kimha01","Ha Seong Kim","Ha-Seong","Kim","R","R",2068,1773,488,32,245,0.275,0.367,26,24,17.1,13.43
"kimhy01","Hyun Soo Kim","Hyun Soo","Kim","L","R",614,533,153,9,72,0.287,0.376,6,3,2.34,2.43
"kimkw01","Kwang Hyun Kim","Kwang Hyun","Kim","L","L",91,84,20,1,6,0.238,0.297,1,0,0.66,0.37
"kimmbr01","Bruce Kimm","Bruce","Kimm","R","R",204,183,48,3,20,0.262,0.338,1,0,1.76,1.18
"kimsech01","Chad Kimsey","Chad","Kimsey","L","R",132,120,29,4,11,0.242,0.311,1,0,0.41,0.9
"kimsu01","Sun Woo Kim","Sun-Woo","Kim","R","R",227,210,51,3,16,0.243,0.295,0,1,1.17,0.69
"kineris01","Isiah Kiner Falefa","Isiah","Kiner-Falefa","R","R",3432,3100,880,38,260,0.284,0.346,49,23,20.25,10.05
"kinerra01","Ralph Kiner","Ralph","Kiner","R","R",6347,5438,1401,359,878,0.258,0.363,24,7,43.36,42.6
"kingdwe01","Wes Kingdon","Wes","Kingdon","R","R",38,33,10,0,5,0.303,0.395,0,0,0.3,0.19
"kingemi01","Mike Kingery","Mike","Kingery","L","L",1858,1674,431,15,160,0.257,0.321,6,18,1.36,1.5
"kingesc01","Scott Kingery","Scott","Kingery","R","R",1294,1175,308,23,103,0.262,0.325,9,7,4.27,5.55
"kingha01","Hal King","Hal","King","L","R",1022,884,207,26,128,0.234,0.337,9,1,2.07,3.11
"kinghni01","Nick Kingham","Nick","Kingham","R","R",144,127,31,2,16,0.244,0.333,1,0,0.72,0.69
"kingje01","Jeff King","Jeff","King","R","R",4936,4426,1070,124,419,0.242,0.306,20,71,14.54,15.3
"kingji01","Jim King","Jim","King","L","R",3607,3181,702,99,381,0.221,0.307,23,22,3.37,1.13
"kingjo01","John King","John","King","L","L",19,17,4,0,2,0.235,0.316,0,0,0.02,0.02
"kingmda01","Dave Kingman","Dave","Kingman","R","R",7697,6874,1736,462,695,0.253,0.323,53,75,24.12,26.55
"kingmi01","Michael King","Mike","King","R","R",1,0,0,0,1,NA,1,0,0,0,0
"kingra01","Ray King","Ray","King","L","L",71,63,18,0,8,0.286,0.366,0,0,0.48,0.57
"kingsge01","Gene Kingsale","Gene","Kingsale","B","R",504,455,121,2,42,0.266,0.331,4,3,0.69,0.8
"kinkami01","Mike Kinkade","Mike","Kinkade","R","R",646,568,153,11,50,0.269,0.358,28,0,0.27,0.9
"kinlety01","Tyler Kinley","Tyler","Kinley","R","R",55,48,16,1,7,0.333,0.418,0,0,0.83,0.79
"kinnede01","Dennis Kinney","Dennis","Kinney","L","L",2,1,0,0,1,0,0.5,0,0,0.01,0.01
"kinnejo01","Josh Kinney","Josh","Kinney","R","R",27,23,6,0,4,0.261,0.37,0,0,0.1,0.1
"kinnema01","Matt Kinney","Matt","Kinney","R","R",12,11,4,0,1,0.364,0.417,0,0,0,0
"kinslia01","Ian Kinsler","Ian","Kinsler","R","R",8262,7281,2036,218,830,0.28,0.358,92,59,59.71,53.83
"kintzbr01","Brandon Kintzler","Brandon","Kintzler","R","R",132,113,31,1,19,0.274,0.379,0,0,1.28,1.32
"kipnija01","Jason Kipnis","Jason","Kipnis","L","R",5127,4469,1236,112,571,0.277,0.36,39,48,29.53,30.57
"kippebo01","Bob Kipper","Bob","Kipper","R","L",96,88,21,0,7,0.239,0.302,1,0,0.16,0.14
"kippfr01","Fred Kipp","Fred","Kipp","L","L",0,0,0,0,0,NA,NA,0,0,0,0
"kirbycl01","Clay Kirby","Clay","Kirby","R","R",57,52,13,0,5,0.25,0.316,0,0,0.29,0.3
"kirbywa01","Wayne Kirby","Wayne","Kirby","L","R",717,661,176,8,46,0.266,0.315,4,6,2.87,2.18
"kirilal01","Alex Kirilloff","Alex","Kirilloff","L","L",877,768,215,20,71,0.28,0.353,24,14,1.96,1.95
"kirkal01","Alejandro Kirk","Alejandro","Kirk","R","R",1715,1469,421,27,198,0.287,0.376,25,23,11.08,11.85
"kirklwi01","Willie Kirkland","Willie","Kirkland","L","R",2735,2490,634,95,211,0.255,0.314,13,21,8.73,7.11
"kirkmmi01","Michael Kirkman","Michael","Kirkman","L","L",1,0,0,0,1,NA,1,0,0,0.01,0.01
"kirkped01","Ed Kirkpatrick","Ed","Kirkpatrick","L","R",3504,3059,732,86,400,0.239,0.327,14,31,8.42,9.05
"kirkwdo01","Don Kirkwood","Don","Kirkwood","R","R",0,0,0,0,0,NA,NA,0,0,0,0
"kirrejo01","Joe Kirrene","Joe","Kirrene","R","R",3,2,0,0,1,0,0.333,0,0,0,0
"kisonbr01","Bruce Kison","Bruce","Kison","R","R",405,373,87,6,28,0.233,0.291,3,1,2.08,2.07
"kittlro01","Ron Kittle","Ron","Kittle","R","R",2983,2666,659,173,251,0.247,0.317,36,30,5.97,6.73
"kittran01","Andrew Kittredge","Andrew","Kittredge","R","R",31,26,9,0,5,0.346,0.452,0,0,0.08,0.08
"kivlepa01","Patrick Kivlehan","Patrick","Kivlehan","R","R",468,407,107,11,53,0.263,0.355,6,2,2.37,2.1
"kjershe01","Heston Kjerstad","Heston","Kjerstad","L","R",99,84,24,3,10,0.286,0.394,5,0,0.79,0.76
"klausbi01","Billy Klaus","Billy","Klaus","L","R",2448,2174,515,13,259,0.237,0.317,1,14,6.73,7.54
"kleinch01","Chuck Klein","Chuck","Klein","L","R",6863,6331,1712,301,520,0.27,0.327,12,0,39.62,36.51
"kleinlo01","Lou Klein","Lou","Klein","R","R",1329,1244,306,27,80,0.246,0.294,5,0,6.6,5.12
"kleinph01","Phil Klein","Phil","Klein","R","R",1,0,0,0,1,NA,1,0,0,0.01,0.01
"kleskry01","Ryan Klesko","Ryan","Klesko","L","L",6438,5583,1546,221,772,0.277,0.364,28,55,26.09,30.58
"kleveja01","Jay Kleven","Jay","Kleven","R","R",6,5,1,0,1,0.2,0.333,0,0,0,0
"klinebr01","Branden Kline","Branden","Kline","R","R",4,3,1,0,1,0.333,0.5,0,0,0.02,0.02
"klinest01","Steve Kline","Steve","Kline","R","R",48,42,8,0,5,0.19,0.292,1,0,0.1,0.11
"klinest02","Steve Kline","Steve","Kline","B","L",69,60,19,0,9,0.317,0.406,0,0,0.41,0.47
"klippjo01","Johnny Klippstein","Johnny","Klippstein","R","R",603,573,114,4,27,0.199,0.237,2,1,-4.19,-4.03
"kloboga01","Gabe Klobosits","Gabe","Klobosits","L","R",9,8,2,0,1,0.25,0.333,0,0,0.03,0.03
"klubeco01","Corey Kluber","Corey","Kluber","R","R",199,177,51,5,22,0.288,0.367,0,0,0.61,0.59
"kluszte01","Ted Kluszewski","Ted","Kluszewski","L","L",6194,5773,1651,221,381,0.286,0.332,23,17,26.29,21.76
"kluttmi01","Mickey Klutts","Mickey","Klutts","R","R",513,467,118,11,42,0.253,0.316,2,2,0.12,0.17
"kmakjo01","Joe Kmak","Joe","Kmak","R","R",208,182,39,1,22,0.214,0.308,3,1,0.63,0.42
"knappan01","Andrew Knapp","Andrew","Knapp","B","R",1027,886,219,13,128,0.247,0.346,8,5,2.37,2.13
"knebeco01","Corey Knebel","Corey","Knebel","R","R",90,77,22,1,13,0.286,0.389,0,0,0.74,0.73
"knehrre01","Reiss Knehr","Reiss","Knehr","L","R",71,65,16,1,6,0.246,0.31,0,0,0.22,0.18
"kneppbo01","Bob Knepper","Bob","Knepper","L","L",906,825,172,11,70,0.208,0.269,2,9,2.68,2.56
"kniceal01","Alan Knicely","Alan","Knicely","R","R",323,281,68,6,38,0.242,0.331,1,3,-0.03,0.24
"knickbi01","Bill Knickerbocker","Bill","Knickerbocker","R","R",3128,2939,740,31,181,0.252,0.297,8,0,1.09,2.49
"knighbr01","Brandon Knight","Brandon","Knight","L","R",0,0,0,0,0,NA,NA,0,0,0,0
"knighra01","Ray Knight","Ray","Knight","R","R",5501,4996,1414,104,408,0.283,0.338,36,61,17.86,18.63
"knisepe01","Pete Knisely","Pete","Knisely","R","R",191,189,45,0,0,0.238,0.246,2,0,-1.03,-0.9
"kniznan01","Andrew Knizner","Andrew","Knizner","R","R",979,865,219,16,88,0.253,0.337,23,3,3.64,-1.4
"knoblch01","Chuck Knoblauch","Chuck","Knoblauch","R","R",7517,6543,1827,53,779,0.279,0.365,139,56,43.06,37.81
"knoedju01","Justin Knoedler","Justin","Knoedler","R","R",9,8,2,0,1,0.25,0.333,0,0,0,0
"knollhu01","Hub Knolls","Hub","Knolls",NA,"R",0,0,0,0,0,NA,NA,0,0,0,0
"knoopbo01","Bobby Knoop","Bobby","Knoop","R","R",3365,3106,714,37,227,0.23,0.283,12,20,9.37,9.82
"knorrra01","Randy Knorr","Randy","Knorr","R","R",891,827,183,18,57,0.221,0.273,3,4,-2.91,-1.58
"knottga01","Gary Knotts","Gary","Knotts","R","R",4,3,1,0,1,0.333,0.5,0,0,0.01,0
"knottjo02","Jon Knott","Jon","Knott","R","R",131,114,29,3,16,0.254,0.344,0,1,0.36,0.34
"knowlda01","Darold Knowles","Darold","Knowles","L","L",68,56,15,0,11,0.268,0.382,0,1,0.03,0.03
"knoxjo01","John Knox","John","Knox","L","R",242,219,64,2,23,0.292,0.36,0,0,0.78,0.57
"knudsgu01","Guido Knudson","Guido","Knudson","R","R",0,0,0,0,0,NA,NA,0,0,0,0
"knudsma01","Mark Knudson","Mark","Knudson","R","R",2,1,0,0,1,0,0.5,0,0,0,0
"kobayma01","Masahide Kobayashi","Masahide","Kobayashi","R","R",4,3,1,0,1,0.333,0.5,0,0,0.02,0.02
"kobelke01","Kevin Kobel","Kevin","Kobel","R","L",70,63,15,0,7,0.238,0.314,0,0,0.53,0.42
"koberje01","Jeff Kobernus","Jeff","Kobernus","R","R",142,122,31,4,18,0.254,0.359,2,0,0.56,0.61
"kochma01","Matt Koch","Matt","Koch","L","R",186,163,42,3,23,0.258,0.349,0,0,0.96,0.79
"koegepe01","Pete Koegel","Pete","Koegel","R","R",9,8,2,0,1,0.25,0.333,0,0,0,0.01
"koehlto01","Tom Koehler","Tom","Koehler","R","R",519,478,98,7,41,0.205,0.268,0,0,2.14,1.82
"koenele01","Len Koenecke","Len","Koenecke","L","R",886,777,220,25,107,0.283,0.371,2,0,5.06,5.43
"koenima01","Mark Koenig","Mark","Koenig","B","R",3860,3703,901,18,147,0.243,0.274,10,0,0.13,-1.55
"kohnmi01","Michael Kohn","Michael","Kohn","R","R",14,10,3,0,4,0.3,0.5,0,0,0.09,0.09
"kokosdi01","Dick Kokos","Dick","Kokos","L","L",1811,1600,383,54,204,0.239,0.328,7,0,1.54,2.98
"kolarad01","Adam Kolarek","Adam","Kolarek","L","L",18,13,4,0,5,0.308,0.5,0,0,0.09,0.09
"kolbbr01","Brandon Kolb","Brandon","Kolb","R","R",2,1,0,0,1,0,0.5,0,0,0.01,0
"kolbda01","Danny Kolb","Danny","Kolb","R","R",40,34,13,0,6,0.382,0.475,0,0,0.15,0.17
"kolbga01","Gary Kolb","Gary","Kolb","L","R",705,630,144,9,73,0.229,0.308,0,2,-0.55,-0.44
"kollodo01","Don Kolloway","Don","Kolloway","R","R",3629,3477,935,21,147,0.269,0.3,5,0,-1.3,-1.28
"kolozma01","Mark Kolozsvary","Mark","Kolozsvary","R","R",25,23,7,1,2,0.304,0.36,0,0,0.39,0.16
"komater01","Erik Komatsu","Erik","Komatsu","L","L",100,87,23,1,12,0.264,0.35,0,1,0.31,0.27
"komiysa01","Satoru Komiyama","Satoru","Komiyama","R","R",20,17,4,0,3,0.235,0.35,0,0,0.13,0.08
"kommibr01","Brad Komminsk","Brad","Komminsk","R","R",1091,960,219,24,119,0.228,0.315,6,6,3.49,2.43
"konerpa01","Paul Konerko","Paul","Konerko","R","R",9157,8012,2270,314,961,0.283,0.364,101,83,38.49,34.84
"koneted01","Ed Konetchy","Ed","Konetchy","R","R",7096,6677,1510,103,365,0.226,0.272,54,0,2.87,6.19
"koniedo01","Doug Konieczny","Doug","Konieczny","R","R",5,4,1,0,1,0.25,0.4,0,0,0,0
"konikal01","Alex Konikowski","Alex","Konikowski","R","R",4,3,1,0,1,0.333,0.5,0,0,0,0.01
"kontoge01","George Kontos","George","Kontos","R","R",164,146,41,4,18,0.281,0.36,0,0,3.06,3
"kooda01","Dae Sung Koo","Dae-Sung","Koo","L","L",22,20,6,0,2,0.3,0.364,0,0,0.43,0.42
"kooncca01","Cal Koonce","Cal","Koonce","R","R",40,35,7,0,5,0.2,0.3,0,0,-0.24,0.03
"koosmje01","Jerry Koosman","Jerry","Koosman","R","L",902,843,175,9,56,0.208,0.258,2,1,-0.49,-0.51
"kopecmi01","Michael Kopech","Michael","Kopech","R","R",20,18,6,0,2,0.333,0.4,0,0,0.02,0.02
"koplomi01","Mike Koplove","Mike","Koplove","R","R",59,53,14,1,6,0.264,0.339,0,0,0.43,0.45
"koppejo01","Joe Koppe","Joe","Koppe","R","R",2144,1899,411,12,225,0.216,0.3,7,13,-2.72,-2.26
"korecbo01","Bobby Korecky","Bobby","Korecky","R","R",16,13,4,0,3,0.308,0.438,0,0,0.04,0.04
"koronjo01","John Koronka","John","Koronka","L","L",41,36,9,1,5,0.25,0.341,0,0,0.12,0.13
"koscoan01","Andy Kosco","Andy","Kosco","R","R",811,746,183,34,57,0.245,0.298,2,6,2.24,2.42
"koshajo01","Joe Koshansky","Joe","Koshansky","L","L",157,140,32,5,15,0.229,0.306,1,1,0.67,0.55
"koskico01","Corey Koskie","Corey","Koskie","L","R",3846,3312,892,88,444,0.269,0.362,56,34,24.94,26.84
"kotchca01","Casey Kotchman","Casey","Kotchman","L","L",3457,3073,838,76,324,0.273,0.347,39,21,15.27,11.16
"kotsama01","Mark Kotsay","Mark","Kotsay","L","L",7205,6559,1836,99,585,0.28,0.338,13,48,29.35,28.76
"kottage01","George Kottaras","George","Kottaras","L","R",1207,1008,263,41,188,0.261,0.375,2,9,6.78,5.33
"koufasa01","Sandy Koufax","Sandy","Koufax","R","L",881,823,161,3,54,0.196,0.245,1,3,-2.62,-2.39
"kouzmke01","Kevin Kouzmanoff","Kevin","Kouzmanoff","R","R",2826,2550,709,89,198,0.278,0.339,50,28,12.65,13.71
"koyer01","Ernie Koy","Ernie","Koy","R","R",1773,1664,434,41,100,0.261,0.306,9,0,4.28,5.1
"kozmape01","Pete Kozma","Pete","Kozma","R","R",1272,1137,295,20,126,0.259,0.333,3,6,4.05,6.11
"kraemjo01","Joe Kraemer","Joe","Kraemer","L","L",0,0,0,0,0,NA,NA,0,0,0,0
"krameja01","Jack Kramer","Jack","Kramer","R","R",634,576,112,5,57,0.194,0.268,1,0,-3.57,-2.9
"krameke01","Kevin Kramer","Kevin","Kramer","L","R",205,181,45,2,21,0.249,0.322,0,3,0.4,-0.55
"kramera01","Randy Kramer","Randy","Kramer","R","R",2,1,0,0,1,0,0.5,0,0,0,0
"kraneed01","Ed Kranepool","Ed","Kranepool","L","L",6115,5555,1508,130,494,0.271,0.33,13,53,6.65,7.38
"kranima01","Max Kranick","Max","Kranick","R","R",77,71,13,1,6,0.183,0.247,0,0,0.1,0.06
"kratzer01","Erik Kratz","Erik","Kratz","R","R",1435,1296,325,38,118,0.251,0.317,12,9,5.7,8.11
"krausle02","Lew Krausse","Lew","Krausse","R","R",327,302,59,4,24,0.195,0.257,1,0,-1.28,-1.17
"krausma01","Marc Krauss","Marc","Krauss","L","R",610,546,138,16,61,0.253,0.33,2,1,0.31,0.31
"kraveke01","Ken Kravec","Ken","Kravec","L","L",23,19,3,0,4,0.158,0.304,0,0,0.29,0.3
"kravida01","Danny Kravitz","Danny","Kravitz","L","R",98,90,24,3,7,0.267,0.316,0,1,0.12,0.17
"kreevmi01","Mike Kreevich","Mike","Kreevich","R","R",5124,4733,1219,44,384,0.258,0.314,7,0,8.91,8.77
"krehbjo01","Joey Krehbiel","Joey","Krehbiel","R","R",3,2,1,0,1,0.5,0.667,0,0,0.02,0.02
"kreidry01","Ryan Kreidler","Ryan","Kreidler","R","R",95,81,19,1,8,0.235,0.305,2,4,0.5,0.33
"kremmji01","Jim Kremmel","Jim","Kremmel","L","L",6,5,1,0,1,0.2,0.333,0,0,0.02,0.02
"krencwa01","Wayne Krenchicki","Wayne","Krenchicki","L","R",1204,1069,296,18,118,0.277,0.346,2,15,5.67,5.9
"kressre01","Red Kress","Red","Kress","R","R",5400,5005,1188,108,389,0.237,0.293,6,0,3.43,2.51
"kretllo01","Lou Kretlow","Lou","Kretlow","R","R",109,101,23,0,8,0.228,0.284,0,0,-1.19,-1.06
"kreutch01","Chad Kreuter","Chad","Kreuter","B","R",2864,2497,574,33,330,0.23,0.323,20,17,6.06,7.9
"kriskbr01","Brooks Kriske","Brooks","Kriske","R","R",1,0,0,0,1,NA,1,0,0,0,0
"krizaja01","Jason Krizan","Jason","Krizan","L","R",16,13,4,0,3,0.308,0.438,0,0,0.01,0.02
"kroenza01","Zach Kroenke","Zach","Kroenke","R","L",21,19,5,1,2,0.263,0.333,0,0,0.1,0.13
"krolia01","Ian Krol","Ian","Krol","L","L",70,61,18,1,9,0.295,0.386,0,0,0.92,0.9
"krollga01","Gary Kroll","Gary","Kroll","R","R",2,1,0,0,1,0,0.5,0,0,0,0
"kronejo01","John Kroner","John","Kroner","R","R",630,585,131,8,45,0.224,0.279,0,0,-1.63,-1.41
"kroonma01","Marc Kroon","Marc","Kroon","B","R",4,3,1,0,1,0.333,0.5,0,0,0.01,0.01
"krugch01","Chris Krug","Chris","Krug","R","R",234,213,45,5,17,0.211,0.269,1,3,-0.31,0.18
"krugeja01","Jack Kruger","Jack","Kruger","R","R",1,0,0,0,1,NA,1,0,0,0.01,0.01
"krukjo01","John Kruk","John","Kruk","L","L",4672,3982,1198,87,645,0.301,0.395,2,43,23.84,26.46
"krukomi01","Mike Krukow","Mike","Krukow","R","R",638,588,140,8,40,0.238,0.288,4,6,3.64,3.78
"kryhodi01","Dick Kryhoski","Dick","Kryhoski","L","L",1577,1497,374,37,67,0.25,0.285,9,4,-0.0100000000000001,-1.17
"krynzda01","Dave Krynzel","Dave","Krynzel","L","L",136,122,31,2,11,0.254,0.331,3,0,0.58,0.43
"kubekto01","Tony Kubek","Tony","Kubek","L","R",4638,4429,1163,28,170,0.263,0.29,13,26,16.2,14.79
"kubelja01","Jason Kubel","Jason","Kubel","L","R",4013,3549,982,133,419,0.277,0.352,11,34,14.09,10.5
"kubenje01","Jeff Kubenka","Jeff","Kubenka","R","L",1,0,0,0,1,NA,1,0,0,0.01,0.01
"kubitky01","Kyle Kubitza","Kyle","Kubitza","L","R",97,87,23,1,10,0.264,0.34,0,0,0.28,0.2
"kubskgi01","Gil Kubski","Gil","Kubski","L","R",65,59,15,1,6,0.254,0.323,0,0,0.2,0.12
"kuennha01","Harvey Kuenn","Harvey","Kuenn","R","R",6961,6448,1941,36,454,0.301,0.346,13,46,24.73,25.95
"kuhaufr01","Fred Kuhaulua","Fred","Kuhaulua","L","L",9,8,2,0,1,0.25,0.333,0,0,0,0
"kuheljo01","Joe Kuhel","Joe","Kuhel","L","L",7991,7140,1838,169,819,0.257,0.337,32,0,14.08,12.76
"kuhlch01","Chad Kuhl","Chad","Kuhl","R","R",354,326,67,4,28,0.206,0.268,0,0,1.5,1.44
"kuhnejo01","Joel Kuhnel","Joel","Kuhnel","R","R",25,22,6,1,3,0.273,0.36,0,0,0.32,0.31
"kuipedu01","Duane Kuiper","Duane","Kuiper","L","R",3566,3240,899,23,282,0.277,0.339,28,16,9.64,7.75
"kunkeje01","Jeff Kunkel","Jeff","Kunkel","R","R",765,714,171,16,43,0.239,0.289,7,1,1.53,1.18
"kuntzru01","Rusty Kuntz","Rusty","Kuntz","R","R",543,470,126,8,68,0.268,0.361,2,3,1.44,1.99
"kunzed01","Eddie Kunz","Eddie","Kunz","R","R",4,3,1,0,1,0.333,0.5,0,0,0.02,0.02
"kuoho01","Hung Chih Kuo","Hung-Chih","Kuo","L","L",219,197,55,6,22,0.279,0.352,0,0,2.25,2.14
"kurodhi01","Hiroki Kuroda","Hiroki","Kuroda","R","R",443,402,86,5,41,0.214,0.287,0,0,1.65,1.58
"kurosry01","Ryan Kurosaki","Ryan","Kurosaki","R","R",1,0,0,0,1,NA,1,0,0,0.01,0.01
"kurowwh01","Whitey Kurowski","Whitey","Kurowski","R","R",3716,3387,917,156,293,0.271,0.335,36,0,21.9,21.12
"kushem01","Emil Kush","Emil","Kush","R","R",1,0,0,0,1,NA,1,0,0,0,0
"kusiccr01","Craig Kusick","Craig","Kusick","R","R",1482,1257,308,48,199,0.245,0.351,13,13,5.9,5.41
"kutchra01","Randy Kutcher","Randy","Kutcher","R","R",476,437,103,8,38,0.236,0.296,0,1,1.79,1.62
"kuwatma01","Masumi Kuwata","Masumi","Kuwata","R","R",7,6,2,0,1,0.333,0.429,0,0,0.03,0.03
"kwanst01","Steven Kwan","Steven","Kwan","L","L",1924,1671,509,16,208,0.305,0.386,25,20,14.68,12.77
"laabsch01","Chet Laabs","Chet","Laabs","R","R",2644,2350,578,99,288,0.246,0.33,6,0,6.55,8.25
"laboyco01","Coco Laboy","Coco","Laboy","R","R",1496,1385,338,24,92,0.244,0.291,6,13,-0.49,-0.0300000000000002
"laceybo01","Bob Lacey","Bob","Lacey","R","L",6,5,1,0,1,0.2,0.333,0,0,0.03,0.03
"lackejo01","John Lackey","John","Lackey","R","R",793,721,168,13,72,0.233,0.303,0,0,2.44,2.61
"lacocpe01","Pete LaCock","Pete","LaCock","L","L",1938,1715,450,34,197,0.262,0.336,5,21,3.01,3.36
"lacorfr01","Frank LaCorte","Frank","LaCorte","R","R",79,68,16,1,10,0.235,0.329,0,1,0.1,0.11
"lacosmi01","Mike LaCoss","Mike","LaCoss","R","R",449,411,89,5,35,0.217,0.281,2,1,1.4,1.52
"lacyle01","Lee Lacy","Lee","Lacy","R","R",5144,4677,1358,104,425,0.29,0.348,9,33,25.05,23.53
"laddpe01","Pete Ladd","Pete","Ladd","R","R",1,0,0,0,1,NA,1,0,0,0.01,0.01
"ladedo01","Doyle Lade","Doyle","Lade","R","R",212,196,45,0,16,0.23,0.288,0,0,0.8,0.47
"ladenty01","Tyler Ladendorf","Tyler","Ladendorf","R","R",187,171,39,3,16,0.228,0.294,0,0,1.08,0.79
"laffeaa01","Aaron Laffey","Aaron","Laffey","L","L",20,17,5,0,3,0.294,0.4,0,0,0.02,0.02
"laforpe01","Pete LaForest","Pete","LaForest","L","R",224,197,52,4,27,0.264,0.353,0,0,0.8,0.51
"lafraro01","Roger LaFrancois","Roger","LaFrancois","L","R",8,7,3,0,1,0.429,0.5,0,0,0.01,0.01
"lafrobo01","Bobby LaFromboise","Bobby","LaFromboise","L","L",15,12,4,0,3,0.333,0.467,0,0,0.08,0.08
"lagami01","Mike Laga","Mike","Laga","L","L",296,268,65,10,25,0.243,0.307,1,2,0.21,0.49
"lagarju01","Juan Lagares","Juan","Lagares","R","R",2732,2491,699,38,203,0.281,0.338,22,16,18.11,13.32
"lahaibr01","Bryan LaHair","Bryan","LaHair","L","R",765,672,185,23,91,0.275,0.361,0,2,2.21,2.58
"lahoujo01","Joe Lahoud","Joe","Lahoud","L","L",1937,1667,402,64,250,0.241,0.344,15,5,7.72,7.96
"lahtije01","Jeff Lahti","Jeff","Lahti","R","R",36,32,7,0,4,0.219,0.306,0,0,0.04,0.06
"lairdbr01","Brandon Laird","Brandon","Laird","R","R",303,273,71,11,28,0.26,0.333,2,0,1.07,0.97
"lairdge01","Gerald Laird","Gerald","Laird","R","R",3077,2755,725,47,268,0.263,0.333,32,22,14.08,4.37
"lajesdi01","Dick Lajeskie","Dick","Lajeskie","R","R",18,14,3,0,3,0.214,0.389,1,0,0.01,0.02
"lajoina01","Nap Lajoie","Nap","Lajoie","R","R",9548,9080,2705,188,339,0.298,0.332,129,0,74.08,65.73
"lakeed01","Eddie Lake","Eddie","Lake","R","R",3483,2945,599,45,530,0.203,0.326,8,0,5.57,6.11
"lakeju01","Junior Lake","Junior","Lake","R","R",867,791,214,21,69,0.271,0.332,5,2,3.35,3.34
"lakerti01","Tim Laker","Tim","Laker","R","R",477,439,107,8,36,0.244,0.302,1,1,0.2,2.77555756156289e-17
"lakest01","Steve Lake","Steve","Lake","R","R",836,777,196,10,49,0.252,0.3,6,4,2.92,3.68
"lakintr01","Travis Lakins Sr","Travis","Lakins","R","R",0,0,0,0,0,NA,NA,0,0,0,0
"lallibl01","Blake Lalli","Blake","Lalli","L","R",65,60,15,1,5,0.25,0.308,0,0,0.23,0.23
"lamabja01","Jack Lamabe","Jack","Lamabe","R","R",7,6,2,0,1,0.333,0.429,0,0,0.03,0.03
"lamanfr02","Hank LaManna","Hank","LaManna","R","R",4,3,1,0,1,0.333,0.5,0,0,0.01,0
"lamanra01","Ray Lamanno","Ray","Lamanno","R","R",1619,1518,361,28,91,0.238,0.285,10,0,-0.32,0.23
"lamarry01","Ryan LaMarre","Ryan","LaMarre","R","L",590,529,143,14,55,0.27,0.341,3,3,2.43,2.69
"lambeji01","Jimmy Lambert","Jimmy","Lambert","R","R",3,2,1,0,1,0.5,0.667,0,0,0.01,0.01
"lambepe01","Peter Lambert","Peter","Lambert","R","R",120,108,31,2,12,0.287,0.358,0,0,0.95,0.95
"lambja01","Jake Lamb","Jake","Lamb","L","R",2778,2375,622,76,354,0.262,0.361,28,21,13.55,12.6
"lambjo01","John Lamb","John","Lamb","R","R",4,3,1,0,1,0.333,0.5,0,0,-0.01,0
"lambjo02","John Lamb","John","Lamb","L","L",150,137,30,2,13,0.219,0.287,0,0,0.53,0.5
"lambmi01","Mike Lamb","Mike","Lamb","L","R",2516,2257,619,50,218,0.274,0.338,13,28,10.02,8.74
"lamboan01","Andrew Lambo","Andrew","Lambo","L","L",258,234,58,5,24,0.248,0.318,0,0,-0.15,1.07
"lambra01","Ray Lamb","Ray","Lamb","R","R",1,0,0,0,1,NA,1,0,0,0.01,0
"lametdi01","Dinelson Lamet","Dinelson","Lamet","R","R",235,214,51,3,21,0.238,0.306,0,0,0.96,0.91
"lamonge01","Gene Lamont","Gene","Lamont","L","R",199,184,47,4,14,0.255,0.312,1,0,0.71,0.64
"lampake01","Keith Lampard","Keith","Lampard","L","R",13,12,3,1,1,0.25,0.308,0,0,0.01,0.01
"lampde01","Dennis Lamp","Dennis","Lamp","R","R",133,124,27,1,9,0.218,0.271,0,0,0.39,0.38
"lampkto01","Tom Lampkin","Tom","Lampkin","L","R",2036,1802,405,41,181,0.225,0.306,36,17,3.64,5.27
"lanahdi01","Dick Lanahan","Dick","Lanahan","L","L",5,4,1,0,1,0.25,0.4,0,0,0,0
"landera01","Rafael Landestoy","Rafael","Landestoy","B","R",1324,1197,304,12,119,0.254,0.323,5,3,4.57,4.46
"landiji01","Jim Landis","Jim","Landis","R","R",3878,3374,800,60,434,0.237,0.33,47,23,16.73,16.95
"landrbi01","Bill Landrum","Bill","Landrum","R","R",8,6,1,0,2,0.167,0.375,0,0,0,0.02
"landrdo01","Don Landrum","Don","Landrum","L","R",1454,1314,314,8,117,0.239,0.309,19,4,1.1,0.36
"landrho01","Hobie Landrith","Hobie","Landrith","L","R",2597,2289,533,33,286,0.233,0.317,3,19,1.65,4.92
"landrke01","Ken Landreaux","Ken","Landreaux","L","R",4674,4251,1160,112,359,0.273,0.329,19,45,15.19,13.29
"landrla01","Larry Landreth","Larry","Landreth","R","R",3,2,0,0,1,0,0.333,0,0,0,0.01
"landrti01","Tito Landrum","Tito","Landrum","R","R",1105,995,265,17,95,0.266,0.33,5,10,4.61,5.68
"laneja01","Jason Lane","Jason","Lane","R","L",1572,1391,354,57,153,0.254,0.331,13,15,5.05,5.23
"lanema01","Marv Lane","Marv","Lane","R","R",209,179,45,4,29,0.251,0.354,0,1,0.66,0.47
"langch01","Chip Lang","Chip","Lang","R","R",8,7,3,0,1,0.429,0.5,0,0,0.03,0.02
"langdo01","Don Lang","Don","Lang","R","R",453,406,102,9,46,0.251,0.329,1,0,2.12,1.78
"langeal01","Alex Lange","Alex","Lange","R","R",4,3,1,0,1,0.333,0.5,0,0,0.02,0.02
"langebi01","Bill Lange","Bill","Lange","R","R",2610,2464,627,40,126,0.254,0.296,20,0,10.14,9.22
"langedi01","Dick Lange","Dick","Lange","R","R",3,2,0,0,1,0,0.333,0,0,0,0
"langery01","Ryan Langerhans","Ryan","Langerhans","L","L",1732,1460,359,39,251,0.246,0.359,12,9,8.95,9.51
"langesh01","Shea Langeliers","Shea","Langeliers","R","R",1229,1099,274,57,101,0.249,0.317,15,14,5.52,4.17
"langfri01","Rick Langford","Rick","Langford","R","R",6,5,1,0,1,0.2,0.333,0,0,0.02,0.01
"langfwy01","Wyatt Langford","Wyatt","Langford","R","R",571,503,142,11,61,0.282,0.363,4,3,4.76,3.47
"langwma01","Matt Langwell","Matt","Langwell","R","R",17,15,5,0,2,0.333,0.412,0,0,0.03,0.03
"lanieha01","Hal Lanier","Hal","Lanier","R","R",3595,3437,836,9,140,0.243,0.272,2,16,0.58,0.25
"laniema01","Max Lanier","Max","Lanier","R","L",466,451,93,0,15,0.206,0.232,0,0,-2.64,-2.13
"lankfra01","Ray Lankford","Ray","Lankford","L","L",6863,5981,1578,192,793,0.264,0.351,36,53,36.7,38.58
"lannajo01","John Lannan","John","Lannan","L","L",608,552,125,9,56,0.226,0.298,0,0,2.24,2.39
"lannito01","Tom Lanning","Tom","Lanning","L","L",1,0,0,0,1,NA,1,0,0,0.01,0.01
"lansfca01","Carney Lansford","Carney","Lansford","R","R",8036,7274,2183,172,621,0.3,0.357,64,77,45.1,38.36
"lansfjo01","Joe Lansford","Joe","Lansford","R","R",25,20,5,0,4,0.25,0.36,0,1,0.13,0.08
"lansimi01","Mike Lansing","Mike","Lansing","R","R",3549,3306,843,33,193,0.255,0.302,35,15,9.05,10.08
"lapoida01","Dave LaPoint","Dave","LaPoint","L","L",240,215,44,2,24,0.205,0.283,0,1,0.08,0.55
"laporma01","Matt LaPorta","Matt","LaPorta","R","R",1170,1041,275,34,110,0.264,0.338,10,9,3.25,3.05
"lappja01","Jack Lapp","Jack","Lapp","L","R",658,621,145,1,37,0.233,0.277,0,0,0.48,-0.03
"larisje01","Jeff Larish","Jeff","Larish","L","R",466,412,106,12,52,0.257,0.341,1,1,1.26,1.26
"larkeno01","Norm Larker","Norm","Larker","L","L",2406,2139,595,26,225,0.278,0.347,16,26,4.34,2.65
"larkiba01","Barry Larkin","Barry","Larkin","R","R",9234,8171,2369,140,941,0.29,0.364,55,67,70.88,65.92
"larkige01","Gene Larkin","Gene","Larkin","B","R",2288,2002,528,31,231,0.264,0.347,34,21,0.97,0.85
"larkipa01","Pat Larkin","Pat","Larkin","L","L",1,0,0,0,1,NA,1,0,0,0,0
"larkist01","Steve Larkin","Steve","Larkin","R","R",2,1,0,0,1,0,0.5,0,0,0,0
"larkist02","Stephen Larkin","Stephen","Larkin","L","L",7,6,2,0,1,0.333,0.429,0,0,0,0
"larnatr01","Trevor Larnach","Trevor","Larnach","L","R",1128,971,255,28,134,0.263,0.355,11,12,5.3,5.27
"larocad01","Adam LaRoche","Adam","LaRoche","L","L",6337,5509,1487,234,746,0.27,0.356,24,58,25.68,23.47
"larocan01","Andy LaRoche","Andy","LaRoche","R","R",1519,1341,338,28,158,0.252,0.336,15,5,5.3,5.08
"larocda01","Dave LaRoche","Dave","LaRoche","L","L",41,37,11,0,4,0.297,0.366,0,0,0.66,0.58
"larocgr01","Greg LaRocca","Greg","LaRocca","R","R",51,46,14,1,5,0.304,0.373,0,0,0.42,0.36
"larosvi01","Vic LaRose","Vic","LaRose","R","R",2,0,0,0,1,NA,1,1,0,0,0
"larsedo01","Don Larsen","Don","Larsen","R","R",714,665,163,13,46,0.245,0.293,0,3,4.96,3.68
"larseja01","Jack Larsen","Jack","Larsen","L","L",9,8,2,0,1,0.25,0.333,0,0,0,0.01
"larsobr01","Brandon Larson","Brandon","Larson","R","R",264,231,52,5,30,0.225,0.314,1,2,-0.65,-0.51
"larsoda01","Dan Larson","Dan","Larson","R","R",72,65,17,1,7,0.262,0.333,0,0,0.67,0.63
"larueja01","Jason LaRue","Jason","LaRue","R","R",3297,2893,686,74,279,0.237,0.325,107,18,12.07,13.83
"laryfr01","Frank Lary","Frank","Lary","R","R",357,345,66,2,11,0.191,0.218,1,0,0.3,0.39
"laryly01","Lyn Lary","Lyn","Lary","R","R",5421,4725,1100,43,672,0.233,0.331,24,0,13,11.85
"laskebi01","Bill Laskey","Bill","Laskey","R","R",68,63,12,1,5,0.19,0.25,0,0,0.09,0.12
"lasteto01","Tommy La Stella","Tommy","La Stella","L","R",2602,2293,658,47,280,0.287,0.367,16,13,11.98,12.46
"lathaar01","Arlie Latham","Arlie","Latham","R","R",1335,1239,234,13,80,0.189,0.247,16,0,3.02,3.2
"lathabi01","Bill Latham","Bill","Latham","L","L",3,2,1,0,1,0.5,0.667,0,0,0.01,0.01
"lathach01","Chris Latham","Chris","Latham","B","R",126,111,32,2,14,0.288,0.373,1,0,0.72,0.65
"latosma01","Mat Latos","Mat","Latos","R","R",784,719,171,14,62,0.238,0.3,2,1,4.01,3.66
"latzja01","Jacob Latz","Jake","Latz","R","L",6,5,1,0,1,0.2,0.333,0,0,0.02,0.02
"lauch01","Charlie Lau","Charlie","Lau","L","R",805,739,199,2,59,0.269,0.322,1,6,-2.1,-0.15
"laudnti01","Tim Laudner","Tim","Laudner","R","R",2259,2029,466,72,208,0.23,0.302,8,14,3.82,4.95
"lauerer01","Eric Lauer","Eric","Lauer","R","L",286,259,61,4,24,0.236,0.301,1,2,1.35,1.5
"laurera01","Ramón Laureano","Ramon","Laureano","R","R",2884,2526,691,80,258,0.274,0.358,83,17,19.22,17.65
"lavagco01","Cookie Lavagetto","Cookie","Lavagetto","R","R",3114,2728,692,39,375,0.254,0.346,11,0,9.53,8.57
"lavalmi01","Mike LaValliere","Mike","LaValliere","L","R",2927,2560,707,18,329,0.276,0.357,10,28,14.53,17.08
"lavarry01","Ryan Lavarnway","Ryan","Lavarnway","R","R",939,844,216,19,89,0.256,0.328,3,3,1.57,3.13
"lavelga01","Gary Lavelle","Gary","Lavelle","B","L",116,102,24,0,14,0.235,0.328,0,0,0.33,0.33
"lawde01","Derek Law","Derek","Law","R","R",56,48,13,1,8,0.271,0.375,0,0,0.86,0.85
"lawleto01","Tom Lawless","Tom","Lawless","R","R",348,319,77,3,29,0.241,0.305,0,0,0.49,0.54
"lawrebr01","Brooks Lawrence","Brooks","Lawrence","R","R",72,67,15,0,4,0.224,0.278,1,0,0.14,0.13
"lawrebr02","Brian Lawrence","Brian","Lawrence","R","R",421,391,86,4,29,0.22,0.273,0,1,1.08,1.23
"lawreca01","Casey Lawrence","Casey","Lawrence","R","R",33,29,9,1,4,0.31,0.394,0,0,0.11,0.11
"lawreju01","Justin Lawrence","Justin","Lawrence","R","R",16,14,4,0,2,0.286,0.375,0,0,0.05,0.04
"lawribr01","Brett Lawrie","Brett","Lawrie","R","R",2518,2264,624,69,215,0.276,0.344,27,12,19.41,14.21
"lawru01","Rudy Law","Rudy","Law","L","L",2667,2437,672,29,210,0.276,0.336,13,7,11.46,9.19
"lawsoro01","Roxie Lawson","Roxie","Lawson","R","R",234,222,50,0,12,0.225,0.265,0,0,-1.07,-1.02
"lawsost01","Steve Lawson","Steve","Lawson","R","L",1,0,0,0,1,NA,1,0,0,0.01,0.01
"lawtoma02","Matt Lawton","Matt","Lawton","L","R",5539,4750,1210,97,665,0.255,0.355,94,30,14.67,11.17
"lawva01","Vance Law","Vance","Law","R","R",4162,3698,974,76,419,0.263,0.337,9,36,13.9,14.75
"lawve01","Vern Law","Vern","Law","R","R",1284,1198,280,18,75,0.234,0.28,4,7,7.26,5.27
"laxtobi01","Bill Laxton","Bill","Laxton","L","L",7,6,2,0,1,0.333,0.429,0,0,0.02,0.02
"layneto01","Tommy Layne","Tommy","Layne","L","L",29,24,9,0,5,0.375,0.483,0,0,0.17,0.16
"lazora01","Raudel Lazo","Raudel","Lazo","L","L",7,6,2,0,1,0.333,0.429,0,0,0.03,0.03
"lazzeto01","Tony Lazzeri","Tony","Lazzeri","R","R",7247,6408,1669,235,818,0.26,0.346,21,0,38.14,40.9
"leach01","Charlie Lea","Charlie","Lea","R","R",91,82,17,1,9,0.207,0.286,0,0,0.3,0.39
"leachbr01","Brent Leach","Brent","Leach","L","L",8,7,3,0,1,0.429,0.5,0,0,0.07,0.06
"leachfr01","Freddy Leach","Freddy","Leach","L","R",3955,3774,911,73,154,0.241,0.276,27,0,-6.69,-6.27
"leachri01","Rick Leach","Rick","Leach","L","L",1943,1733,481,22,190,0.278,0.348,6,14,6.12,6.01
"leachte01","Terry Leach","Terry","Leach","R","R",11,9,3,0,2,0.333,0.455,0,0,0.06,0.06
"leachto01","Tommy Leach","Tommy","Leach","R","R",7661,7198,1434,152,438,0.199,0.248,25,0,-3.73,4.84
"leagubr01","Brandon League","Brandon","League","R","R",66,56,18,2,10,0.321,0.424,0,0,1.74,1.6
"leahyky01","Kyle Leahy","Kyle","Leahy","B","R",4,3,1,0,1,0.333,0.5,0,0,0.01,0.01
"leakemi01","Mike Leake","Mike","Leake","R","R",994,910,229,19,82,0.252,0.315,2,0,7.34,7.36
"learyti01","Tim Leary","Tim","Leary","R","R",178,163,41,0,13,0.252,0.309,1,1,1.27,1.09
"leathja01","Jack Leathersich","Jack","Leathersich","R","L",16,14,4,0,2,0.286,0.375,0,0,0.07,0.07
"leblach01","Charles Leblanc","Charles","Leblanc","R","R",183,163,46,4,18,0.282,0.361,2,0,1.14,1.42
"leblawa01","Wade LeBlanc","Wade","LeBlanc","L","L",519,471,133,8,47,0.282,0.349,1,0,3.86,3.73
"leclejo01","José Leclerc","Jose","Leclerc","R","R",22,17,4,0,5,0.235,0.409,0,0,0.09,0.09
"lecroma01","Matt LeCroy","Matt","LeCroy","R","R",1519,1365,371,50,132,0.272,0.341,15,7,2.31,2.76
"lecursa01","Sam LeCure","Sam","LeCure","R","R",181,160,44,4,20,0.275,0.359,1,0,1.86,1.72
"ledesaa01","Aaron Ledesma","Aaron","Ledesma","R","R",748,716,204,1,24,0.285,0.311,5,3,2.34,1.52
"ledezwi01","Wil Ledezma","Wil","Ledezma","L","L",100,87,20,2,13,0.23,0.33,0,0,0.76,0.74
"leebi03","Bill Lee","Bill","Lee","L","L",130,121,32,2,9,0.264,0.315,0,0,1.29,1.26
"leebr01","Braxton Lee","Braxton","Lee","L","R",76,69,19,1,7,0.275,0.342,0,0,0.28,0.14
"leeca01","Carlos Lee","Carlos","Lee","R","R",8663,7801,2229,276,717,0.286,0.345,47,98,37.48,35.87
"leech01","C C  Lee","C. C.","Lee","R","R",3,2,1,0,1,0.5,0.667,0,0,0.02,0.02
"leecl02","Cliff Lee","Cliff","Lee","L","L",760,697,171,14,62,0.245,0.307,0,1,3.43,3.45
"leeda02","Dae ho Lee","Dae-ho","Lee","R","R",325,293,81,11,27,0.276,0.348,5,0,1.1,1.17
"leede02","Derrek Lee","Derrek","Lee","R","R",7909,6891,1942,273,893,0.282,0.367,70,55,37,37.17
"leedy01","Dylan Lee","Dylan","Lee","L","L",2,1,0,0,1,0,0.5,0,0,0.01,0.01
"leeha01","Hal Lee","Hal","Lee","R","R",2643,2484,575,31,151,0.231,0.278,8,0,1.22,1.04
"leeju01","Jung Hoo Lee","Jung Hoo","Lee","L","R",89,78,22,1,8,0.282,0.348,1,2,0.42,0.45
"leekh01","Khalil Lee","Khalil","Lee","L","L",84,78,15,1,6,0.192,0.25,0,0,0.1,-0.65
"leeko01","Korey Lee","Korey","Lee","R","R",384,358,91,9,26,0.254,0.305,0,0,1.15,0.89
"leele02","Leron Lee","Leron","Lee","L","R",1584,1447,390,35,126,0.27,0.329,5,6,3.66,4.03
"leema01","Mark Lee","Mark","Lee","R","R",14,11,3,0,3,0.273,0.429,0,0,0.07,0.06
"leema02","Manuel Lee","Manuel","Lee","B","R",3050,2816,717,18,211,0.255,0.306,4,19,9.84,5.8
"leeth01","Thornton Lee","Thornton","Lee","L","L",947,917,203,6,29,0.221,0.246,1,0,-3.88,-2.28
"leetr01","Travis Lee","Travis","Lee","L","L",4177,3697,936,84,446,0.253,0.333,9,25,6.58,6.94
"leeza01","Zach Lee","Zach","Lee","R","R",26,23,7,1,3,0.304,0.385,0,0,0.03,0.03
"lefebbi01","Bill LeFebvre","Bill","LeFebvre","L","L",0,0,0,0,0,NA,NA,0,0,0,0
"lefebji01","Jim Lefebvre","Jim","Lefebvre","B","R",3731,3322,884,89,367,0.266,0.339,13,29,17.71,18.14
"lefebjo01","Joe Lefebvre","Joe","Lefebvre","L","R",1304,1134,310,38,155,0.273,0.363,8,7,6.46,6.87
"leffecr01","Craig Lefferts","Craig","Lefferts","L","L",39,35,9,0,4,0.257,0.333,0,0,0.09,0.12
"leflewa01","Wade Lefler","Wade","Lefler","L","R",10,9,3,0,1,0.333,0.4,0,0,0.02,0.03
"lefloro01","Ron LeFlore","Ron","LeFlore","R","R",4123,3734,1103,69,361,0.295,0.358,12,16,21.5,18.12
"legggr01","Greg Legg","Greg","Legg","R","R",22,19,6,0,3,0.316,0.409,0,0,0.03,0.03
"lehmake01","Ken Lehman","Ken","Lehman","L","L",6,5,1,0,1,0.2,0.333,0,0,0,0
"lehnepa01","Paul Lehner","Paul","Lehner","L","L",735,698,178,10,37,0.255,0.293,0,0,-1.42,-0.91
"lehrju01","Justin Lehr","Justin","Lehr","R","R",114,102,21,2,12,0.206,0.289,0,0,0.66,0.51
"leibeha01","Hank Leiber","Hank","Leiber","R","R",2827,2563,703,104,245,0.274,0.342,19,0,11.51,12.24
"leibrch01","Charlie Leibrandt","Charlie","Leibrandt","R","L",67,59,13,1,7,0.22,0.299,0,1,0.3,0.34
"leicejo01","Jon Leicester","Jon","Leicester","R","R",12,10,3,0,2,0.3,0.417,0,0,0.02,0.02
"leiped01","Ed Leip","Ed","Leip","R","R",36,33,10,0,3,0.303,0.361,0,0,0.21,0.2
"leipeda01","Dave Leiper","Dave","Leiper","L","L",2,1,0,0,1,0,0.5,0,0,0.01,0
"leiteal01","Al Leiter","Al","Leiter","L","L",203,184,36,0,19,0.196,0.271,0,0,0.06,0.18
"leitema02","Mark Leiter Jr","Mark","Leiter","R","R",129,118,26,2,11,0.22,0.287,0,0,0.64,0.67
"leiussc01","Scott Leius","Scott","Leius","R","R",1773,1593,383,21,167,0.24,0.312,4,9,4.18,2.05
"lejohdo01","Don LeJohn","Don","LeJohn","R","R",114,106,30,0,8,0.283,0.333,0,0,0.23,0.23
"lemahdj01","DJ LeMahieu","DJ","LeMahieu","R","R",7093,6280,1851,116,724,0.295,0.368,38,51,42.03,37.1
"lemasde01","Denny Lemaster","Denny","Lemaster","R","L",753,698,137,6,48,0.196,0.247,1,6,-0.36,-0.22
"lemasjo01","Johnnie LeMaster","Johnnie","LeMaster","R","R",3446,3136,775,41,285,0.247,0.309,6,19,4.11,3.26
"lemkema01","Mark Lemke","Mark","Lemke","B","R",3784,3408,779,18,346,0.229,0.297,0,30,2.69,4.39
"lemonbo01","Bob Lemon","Bob","Lemon","L","R",1701,1602,383,44,94,0.239,0.282,2,3,12.16,11.57
"lemonch01","Chet Lemon","Chet","Lemon","R","R",7932,6918,1956,222,809,0.283,0.368,151,54,59.12,55.49
"lemonji01","Jim Lemon","Jim","Lemon","R","R",3579,3224,826,129,302,0.256,0.32,18,35,3.9,5.44
"lemonma01","Mark Lemongello","Mark","Lemongello","R","R",143,130,27,2,12,0.208,0.28,1,0,0.1,0.18
"lenhado01","Don Lenhardt","Don","Lenhardt","R","R",1810,1613,394,55,190,0.244,0.326,6,1,2.16,3.45
"lennopa01","Pat Lennon","Pat","Lennon","R","R",13,11,3,0,2,0.273,0.385,0,0,0,0
"lentiji01","Jim Lentine","Jim","Lentine","R","R",199,169,46,2,28,0.272,0.382,2,0,0.71,0.74
"leonaje01","Jeffrey Leonard","Jeffrey","Leonard","R","R",5531,5074,1386,149,376,0.273,0.323,23,58,14.08,13.07
"leonama01","Mark Leonard","Mark","Leonard","L","R",22,19,5,1,3,0.263,0.364,0,0,0.15,0.19
"leoned01","Eddie Leon","Eddie","Leon","R","R",1102,1031,240,3,65,0.233,0.279,3,3,-0.7,-0.78
"leonedo01","Dominic Leone","Dominic","Leone","R","R",58,49,14,0,9,0.286,0.397,0,0,0.31,0.27
"leoneju01","Justin Leone","Justin","Leone","R","R",178,159,38,7,16,0.239,0.32,3,0,0.6,0.4
"leonma01","Max Leon","Max","Leon","R","R",60,49,14,0,9,0.286,0.383,0,2,0.38,0.41
"leonsa01","Sandy Leon","Sandy","Leon","B","R",1993,1776,462,33,193,0.26,0.336,15,9,8.72,7.88
"leovijo01","John Leovich","John","Leovich","R","R",1,0,0,0,1,NA,1,0,0,0,0
"lepcite01","Ted Lepcio","Ted","Lepcio","R","R",2661,2428,541,52,206,0.223,0.287,18,9,2.69,3.64
"leppedo02","Don Leppert","Don","Leppert","R","R",565,520,123,12,41,0.237,0.294,2,2,-1.16,-0.71
"lerchra01","Randy Lerch","Randy","Lerch","L","L",270,241,57,4,27,0.237,0.311,0,2,1.61,1.85
"lerewan01","Anthony Lerew","Anthony","Lerew","L","R",5,4,1,0,1,0.25,0.4,0,0,0.02,0.02
"lerouch01","Chris Leroux","Chris","Leroux","L","R",50,43,15,0,7,0.349,0.44,0,0,0.15,0.15
"lerscba01","Barry Lersch","Barry","Lersch","B","R",162,144,28,1,16,0.194,0.278,1,1,-0.3,-0.44
"lerudst01","Steven Lerud","Steven","Lerud","L","R",55,50,13,1,5,0.26,0.327,0,0,0.07,0.08
"leshebr01","Brian Lesher","Brian","Lesher","R","L",107,96,22,0,10,0.229,0.299,0,1,-0.26,-0.1
"leskacu01","Curt Leskanic","Curt","Leskanic","R","R",40,35,10,0,5,0.286,0.375,0,0,-0.3,-0.27
"leslebr01","Brad Lesley","Brad","Lesley","R","R",1,0,0,0,1,NA,1,0,0,0.02,0.02
"leslisa01","Sam Leslie","Sam","Leslie","L","L",2623,2408,674,36,194,0.28,0.339,21,0,7.25,8.64
"lestejo01","Jon Lester","Jon","Lester","L","L",1096,993,233,20,101,0.235,0.305,0,2,4.12,4.03
"levanje01","Jesse Levan","Jesse","Levan","L","R",7,6,2,0,1,0.333,0.429,0,0,0.01,0.01
"levinal01","Al Levine","Al","Levine","L","R",4,3,1,0,1,0.333,0.5,0,0,0.01,0.01
"levisje01","Jesse Levis","Jesse","Levis","L","R",784,694,168,1,79,0.242,0.321,5,6,0.04,-0.34
"levraal01","Allen Levrault","Allen","Levrault","R","R",9,8,2,0,1,0.25,0.333,0,0,-0.01,0.01
"lewalde01","Dennis Lewallyn","Dennis","Lewallyn","R","R",6,5,1,0,1,0.2,0.333,0,0,0,0
"lewicar01","Artie Lewicki","Artie","Lewicki","R","R",2,1,0,0,1,0,0.5,0,0,0.02,0.01
"lewisbi01","Bill Lewis","Bill","Lewis","R","R",119,105,30,1,14,0.286,0.37,0,0,0.63,0.69
"lewisbu01","Buddy Lewis","Buddy","Lewis","L","R",5946,5422,1537,125,504,0.283,0.347,20,0,26.24,22.31
"lewisco01","Colby Lewis","Colby","Lewis","R","R",13,11,4,0,2,0.364,0.462,0,0,0.02,0.02
"lewisda01","Darren Lewis","Darren","Lewis","R","R",4561,4136,977,13,364,0.236,0.303,42,19,6.64,3.16
"lewisfr02","Fred Lewis","Fred","Lewis","L","R",1944,1707,469,34,209,0.275,0.36,21,7,8.66,9.14
"lewisje01","Jensen Lewis","Jensen","Lewis","R","R",1,0,0,0,1,NA,1,0,0,0.01,0.01
"lewisjo01","Johnny Lewis","Johnny","Lewis","L","R",948,831,199,20,111,0.239,0.33,3,3,2.84,2.15
"lewisky01","Kyle Lewis","Kyle","Lewis","R","R",1083,946,271,40,131,0.286,0.374,3,3,6.24,5.57
"lewisma01","Mark Lewis","Mark","Lewis","R","R",1427,1330,359,12,80,0.27,0.313,8,9,-1.48,-1.44
"lewisro01","Rommie Lewis","Rommie","Lewis","L","L",12,10,3,0,2,0.3,0.417,0,0,0.01,0.01
"lewisro02","Royce Lewis","Royce","Lewis","R","R",570,507,148,26,54,0.292,0.361,4,5,5.08,5.56
"leyriji01","Jim Leyritz","Jim","Leyritz","R","R",2486,2132,556,67,275,0.261,0.357,56,23,7.04,9.13
"lezcasi01","Sixto Lezcano","Sixto","Lezcano","R","R",4829,4152,1150,166,612,0.277,0.369,19,46,30.61,28.59
"liberad01","Adam Liberatore","Adam","Liberatore","L","L",69,60,17,1,9,0.283,0.377,0,0,0.78,0.77
"liberma01","Matthew Liberatore","Matthew","Liberatore","L","L",4,3,1,0,1,0.333,0.5,0,0,0.01,0.01
"liddeda01","Dave Liddell","Dave","Liddell","R","R",1,0,0,0,1,NA,1,0,0,0,0
"liddial01","Alex Liddi","Alex","Liddi","R","R",346,313,78,11,31,0.249,0.318,1,1,1.49,0.55
"liddldo01","Don Liddle","Don","Liddle","L","L",114,96,20,0,16,0.208,0.325,1,1,0.22,0.39
"lidgebr01","Brad Lidge","Brad","Lidge","R","R",131,116,30,1,15,0.259,0.344,0,0,0.57,0.67
"lidleco01","Cory Lidle","Cory","Lidle","R","R",384,352,72,5,32,0.205,0.271,0,0,1.26,1.05
"liebejo01","Jon Lieber","Jon","Lieber","L","R",690,645,132,4,44,0.205,0.255,0,1,-0.39,1.32
"liebemi01","Mike Lieberthal","Mike","Lieberthal","R","R",4641,4186,1104,109,324,0.264,0.327,88,43,16.86,20.83
"lightpa01","Pat Light","Pat","Light","R","R",1,0,0,0,1,NA,1,0,0,0.01,0.01
"ligteke01","Kerry Ligtenberg","Kerry","Ligtenberg","R","R",7,6,2,0,1,0.333,0.429,0,0,-0.02,0
"lillibo01","Bob Lillis","Bob","Lillis","R","R",1525,1455,338,3,56,0.232,0.263,7,7,-1.58,-2.88
"lillibr01","Brent Lillibridge","Brent","Lillibridge","R","R",1105,991,239,25,96,0.241,0.315,13,5,3.56,3.46
"lillide01","Derek Lilliquist","Derek","Lilliquist","L","L",48,45,11,2,3,0.244,0.292,0,0,0.44,0.47
"lillyte01","Ted Lilly","Ted","Lilly","L","L",782,718,150,11,63,0.209,0.274,1,0,2.01,1.94
"limajo01","Jose Lima","Jose","Lima","R","R",142,132,35,2,10,0.265,0.317,0,0,0.37,0.45
"limch01","Chang Yong Lim","Chang-Yong","Lim","R","R",6,5,1,0,1,0.2,0.333,0,0,0.03,0.03
"linarru01","Rufino Linares","Rufino","Linares","R","R",608,562,155,13,41,0.276,0.324,1,4,3.13,2.65
"linceti01","Tim Lincecum","Tim","Lincecum","L","R",1020,924,190,13,95,0.206,0.279,0,1,4.42,4.21
"linch01","Che Hsuan Lin","Che-Hsuan","Lin","R","R",60,55,16,1,5,0.291,0.35,0,0,0.24,0.21
"lincobr01","Brad Lincoln","Brad","Lincoln","L","R",188,170,50,3,18,0.294,0.362,0,0,1.33,1.32
"lincomi01","Mike Lincoln","Mike","Lincoln","R","R",73,63,17,2,10,0.27,0.37,0,0,1.1,1.19
"lindad01","Adam Lind","Adam","Lind","L","L",5171,4617,1317,175,498,0.285,0.354,17,39,23.3,20.82
"lindbjo01","Josh Lindblom","Josh","Lindblom","R","R",76,67,18,2,9,0.269,0.355,0,0,0.63,0.61
"lindeji01","Jim Lindeman","Jim","Lindeman","R","R",765,703,179,18,50,0.255,0.305,4,8,-0.38,0.31
"lindejo01","Johnny Lindell","Johnny","Lindell","R","R",3420,3166,829,81,238,0.262,0.317,16,0,6.17,9.69
"lindeto01","Todd Linden","Todd","Linden","B","R",634,567,147,10,60,0.259,0.338,7,0,1.5,2.44
"lindewa01","Walt Linden","Walt","Linden","R","R",5,4,1,0,1,0.25,0.4,0,0,0.01,0.01
"lindja01","Jack Lind","Jack","Lind","B","R",23,20,5,0,3,0.25,0.348,0,0,0.11,0.12
"lindjo01","Jose Lind","Jose","Lind","R","R",3095,2886,751,8,178,0.26,0.302,6,25,4.6,3.45
"lindofr01","Francisco Lindor","Francisco","Lindor","B","R",6593,5781,1688,212,656,0.292,0.369,86,70,55.34,56.88
"lindsch02","Charlie Lindstrom","Charlie","Lindstrom","R","R",2,1,0,0,1,0,0.5,0,0,0,0
"lindsfr01","Freddie Lindstrom","Freddie","Lindstrom","R","R",5012,4799,1341,103,204,0.279,0.31,9,0,16.41,18.99
"lindsjo01","John Lindsey","John","Lindsey","R","R",56,50,13,1,5,0.26,0.339,1,0,0.19,0.17
"lindsma01","Matt Lindstrom","Matt","Lindstrom","R","R",70,60,16,0,10,0.267,0.371,0,0,0.48,0.45
"lindsro01","Rod Lindsey","Rod","Lindsey","R","R",14,12,3,0,1,0.25,0.357,1,0,0.02,0
"linebsc01","Scott Linebrink","Scott","Linebrink","R","R",159,140,38,1,19,0.271,0.358,0,0,0.68,0.8
"linkeed01","Ed Linke","Ed","Linke","R","R",158,142,36,3,16,0.254,0.329,0,0,0.52,0.48
"linkjo01","Jon Link","Jon","Link","R","R",6,5,1,0,1,0.2,0.333,0,0,0.03,0.03
"lintro01","Royce Lint","Royce","Lint","L","L",16,13,4,0,3,0.308,0.438,0,0,0.03,0.03
"lintz02","Tzu Wei Lin",NA,NA,NA,NA,424,373,101,5,50,0.271,0.356,0,1,2.13,2.24
"lintzla01","Larry Lintz","Larry","Lintz","B","R",740,638,156,4,98,0.245,0.349,4,0,3.68,2.65
"linzph01","Phil Linz","Phil","Linz","R","R",1024,928,211,2,89,0.227,0.297,4,3,1.91,1.07
"linzyfr01","Frank Linzy","Frank","Linzy","R","R",152,138,35,1,13,0.254,0.322,1,0,0.51,-0.11
"lipetan01","Angelo LiPetri","Angelo","LiPetri","R","R",1,0,0,0,1,NA,1,0,0,0,0
"liponjo01","Johnny Lipon","Johnny","Lipon","R","R",2340,2098,555,9,235,0.265,0.341,7,0,5.48,6.89
"liriafr01","Francisco Liriano","Francisco","Liriano","L","L",666,603,154,13,63,0.255,0.326,0,0,3.84,3.9
"liriane01","Nelson Liriano","Nelson","Liriano","B","R",2177,1956,498,18,199,0.255,0.323,7,15,3.78,1.71
"liriape01","Pedro Liriano","Pedro","Liriano","R","R",11,10,3,0,1,0.3,0.364,0,0,0.02,0.02
"liriary01","Rymer Liriano","Rymer","Liriano","R","R",288,255,66,5,30,0.259,0.34,2,1,1.01,0.89
"lisiri01","Rick Lisi","Rick","Lisi","R","R",22,18,6,0,4,0.333,0.455,0,0,0.13,0.1
"lisjo01","Joe Lis","Joe","Lis","R","R",1028,888,220,34,126,0.248,0.344,8,6,1.72,2.42
"listapa01","Pat Listach","Pat","Listach","B","R",1099,996,266,2,95,0.267,0.332,4,4,5.56,3.99
"litscje01","Jesse Litsch","Jesse","Litsch","R","R",12,10,3,0,2,0.3,0.417,0,0,0,0
"littema01","Mark Littell","Mark","Littell","L","R",39,31,7,0,8,0.226,0.385,0,0,0.14,0.12
"litteza01","Zack Littell","Zack","Littell","R","R",58,52,14,1,6,0.269,0.345,0,0,0.71,0.57
"littlbr01","Bryan Little","Bryan","Little","B","R",1025,889,232,7,123,0.261,0.352,6,7,3.12,2.98
"littlde01","Dennis Littlejohn","Dennis","Littlejohn","R","R",1,0,0,0,1,NA,1,0,0,0,0
"littldi01","Dick Littlefield","Dick","Littlefield","L","L",26,24,5,0,2,0.208,0.269,0,0,-1.2,-1.01
"littlje01","Jeff Little","Jeff","Little","R","L",5,4,1,0,1,0.25,0.4,0,0,0,0.01
"littljo01","John Littlefield","John","Littlefield","R","R",11,9,2,0,2,0.222,0.364,0,0,0.08,0.08
"littllu01","Luke Little","Luke","Little","L","L",3,2,1,0,1,0.5,0.667,0,0,0.01,0.01
"littlma01","Mark Little","Mark","Little","R","R",321,284,65,2,25,0.229,0.318,12,0,0.16,1
"littlsc01","Scott Little","Scott","Little","R","R",5,4,1,0,1,0.25,0.4,0,0,0.01,0.01
"littlwe01","Wes Littleton","Wes","Littleton","R","R",13,11,4,0,2,0.364,0.462,0,0,0.01,0.01
"littogr01","Greg Litton","Greg","Litton","R","R",879,810,204,12,60,0.252,0.305,4,5,0.61,1.09
"litwhda01","Danny Litwhiler","Danny","Litwhiler","R","R",4163,3900,1044,154,236,0.268,0.314,27,0,15.28,14.81
"livelbe01","Ben Lively","Ben","Lively","R","R",142,130,34,4,12,0.262,0.324,0,0,1.01,0.85
"livinbo01","Bobby Livingston","Bobby","Livingston","L","L",79,72,21,1,7,0.292,0.354,0,0,0.49,0.65
"livinmi01","Mickey Livingston","Mickey","Livingston","R","R",1975,1842,394,31,120,0.214,0.267,13,0,-5.6,-3.1
"livinsc01","Scott Livingstone","Scott","Livingstone","L","R",1549,1465,425,12,70,0.29,0.32,0,14,1.91,1.74
"lizra01","Radhames Liz","Radhames","Liz","R","R",63,57,16,2,6,0.281,0.349,0,0,0.14,0.09
"llenawi01","Winston Llenas","Winston","Llenas","R","R",451,401,107,6,37,0.267,0.322,1,12,0.97,1.22
"llovema01","Mauricio Llovera","Mauricio","Llovera","R","R",7,6,2,0,1,0.333,0.429,0,0,0.03,0.03
"lloydky01","Kyle Lloyd","Kyle","Lloyd","R","R",15,13,4,0,2,0.308,0.4,0,0,0,0
"loaisjo01","Jonathan Loáisiga","Jonathan","Loaisiga","R","R",32,27,8,1,5,0.296,0.406,0,0,0.03,0.03
"loaizes01","Esteban Loaiza","Esteban","Loaiza","R","R",460,424,108,7,36,0.255,0.313,0,0,0.45,1.06
"lobatjo01","Jose Lobatón","Jose","Lobaton","B","R",1801,1576,408,32,209,0.259,0.346,7,9,4.77,7.77
"loberha01","Hans Lobert","Hans","Lobert","R","R",4706,4481,1004,82,193,0.224,0.261,32,0,-3.24,-1.16
"lobstky01","Kyle Lobstein","Kyle","Lobstein","L","L",34,30,8,1,4,0.267,0.353,0,0,0.33,0.34
"locasti01","Tim Locastro","Tim","Locastro","R","R",781,667,177,12,62,0.265,0.37,50,2,4.4,4.79
"lockdo01","Don Lock","Don","Lock","R","R",3282,2836,644,111,405,0.227,0.324,15,26,7.49,9.08
"lockebo01","Bobby Locke","Bobby","Locke","R","R",130,119,29,1,11,0.244,0.308,0,0,-0.29,-0.23
"lockeje01","Jeff Locke","Jeff","Locke","L","L",553,505,115,8,48,0.228,0.295,0,0,2.38,2.18
"lockewa01","Walker Lockett",NA,NA,NA,NA,111,97,27,2,14,0.278,0.369,0,0,0.56,0.62
"lockhke01","Keith Lockhart","Keith","Lockhart","L","R",2619,2399,602,25,178,0.251,0.303,13,29,3.1,1.38
"locklge01","Gene Locklear","Gene","Locklear","L","R",686,616,175,14,64,0.284,0.351,2,4,2.9,2.37
"lockmwh01","Whitey Lockman","Whitey","Lockman","L","R",5787,5365,1520,80,395,0.283,0.334,16,11,19.79,12.15
"lockwsk01","Skip Lockwood","Skip","Lockwood","R","R",287,264,57,2,21,0.216,0.275,1,1,0.08,0.12
"loducpa01","Paul Lo Duca","Paul","Lo Duca","R","R",4297,3884,1131,66,311,0.291,0.349,58,44,20.4,18.4
"loeka01","Kameron Loe","Kameron","Loe","R","R",110,96,26,2,14,0.271,0.364,0,0,1.03,1.06
"loesbi01","Billy Loes","Billy","Loes","R","R",18,17,3,0,1,0.176,0.222,0,0,-0.02,-0.02
"loewead01","Adam Loewen","Adam","Loewen","L","L",145,128,34,3,15,0.266,0.352,2,0,0.68,0.71
"loftini01","Nick Loftin","Nick","Loftin","R","R",154,130,37,1,17,0.285,0.37,3,4,1.5,1.04
"loftoke01","Kenny Lofton","Kenny","Lofton","L","L",9166,8143,2362,82,926,0.29,0.362,32,65,69.95,62.71
"loganbo02","Boone Logan","Boone","Logan","R","L",87,72,24,0,15,0.333,0.448,0,0,0.46,0.46
"loganjo01","Johnny Logan","Johnny","Logan","R","R",5882,5395,1505,99,415,0.279,0.334,42,30,32.19,30.6
"loganno01","Nook Logan","Nook","Logan","B","R",1020,934,254,8,81,0.272,0.329,1,4,4.59,4.6
"lohrkja01","Jack Lohrke","Jack","Lohrke","R","R",1011,921,219,22,86,0.238,0.306,4,0,1.89,1.9
"lohrmbi01","Bill Lohrman","Bill","Lohrman","R","R",389,367,74,2,20,0.202,0.247,2,0,-1.64,-1.5
"lohseky01","Kyle Lohse","Kyle","Lohse","R","R",1207,1109,259,16,91,0.234,0.293,4,3,4.94,4.72
"loisal01","Alberto Lois","Alberto","Lois","R","R",4,3,1,0,1,0.333,0.5,0,0,0,0
"loiseri01","Rich Loiselle","Rich","Loiselle","R","R",12,11,4,0,1,0.364,0.417,0,0,0,0.01
"lolicmi01","Mickey Lolich","Mickey","Lolich","B","L",915,811,157,1,100,0.194,0.284,3,1,-1.79,-2.08
"lollash01","Sherm Lollar","Sherm","Lollar","R","R",6386,5608,1418,141,630,0.253,0.339,114,34,26.25,34.77
"lollati01","Tim Lollar","Tim","Lollar","L","L",252,225,59,7,24,0.262,0.329,0,3,3.13,3.06
"lolliry01","Ryan Lollis","Ryan","Lollis","L","L",68,61,16,1,7,0.262,0.338,0,0,0.17,0.15
"lomasst01","Steve Lomasney","Steve","Lomasney","R","R",4,3,1,0,1,0.333,0.5,0,0,0,0
"lombaer01","Ernie Lombardi","Ernie","Lombardi","R","R",6288,5899,1672,240,343,0.283,0.328,46,0,29.5,33.04
"lombage01","George Lombard","George","Lombard","L","R",551,504,121,9,43,0.24,0.303,3,1,-1.03,-0.45
"lombaph01","Phil Lombardi","Phil","Lombardi","R","R",57,50,15,2,6,0.3,0.386,1,0,0.35,0.41
"lombast01","Steve Lombardozzi","Steve","Lombardozzi","R","R",1404,1258,292,17,132,0.232,0.307,7,7,4.67,3.87
"lombast02","Steve Lombardozzi","Steve","Lombardozzi","B","R",967,887,246,13,68,0.277,0.333,8,4,2.9,3.08
"lombavi01","Vic Lombardi","Vic","Lombardi","L","L",144,134,34,0,9,0.254,0.306,1,0,0.93,0.98
"lonboji01","Jim Lonborg","Jim","Lonborg","R","R",644,591,119,6,51,0.201,0.264,0,2,-0.46,-0.48
"loneyja01","James Loney","James","Loney","L","L",5565,5010,1482,117,497,0.296,0.359,20,38,23.06,19.79
"longbo01","Bob Long","Bob","Long","R","R",5,4,1,0,1,0.25,0.4,0,0,0,0.01
"longda02","Dale Long","Dale","Long","L","L",2770,2454,662,109,283,0.27,0.343,4,29,10.34,9.91
"longmto01","Tony Longmire","Tony","Longmire","L","R",132,118,40,2,12,0.339,0.402,1,1,1.17,1.27
"longoev01","Evan Longoria","Evan","Longoria","R","R",8687,7593,2152,344,917,0.283,0.362,74,103,68.91,64.07
"longsa01","Sam Long","Sam","Long","L","L",74,68,17,1,6,0.25,0.311,0,0,0.27,0.3
"longsh01","Shed Long Jr","Shed","Long","L","R",629,567,152,14,62,0.268,0.34,0,0,1.9,2.62
"longte01","Terrence Long","Terrence","Long","L","L",3319,3054,823,50,235,0.269,0.321,7,23,6.41,6.63
"loopebr01","Braden Looper","Braden","Looper","R","R",438,400,104,5,37,0.26,0.324,1,0,3.05,3.51
"lopated01","Eddie Lopat","Eddie","Lopat","L","L",1030,973,220,7,57,0.226,0.269,0,0,3.96,3.31
"lopatst01","Stan Lopata","Stan","Lopata","R","R",3398,2972,754,119,398,0.254,0.341,7,21,16.55,19.3
"lopesda01","Davey Lopes","Davey","Lopes","R","R",7295,6356,1729,171,860,0.272,0.359,31,48,46.07,45
"lopesti01","Tim Lopes","Tim","Lopes","R","R",567,507,144,9,56,0.284,0.358,3,1,3.17,2.51
"lopezal01","Al Lopez","Al","Lopez","R","R",6792,6284,1457,69,494,0.232,0.289,14,0,-0.41,0.11
"lopezal03","Alejo Lopez","Alejo","Lopez","B","R",248,227,63,1,17,0.278,0.339,4,0,-0.08,0.44
"lopezaq01","Aquilino Lopez","Aquilino","Lopez","R","R",2,1,0,0,1,0,0.5,0,0,0.01,0.01
"lopezar02","Arturo Lopez","Arturo","Lopez","L","L",3,2,1,0,1,0.5,0.667,0,0,0.02,0.02
"lopezau01","Aurelio Lopez","Aurelio","Lopez","R","R",15,13,4,0,2,0.308,0.4,0,0,0.02,0.02
"lopezca01","Carlos Lopez","Carlos","Lopez","R","R",535,496,136,12,30,0.274,0.318,4,5,2.61,1.95
"lopezfe01","Felipe Lopez","Felipe","Lopez","B","R",4925,4379,1176,87,499,0.269,0.344,18,29,14.36,17.22
"lopezhe01","Hector Lopez","Hector","Lopez","R","R",3734,3427,924,71,255,0.27,0.321,20,32,10.42,11.45
"lopezja01","Javy Lopez","Javy","Lopez","R","R",5660,5221,1461,191,328,0.28,0.328,66,45,29.55,30.54
"lopezja02","Javier López","Javier","Lopez","L","L",214,186,52,4,28,0.28,0.374,0,0,3.39,3.41
"lopezja03","Jack López","Jack","Lopez","R","R",122,111,29,2,10,0.261,0.328,1,0,0.66,0.29
"lopezjo01","Jose Lopez","Jose","Lopez","R","R",4166,3837,1051,92,264,0.274,0.323,31,34,16.8,12.82
"lopezjo02","Jorge López","Jorge","Lopez","R","R",103,91,26,3,12,0.286,0.369,0,0,0.65,0.68
"lopezlu02","Luis Lopez","Luis","Lopez","B","R",497,463,121,6,21,0.261,0.306,10,3,-0.14,-0.11
"lopezmi01","Mickey Lopez","Mickey","Lopez","B","R",41,35,9,1,5,0.257,0.366,1,0,0.34,0.24
"lopezni01","Nicky Lopez","Nicky","Lopez","L","R",2686,2401,642,24,247,0.267,0.343,31,7,12.31,12.78
"lopezot01","Otto Lopez","Otto","Lopez","R","R",445,408,117,5,34,0.287,0.342,1,2,3.11,2.89
"lopezpa01","Pablo López","Pablo","Lopez","L","R",263,244,56,3,19,0.23,0.285,0,0,1.13,1.07
"lopezra02","Rafael Lopez","Rafael","Lopez","L","R",438,382,98,12,52,0.257,0.342,0,4,1.84,1.64
"lopezre01","Reynaldo López","Reynaldo","Lopez","R","R",80,73,19,1,7,0.26,0.325,0,0,0.24,0.23
"lopezro02","Rodrigo Lopez",NA,NA,NA,NA,444,405,87,7,37,0.215,0.282,1,1,0.89,0.95
"lopezwi01","Wilton Lopez","Wilton","Lopez","R","R",99,87,22,2,12,0.253,0.343,0,0,1.47,1.32
"lopezyo01","Yoan López","Yoan","Lopez","R","R",31,27,8,0,4,0.296,0.387,0,0,0.16,0.17
"lordha01","Harry Lord","Harry","Lord","L","R",2348,2237,546,9,88,0.244,0.28,23,0,-0.58,-0.51
"lorenmi01","Michael Lorenzen","Michael","Lorenzen","R","R",437,395,110,14,40,0.278,0.348,2,0,5.57,5.01
"loretma01","Mark Loretta","Mark","Loretta","R","R",6476,5784,1672,55,557,0.289,0.355,71,64,20.79,19.29
"loucksc01","Scott Loucks","Scott","Loucks","R","R",77,69,19,1,8,0.275,0.351,0,0,0.48,0.51
"loughda01","David Lough","David","Lough","L","L",1046,940,257,20,91,0.273,0.341,9,6,6.97,5.87
"loughla01","Larry Loughlin","Larry","Loughlin","L","L",1,0,0,0,1,NA,1,0,0,0.01,0.01
"loupaa01","Aaron Loup","Aaron","Loup","L","L",55,45,14,0,10,0.311,0.436,0,0,0.23,0.21
"louxsh01","Shane Loux","Shane","Loux","R","R",16,14,5,0,2,0.357,0.438,0,0,0.04,0.04
"lovelri01","Richard Lovelady","Richard","Lovelady","L","L",0,0,0,0,0,NA,NA,0,0,0,0
"lovenly01","Lynn Lovenguth","Lynn","Lovenguth","L","R",2,1,0,0,1,0,0.5,0,0,-0.01,0
"lovigja01","Jay Loviglio","Jay","Loviglio","R","R",6,5,1,0,1,0.2,0.333,0,0,0,0.01
"lovitjo01","Joe Lovitto","Joe","Lovitto","B","R",910,816,192,7,89,0.235,0.311,2,3,1.05,0.02
"lowebr01","Brandon Lowe","Brandon","Lowe","L","R",2985,2585,718,129,340,0.278,0.369,43,17,22.94,23.73
"lowede01","Derek Lowe","Derek","Lowe","R","R",1005,913,204,14,90,0.223,0.293,0,2,4.73,4.28
"lowejo01","Josh Lowe","Josh","Lowe","L","R",1174,1063,313,26,99,0.294,0.354,4,8,6.22,6.62
"lowelmi01","Mike Lowell","Mike","Lowell","R","R",6439,5726,1590,193,577,0.278,0.345,52,84,29.23,29.61
"lowema01","Mark Lowe","Mark","Lowe","L","R",29,20,6,0,9,0.3,0.517,0,0,0.13,0.12
"lowena01","Nathaniel Lowe","Nathaniel","Lowe","L","R",2929,2517,731,64,371,0.29,0.385,26,15,14.34,13.44
"lowenjo01","John Lowenstein","John","Lowenstein","L","R",4173,3652,969,124,482,0.265,0.35,9,30,14.28,13.16
"lowerte01","Terrell Lowery","Terrell","Lowery","R","R",369,329,88,1,37,0.267,0.344,2,1,-1.02,-0.97
"lowese01","Sean Lowe","Sean","Lowe","R","R",9,8,2,0,1,0.25,0.333,0,0,0,0
"lowntu01","Turk Lown","Turk","Lown","R","R",112,104,23,1,8,0.221,0.277,0,0,-0.47,-0.64
"lowrepe01","Peanuts Lowrey","Peanuts","Lowrey","R","R",4555,4266,1155,35,278,0.271,0.317,11,0,10.97,6.52
"lowrije01","Jed Lowrie","Jed","Lowrie","B","R",5448,4761,1312,124,615,0.276,0.358,24,48,24.9,28.46
"lowrydw01","Dwight Lowry","Dwight","Lowry","L","R",236,210,62,5,22,0.295,0.373,4,0,1.46,1.62
"lowryno01","Noah Lowry","Noah","Lowry","R","L",428,396,90,6,31,0.227,0.283,0,1,2.29,0.98
"lozadwi01","Willie Lozado","Willie","Lozado","R","R",124,109,30,2,13,0.275,0.347,0,2,0.57,0.46
"lucadjo01","Johnny Lucadello","Johnny","Lucadello","B","R",754,668,159,4,84,0.238,0.325,2,0,-1.06,-0.89
"lucased01","Ed Lucas","Ed","Lucas","R","R",618,563,156,9,52,0.277,0.34,2,1,2.54,2.81
"lucasga01","Gary Lucas","Gary","Lucas","L","L",66,59,14,0,7,0.237,0.318,0,0,0.42,0.29
"lucasjo02","Josh Lucas","Josh","Lucas","R","R",7,5,1,0,2,0.2,0.429,0,0,0.03,0.02
"lucasre01","Red Lucas","Red","Lucas","L","R",1667,1550,380,7,114,0.245,0.298,3,0,4.29,5.11
"lucchjo01","Joey Lucchesi","Joey","Lucchesi","L","L",279,252,52,3,26,0.206,0.28,0,1,0.91,0.86
"luciael01","Elvis Luciano","Elvis","Luciano","R","R",17,15,5,0,2,0.333,0.412,0,0,0.01,0.01
"luciama01","Marco Luciano","Marco","Luciano","R","R",95,84,23,0,11,0.274,0.358,0,0,0.39,-0.25
"lucrojo01","Jonathan Lucroy","Jonathan","Lucroy","R","R",4733,4191,1200,98,468,0.286,0.36,34,40,27.23,41.49
"lucydo01","Donny Lucy","Donny","Lucy","R","R",180,161,43,4,18,0.267,0.344,1,0,0.82,0.83
"ludwiry01","Ryan Ludwick","Ryan","Ludwick","R","L",4095,3616,996,158,404,0.275,0.353,45,30,18.36,19.69
"luebbla01","Larry Luebbers","Larry","Luebbers","R","R",27,25,6,0,1,0.24,0.296,1,0,0.09,0.14
"luebkco01","Cory Luebke","Cory","Luebke","R","L",183,166,42,3,17,0.253,0.322,0,0,1.21,1.06
"luekejo01","Josh Lueke","Josh","Lueke","R","R",7,5,1,0,2,0.2,0.429,0,0,0.04,0.03
"luetglu01","Lucas Luetge","Lucas","Luetge","L","L",2,1,0,0,1,0,0.5,0,0,0.02,0.02
"lugoda01","Dawel Lugo","Dawel","Lugo","R","R",493,448,117,6,38,0.261,0.32,3,4,0.92,0.84
"lugoju01","Julio Lugo","Julio","Lugo","R","R",4786,4270,1152,61,444,0.27,0.34,33,39,19.45,19.27
"lugoru01","Ruddy Lugo","Ruddy","Lugo","R","R",1,0,0,0,1,NA,1,0,0,0.01,0.01
"lugose01","Seth Lugo","Seth","Lugo","R","R",282,254,67,6,27,0.264,0.333,0,1,2.95,2.82
"lukema01","Matt Luke","Matt","Luke","L","L",326,308,71,12,16,0.231,0.27,1,1,0.48,1.44
"lukesna01","Nathan Lukes","Nathan","Lukes","L","R",81,65,19,1,11,0.292,0.37,0,5,1.35,1.08
"lukoned01","Eddie Lukon","Eddie","Lukon","L","L",714,665,141,31,47,0.212,0.266,2,0,0.69,0.4
"lummi01","Mike Lum","Mike","Lum","L","L",4239,3780,965,94,398,0.255,0.328,28,33,10.81,11.33
"lumpeje01","Jerry Lumpe","Jerry","Lumpe","L","R",4309,4000,1053,9,274,0.263,0.309,5,30,6.24,3.33
"lunahe01","Hector Luna","Hector","Luna","R","R",1079,980,260,19,84,0.265,0.326,8,7,2.98,3.3
"lunarfe01","Fernando Lunar","Fernando","Lunar","R","R",212,199,49,0,9,0.246,0.288,3,1,0.28,0.42
"lundqda01","David Lundquist","David","Lundquist","R","R",1,0,0,0,1,NA,1,0,0,0,0
"lunsftr01","Trey Lunsford","Trey","Lunsford","R","R",19,17,5,0,2,0.294,0.368,0,0,0.02,0.02
"luploal01","Al Luplow","Al","Luplow","L","R",727,646,156,15,69,0.241,0.322,9,3,-0.31,-0.26
"luplojo01","Jordan Luplow","Jordan","Luplow","R","R",1318,1129,287,47,168,0.254,0.357,16,5,5.91,7.05
"luquedo01","Dolf Luque","Dolf","Luque","R","R",1355,1313,268,14,31,0.204,0.229,11,0,-10,-8.32
"lusadsc01","Scott Lusader","Scott","Lusader","L","L",75,65,18,2,8,0.277,0.347,0,2,0.42,0.45
"lushbi01","Billy Lush","Billy","Lush","B","R",1049,899,170,2,146,0.189,0.305,4,0,0.16,-1.15
"lutzdo01","Donald Lutz","Donald","Lutz","L","R",215,197,51,3,18,0.259,0.321,0,0,0.91,0.86
"lutzza01","Zach Lutz","Zach","Lutz","R","R",138,118,32,2,20,0.271,0.377,0,0,0.72,0.71
"luxga01","Gavin Lux","Gavin","Lux","L","R",1717,1514,428,22,188,0.283,0.362,5,10,10.11,8.59
"luzarje01","Jesús Luzardo","Jesus","Luzardo","L","L",85,72,14,1,13,0.194,0.318,0,0,0.45,0.31
"luzingr01","Greg Luzinski","Greg","Luzinski","R","R",7854,6772,1894,334,919,0.28,0.369,84,79,31.66,37.07
"lydenmi01","Mitch Lyden","Mitch","Lyden","R","R",10,9,2,0,1,0.222,0.3,0,0,0,0.01
"lylesjo01","Jordan Lyles","Jordan","Lyles","R","R",751,681,163,12,69,0.239,0.31,1,0,4.27,4.06
"lylesp01","Sparky Lyle","Sparky","Lyle","L","L",12,9,4,0,3,0.444,0.583,0,0,0.11,0.13
"lynchda01","Danny Lynch","Danny","Lynch","R","R",7,6,2,0,1,0.333,0.429,0,0,0.02,0.01
"lynchda02","Daniel Lynch","Daniel","Lynch","L","L",4,3,1,0,1,0.333,0.5,0,0,0.01,0.01
"lynched01","Ed Lynch","Ed","Lynch","R","R",195,176,39,1,18,0.222,0.292,0,1,0.58,0.52
"lynchje01","Jerry Lynch","Jerry","Lynch","L","R",2459,2250,629,89,185,0.28,0.334,7,17,4.92,6.65
"lynnfr01","Fred Lynn","Fred","Lynn","L","L",8027,6999,1980,294,912,0.283,0.364,30,86,52.85,50.46
"lynnje01","Jerry Lynn","Jerry","Lynn","R","R",2,1,0,0,1,0,0.5,0,0,0.01,0.01
"lynnla01","Lance Lynn","Lance","Lynn","B","R",668,607,130,10,58,0.214,0.284,2,1,2.81,2.65
"lyonbr01","Brandon Lyon","Brandon","Lyon","R","R",92,77,23,0,15,0.299,0.413,0,0,0.55,0.54
"lyonsal01","Al Lyons","Al","Lyons","R","R",34,28,9,1,5,0.321,0.441,1,0,0.02,0.02
"lyonsde01","Denny Lyons","Denny","Lyons","R","R",942,837,160,1,92,0.191,0.281,13,0,1.8,1.52
"lyonshe01","Hersh Lyons","Hersh","Lyons","R","R",0,0,0,0,0,NA,NA,0,0,0,0
"lyonsst01","Steve Lyons","Steve","Lyons","L","R",1662,1534,395,14,112,0.257,0.307,3,13,2.37,2.07
"lyonste01","Ted Lyons","Ted","Lyons","B","R",1815,1750,381,10,60,0.218,0.246,5,0,-4.41,-3.68
"lyonsty01","Tyler Lyons","Tyler","Lyons","L","L",292,259,69,5,33,0.266,0.349,0,0,2.53,2.41
"lyttlji01","Jim Lyttle","Jim","Lyttle","L","R",381,335,91,8,41,0.272,0.346,0,5,1.33,1.6
"maaske01","Kevin Maas","Kevin","Maas","L","L",910,772,175,37,126,0.227,0.338,7,5,1.56,1.46
"mabeuch01","Chris Mabeus","Chris","Mabeus","R","R",0,0,0,0,0,NA,NA,0,0,0,0
"maccofr01","Frank MacCormack","Frank","MacCormack","R","R",3,2,0,0,1,0,0.333,0,0,0,0
"macdomi01","Mike MacDougal","Mike","MacDougal","B","R",40,32,10,0,8,0.312,0.45,0,0,0.28,0.27
"macfami01","Mike Macfarlane","Mike","Macfarlane","R","R",3758,3366,800,122,269,0.238,0.309,92,31,12.38,13.68
"machaal01","Alejandro Machado","Alejandro","Machado","B","R",44,39,10,1,5,0.256,0.341,0,0,0.49,0.29
"machaan02","Andres Machado","Andres","Machado","R","R",13,11,4,0,2,0.364,0.462,0,0,0.06,0.06
"machadi01","Dixon Machado","Dixon","Machado","R","R",732,655,173,8,68,0.264,0.337,6,3,3.06,2.85
"machake01","Ken Macha","Ken","Macha","R","R",436,387,107,6,45,0.276,0.353,2,2,1.03,0.9
"machama01","Manny Machado","Manny","Machado","R","R",8117,7221,2151,304,799,0.298,0.367,30,67,67.85,63.84
"macharo01","Robert Machado","Robert","Machado","R","R",942,872,201,10,66,0.231,0.286,2,2,-0.29,0.55
"machije01","Jean Machi","Jean","Machi","R","R",109,97,29,3,12,0.299,0.376,0,0,1.73,1.63
"machivi01","Vimael Machín","Vimael","Machin","L","R",176,156,42,2,20,0.269,0.352,0,0,0.7,-0.17
"maciadr01","Drew Macias","Drew","Macias","L","L",234,201,53,8,30,0.264,0.359,1,2,1.01,0.96
"maciajo01","Jose Macias","Jose","Macias","B","R",1885,1753,443,17,110,0.253,0.299,10,12,4.27,2.17
"mackape01","Pete Mackanin","Pete","Mackanin","R","R",1626,1504,377,42,109,0.251,0.302,5,8,3.13,3.29
"mackbi01","Bill Mack","Bill","Mack","L","L",2,2,1,0,0,0.5,0.5,0,0,0,0.01
"mackeke01","Ken MacKenzie","Ken","MacKenzie","R","L",1,0,0,0,1,NA,1,0,0,0,0.01
"mackoro01","Rob Mackowiak","Rob","Mackowiak","L","R",2710,2398,617,56,259,0.257,0.336,35,18,8.48,9.37
"mackost01","Steve Macko","Steve","Macko","L","R",42,38,10,0,4,0.263,0.333,0,0,0.13,0.16
"mackra01","Ray Mack","Ray","Mack","R","R",1281,1171,275,31,109,0.235,0.301,1,0,-0.24,0.94
"macksh01","Shane Mack","Shane","Mack","R","R",3300,2976,862,73,253,0.29,0.353,51,20,20.42,18.87
"maclaev01","Evan MacLane","Evan","MacLane","L","L",1,0,0,0,1,NA,1,0,0,0.01,0.01
"macrima01","Matt Macri","Matt","Macri","R","R",86,79,25,2,7,0.316,0.372,0,0,0.29,0.33
"maddoel01","Elliott Maddox","Elliott","Maddox","R","R",3179,2723,734,27,402,0.27,0.367,31,23,16.48,13.34
"maddoga01","Garry Maddox","Garry","Maddox","R","R",6911,6394,1854,143,421,0.29,0.334,36,60,40.58,36.44
"maddugr01","Greg Maddux","Greg","Maddux","R","R",2227,2119,432,10,101,0.204,0.242,5,2,2.64,3.1
"maddumi01","Mike Maddux","Mike","Maddux","L","R",57,50,11,0,7,0.22,0.316,0,0,0.02,-0.01
"maderlu01","Luís Madero","Luis","Madero","R","R",21,19,5,0,2,0.263,0.333,0,0,0.27,0.25
"madisda01","Dave Madison","Dave","Madison","R","R",1,0,0,0,1,NA,1,0,0,0,0
"madlobi01","Bill Madlock","Bill","Madlock","R","R",7446,6644,2034,180,665,0.306,0.372,68,69,43.85,39.9
"madrial01","Alex Madrid","Alex","Madrid","R","R",4,3,1,0,1,0.333,0.5,0,0,0,0
"madribl01","Bligh Madris","Bligh","Madris","L","R",47,41,13,1,5,0.317,0.383,0,1,0.48,0.55
"madrini01","Nick Madrigal","Nick","Madrigal","R","R",1034,936,278,6,65,0.297,0.363,32,1,5.83,3.67
"madsory01","Ryan Madson","Ryan","Madson","L","R",313,279,71,5,34,0.254,0.335,0,0,2.82,2.92
"maedake01","Kenta Maeda","Kenta","Maeda","R","R",487,449,111,7,38,0.247,0.306,0,0,2.9,2.66
"magadda01","Dave Magadan","Dave","Magadan","L","R",5139,4364,1249,30,713,0.286,0.384,12,50,18.44,24.68
"mageesh01","Sherry Magee","Sherry","Magee","R","R",7056,6627,1576,166,340,0.238,0.284,89,0,22.54,26.01
"maggeha02","Harl Maggert","Harl","Maggert","R","R",150,136,37,5,14,0.272,0.34,0,0,0.22,0.11
"maggidr01","Drew Maggi","Drew","Maggi","R","R",14,13,5,0,1,0.385,0.429,0,0,0.02,0.02
"magilma01","Matt Magill","Matt","Magill","R","R",76,68,18,1,8,0.265,0.342,0,0,0.23,0.21
"magnida01","Damien Magnifico","Damien","Magnifico","R","R",4,3,1,0,1,0.333,0.5,0,0,0.02,0.02
"magrajo01","Joe Magrane","Joe","Magrane","R","L",201,188,38,4,13,0.202,0.254,0,0,0.55,0.61
"magruch01","Chris Magruder","Chris","Magruder","B","R",446,400,103,8,36,0.258,0.33,8,2,1.72,1.73
"mahafar01","Art Mahaffey","Art","Mahaffey","R","R",144,138,28,1,5,0.203,0.236,1,0,0.37,0.13
"mahafro01","Roy Mahaffey","Roy","Mahaffey","R","R",137,132,26,3,5,0.197,0.226,0,0,-1.79,-1.47
"mahayro01","Ron Mahay","Ron","Mahay","L","L",56,46,14,0,10,0.304,0.429,0,0,0.11,0.12
"mahlegr01","Greg Mahle","Greg","Mahle","L","L",4,3,1,0,1,0.333,0.5,0,0,0.02,0.02
"mahlemi01","Mickey Mahler","Mickey","Mahler","B","L",7,6,2,0,1,0.333,0.429,0,0,0.02,0.02
"mahleri01","Rick Mahler","Rick","Mahler","R","R",494,459,101,4,33,0.22,0.273,1,1,1.92,2.1
"mahlety01","Tyler Mahle","Tyler","Mahle","R","R",378,345,75,4,32,0.217,0.286,1,0,1.12,1.05
"maholpa01","Paul Maholm","Paul","Maholm","L","L",995,911,185,12,84,0.203,0.27,0,0,3.59,3.65
"mahompa01","Pat Mahomes","Pat","Mahomes","R","R",0,0,0,0,0,NA,NA,0,0,0,0
"mahonjo01","Joe Mahoney","Joe","Mahoney","L","L",116,107,30,4,9,0.28,0.336,0,0,0.62,0.39
"mahonmi02","Mike Mahoney","Mike","Mahoney","R","R",24,20,5,0,3,0.25,0.375,1,0,0.14,0.16
"mahtomi01","Mikie Mahtook","Mikie","Mahtook","R","R",1156,1039,277,36,97,0.267,0.336,14,6,4.57,5.04
"maiermi01","Mitch Maier","Mitch","Maier","L","R",1299,1136,294,21,149,0.259,0.346,7,7,5.68,4.52
"mailelu01","Luke Maile","Luke","Maile","R","R",1553,1375,336,22,143,0.244,0.325,25,10,7.35,6.26
"mainejo01","John Maine","John","Maine","R","R",439,396,76,6,40,0.192,0.269,2,1,1.47,1.32
"mainesc01","Scott Maine","Scott","Maine","L","L",37,32,8,1,5,0.25,0.351,0,0,0.41,0.41
"mainwo01","Woody Main","Woody","Main","R","R",3,2,0,0,1,0,0.333,0,0,-0.01,0
"majesha01","Hank Majeski","Hank","Majeski","R","R",4205,3920,1032,68,257,0.263,0.313,27,1,7.84,11.52
"majewga01","Gary Majewski","Gary","Majewski","R","R",136,121,30,3,15,0.248,0.331,0,0,1.48,1.42
"makitka01","Kazuhisa Makita","Kazuhisa","Makita","R","R",44,40,10,1,4,0.25,0.318,0,0,0.38,0.44
"malasma01","Mark Malaska","Mark","Malaska","L","L",1,0,0,0,1,NA,1,0,0,0,0
"maldoca01","Candy Maldonado","Candy","Maldonado","R","R",4347,3909,1021,134,361,0.261,0.327,39,38,11.14,12.58
"maldoca03","Carlos Maldonado","Carlos","Maldonado","R","R",193,167,42,7,25,0.251,0.347,0,1,0.91,0.67
"maldoma01","Martín Maldonado","Martin","Maldonado","R","R",4244,3737,940,103,419,0.252,0.338,76,12,18.14,21.62
"malerji01","Jim Maler","Jim","Maler","R","R",263,240,59,6,18,0.246,0.308,4,1,0.48,0.49
"malkmbo01","Bobby Malkmus","Bobby","Malkmus","R","R",397,376,82,6,17,0.218,0.254,2,2,1.4,0.74
"mallebr01","Brian Mallette","Brian","Mallette","R","R",4,3,1,0,1,0.333,0.5,0,0,0.01,0.01
"malleje01","Jerry Mallett","Jerry","Mallett","R","R",19,17,4,0,2,0.235,0.316,0,0,0,0.01
"mallobo01","Bob Malloy","Bob","Malloy","R","R",3,2,1,0,1,0.5,0.667,0,0,0.01,0
"malonji01","Jim Maloney","Jim","Maloney","L","R",876,817,178,8,55,0.218,0.267,1,3,2.99,2.71
"malonma02","Matt Maloney","Matt","Maloney","L","L",132,118,34,3,14,0.288,0.364,0,0,0.82,0.82
"malzofr01","Frank Malzone","Frank","Malzone","R","R",5391,5118,1304,82,206,0.255,0.283,16,51,11.23,9.91
"manaese01","Sean Manaea","Sean","Manaea","R","L",180,162,45,4,18,0.278,0.35,0,0,0.63,0.65
"mancitr01","Trey Mancini","Trey","Mancini","R","R",3558,3154,881,94,320,0.279,0.352,53,31,13.37,11.13
"mancugu01","Gus Mancuso","Gus","Mancuso","R","R",3841,3577,896,43,262,0.25,0.302,2,0,3.42,3.99
"manesse01","Seth Maness","Seth","Maness","R","R",153,137,39,4,16,0.285,0.359,0,0,3.24,3.14
"mangima01","Matt Mangini","Matt","Mangini","L","R",87,80,20,1,7,0.25,0.31,0,0,0.19,0.17
"manguan01","Angel Mangual","Angel","Mangual","R","R",1413,1335,362,28,69,0.271,0.306,2,7,3.16,2.42
"mangupe01","Pepe Mangual","Pepe","Mangual","R","R",1071,908,234,21,146,0.258,0.36,6,11,3.02,2.9
"mankoph01","Phil Mankowski","Phil","Mankowski","L","R",759,687,186,11,62,0.271,0.332,4,6,2.59,3.09
"mannich01","Charlie Manning","Charlie","Manning","L","L",9,8,2,0,1,0.25,0.333,0,0,0.07,0.08
"mannida01","David Manning","David","Manning","R","R",9,8,2,0,1,0.25,0.333,0,0,0.01,0.01
"mannima02","Matt Manning","Max","Manning","R","R",17,15,5,0,2,0.333,0.412,0,0,0.01,0.01
"manniri01","Rick Manning","Rick","Manning","L","R",5969,5375,1420,88,542,0.264,0.33,9,43,17.67,13.24
"mannji01","Jim Mann","Jim","Mann","R","R",10,9,2,0,1,0.222,0.3,0,0,0,0.01
"manoaal01","Alek Manoah","Alek","Manoah","R","R",18,16,4,0,2,0.25,0.333,0,0,0.01,0.01
"manonju01","Julio Manon","Julio","Manon","L","R",12,10,3,0,2,0.3,0.417,0,0,0.01,0.01
"manrifr01","Fred Manrique","Fred","Manrique","R","R",1403,1310,339,21,75,0.259,0.301,9,9,2.73,2.31
"manshje01","Jeff Manship","Jeff","Manship","R","R",97,85,26,2,12,0.306,0.392,0,0,0.74,0.73
"mantife01","Felix Mantilla","Felix","Mantilla","R","R",3221,2909,757,67,269,0.26,0.326,24,19,3.03,2.99
"mantijo01","Joe Mantiply","Joe","Mantiply","R","L",18,15,5,0,3,0.333,0.444,0,0,0.08,0.07
"mantlmi01","Mickey Mantle","Mickey","Mantle","B","R",10128,8338,2505,500,1730,0.3,0.419,13,47,94.93,93.88
"mantoje01","Jeff Manto","Jeff","Manto","R","R",945,833,188,27,102,0.226,0.316,9,1,-1.04,-0.81
"manueje01","Jerry Manuel","Jerry","Manuel","B","R",158,137,32,5,18,0.234,0.323,1,2,0.64,0.64
"manuero01","Robert Manuel","Robert","Manuel","R","R",2,1,0,0,1,0,0.5,0,0,0.01,0.01
"manushe01","Heinie Manush","Heinie","Manush","L","L",8310,7894,2243,162,346,0.284,0.32,70,0,29.06,23.86
"manwaki01","Kirt Manwaring","Kirt","Manwaring","R","R",2940,2695,642,10,186,0.238,0.296,42,17,4.78,6.24
"manzajo01","Josias Manzanillo","Josias","Manzanillo","R","R",3,1,0,0,2,0,0.667,0,0,0,0.01
"manzara01","Ravelo Manzanillo","Ravelo","Manzanillo","L","L",5,4,1,0,1,0.25,0.4,0,0,0.02,0.01
"manzeto01","Tommy Manzella","Tommy","Manzella","R","R",338,306,79,5,26,0.258,0.32,3,3,0.85,0.82
"mapescl01","Cliff Mapes","Cliff","Mapes","L","R",854,757,182,19,94,0.24,0.327,3,0,0.98,1.02
"mapledi01","Dillon Maples","Dillon","Maples","R","R",33,28,7,0,5,0.25,0.364,0,0,0.15,0.13
"maranra01","Rabbit Maranville","Rabbit","Maranville","R","R",8563,8153,1583,45,381,0.194,0.233,29,0,7.71,7.81
"marbefi01","Firpo Marberry","Firpo","Marberry","R","R",305,301,67,2,3,0.223,0.233,1,0,-2.59,-2.05
"marcatu01","Tucupita Marcano","Tucupita","Marcano","L","R",127,111,28,1,16,0.252,0.346,0,0,0.37,0.17
"marchph01","Phil Marchildon","Phil","Marchildon","R","R",141,135,29,0,6,0.215,0.248,0,0,0.52,0.24
"marchra01","Rafael Marchan","Rafael","Marchan","B","R",175,158,44,3,16,0.278,0.349,1,0,1.63,1.19
"marcujo01","Johnny Marcum","Johnny","Marcum","L","R",594,558,138,7,36,0.247,0.293,0,0,-0.2,1.41
"marcush01","Shaun Marcum","Shaun","Marcum","R","R",385,346,83,6,37,0.24,0.317,2,0,1.79,1.69
"marenle01","Leo Marentette","Leo","Marentette","R","R",0,0,0,0,0,NA,NA,0,0,0,0
"margeni01","Nick Margevicius","Nick","Margevicius","L","L",71,65,18,1,6,0.277,0.338,0,0,0.48,0.33
"margoma01","Manuel Margot","Manuel","Margot","R","R",3551,3210,906,51,292,0.282,0.344,22,27,18.98,15.32
"maricju01","Juan Marichal","Juan","Marichal","R","R",1833,1749,370,9,75,0.212,0.244,2,7,1.54,0.71
"marimsu01","Sugar Ray Marimon","Sugar Ray","Marimon","R","R",57,50,15,1,7,0.3,0.386,0,0,0.53,0.48
"marinjh01","Jhan Mariñez","Jhan","Marinez","R","R",93,83,23,2,10,0.277,0.355,0,0,1.33,1.27
"marioma01","Marty Marion","Marty","Marion","R","R",6193,5838,1388,35,341,0.238,0.281,14,0,27.99,25.53
"mariomi01","Michael Mariot","Michael","Mariot","R","R",9,8,2,0,1,0.25,0.333,0,0,0.05,0.04
"marisja01","Jake Marisnick","Jake","Marisnick","R","R",2415,2174,573,60,187,0.264,0.331,39,15,18.33,13.67
"marisro01","Roger Maris","Roger","Maris","L","R",6110,5366,1378,243,663,0.257,0.34,38,43,32.42,31.29
"marjami01","Mike Marjama","Mike","Marjama","R","R",145,132,35,3,13,0.265,0.331,0,0,0.67,0.61
"markani01","Nick Markakis","Nick","Markakis","L","L",9444,8278,2417,183,1042,0.292,0.372,51,73,46.71,41.26
"markepa01","Parker Markel","Parker","Markel","R","R",44,40,10,1,4,0.25,0.318,0,0,0.35,0.32
"marksma01","Matt Marksberry","Matt","Marksberry","L","L",15,12,3,0,3,0.25,0.4,0,0,0.08,0.08
"marloca01","Cade Marlowe","Cade","Marlowe","L","R",102,89,25,2,13,0.281,0.373,0,0,1.5,1.33
"marmoca01","Carlos Marmol","Carlos","Marmol","R","R",218,197,51,5,21,0.259,0.33,0,0,3.04,2.97
"marmojo01","José Marmolejos","Jose","Marmolejos","L","L",367,324,84,12,41,0.259,0.343,1,1,1.3,1.19
"marniha01","Hal Marnie","Hal","Marnie","R","R",45,40,8,0,5,0.2,0.289,0,0,0.07,0.04
"marotmi01","Mike Maroth","Mike","Maroth","L","L",203,184,49,4,19,0.266,0.335,0,0,0.83,0.74
"marqubo01","Bob Marquis","Bob","Marquis","L","L",60,55,15,2,5,0.273,0.333,0,0,0.08,0.15
"marquge01","Germán Márquez","German","Marquez","R","R",534,496,132,7,38,0.266,0.318,0,0,3.93,4.14
"marqugo01","Gonzalo Marquez","Gonzalo","Marquez","L","L",33,27,9,0,4,0.333,0.424,1,1,0.15,0.07
"marquja01","Jason Marquis","Jason","Marquis","L","R",1333,1240,307,19,90,0.248,0.299,2,1,7.42,8.5
"marquje01","Jeff Marquez","Jeff","Marquez","R","R",1,0,0,0,1,NA,1,0,0,0.01,0.01
"marrech01","Chris Marrero","Chris","Marrero","R","R",243,222,59,3,17,0.266,0.317,1,3,0.48,0.44
"marrede01","Deven Marrero","Deven","Marrero","R","R",730,656,167,13,71,0.255,0.326,0,3,3.04,2.46
"marreel01","Eli Marrero","Eli","Marrero","R","R",2389,2162,530,54,193,0.245,0.306,8,26,4.31,7.38
"marshbr02","Brandon Marsh","Brandon","Marsh","L","R",1848,1617,455,33,193,0.281,0.36,18,20,10.87,10.48
"marshdo02","Doc Marshall","Doc","Marshall","R","R",14,13,5,0,1,0.385,0.429,0,0,0.01,0.02
"marshev01","Evan Marshall","Evan","Marshall","R","R",37,31,10,0,6,0.323,0.432,0,0,0.21,0.19
"marshja01","Jay Marshall","Jay","Marshall","L","L",2,1,0,0,1,0,0.5,0,0,0.01,0.01
"marshji01","Jim Marshall","Jim","Marshall","L","L",648,574,145,16,69,0.253,0.33,0,5,0.38,0.02
"marshke01","Keith Marshall","Keith","Marshall","R","R",10,9,2,0,1,0.222,0.3,0,0,0.01,0.01
"marshmi01","Mike Marshall","Mike","Marshall","R","R",233,204,49,1,26,0.24,0.326,1,2,1.66,1.55
"marshmi02","Mike Marshall","Mike","Marshall","R","R",3888,3557,985,157,266,0.277,0.331,37,28,12.17,12.9
"marshse01","Sean Marshall","Sean","Marshall","L","L",380,347,86,6,33,0.248,0.313,0,0,2.98,2.82
"marshwi01","Willard Marshall","Willard","Marshall","L","R",4900,4510,1229,128,376,0.273,0.33,13,1,18.34,12.63
"marsolo01","Lou Marson","Lou","Marson","R","R",1102,950,248,16,142,0.261,0.358,5,5,4.66,2.1
"marteal01","Alfredo Marte","Alfredo","Marte","R","R",336,301,79,6,32,0.262,0.339,3,0,1.12,0.97
"martean01","Andy Marte","Andy","Marte","R","R",1129,1024,261,28,96,0.255,0.32,4,5,4.14,2.98
"marteda01","Damaso Marte","Damaso","Marte","L","L",76,65,19,2,11,0.292,0.395,0,0,1.38,1.28
"martefr01","Francis Martes","Francis","Martes","R","R",2,1,0,0,1,0,0.5,0,0,0.01,0.01
"marteje01","Jefry Marte","Jefry","Marte","R","R",933,831,218,30,87,0.262,0.339,11,4,3.54,3.64
"marteke01","Ketel Marte","Ketel","Marte","B","R",4980,4365,1285,139,525,0.294,0.372,43,47,36.84,32.75
"marteke02","Kelvin Marte","Kelvin","Marte","R","L",1,0,0,0,1,NA,1,0,0,0.01,0.01
"martelu01","Luis Marte","Luis","Marte","R","R",13,11,4,0,2,0.364,0.462,0,0,0.01,0.01
"martelu02","Luis Marté","Luis","Marte","R","R",65,58,16,1,7,0.276,0.354,0,0,0.07,0.21
"martest01","Starling Marte","Starling","Marte","R","R",6574,5886,1780,151,488,0.302,0.372,178,22,48.27,43.19
"martevi01","Victor Marte","Victor","Marte","R","R",15,12,3,0,3,0.25,0.4,0,0,0.1,0.1
"martial03","Al Martin","Al","Martin","L","L",4727,4325,1148,91,351,0.265,0.322,24,27,2.55,4
"martian01","Anastacio Martinez","Anastacio","Martinez","R","R",1,0,0,0,1,NA,1,0,0,0.01,0.01
"martiau01","Austin Martin","Austin","Martin","R","R",167,149,41,2,16,0.275,0.353,2,0,0.33,0.59
"martiba01","Babe Martin","Babe","Martin","R","R",5,4,1,0,1,0.25,0.4,0,0,0.01,0.01
"martibi02","Billy Martin","Billy","Martin","R","R",3429,3239,823,39,143,0.254,0.29,27,20,1.07,1.46
"martibr01","Brett Martin","Brett","Martin","L","L",12,9,3,0,3,0.333,0.5,0,0,0.06,0.06
"martibu01","Buck Martinez","Buck","Martinez","R","R",2711,2429,592,61,240,0.244,0.31,8,34,8.81,10.11
"martica01","Carmelo Martinez","Carmelo","Martinez","R","R",3398,2944,745,92,415,0.253,0.345,11,28,13.14,13.87
"martica02","Carlos Martinez","Carlos","Martinez","R","R",681,648,173,12,31,0.267,0.301,1,1,0.09,0.14
"martica03","Carlos Martinez","Carlos","Martinez","R","R",19,16,5,0,3,0.312,0.421,0,0,0.04,0.04
"martica04","Carlos Martinez","Carlos","Martinez","R","R",690,633,164,12,52,0.259,0.317,3,2,5.34,5.43
"martich01","Chito Martinez","Chito","Martinez","L","L",497,446,124,17,44,0.278,0.342,2,5,2.53,2.52
"martich02","Chris Martin","Chris","Martin","R","R",37,30,8,0,7,0.267,0.405,0,0,0.18,0.16
"martico01","Cody Martin","Cody","Martin","R","R",20,17,5,0,3,0.294,0.4,0,0,0.06,0.06
"martico02","Corbin Martin","Corbin","Martin","R","R",55,50,13,1,5,0.26,0.327,0,0,0.28,0.22
"marticr01","Cristhian Martinez","Cristhian","Martinez","R","R",139,124,36,4,15,0.29,0.367,0,0,2.1,2.12
"martida01","Dave Martinez","Dave","Martinez","L","L",6430,5830,1587,61,537,0.272,0.335,27,36,15.45,15.8
"martide01","Dennis Martinez","Dennis","Martinez","R","R",254,236,49,0,17,0.208,0.264,1,0,-2.77555756156289e-17,-0.3
"martido02","Domingo Martinez","Domingo","Martinez","R","R",8,7,4,0,1,0.571,0.625,0,0,0.01,0.01
"martied01","Edgar Martinez","Edgar","Martinez","R","R",8772,7383,2277,247,1223,0.308,0.409,89,77,66.67,62.56
"martiet01","Ethan Martin","Ethan","Martin","R","R",60,54,13,1,6,0.241,0.317,0,0,0.3,0.3
"martife01","Felix Martinez","Felix","Martinez","B","R",797,729,152,1,51,0.209,0.272,14,3,0.62,-0.01
"martife02","Fernando Martinez","Fernando","Martinez","L","R",584,525,128,15,46,0.244,0.317,11,2,0.64,0.84
"martige01","Gene Martin","Gene","Martin","L","R",13,12,3,1,1,0.25,0.308,0,0,0.01,0
"martihe01","Hersh Martin","Hersh","Martin","B","R",2648,2413,606,25,228,0.251,0.318,7,0,7.79,6.4
"martihe02","Hector Martinez","Hector","Martinez","R","R",18,15,5,0,2,0.333,0.444,1,0,0.01,0
"martij.01","J C  Martin",NA,NA,NA,NA,1862,1668,406,21,170,0.243,0.316,12,12,-4.35,-3.56
"martija03","Jason Martin","Jason","Martin","L","R",323,294,75,7,28,0.255,0.319,0,1,0.67,0.92
"martijd01","J D  Martin","J. D.","Martin","R","R",135,123,31,2,12,0.252,0.319,0,0,0.64,0.6
"martijd02","J D  Martinez","J. D.","Martinez","R","R",7490,6601,1936,297,767,0.293,0.367,47,75,41.85,41.29
"martije01","Jerry Martin","Jerry","Martin","R","R",2903,2622,682,89,242,0.26,0.324,16,23,8.73,9.26
"martijo05","John Martin","John","Martin","B","L",63,55,14,1,7,0.255,0.333,0,1,0.36,0.41
"martijo06","Jose Martinez","Jose","Martinez","R","R",2,1,0,0,1,0,0.5,0,0,0,0
"martijo07","Joe Martinez","Joe","Martinez","L","R",80,72,20,2,8,0.278,0.35,0,0,0.66,0.65
"martijo08","José Martínez","Jose","Martinez","R","R",1467,1302,402,35,154,0.309,0.382,4,7,7.12,8.21
"martiju01","Justin Martínez","Justin","Martinez","R","R",8,7,3,0,1,0.429,0.5,0,0,0.02,0.02
"martile01","Leonys Martín","Leonys","Martin","L","R",2960,2658,716,58,262,0.269,0.339,24,16,17.05,17.34
"martilu02","Luis Martinez","Luis","Martinez","R","R",187,165,39,3,20,0.236,0.326,2,0,0.54,0.32
"martima01","Marty Martinez","Marty","Martinez","B","R",825,753,209,1,66,0.278,0.337,3,3,0.57,0.97
"martimi02","Michael Martinez","Michael","Martinez","B","R",999,909,223,15,88,0.245,0.311,0,2,3.84,1.78
"martini01","Nick Martinez","Nick","Martinez","L","R",34,30,9,1,4,0.3,0.382,0,0,0.16,0.21
"martini02","Nick Martini","Nick","Martini","L","L",698,595,168,11,82,0.282,0.378,14,7,3.55,3.61
"martino01","Norberto Martin","Norberto","Martin","R","R",1045,1008,269,3,26,0.267,0.285,3,8,-2.47,-2.83
"martios01","Osvaldo Martínez","Osvaldo","Martinez","R","R",166,151,43,2,15,0.285,0.349,0,0,0.75,1.04
"martipe01","Pepper Martin","Pepper","Martin","R","R",4624,4274,1109,83,338,0.259,0.316,12,0,14.56,15.23
"martipe02","Pedro Martinez","Pedro","Martinez","R","R",850,785,162,6,59,0.206,0.264,3,3,-2.48,-0.65
"martira02","Ramon Martinez","Ramon","Martinez","L","R",501,479,100,1,19,0.209,0.24,1,2,-0.63,-0.72
"martira04","Rafael Martín","Rafael","Martin","R","R",15,13,5,0,2,0.385,0.467,0,0,0.07,0.07
"martire01","Renie Martin","Renie","Martin","R","R",85,79,25,1,6,0.316,0.365,0,0,1.22,1.17
"martiri01","Richie Martin","Richie","Martin","R","R",503,459,117,6,35,0.255,0.316,7,2,-0.77,0.77
"martiru01","Russell Martin","Russell","Martin","R","R",6625,5601,1515,172,881,0.27,0.378,107,36,46.98,59.69
"martise01","Seth Martinez","Seth","Martinez","R","R",2,1,0,0,1,0,0.5,0,0,0.01,0
"martish01","Shairon Martis","Shairon","Martis","R","R",128,116,30,2,12,0.259,0.328,0,0,0.77,0.55
"martisi01","Silvio Martinez","Silvio","Martinez","R","R",177,163,36,1,13,0.221,0.277,0,1,0.53,0.48
"martist01","Stu Martin","Stu","Martin","L","R",2416,2254,533,19,154,0.236,0.288,8,0,3.87,1.61
"martiti01","Tippy Martinez","Tippy","Martinez","L","L",1,0,0,0,1,NA,1,0,0,0,0
"martiti02","Tino Martinez","Tino","Martinez","L","R",7266,6461,1734,247,679,0.268,0.34,57,69,28.91,28.73
"martito02","Tom Martin","Tom","Martin","L","L",80,70,19,1,10,0.271,0.362,0,0,0.99,0.92
"martivi01","Victor Martinez","Victor","Martinez","B","R",8215,7229,2186,231,847,0.302,0.376,53,86,45.13,40.93
"martyjo01","Joe Marty","Joe","Marty","R","R",2014,1882,437,58,122,0.232,0.283,10,0,-1.18,-1.08
"martzga01","Gary Martz","Gary","Martz","R","R",1,0,0,0,1,NA,1,0,0,0,0
"martzra01","Randy Martz","Randy","Martz","L","R",94,81,20,2,13,0.247,0.351,0,0,0.84,0.87
"marveja01","James Marvel","James","Marvel","R","R",49,44,11,1,5,0.25,0.327,0,0,0.15,0.18
"marzajo01","John Marzano","John","Marzano","R","R",439,410,102,5,19,0.249,0.285,4,6,0.0899999999999999,0.36
"mashocl01","Clyde Mashore","Clyde","Mashore","R","R",118,102,23,3,14,0.225,0.314,0,2,0.45,0.61
"masiph01","Phil Masi","Phil","Masi","R","R",3596,3272,836,50,315,0.256,0.323,9,0,8.39,14.63
"masonha01","Hank Mason","Hank","Mason","R","R",2,1,0,0,1,0,0.5,0,0,0,0
"masonji01","Jim Mason","Jim","Mason","L","R",1361,1233,279,20,115,0.226,0.289,0,13,2.32,1.82
"masonmi01","Mike Mason","Mike","Mason","L","L",12,10,2,0,2,0.2,0.333,0,0,0.02,0.02
"masonro01","Roger Mason","Roger","Mason","R","R",12,10,2,0,1,0.2,0.333,1,0,0,0
"massago01","Gordon Massa","Gordon","Massa","L","R",22,18,6,0,4,0.333,0.455,0,0,0.17,0.2
"massemi02","Michael Massey","Michael","Massey","L","R",1062,956,244,27,63,0.255,0.315,27,16,3.47,3.79
"masseni01","Nick Masset","Nick","Masset","R","R",111,96,26,1,15,0.271,0.369,0,0,0.81,0.86
"masteju01","Justin Masterson","Justin","Masterson","R","R",253,227,61,7,26,0.269,0.344,0,0,0.71,0.78
"mastewa02","Walt Masterson","Walt","Masterson","R","R",449,422,85,0,27,0.201,0.249,0,0,-2.82,-2.62
"mastnto01","Tom Mastny","Tom","Mastny","R","R",1,0,0,0,1,NA,1,0,0,0,0
"mastrda01","Darin Mastroianni","Darin","Mastroianni","R","R",397,352,95,7,41,0.27,0.348,2,2,0.36,0.71
"mastrmi01","Miles Mastrobuoni","Miles","Mastrobuoni","L","R",198,177,45,1,20,0.254,0.328,0,1,1.25,0.73
"matafr01","Frank Mata","Frank","Mata","R","R",1,0,0,0,1,NA,1,0,0,0.01,0.01
"mateohe01","Henry Mateo","Henry","Mateo","B","R",501,458,113,5,40,0.247,0.311,3,0,-0.38,-0.59
"mateojo01","Jorge Mateo","Jorge","Mateo","R","R",1363,1243,313,21,89,0.252,0.307,17,14,8.03,6.99
"mateoju01","Julio Mateo","Julio","Mateo","R","R",1,0,0,0,1,NA,1,0,0,0,0
"mateoju02","Juan Mateo","Juan","Mateo","R","R",59,54,10,1,5,0.185,0.254,0,0,0.07,0.1
"mateoma01","Marcos Mateo","Marcos","Mateo","R","R",55,49,12,2,6,0.245,0.327,0,0,0.79,0.86
"mateoru01","Ruben Mateo","Ruben","Mateo","R","R",555,519,123,8,22,0.237,0.283,12,2,1.3,0.26
"matheed01","Eddie Mathews","Eddie","Mathews","L","R",10144,8621,2393,498,1439,0.278,0.38,26,58,87.07,85.5
"mathegr01","Greg Mathews","Greg","Mathews","R","L",100,93,20,0,6,0.215,0.27,1,0,0.38,0.49
"mathejo02","Joe Mather","Joe","Mather","R","R",749,680,175,22,64,0.257,0.322,2,3,1.81,2.32
"mathemi01","Mike Matheny","Mike","Matheny","R","R",2766,2511,615,29,206,0.245,0.305,23,26,2.62,4.75
"mathete01","Terry Mathews","Terry","Mathews","L","R",27,25,9,0,2,0.36,0.407,0,0,0.02,0.05
"mathido01","Doug Mathis","Doug","Mathis","R","R",0,0,0,0,0,NA,NA,0,0,0,0
"mathije01","Jeff Mathis","Jeff","Mathis","R","R",3597,3235,784,69,321,0.242,0.312,16,25,12.57,13.42
"mathima01","Mark Mathias","Mark","Mathias","R","R",179,156,43,5,21,0.276,0.358,0,2,1.65,1.34
"mathisc01","Scott Mathieson","Scott","Mathieson","R","R",49,45,11,1,4,0.244,0.306,0,0,0.17,0.2
"mathiwy01","Wyatt Mathisen","Wyatt","Mathisen","R","R",155,132,28,3,18,0.212,0.323,4,1,0.71,0.6
"matlajo01","Jon Matlack","Jon","Matlack","L","L",545,478,100,6,65,0.209,0.305,1,1,1.47,1.28
"matonni01","Nick Maton","Nick","Maton","L","R",608,516,127,13,73,0.246,0.345,10,9,0.96,1.67
"matonph01","Phil Maton","Phil","Maton","R","R",108,96,27,2,12,0.281,0.361,0,0,0.86,0.78
"matoslu01","Luis Matos","Luis","Matos","R","R",1860,1695,439,25,127,0.259,0.319,28,10,6.54,5.77
"matosos01","Osiris Matos","Osiris","Matos","R","R",35,31,9,1,4,0.29,0.371,0,0,0.34,0.38
"matrada01","Dave Matranga","Dave","Matranga","R","R",36,33,8,2,3,0.242,0.306,0,0,0.18,0.13
"matsuda01","Daisuke Matsuzaka","Daisuke","Matsuzaka","R","R",251,227,64,4,24,0.282,0.351,0,0,1.29,1.33
"matsuhi01","Hideki Matsui","Hideki","Matsui","L","R",5115,4451,1281,150,597,0.288,0.371,21,46,26.11,20.12
"matsuka01","Kazuo Matsui","Kazuo","Matsui","B","R",2552,2312,614,33,213,0.266,0.328,11,16,8.73,8.45
"mattetr01","Troy Mattes","Troy","Mattes","R","R",34,32,12,0,2,0.375,0.412,0,0,0.36,0.34
"matthga01","Gary Matthews","Gary","Matthews","R","R",8376,7249,2041,225,1044,0.282,0.371,21,62,34.88,35.12
"matthga02","Gary Matthews","Gary","Matthews","B","R",4621,4093,1059,90,481,0.259,0.337,18,29,19.11,18.68
"matthry01","Ryan Mattheus","Ryan","Mattheus","R","R",56,49,13,0,7,0.265,0.357,0,0,0.33,0.32
"mattido01","Don Mattingly","Don","Mattingly","L","L",7882,7151,2210,212,614,0.309,0.361,21,96,43.36,40.98
"mattike01","Kevin Mattison","Kevin","Mattison","L","L",44,40,10,1,4,0.25,0.318,0,0,0.04,0.09
"matusbr01","Brian Matusz","Brian","Matusz","L","L",89,77,20,1,12,0.26,0.36,0,0,0.18,0.16
"matusle01","Len Matuszek","Len","Matuszek","L","R",947,827,211,32,99,0.255,0.335,7,14,2.9,2.9
"matzety01","Tyler Matzek","Tyler","Matzek","L","L",165,149,42,2,16,0.282,0.352,0,0,1.1,1.13
"matzst01","Steven Matz","Steven","Matz","R","L",519,473,124,10,45,0.262,0.326,0,1,2.98,3.4
"mauerjo01","Joe Mauer","Joe","Mauer","L","R",8016,6890,2166,154,1041,0.314,0.403,25,60,63.01,59
"maurebr01","Brandon Maurer","Brandon","Maurer","R","R",63,53,15,1,10,0.283,0.397,0,0,0.34,0.33
"maureda01","Dave Maurer","Dave","Maurer","R","L",1,0,0,0,1,NA,1,0,0,0,0.01
"mauriro01","Ronny Mauricio","Ronny","Mauricio","B","R",95,88,25,1,7,0.284,0.337,0,0,0.33,0.56
"mauroca01","Carmen Mauro","Carmen","Mauro","L","R",6,5,1,0,1,0.2,0.333,0,0,0.01,0.01
"mauseti01","Tim Mauser","Tim","Mauser","R","R",4,3,1,0,1,0.333,0.5,0,0,0,0
"maxvida01","Dal Maxvill","Dal","Maxvill","R","R",3710,3304,773,10,379,0.234,0.312,6,21,8.09,7.93
"maxwebr01","Bruce Maxwell","Bruce","Maxwell","L","R",572,506,137,8,62,0.271,0.348,0,4,2.47,2.02
"maxwech01","Charlie Maxwell","Charlie","Maxwell","L","L",3349,2908,734,103,397,0.252,0.344,22,22,17.98,17.37
"maxweja01","Jason Maxwell","Jason","Maxwell","R","R",11,10,3,0,1,0.3,0.364,0,0,0.02,0.02
"maxweju01","Justin Maxwell","Justin","Maxwell","R","R",1521,1319,336,49,182,0.255,0.349,13,7,7.03,7.19
"mayayu01","Yunesky Maya","Yunesky","Maya","R","R",99,90,24,2,9,0.267,0.333,0,0,0.4,0.42
"maybejo01","John Mayberry","John","Mayberry","L","L",6716,5687,1467,303,922,0.258,0.364,54,53,30.35,31.05
"maybejo02","John Mayberry","John","Mayberry","R","R",1812,1623,433,61,175,0.267,0.341,9,5,8.1,8.39
"maybica01","Cameron Maybin","Cameron","Maybin","R","R",4574,4064,1125,82,469,0.277,0.354,26,15,23.83,22.88
"mayca01","Carlos May","Carlos","May","L","R",4758,4154,1148,95,520,0.276,0.36,45,39,11.43,11.48
"mayda01","Dave May","Dave","May","L","R",3321,2998,796,95,283,0.266,0.332,23,17,14.63,12.13
"mayda02","Darrell May","Darrell","May","L","L",153,137,35,3,16,0.255,0.333,0,0,0.3,0.24
"mayde01","Derrick May","Derrick","May","L","R",1653,1524,415,26,110,0.272,0.321,5,14,3.48,2.87
"maydu01","Dustin May","Dustin","May","R","R",121,110,28,2,11,0.255,0.322,0,0,0.42,0.39
"mayele01","Lee Maye","Lee","Maye","L","R",4696,4391,1249,86,267,0.284,0.327,19,19,12.77,9.94
"mayered02","Ed Mayer","Ed","Mayer","L","L",2,1,0,0,1,0,0.5,0,0,0,0
"mayermi01","Mike Mayers","Mike","Mayers","R","R",73,63,18,2,10,0.286,0.384,0,0,1.07,1.06
"mayfija01","Jack Mayfield","Jack","Mayfield","R","R",576,528,133,12,40,0.252,0.311,6,2,1.9,1.22
"mayje01","Jerry May","Jerry","May","R","R",1963,1751,419,22,190,0.239,0.315,10,12,6.57,7.13
"mayle01","Lee May","Lee","May","R","R",8310,7655,2126,378,541,0.278,0.327,49,65,32.31,32.76
"maymi01","Milt May","Milt","May","L","R",4302,3899,1066,100,363,0.273,0.334,8,32,20.71,21.52
"maynebr01","Brent Mayne","Brent","Mayne","L","R",4171,3749,923,21,363,0.246,0.313,21,38,-2.48,2.13
"mayoed01","Eddie Mayo","Eddie","Mayo","L","R",2520,2402,560,19,111,0.233,0.269,7,0,1.96,1.59
"mayoja01","Jackie Mayo","Jackie","Mayo","L","R",101,88,19,0,11,0.216,0.317,2,0,-1.2,-1.08
"maypi01","Merrill May","Merrill","May","R","R",2505,2260,579,5,236,0.256,0.329,9,0,9.72,7.77
"mayru01","Rudy May","Rudy","May","L","L",452,422,86,1,27,0.204,0.254,2,1,-2.43,-1.91
"maysca01","Carl Mays","Carl","Mays","L","R",1237,1227,278,7,7,0.227,0.233,3,0,-3.7,-2.69
"maysema01","Matt Maysey","Matt","Maysey","R","R",1,0,0,0,1,NA,1,0,0,0,0
"maysjo01","Joe Mays","Joe","Mays","B","R",142,125,37,2,17,0.296,0.38,0,0,0.43,0.49
"maysoed01","Edwin Maysonet","Edwin","Maysonet","R","R",300,273,76,6,25,0.278,0.34,1,1,1.59,1.37
"mayswi01","Willie Mays","Willie","Mays","R","R",12814,11151,3478,573,1528,0.312,0.394,44,91,145.3,135.78
"maytr01","Trevor May","Trevor","May","R","R",62,54,14,1,8,0.259,0.355,0,0,0.23,0.25
"mayzati01","Tim Mayza","Tim","Mayza","L","L",23,18,5,0,5,0.278,0.435,0,0,0.08,0.08
"mazalu01","Luis Maza","Luis","Maza","R","R",152,139,36,2,12,0.259,0.322,1,0,0.16,0.32
"mazarno01","Nomar Mazara","Nomar","Mazara","L","L",2927,2621,704,66,259,0.269,0.338,27,20,8.26,8.71
"mazeipa01","Patrick Mazeika","Patrick","Mazeika","L","R",241,221,54,3,16,0.244,0.303,3,1,0.26,0.49
"mazerbi01","Bill Mazeroski","Bill","Mazeroski","R","R",8593,8056,2101,153,449,0.261,0.299,20,68,37.24,30.86
"mazzach01","Chris Mazza","Chris","Mazza","R","R",43,39,10,1,4,0.256,0.326,0,0,0.24,0.28
"mazzavi01","Vin Mazzaro","Vin","Mazzaro","R","R",209,187,59,4,22,0.316,0.388,0,0,1.17,1.02
"mazzeme01","Mel Mazzera","Mel","Mazzera","L","L",401,363,87,4,37,0.24,0.312,1,0,-0.59,-0.52
"mazzile01","Lee Mazzilli","Lee","Mazzilli","B","R",4913,4186,1126,112,674,0.269,0.37,20,33,20.32,19.71
"mazzoco01","Cory Mazzoni","Cory","Mazzoni","R","R",20,17,5,0,3,0.294,0.4,0,0,0.1,0.1
"mcallza01","Zach McAllister","Zach","McAllister","R","R",69,60,17,2,9,0.283,0.377,0,0,0.21,0.18
"mcandji01","Jim McAndrew","Jim","McAndrew","R","R",31,25,7,0,6,0.28,0.419,0,0,0.34,0.26
"mcanupa01","Paul McAnulty","Paul","McAnulty","L","R",528,457,116,12,67,0.254,0.352,3,1,1.74,1.67
"mcartja01","James McArthur","James","McArthur","R","R",1,0,0,0,1,NA,1,0,0,0,0
"mcauldi01","Dick McAuliffe","Dick","McAuliffe","L","R",6454,5585,1348,140,815,0.241,0.34,29,25,35.85,32.54
"mcbeaal01","Al McBean","Al","McBean","R","R",354,334,76,4,19,0.228,0.271,1,0,1.05,0.55
"mcbetma01","Marcus McBeth","Marcus","McBeth","R","R",8,7,3,0,1,0.429,0.5,0,0,0.04,0.03
"mcbriba01","Bake McBride","Bake","McBride","L","R",4227,3844,1147,86,304,0.298,0.353,40,39,24.79,23.48
"mcbrike01","Ken McBride","Ken","McBride","R","R",60,50,11,0,9,0.22,0.35,1,0,0.22,0.2
"mcbrima01","Macay McBride","Macay","McBride","L","L",23,20,6,0,3,0.3,0.391,0,0,0.13,0.13
"mcbrima02","Matt McBride","Matt","McBride","R","R",432,396,102,9,32,0.258,0.317,3,1,-0.99,1.34
"mcbrory01","Ryan McBroom","Ryan","McBroom","R","L",327,294,84,8,32,0.286,0.358,1,0,1.8,2.03
"mccahbi01","Bill McCahan","Bill","McCahan","R","R",7,6,2,0,1,0.333,0.429,0,0,0.01,0.01
"mccalla01","Larry McCall","Larry","McCall","L","R",0,0,0,0,0,NA,NA,0,0,0,0
"mccalwi01","Windy McCall","Windy","McCall","L","L",2,1,0,0,1,0,0.5,0,0,0.01,0.01
"mccanbr01","Brian McCann","Brian","McCann","L","R",6893,6010,1670,247,749,0.278,0.362,75,59,41.45,60.51
"mccanja02","James McCann","James","McCann","R","R",3367,3033,822,73,260,0.271,0.336,48,26,16,13.62
"mccanky01","Kyle McCann","Kyle","McCann","L","R",88,76,21,3,11,0.276,0.375,1,0,0.53,0.55
"mccarbr01","Brandon McCarthy","Brandon","McCarthy","R","R",554,499,114,8,55,0.228,0.305,0,0,2.07,1.73
"mccarja02","Jake McCarthy","Jake","McCarthy","L","L",1419,1253,356,20,121,0.284,0.363,38,7,7.11,7.62
"mccarjo03","Johnny McCarthy","Johnny","McCarthy","L","L",1562,1484,399,16,72,0.269,0.305,6,0,-0.52,0.12
"mccarke01","Kevin McCarthy","Kevin","McCarthy","R","R",12,9,2,0,3,0.222,0.417,0,0,0.06,0.06
"mccarti01","Tim McCarver","Tim","McCarver","L","R",6418,5735,1601,106,589,0.279,0.346,30,64,31.45,30.66
"mccatst01","Steve McCatty","Steve","McCatty","R","R",0,0,0,0,0,NA,NA,0,0,0,0
"mccauda01","Darren McCaughan","Darren","McCaughan","R","R",30,27,7,1,3,0.259,0.333,0,0,0.03,0.04
"mcclare01","Reggie McClain","Reggie","McClain","R","R",2,1,0,0,1,0,0.5,0,0,0.01,0.01
"mcclasc01","Scott McClain","Scott","McClain","R","R",210,187,50,5,23,0.267,0.348,0,0,0.63,0.7
"mccleky01","Kyle McClellan","Kyle","McClellan","R","R",196,178,49,4,18,0.275,0.342,0,0,2.96,2.88
"mcclell01","Lloyd McClendon","Lloyd","McClendon","R","R",1060,921,228,25,121,0.248,0.334,5,13,-0.89,0.66
"mcclemi01","Mike McClendon","Mike","McClendon","R","R",54,48,14,2,6,0.292,0.37,0,0,0.71,0.68
"mccleza01","Zach McClellan","Zach","McClellan","R","R",14,12,3,0,2,0.25,0.357,0,0,0.03,0.03
"mcclubo01","Bob McClure","Bob","McClure","R","L",0,0,0,0,0,NA,NA,0,0,0,0
"mccluse01","Seth McClung","Seth","McClung","L","R",147,132,35,2,15,0.265,0.34,0,0,1.23,1.17
"mcconsa02","Sam McConnell","Sam","McConnell","L","L",11,10,3,0,1,0.3,0.364,0,0,0.02,0.02
"mccorch01","Chas McCormick","Chas","McCormick","R","L",1531,1327,370,47,156,0.279,0.364,32,16,9.56,10.2
"mccordo01","Don McCormack","Don","McCormack","R","R",1,0,0,0,1,NA,1,0,0,0,0
"mccorfr01","Frank McCormick","Frank","McCormick","R","R",6334,6012,1746,188,295,0.29,0.326,27,0,23.62,26.09
"mccormi02","Mike McCormick","Mike","McCormick","R","R",2216,2094,545,19,119,0.26,0.301,3,0,1.66,1.02
"mccormi03","Mike McCormick","Mike","McCormick","L","L",1056,989,203,9,61,0.205,0.251,1,5,-0.41,-1.47
"mccosba01","Barney McCosky","Barney","McCosky","L","R",4560,4122,1225,17,428,0.297,0.365,10,0,20.2,20.76
"mccovwi01","Willie McCovey","Willie","McCovey","L","L",10023,8482,2394,514,1402,0.282,0.386,69,70,66.55,68.19
"mccoybe01","Benny McCoy","Benny","McCoy","L","R",1383,1207,296,19,175,0.245,0.341,1,0,5.69,4.61
"mccoyma01","Mason McCoy","Mason","McCoy","R","R",43,37,9,0,6,0.243,0.349,0,0,0.23,0.42
"mccoymi01","Mike McCoy","Mike","McCoy","R","R",555,491,124,8,63,0.253,0.339,1,0,3.12,2.74
"mccraqu01","Quinton McCracken","Quinton","McCracken","B","R",2592,2362,604,10,203,0.256,0.314,8,19,0.69,0.39
"mccrato01","Tommy McCraw","Tommy","McCraw","L","L",3207,2943,731,56,222,0.248,0.305,25,17,2.88,0.8
"mccread01","Adam McCreery","Adam","McCreery","L","L",1,0,0,0,1,NA,1,0,0,0,0
"mccrobo01","Bob McCrory","Bob","McCrory","R","R",0,0,0,0,0,NA,NA,0,0,0,0
"mcculcl01","Clyde McCullough","Clyde","McCullough","R","R",3300,3101,746,58,182,0.241,0.286,17,0,5.5,5.3
"mcculla01","Lance McCullers","Lance","McCullers","B","R",46,40,8,0,6,0.2,0.304,0,0,0.33,0.26
"mcculla02","Lance McCullers Jr","Lance","McCullers","L","R",27,24,6,1,3,0.25,0.333,0,0,0.04,0.04
"mccurha01","Harry McCurdy","Harry","McCurdy","L","R",515,470,95,5,44,0.202,0.272,1,0,-0.92,-0.51
"mccutan01","Andrew McCutchen","Andrew","McCutchen","R","R",9727,8225,2381,312,1322,0.289,0.391,100,80,60.71,60.99
"mccutda01","Daniel McCutchen","Daniel","McCutchen","R","R",160,144,38,3,15,0.264,0.338,1,0,1.48,1.47
"mcdanli01","Lindy McDaniel","Lindy","McDaniel","R","R",447,417,93,2,29,0.223,0.275,1,0,-3.35,-3.45
"mcdermi03","Mickey McDermott","Mickey","McDermott","L","L",915,855,205,7,57,0.24,0.289,2,1,3.19,3.61
"mcdonda02","Darnell McDonald","Darnell","McDonald","R","R",1152,1031,271,26,113,0.263,0.338,5,3,5.51,4.65
"mcdonja02","Jason McDonald","Jason","McDonald","B","R",863,750,167,5,102,0.223,0.321,8,3,1.56,0.39
"mcdonja03","James McDonald","James","McDonald","L","R",384,341,77,5,43,0.226,0.312,0,0,2.5,2.38
"mcdonji03","Jim McDonnell","Jim","McDonnell","L","R",2,1,0,0,1,0,0.5,0,0,0,0.01
"mcdonji04","Jim McDonald","Jim","McDonald","R","R",156,142,31,0,14,0.218,0.288,0,0,-0.2,-0.07
"mcdonjo03","John McDonald","John","McDonald","R","R",3194,2931,740,44,222,0.252,0.308,23,18,14.3,10.64
"mcdonke01","Keith McDonald","Keith","McDonald","R","R",28,24,8,2,4,0.333,0.429,0,0,0.37,0.39
"mcdonmi01","Mickey McDonald","Mickey","McDonald","B","R",13,10,2,0,3,0.2,0.385,0,0,0.01,0.02
"mcdougi01","Gil McDougald","Gil","McDougald","R","R",5497,4931,1363,99,503,0.276,0.346,36,27,38.34,37.16
"mcdowod01","Oddibe McDowell","Oddibe","McDowell","L","L",3162,2826,708,63,310,0.251,0.325,9,17,10.82,9.43
"mcdowro01","Roger McDowell","Roger","McDowell","R","R",70,62,17,0,8,0.274,0.357,0,0,0.28,0.41
"mcdowsa01","Sam McDowell","Sam","McDowell","L","L",390,382,73,0,4,0.191,0.2,1,3,-1.73,-1.81
"mcelrch01","Chuck McElroy","Chuck","McElroy","L","L",32,28,8,0,4,0.286,0.375,0,0,-0.1,-0.08
"mcenawi01","Will McEnaney","Will","McEnaney","L","L",32,28,8,0,4,0.286,0.375,0,0,0.11,0.1
"mcewijo01","Joe McEwing","Joe","McEwing","R","R",1813,1672,419,14,103,0.251,0.301,23,15,1.36,2.72
"mcfared01","Ed McFarland","Ed","McFarland","R","R",1130,1084,257,2,41,0.237,0.268,5,0,2.93,-0.52
"mcfartj01","T J  McFarland","T. J.","McFarland","L","L",193,171,46,3,22,0.269,0.352,0,0,2.04,1.93
"mcgafan01","Andy McGaffigan","Andy","McGaffigan","R","R",46,41,9,0,5,0.22,0.304,0,0,-0.04,-0.19
"mcganda01","Dan McGann","Dan","McGann","B","R",5813,5314,1128,49,274,0.212,0.28,225,0,-0.95,-0.19
"mcgeami01","Mike McGeary","Mike","McGeary","R","R",2623,2528,537,5,95,0.212,0.241,0,0,-1.83,-3.22
"mcgeeja01","Jake McGee","Jake","McGee","L","L",87,72,22,0,15,0.306,0.425,0,0,0.51,0.49
"mcgeewi01","Willie McGee","Willie","McGee","B","R",8006,7503,2227,78,444,0.297,0.335,15,44,35.2,28.39
"mcgehca01","Casey McGehee","Casey","McGehee","R","R",3285,2927,814,72,319,0.278,0.347,8,31,10.67,12.37
"mcginda01","Dan McGinn","Dan","McGinn","L","L",1,0,0,0,1,NA,1,0,0,0.01,0.01
"mcgloji01","Jim McGlothlin","Jim","McGlothlin","R","R",245,223,45,4,22,0.202,0.273,0,0,0.42,0.38
"mcgloly01","Lynn McGlothen","Lynn","McGlothen","L","R",479,448,102,5,28,0.228,0.271,0,3,1.46,1.34
"mcgousc01","Scott McGough","Scott","McGough","R","R",13,11,3,0,2,0.273,0.385,0,0,0.04,0.04
"mcgowdu01","Dustin McGowan","Dustin","McGowan","R","R",257,232,61,6,25,0.263,0.335,0,0,2.2,2.15
"mcgowke01","Kevin McGowan","Kevin","McGowan","R","R",7,6,2,0,1,0.333,0.429,0,0,0.04,0.03
"mcgowky01","Kyle McGowin","Kyle","McGowin","R","R",100,90,27,3,10,0.3,0.37,0,0,0.96,0.92
"mcgowmi01","Mickey McGowan","Mickey","McGowan","L","L",1,0,0,0,1,NA,1,0,0,0,0
"mcgrajo01","John McGraw","John","McGraw","L","R",4541,3778,950,7,642,0.251,0.377,121,0,31.03,30.36
"mcgraky01","Kyle McGrath","Kyle","McGrath","L","L",26,23,7,0,3,0.304,0.385,0,0,0.06,0.06
"mcgratu01","Tug McGraw","Tug","McGraw","R","L",233,203,54,1,28,0.266,0.356,1,1,1.04,0.56
"mcgrifr01","Fred McGriff","Fred","McGriff","L","L",10373,8978,2507,403,1285,0.279,0.369,39,71,50.43,55.39
"mcgrite01","Terry McGriff","Terry","McGriff","R","R",100,91,21,1,9,0.231,0.3,0,0,-0.02,0.14
"mcguide02","Deck McGuire","Deck","McGuire","R","R",77,69,18,2,8,0.261,0.338,0,0,0.38,0.39
"mcguire01","Reese McGuire","Reese","McGuire","L","R",1182,1070,300,16,88,0.28,0.338,12,12,5.4,7.51
"mcgwima01","Mark McGwire","Mark","McGwire","R","R",7668,6251,1662,484,1265,0.266,0.391,74,78,61.14,64.19
"mchenva01","Vance McHenry","Vance","McHenry","R","R",22,19,5,0,3,0.263,0.364,0,0,0.13,0.11
"mchugco01","Collin McHugh","Collin","McHugh","R","R",260,234,64,6,26,0.274,0.346,0,0,1.11,1.06
"mckaiar01","Archie McKain","Archie","McKain","B","L",100,87,19,2,13,0.218,0.32,0,0,-0.74,-0.36
"mckaiha01","Hal McKain","Hal","McKain","L","R",144,125,29,0,18,0.232,0.333,1,0,-0.37,-0.18
"mckaybr01","Brendan McKay","Brendan","McKay","L","L",66,59,15,3,7,0.254,0.333,0,0,0.3,0.25
"mckayda01","Dave McKay","Dave","McKay","B","R",2087,1932,479,35,126,0.248,0.298,17,12,1.74,1.74
"mckeeji02","Jim McKee","Jim","McKee","R","R",5,4,1,0,1,0.25,0.4,0,0,0.01,0
"mckenmi01","Michael McKenry","Michael","McKenry","R","R",1242,1081,287,37,147,0.265,0.356,8,6,6.46,2.93
"mckenry01","Ryan McKenna","Ryan","McKenna","R","R",542,467,122,6,57,0.261,0.352,12,6,2.38,2.52
"mckentr01","Triston McKenzie","Triston","McKenzie","R","R",32,29,9,1,3,0.31,0.375,0,0,0.09,0.12
"mckinbi01","Billy McKinney","Billy","McKinney","L","L",1042,918,234,27,108,0.255,0.335,7,9,2.18,2.49
"mckinza01","Zach McKinstry","Zach","McKinstry","L","R",1274,1135,285,18,114,0.251,0.325,15,10,4.51,4.83
"mckiran01","Andrew McKirahan","Andrew","McKirahan","R","L",21,18,6,1,3,0.333,0.429,0,0,0.46,0.45
"mcknije01","Jeff McKnight","Jeff","McKnight","B","R",17,15,5,0,2,0.333,0.412,0,0,0.01,0.01
"mclaide01","Denny McLain","Denny","McLain","R","R",463,443,86,0,18,0.194,0.225,0,2,-2.26,-2.24
"mclaima01","Matt McLain","Matt","McLain","R","R",459,407,127,11,38,0.312,0.39,14,0,4.45,3.88
"mclaubo01","Bo McLaughlin","Bo","McLaughlin","R","R",22,19,5,0,3,0.263,0.364,0,0,0.04,0.03
"mclaujo01","Joey McLaughlin","Joey","McLaughlin","R","R",1,0,0,0,1,NA,1,0,0,0,0
"mcleama01","Marty McLeary","Marty","McLeary","R","R",2,1,0,0,1,0,0.5,0,0,0.01,0.01
"mclemma01","Mark McLemore","Mark","McLemore","B","R",6915,6048,1513,21,802,0.25,0.337,14,51,17.76,15.52
"mclemma02","Mark McLemore","Mark","McLemore","L","L",8,7,3,0,1,0.429,0.5,0,0,0.04,0.04
"mclisca01","Cal McLish","Cal","McLish","B","R",681,624,121,2,55,0.194,0.258,0,2,-1.53,-1.68
"mclouna01","Nate McLouth","Nate","McLouth","L","R",3873,3360,887,98,435,0.264,0.357,59,19,14.27,18.45
"mcmahdo02","Don McMahon","Don","McMahon","R","R",166,149,37,0,17,0.248,0.325,0,0,-0.9,-0.81
"mcmahry01","Ryan McMahon","Ryan","McMahon","L","R",3896,3400,868,98,448,0.255,0.344,24,24,20.86,16.24
"mcmanji01","Jim McManus","Jim","McManus","L","L",17,15,5,1,2,0.333,0.412,0,0,0.01,0.01
"mcmanma01","Marty McManus","Marty","McManus","R","R",7395,6792,1488,120,573,0.219,0.283,30,0,11.12,6.37
"mcmilbi01","Billy McMillon","Billy","McMillon","L","L",808,716,176,16,76,0.246,0.319,6,10,1.34,1.4
"mcmilro01","Roy McMillan","Roy","McMillan","R","R",7560,6846,1629,53,618,0.238,0.305,57,39,27.53,19.71
"mcmulke01","Ken McMullen","Ken","McMullen","R","R",5896,5329,1348,153,512,0.253,0.318,17,38,32.41,29.74
"mcnaier01","Eric McNair","Eric","McNair","R","R",4668,4481,1076,92,163,0.24,0.271,24,0,-6.12,-5.39
"mcnalda01","Dave McNally","Dave","McNally","R","L",728,673,129,10,54,0.192,0.251,0,1,-0.13,0.09
"mcneeje01","Jeff McNeely","Jeff","McNeely","R","R",50,43,12,0,7,0.279,0.38,0,0,0.14,0.14
"mcneije01","Jeff McNeil","Jeff","McNeil","L","R",3629,3205,1034,57,294,0.323,0.395,106,24,25.99,24.01
"mcpheda01","Dallas McPherson","Dallas","McPherson","L","R",647,590,152,23,56,0.258,0.323,1,0,2.44,2.78
"mcpheky01","Kyle McPherson","Kyle","McPherson","R","R",49,43,12,1,6,0.279,0.367,0,0,0.29,0.28
"mcquemi01","Mike McQueen","Mike","McQueen","L","L",32,30,9,0,2,0.3,0.344,0,0,0.23,0.2
"mcquige01","George McQuillan","George","McQuillan","R","R",409,404,79,0,3,0.196,0.205,2,0,-5.69,-4.76
"mcquige02","George McQuinn","George","McQuinn","L","L",6406,5766,1462,158,633,0.254,0.328,7,0,13.26,15.7
"mcraeal01","Alex McRae","Alex","McRae","R","R",87,78,21,2,9,0.269,0.345,0,0,0.48,0.5
"mcraebr01","Brian McRae","Brian","McRae","B","R",5909,5360,1318,75,460,0.246,0.311,57,32,13.24,11.92
"mcraeha01","Hal McRae","Hal","McRae","R","R",8133,7259,2103,230,712,0.29,0.356,78,84,34.34,34.44
"mcreyke01","Kevin McReynolds","Kevin","McReynolds","R","R",6137,5516,1495,204,541,0.271,0.334,14,66,30.18,28.02
"mcveyca01","Cal McVey","Cal","McVey","R","R",4560,4388,1201,83,172,0.274,0.301,0,0,10.35,12.28
"mcwilla01","Larry McWilliams","Larry","McWilliams","L","L",277,255,53,3,21,0.208,0.267,0,1,0.57,0.3
"meachbo01","Bob Meacham","Bob","Meacham","B","R",1560,1373,343,11,152,0.25,0.33,20,15,4.88,3.06
"meadcu01","Curtis Mead","Curtis","Mead","R","R",157,137,38,1,13,0.277,0.363,6,1,0.99,0.62
"meadoau01","Austin Meadows","Austin","Meadows","L","L",1913,1677,479,64,203,0.286,0.367,21,12,9.64,8.87
"meadobr01","Brian Meadows","Brian","Meadows","R","R",50,43,12,1,7,0.279,0.38,0,0,0.27,0.36
"meadolo01","Louie Meadows","Louie","Meadows","L","L",111,100,23,5,10,0.23,0.297,0,1,0.09,0.17
"meadopa01","Parker Meadows","Parker","Meadows","L","R",354,307,81,7,39,0.264,0.353,5,3,3.55,3.52
"meadsda01","Dave Meads","Dave","Meads","L","L",5,4,1,0,1,0.25,0.4,0,0,0.01,0.02
"meansjo01","John Means","John","Means","L","L",39,34,10,1,5,0.294,0.385,0,0,0.15,0.19
"mearepa01","Pat Meares","Pat","Meares","R","R",2038,1898,471,19,74,0.248,0.288,42,24,2.47,2.33
"mearsni01","Nick Mears","Nick","Mears","R","R",28,24,7,1,4,0.292,0.393,0,0,0.47,0.44
"mechegi01","Gil Meche","Gil","Meche","R","R",32,29,7,1,3,0.241,0.312,0,0,0.04,0.05
"mecirji01","Jim Mecir","Jim","Mecir","B","R",17,13,3,0,4,0.231,0.412,0,0,0.08,0.07
"meddebr01","Brandon Medders","Brandon","Medders","R","R",81,71,18,1,10,0.254,0.346,0,0,1.41,1.42
"medicdo01","Doc Medich","Doc","Medich","R","R",59,53,11,1,6,0.208,0.288,0,0,-0.01,0.09
"medicto01","Tommy Medica","Tommy","Medica","R","R",435,387,108,17,43,0.279,0.356,4,1,2.75,2.47
"medinad01","Adonis Medina","Adonis","Medina","R","R",20,18,6,0,2,0.333,0.4,0,0,0.02,0.02
"medinlu01","Luis Medina","Luis","Medina","R","L",147,135,31,8,10,0.23,0.293,2,0,0.4,0.43
"medinyo01","Yoervis Medina","Yoervis","Medina","R","R",14,11,3,0,3,0.273,0.429,0,0,0.08,0.07
"medlekr01","Kris Medlen","Kris","Medlen","B","R",358,319,73,5,37,0.229,0.31,1,1,2.82,2.71
"medwijo01","Joe Medwick","Joe","Medwick","R","R",8217,7863,2330,242,328,0.296,0.327,26,0,42.62,41.47
"meekev01","Evan Meek","Evan","Meek","R","R",52,45,15,1,7,0.333,0.423,0,0,1.06,1.07
"meekssa01","Sammy Meeks","Sammy","Meeks","R","R",179,171,46,3,8,0.269,0.302,0,0,0.36,0.48
"megiltr01","Trevor Megill","Trevor","Megill","L","R",13,10,2,0,3,0.2,0.385,0,0,0.06,0.05
"megilty01","Tylor Megill","Tylor","Megill","R","R",94,87,23,1,7,0.264,0.319,0,0,0.63,0.67
"meierda01","Dave Meier","Dave","Meier","R","R",140,121,32,1,18,0.264,0.364,1,0,0.18,0.16
"meisiry01","Ryan Meisinger","Ryan","Meisinger","R","R",7,6,2,0,1,0.333,0.429,0,0,0.03,0.03
"mejiaad01","Adalberto Mejía","Adalberto","Mejia","R","L",25,22,6,0,3,0.273,0.36,0,0,0.05,0.04
"mejiaal01","Alex Mejia","Alex","Mejia","R","R",105,97,19,2,8,0.196,0.257,0,0,0.47,0.33
"mejiaer01","Erick Mejia","Erick","Mejia","B","R",97,83,22,1,13,0.265,0.361,0,1,0.21,0.3
"mejiafr01","Francisco Mejía","Francisco","Mejia","B","R",1337,1219,337,26,89,0.276,0.334,20,9,5.72,4.57
"mejiahu01","Humberto Mejía","Humberto","Mejia","R","R",68,62,16,1,6,0.258,0.324,0,0,0.26,0.22
"mejiaje01","Jenrry Mejia","Jenrry","Mejia","R","R",207,189,42,4,18,0.222,0.29,0,0,1.62,1.55
"mejiaje02","J C  Mejía","J. C.","Mejia","R","R",19,17,4,0,2,0.235,0.316,0,0,0.01,0.01
"mejiaro01","Roman Mejias","Roman","Mejias","R","R",1787,1683,420,52,76,0.25,0.287,16,12,0.48,-1.27
"mejiasa01","Sam Mejias","Sam","Mejias","R","R",389,358,96,7,28,0.268,0.321,1,2,2.67,2.74
"mejiase01","Seth Mejias Brean","Seth","Mejias-Brean","R","R",89,80,21,3,9,0.262,0.337,0,0,0.85,0.56
"melanma01","Mark Melancon","Mark","Melancon","R","R",155,132,38,1,23,0.288,0.394,0,0,1.51,1.31
"melenfr01","Francisco Melendez","Francisco","Melendez","L","L",24,22,5,0,2,0.227,0.292,0,0,0,0.01
"melenlu01","Luis Melendez","Luis","Melendez","R","R",1015,935,247,9,72,0.264,0.315,1,7,1.96,2.12
"melenmj01","MJ Melendez","MJ","Melendez","L","R",1675,1446,357,43,196,0.247,0.337,11,22,1.88,1.74
"melesa01","Sam Mele","Sam","Mele","R","R",3702,3450,868,85,237,0.252,0.301,9,6,-5.2,-0.8
"melhuad01","Adam Melhuse","Adam","Melhuse","B","R",1034,944,244,27,87,0.258,0.322,2,1,4.25,4.08
"mellake01","Keury Mella","Keury","Mella","R","R",2,1,0,0,1,0,0.5,0,0,0.01,0.01
"meloajo01","Jon Meloan","Jon","Meloan","R","R",4,3,1,0,1,0.333,0.5,0,0,0.02,0.02
"meltobi01","Bill Melton","Bill","Melton","R","R",4705,4139,1065,165,479,0.257,0.338,44,43,19.25,19.51
"meltocl01","Cliff Melton","Cliff","Melton","L","L",305,287,59,0,18,0.206,0.252,0,0,-1.45,-1.42
"melusmi01","Mitch Meluskey","Mitch","Meluskey","B","R",479,413,114,11,57,0.276,0.367,5,4,2.3,2.39
"melvibo01","Bob Melvin","Bob","Melvin","R","R",1939,1827,441,30,91,0.241,0.275,1,20,2.63,2.67
"melviti01","Tim Melville","Tim","Melville","R","R",92,83,21,2,9,0.253,0.326,0,0,0.46,0.41
"menchke01","Kevin Mench","Kevin","Mench","R","R",2705,2436,643,72,219,0.264,0.329,27,23,9.12,12.55
"mendead01","Adalberto Mendez","Adalberto","Mendez","R","R",49,44,13,1,5,0.295,0.367,0,0,0.28,0.3
"mendero01","Roman Mendez","Roman","Mendez","R","R",2,1,0,0,1,0,0.5,0,0,0.02,0.01
"mendeyo01","Yohander Méndez","Yohander","Mendez","L","L",27,24,6,1,3,0.25,0.333,0,0,0.06,0.07
"mendida01","Danny Mendick","Danny","Mendick","R","R",728,654,178,12,66,0.272,0.343,6,2,3.59,3.18
"mendolu01","Luis Mendoza","Luis","Mendoza","R","R",83,74,20,2,9,0.27,0.349,0,0,0.27,0.31
"mendomi02","Mike Mendoza","Mike","Mendoza","R","R",0,0,0,0,0,NA,NA,0,0,0,0
"mendora01","Ramiro Mendoza","Ramiro","Mendoza","R","R",1,0,0,0,1,NA,1,0,0,0,0
"menecfr01","Frank Menechino","Frank","Menechino","R","R",1674,1410,342,27,219,0.243,0.356,35,10,5.94,6.65
"menesjo01","Joey Meneses","Joey","Meneses","R","R",1194,1078,325,21,83,0.301,0.356,17,16,2.54,0.83
"menezco01","Conner Menez","Conner","Menez","L","L",52,47,13,1,5,0.277,0.346,0,0,0.27,0.31
"mengdda01","Daniel Mengden","Daniel","Mengden","R","R",48,43,12,1,5,0.279,0.354,0,0,0.04,0.04
"menkede01","Denis Menke","Denis","Menke","R","R",5880,5056,1345,99,717,0.266,0.358,44,63,27.25,26.52
"meoliru01","Rudy Meoli","Rudy","Meoli","L","R",452,405,100,4,42,0.247,0.314,0,5,1.25,0.67
"mercaor01","Orlando Mercado","Orlando","Mercado","R","R",284,258,60,3,22,0.233,0.296,2,2,-0.32,-0.2
"mercaos01","Oscar Mercado","Oscar","Mercado","R","R",994,899,236,20,79,0.263,0.326,9,7,5.6,4.23
"mercehe01","Henry Mercedes","Henry","Mercedes","R","R",133,115,28,0,14,0.243,0.331,2,2,0.35,0.3
"mercejo02","Jose Mercedes","Jose","Mercedes","R","R",5,4,1,0,1,0.25,0.4,0,0,0,0
"mercejo03","Jordy Mercer","Jordy","Mercer","R","R",3554,3184,880,70,326,0.276,0.347,27,17,14.75,15.43
"merceor01","Orlando Merced","Orlando","Merced","B","R",4852,4319,1161,78,491,0.269,0.343,12,30,12.97,16.38
"merceye01","Yermín Mercedes","Yermin","Mercedes","R","R",387,346,100,7,37,0.289,0.362,3,1,1.16,0.71
"merchan01","Andy Merchant","Andy","Merchant","L","R",4,3,1,0,1,0.333,0.5,0,0,0,0
"merckke01","Kent Mercker","Kent","Mercker","L","L",388,361,77,1,26,0.213,0.265,0,1,-1.33,-0.61
"meredcl01","Cla Meredith","Cla","Meredith","R","R",55,47,15,0,8,0.319,0.418,0,0,0.28,0.29
"meridro01","Ron Meridith","Ron","Meridith","L","L",5,4,1,0,1,0.25,0.4,0,0,0.01,0.01
"merlolo01","Lou Merloni","Lou","Merloni","R","R",1311,1186,311,12,97,0.262,0.323,15,13,3.19,3.01
"merrija01","Jackson Merrill","Jackson","Merrill","L","R",590,543,174,16,41,0.32,0.366,1,5,5.43,5.62
"merriji01","Jim Merritt","Jim","Merritt","L","L",159,151,29,3,8,0.192,0.233,0,0,0.12,0.29
"merrill01","Lloyd Merriman","Lloyd","Merriman","L","L",866,776,173,5,83,0.223,0.299,3,4,0.44,0.3
"merriwh01","Whit Merrifield","Whit","Merrifield","R","R",5356,4833,1406,89,430,0.291,0.349,34,59,25.57,27.87
"merryju01","Julian Merryweather","Julian","Merryweather","R","R",4,3,1,0,1,0.333,0.5,0,0,0.01,0.01
"merulle01","Lennie Merullo","Lennie","Merullo","R","R",1064,1014,248,4,43,0.245,0.28,7,0,0.62,0.61
"mesajo01","Jose Mesa","Jose","Mesa","R","R",71,62,19,1,9,0.306,0.394,0,0,0.47,0.54
"mesame01","Melky Mesa","Melky","Mesa","R","R",89,80,25,2,9,0.312,0.382,0,0,0.46,0.61
"mesorde01","Devin Mesoraco","Devin","Mesoraco","R","R",1870,1639,430,59,197,0.262,0.348,23,11,10.28,8.66
"messean01","Andy Messersmith","Andy","Messersmith","R","R",660,605,128,9,50,0.212,0.271,1,4,3.18,2.89
"messera01","Randy Messenger","Randy","Messenger","R","R",80,70,19,2,10,0.271,0.362,0,0,1.42,1.41
"metcatr01","Travis Metcalf","Travis","Metcalf","R","R",329,298,78,13,27,0.262,0.322,1,3,1.22,0.81
"metkoca01","George Metkovich","George","Metkovich","L","L",2134,2001,491,23,125,0.245,0.292,8,0,0.54,-1.22
"metzgbu01","Butch Metzger","Butch","Metzger","R","R",19,16,4,0,3,0.25,0.368,0,0,0.09,0.08
"metzgro01","Roger Metzger","Roger","Metzger","B","R",4613,4195,1055,21,388,0.251,0.315,8,22,8.29,5.54
"metzlal01","Alex Metzler","Alex","Metzler","L","R",1807,1589,384,4,200,0.242,0.333,18,0,5.57,3.93
"meusebo01","Bob Meusel","Bob","Meusel","R","R",5419,5190,1355,178,209,0.261,0.292,20,0,10.97,12.43
"meuseir01","Irish Meusel","Irish","Meusel","R","R",3528,3383,923,84,131,0.273,0.303,14,0,-0.46,3.42
"meyeral01","Alex Meyer","Alex","Meyer","R","R",2,1,0,0,1,0,0.5,0,0,0.01,0.01
"meyerbe02","Ben Meyer","Ben","Meyer","L","R",20,18,6,0,2,0.333,0.4,0,0,0.03,0.04
"meyerda01","Dan Meyer","Dan","Meyer","L","R",4048,3723,979,88,280,0.263,0.313,10,35,2.77,4.37
"meyerda02","Dan Meyer","Dan","Meyer","R","L",32,27,8,1,5,0.296,0.406,0,0,0.86,0.85
"meyerdu01","Dutch Meyer","Dutch","Meyer","R","R",1155,1094,269,17,59,0.246,0.286,2,0,0.98,0.85
"meyerge01","George Meyer","George","Meyer","R","R",135,120,33,0,14,0.275,0.356,1,0,0.26,0.42
"meyerja02","Jake Meyers","Jake","Meyers","R","L",1291,1152,301,23,102,0.261,0.334,28,9,7.19,7.29
"meyerru01","Russ Meyer","Russ","Meyer","B","R",237,232,45,1,4,0.194,0.211,1,0,-2.23,-1.91
"micelda01","Dan Miceli","Dan","Miceli","R","R",39,34,11,0,5,0.324,0.41,0,0,0.08,0.08
"michaca01","Cass Michaels","Cass","Michaels","R","R",4119,3675,924,46,427,0.251,0.332,17,0,11.11,12.1
"michach01","Chris Michalak","Chris","Michalak","L","L",66,58,17,1,8,0.293,0.379,0,0,0.41,0.35
"michage01","Gene Michael","Gene","Michael","B","R",2869,2619,630,12,228,0.241,0.301,5,17,1.98,1.76
"michaja01","Jason Michaels","Jason","Michaels","R","R",2824,2489,681,58,290,0.274,0.352,22,23,12.54,15.52
"mickoka01","Kam Mickolio","Kam","Mickolio","R","R",16,13,4,0,3,0.308,0.438,0,0,0.04,0.04
"middlja01","Jason Middlebrook","Jason","Middlebrook","R","R",19,17,4,0,2,0.235,0.316,0,0,0,0.01
"middlke01","Keynan Middleton","Keynan","Middleton","R","R",8,6,1,0,2,0.167,0.375,0,0,0.04,0.03
"middlwi01","Will Middlebrooks","Will","Middlebrooks","R","R",1450,1316,341,47,115,0.259,0.321,9,10,5.35,6.17
"mientdo01","Doug Mientkiewicz","Doug","Mientkiewicz","L","R",3430,2955,808,53,405,0.273,0.364,37,33,16.51,14.1
"mihaljo01","John Mihalic","John","Mihalic","R","R",191,167,38,0,24,0.228,0.325,0,0,0.38,0.28
"mijarjo01","Jose Mijares","Jose","Mijares","L","L",35,28,8,0,7,0.286,0.429,0,0,0.19,0.18
"mikolmi01","Miles Mikolas","Miles","Mikolas","R","R",400,366,84,7,33,0.23,0.292,0,1,2,1.91
"miksied01","Eddie Miksis","Eddie","Miksis","R","R",3344,3163,706,43,174,0.223,0.265,5,2,-7.36,-8.23
"milbola01","Larry Milbourne","Larry","Milbourne","B","R",2457,2261,600,23,165,0.265,0.315,9,22,5.8,4.27
"milesaa01","Aaron Miles","Aaron","Miles","B","R",3111,2853,791,31,222,0.277,0.33,13,23,7.42,8.02
"milesca01","Carl Miles","Carl","Miles","B","L",2,1,0,0,1,0,0.5,0,0,0.01,0.01
"mileywa01","Wade Miley","Wade","Miley","L","L",841,768,183,12,73,0.238,0.304,0,0,3.93,3.82
"milladr01","Drew Millas","Drew","Millas","B","R",67,59,18,2,8,0.305,0.388,0,0,1.08,0.95
"millafe01","Felix Millan","Felix","Millan","R","R",6244,5811,1667,35,338,0.287,0.331,63,32,19.56,16.09
"millake01","Kevin Millar","Kevin","Millar","R","R",5311,4606,1263,134,576,0.274,0.361,78,51,18.48,14.14
"millean01","Andrew Miller","Andrew","Miller","L","L",359,322,76,5,37,0.236,0.315,0,0,1.03,1
"millebi02","Bing Miller","Bing","Miller","R","R",5956,5641,1456,100,242,0.258,0.297,73,0,9.96,4.54
"millebo02","Bob Miller","Bob","Miller","R","R",77,74,15,0,3,0.203,0.234,0,0,-0.63,-0.37
"millebo04","Bob Miller","Bob","Miller","R","R",426,393,84,0,31,0.214,0.272,1,1,-3.51,-3.42
"millebr02","Brad Miller","Brad","Miller","L","R",3812,3334,900,115,440,0.27,0.355,15,23,15.25,17.9
"millebr03","Brian Miller","Brian","Miller","L","R",73,67,19,1,6,0.284,0.342,0,0,0.17,0.22
"milleco01","Corky Miller","Corky","Miller","R","R",1124,994,233,20,107,0.234,0.317,16,7,2.73,4.13
"milleda01","Darrell Miller","Darrell","Miller","R","R",393,353,94,7,28,0.266,0.331,8,4,1.47,1.28
"milleda02","Damian Miller","Damian","Miller","R","R",3461,3108,802,61,306,0.258,0.328,26,21,11.4,14.94
"milledy01","Dyar Miller","Dyar","Miller","R","R",5,3,1,0,2,0.333,0.6,0,0,0.06,0.05
"milleed03","Eddie Miller","Eddie","Miller","R","R",5931,5609,1226,135,278,0.219,0.261,44,0,12.96,14.12
"milleed04","Eddie Miller","Eddie","Miller","B","R",385,345,91,4,31,0.264,0.34,9,0,1.42,1.11
"milleha01","Hack Miller","Hack","Miller","R","R",998,955,260,31,37,0.272,0.304,6,0,1.65,2.78
"milleia01","Ian Miller","Ian","Miller","L","R",73,67,18,1,6,0.269,0.329,0,0,0.39,0.3
"milleja04","Jai Miller","Jai","Miller","R","R",171,154,41,4,16,0.266,0.339,1,0,0.55,0.81
"milleji02","Jim Miller","Jim","Miller","R","R",6,4,1,0,2,0.25,0.5,0,0,0.04,0.03
"milleju01","Justin Miller","Justin","Miller","R","R",88,77,22,2,11,0.286,0.375,0,0,1.26,1.22
"milleju02","Justin Miller","Justin","Miller","R","R",104,91,24,3,13,0.264,0.356,0,0,1.84,1.89
"milleke01","Keith Miller","Keith","Miller","R","R",1509,1373,370,11,106,0.269,0.331,24,6,3.74,2.6
"millela01","Larry Miller","Larry","Miller","L","L",44,42,12,0,2,0.286,0.318,0,0,0.13,0.19
"millela02","Lastings Milledge","Lastings","Milledge","R","R",1755,1571,434,38,140,0.276,0.346,33,11,5.24,4.45
"millele01","Lemmie Miller","Lemmie","Miller","R","R",13,11,4,0,2,0.364,0.462,0,0,0,0
"millema02","Matt Miller","Matt","Miller","R","R",3,2,1,0,1,0.5,0.667,0,0,0.01,0.01
"millemi01","Mike Miller","Mike","Miller","R","R",16,14,5,0,2,0.357,0.438,0,0,0,0
"milleno01","Norm Miller","Norm","Miller","L","R",1450,1276,337,30,150,0.264,0.346,15,9,2.14,2.81
"milleow01","Owen Miller","Owen","Miller","R","R",1166,1039,280,10,81,0.269,0.326,19,27,1.7,0.81
"millera05","Randy Miller","Randy","Miller","R","R",2,1,0,0,1,0,0.5,0,0,0.01,0.01
"milleri01","Rick Miller","Rick","Miller","L","L",4593,4054,1089,55,500,0.269,0.349,16,23,20.74,19.38
"millesh01","Shelby Miller","Shelby","Miller","R","R",646,579,134,11,64,0.231,0.31,2,1,3.6,3.32
"millest01","Stu Miller","Stu","Miller","R","R",341,306,65,0,34,0.212,0.293,1,0,-1.2,-1.39
"milletr01","Travis Miller","Travis","Miller","R","L",2,1,0,0,1,0,0.5,0,0,0.01,0.01
"milletr02","Trever Miller","Trever","Miller","R","L",60,51,13,0,9,0.255,0.367,0,0,0.42,0.41
"millewa04","Wade Miller","Wade","Miller","R","R",209,196,45,1,13,0.23,0.278,0,0,0.5,0.62
"millira01","Randy Milligan","Randy","Milligan","R","R",2645,2188,585,67,428,0.267,0.388,13,16,13.51,14.89
"millira02","Ralph Milliard","Ralph","Milliard","R","R",61,53,10,0,6,0.189,0.295,2,0,0.33,0.28
"millsal02","Alec Mills","Alec","Mills","R","R",126,115,29,2,11,0.252,0.317,0,0,0.59,0.48
"millsbr01","Brad Mills","Brad","Mills","L","R",62,55,17,1,6,0.309,0.371,0,1,0.18,0.18
"millsbr02","Brad Mills","Brad","Mills","R","L",11,9,2,0,2,0.222,0.364,0,0,0.01,0.01
"millswy01","Wyatt Mills","Wyatt","Mills","R","R",3,2,1,0,1,0.5,0.667,0,0,0.02,0.02
"millwke01","Kevin Millwood","Kevin","Millwood","R","R",641,590,137,10,51,0.232,0.293,0,0,1.37,1.31
"milnaal01","Al Milnar","Al","Milnar","L","L",135,129,28,1,6,0.217,0.252,0,0,-0.13,-1.65
"milnebr01","Brian Milner","Brian","Milner","R","R",10,9,3,0,1,0.333,0.4,0,0,0,0.01
"milneed01","Eddie Milner","Eddie","Milner","L","L",2707,2392,615,45,300,0.257,0.34,6,9,15.1,13.62
"milneho01","Hoby Milner","Hoby","Milner","L","L",76,66,19,2,10,0.288,0.382,0,0,1.06,0.98
"milnejo01","John Milner","John","Milner","L","L",4073,3509,919,151,526,0.262,0.357,10,28,16.94,17.2
"milonto01","Tommy Milone","Tommy","Milone","L","L",360,321,88,9,39,0.274,0.353,0,0,1.51,1.59
"miltoer01","Eric Milton","Eric","Milton","L","L",467,425,98,7,40,0.231,0.296,0,2,1.9,1.83
"minayju01","Juan Minaya","Juan","Minaya","R","R",0,0,0,0,0,NA,NA,0,0,0,0
"minchdo01","Don Mincher","Don","Mincher","L","R",4846,4177,1031,186,606,0.247,0.343,27,36,18.78,20.66
"minerza01","Zach Miner","Zach","Miner","R","R",108,96,26,2,12,0.271,0.352,0,0,0.64,0.63
"minnepa01","Paul Minner","Paul","Minner","L","L",631,587,131,7,41,0.223,0.273,0,3,2.34,1.93
"minorda01","Damon Minor","Damon","Minor","L","L",469,404,96,15,57,0.238,0.339,6,2,0.59,1.27
"minormi01","Mike Minor","Mike","Minor","R","L",450,411,96,8,39,0.234,0.3,0,0,2.32,2.3
"minosmi01","Minnie Minoso","Minnie","Miñoso","R","R",7204,6286,1881,159,686,0.299,0.381,178,54,47.4,46.71
"minteaj01","A J  Minter","A. J.","Minter","L","L",61,53,16,1,8,0.302,0.393,0,0,0.86,0.72
"mintogr01","Greg Minton","Greg","Minton","B","R",116,97,24,1,17,0.247,0.362,1,1,0.54,0.55
"mirabdo01","Doug Mirabelli","Doug","Mirabelli","R","R",1997,1768,414,56,200,0.234,0.318,21,8,8.13,8.47
"miranar01","Aríel Miranda","Ariel","Miranda","L","L",49,44,11,1,5,0.25,0.327,0,0,0.17,0.14
"miranjo01","Jose Miranda","Jose","Miranda","R","R",1121,1012,289,22,75,0.286,0.35,28,6,3.46,2.28
"miranju01","Juan Miranda","Juan","Miranda","L","L",484,421,113,14,58,0.268,0.362,4,1,2.08,2.29
"miranwi01","Willy Miranda","Willy","Miranda","B","R",1262,1162,272,3,91,0.234,0.288,1,8,-1.47,-0.49
"mischpa01","Pat Misch","Pat","Misch","R","L",237,212,51,4,25,0.241,0.321,0,0,1.26,1.19
"misiean01","Anthony Misiewicz","Anthony","Misiewicz","R","L",4,3,1,0,1,0.333,0.5,0,0,0.02,0.02
"mitchbo02","Bobby Mitchell","Bobby","Mitchell","R","R",743,669,166,25,67,0.248,0.316,2,5,1.07,1.02
"mitchbo03","Bobby Mitchell","Bobby","Mitchell","L","L",686,594,148,6,88,0.249,0.348,3,1,1.93,1.41
"mitchbr01","Bryan Mitchell","Bryan","Mitchell","L","R",102,92,23,1,10,0.25,0.324,0,0,0.33,0.32
"mitchcl01","Clarence Mitchell","Clarence","Mitchell","L","L",898,866,167,5,28,0.193,0.222,4,0,-11.19,-10.06
"mitchda01","Dale Mitchell","Dale","Mitchell","L","L",4244,3977,1260,31,262,0.317,0.36,5,0,18.66,18.62
"mitchdj01","D J  Mitchell","D. J.","Mitchell","R","R",1,0,0,0,1,NA,1,0,0,0.01,0.01
"mitchga01","Garrett Mitchell","Garrett","Mitchell","L","R",253,219,65,6,31,0.297,0.383,1,2,4.52,4.01
"mitchjo02","John Mitchell","John","Mitchell","R","R",2,1,0,0,1,0,0.5,0,0,0,0
"mitchke01","Kevin Mitchell","Kevin","Mitchell","R","R",4806,4224,1224,217,513,0.29,0.367,27,42,30.39,30.45
"mitchru01","Russ Mitchell","Russ","Mitchell","R","R",188,168,42,6,19,0.25,0.324,0,1,0.48,0.39
"mitrese01","Sergio Mitre","Sergio","Mitre","R","R",308,281,68,5,27,0.242,0.308,0,0,1.52,1.38
"mittege01","George Mitterwald","George","Mitterwald","R","R",2878,2622,610,71,224,0.233,0.293,10,22,7.8,7.97
"mizeca01","Casey Mize","Casey","Mize","R","R",43,37,9,1,6,0.243,0.349,0,0,0.09,0.07
"mizejo01","Johnny Mize","Johnny","Mize","L","R",7462,6638,1950,341,774,0.294,0.372,50,0,66.47,61.33
"mlickda01","Dave Mlicki","Dave","Mlicki","R","R",25,21,5,0,4,0.238,0.36,0,0,0.24,0.22
"moateda01","Dave Moates","Dave","Moates","L","L",354,320,89,5,30,0.278,0.336,0,4,0.91,0.78
"mockga01","Garrett Mock","Garrett","Mock","B","R",143,130,28,3,12,0.215,0.287,1,0,0.78,0.74
"moehlbr01","Brian Moehler","Brian","Moehler","R","R",585,532,109,7,50,0.205,0.277,3,0,1.49,1.45
"moffira01","Randy Moffitt","Randy","Moffitt","R","R",86,75,21,0,11,0.28,0.372,0,0,0.76,0.59
"mohrdu01","Dustan Mohr","Dustan","Mohr","R","R",1653,1472,371,40,160,0.252,0.328,12,9,3.66,5.63
"molinbe01","Bengie Molina","Bengie","Molina","R","R",5037,4638,1258,115,287,0.271,0.316,49,63,16.15,15.27
"molinbo01","Bob Molinaro","Bob","Molinaro","L","R",931,830,232,19,81,0.28,0.348,11,9,3.2,3.08
"molinga01","Gabe Molina","Gabe","Molina","R","R",5,4,1,0,1,0.25,0.4,0,0,0.01,0.01
"molingu01","Gustavo Molina","Gustavo","Molina","R","R",81,74,14,1,6,0.189,0.247,0,1,0.13,0.1
"molinjo01","José Molina","Jose","Molina","R","R",3241,2951,756,50,249,0.256,0.318,26,15,12.65,23.42
"molinya01","Yadier Molina","Yadier","Molina","R","R",8863,7989,2329,185,720,0.292,0.353,78,76,53.43,62.89
"molitpa01","Paul Molitor","Paul","Molitor","R","R",11856,10607,3262,231,1104,0.308,0.372,46,99,76.63,68.39
"monacbl01","Blas Monaco","Blas","Monaco","B","R",6,4,1,0,1,0.25,0.5,1,0,0.01,0.01
"monasan01","Andruw Monasterio","Andruw","Monasterio","R","R",430,375,105,2,44,0.28,0.363,7,4,2.09,1.08
"monasca01","Carlos Monasterios","Carlos","Monasterios","R","R",57,52,13,1,5,0.25,0.316,0,0,0.43,0.44
"moncayo01","Yoán Moncada","Yoan","Moncada","B","R",3770,3317,921,76,413,0.278,0.361,27,13,20.19,22.84
"moncrca01","Carlos Moncrief","Carlos","Moncrief","L","R",99,88,23,1,9,0.261,0.323,0,2,0.24,0.38
"mondari01","Rick Monday","Rick","Monday","L","L",7318,6322,1698,238,940,0.269,0.364,24,32,35.39,33.87
"mondera01","Raul Mondesí","Raul","Mondesi","R","R",6388,5890,1608,210,421,0.273,0.324,41,36,30.34,27.02
"mondera02","Adalberto Mondesí","Adalberto","Mondesi","B","R",1969,1810,489,47,147,0.27,0.326,5,7,9.99,12.61
"mondona01","Nate Mondou","Nate","Mondou","L","R",10,8,2,0,2,0.25,0.4,0,0,0,0.01
"moneljo01","Johnny Monell","Johnny","Monell","L","R",170,152,40,3,17,0.263,0.341,1,0,0.72,0.46
"moneydo01","Don Money","Don","Money","R","R",7078,6351,1683,198,634,0.265,0.333,40,53,38.34,33.12
"mongesi01","Sid Monge","Sid","Monge","B","L",19,17,5,0,2,0.294,0.368,0,0,0.04,0.04
"moniami01","Mickey Moniak","Mickey","Moniak","L","R",984,908,241,26,63,0.265,0.321,12,1,2.61,3.16
"monrocr01","Craig Monroe","Craig","Monroe","R","R",3035,2762,716,104,231,0.259,0.316,12,30,8.83,7.95
"montafr02","Frankie Montas",NA,NA,NA,NA,1,0,0,0,1,NA,1,0,0,0.01,0.01
"montajo01","John Montague","John","Montague","R","R",1,0,0,0,1,NA,1,0,0,0,0
"montalu01","Luis Montanez","Luis","Montanez","R","R",532,488,115,10,39,0.236,0.295,3,2,0.38,0.37
"montawi01","Willie Montanez","Willie","Montanez","L","L",6434,5820,1608,158,525,0.276,0.335,24,65,9.5,13.6
"monteag01","Agustin Montero","Agustin","Montero","R","R",1,0,0,0,1,NA,1,0,0,0.01,0.01
"monteje01","Jesus Montero","Jesus","Montero","R","R",1112,1011,283,35,90,0.28,0.338,3,8,3.47,1.44
"montejo01","John Montefusco","John","Montefusco","R","R",458,414,88,7,40,0.213,0.286,3,1,0.35,0.34
"montemi01","Miguel Montero","Miguel","Montero","L","R",4632,3992,1083,119,549,0.271,0.364,54,37,24.37,33.12
"montera01","Rafael Montero","Rafael","Montero","R","R",216,196,47,4,20,0.24,0.31,0,0,1.25,1.17
"montere01","Rene Monteagudo","Rene","Monteagudo","L","L",6,5,1,0,1,0.2,0.333,0,0,0.01,0.01
"montgbo01","Bob Montgomery","Bob","Montgomery","R","R",1011,933,253,23,63,0.271,0.316,3,12,3.5,3.41
"montgjo01","Jordan Montgomery","Jordan","Montgomery","L","L",44,37,10,1,7,0.27,0.386,0,0,0.16,0.21
"montgmi01","Mike Montgomery","Mike","Montgomery","L","L",327,300,77,6,27,0.257,0.318,0,0,2.17,2
"montzlu01","Luke Montz","Luke","Montz","R","R",161,141,35,5,19,0.248,0.335,0,1,0.53,0.45
"monzara01","Ramon Monzant","Ramon","Monzant","R","R",2,1,0,0,1,0,0.5,0,0,0,0
"monzoda01","Dan Monzon","Dan","Monzon","R","R",168,146,38,1,20,0.26,0.351,1,1,0.87,0.85
"moockjo01","Joe Moock","Joe","Moock","L","R",58,55,13,0,3,0.236,0.276,0,0,0.12,0.03
"moonwa01","Wally Moon","Wally","Moon","L","R",5717,5030,1421,124,639,0.283,0.363,13,35,26.28,23.47
"mooread01","Adam Moore","Adam","Moore","R","R",715,646,171,18,64,0.265,0.333,3,2,2.37,-0.16
"mooreba02","Balor Moore","Balor","Moore","L","L",2,1,0,0,1,0,0.5,0,0,0,0
"moorebi03","Bill Moore","Bill","Moore","R","L",12,11,4,0,1,0.364,0.417,0,0,0,0
"moorech02","Charlie Moore","Charlie","Moore","R","R",4467,4046,1089,59,389,0.269,0.333,11,21,14.69,12.52
"moorede01","Dee Moore","Dee","Moore","R","R",8,7,3,0,1,0.429,0.5,0,0,0.02,0.02
"mooredo01","Donnie Moore","Donnie","Moore","L","R",59,50,13,0,9,0.26,0.373,0,0,0.2,0.21
"mooredy01","Dylan Moore","Dylan","Moore","R","R",1951,1634,426,47,240,0.261,0.377,69,8,11.97,12.05
"mooreed01","Eddie Moore","Eddie","Moore","R","R",1290,1177,248,6,109,0.211,0.28,4,0,1.76,2.38
"moorege03","Gene Moore","Gene","Moore","L","L",2751,2533,660,71,207,0.261,0.319,11,0,12.76,11.03
"mooreje02","Jeremy Moore","Jeremy","Moore","L","R",50,46,13,1,4,0.283,0.34,0,0,0.31,0.26
"moorejo01","Johnny Moore","Johnny","Moore","L","R",2993,2832,748,75,148,0.264,0.304,13,0,7.01,5.32
"moorejo02","Jo Jo Moore","Jo-Jo","Moore","L","R",4767,4480,1253,60,253,0.28,0.323,34,0,13,13.07
"mooreju01","Junior Moore","Junior","Moore","R","R",487,438,114,6,46,0.26,0.333,2,1,0.49,0.52
"mooreke01","Kelvin Moore","Kelvin","Moore","R","L",65,58,17,2,7,0.293,0.369,0,0,0.19,0.25
"moorema02","Matt Moore","Matt","Moore","L","L",289,262,58,5,27,0.221,0.294,0,0,1,0.99
"mooremi01","Mike Moore","Mike","Moore","R","R",0,0,0,0,0,NA,NA,0,0,0,0
"moorera01","Randy Moore","Randy","Moore","L","R",995,919,258,22,74,0.281,0.336,2,0,2.22,3.07
"moorera02","Ray Moore","Ray","Moore","R","R",288,281,64,8,5,0.228,0.243,1,1,0.98,0.97
"mooresc02","Scott Moore","Scott","Moore","L","R",693,618,163,21,61,0.264,0.335,8,6,1.88,1.65
"moorete01","Terry Moore","Terry","Moore","R","R",5091,4728,1185,94,347,0.251,0.304,16,0,15.78,12.78
"mooreto01","Tommy Moore","Tommy","Moore","R","R",3,2,1,0,1,0.5,0.667,0,0,0,0
"mooretr01","Trey Moore","Trey","Moore","L","L",42,39,10,0,3,0.256,0.31,0,0,0.09,0.09
"moorety01","Tyler Moore","Tyler","Moore","R","R",1108,1003,264,37,93,0.263,0.328,6,6,4.05,2.24
"moosebo01","Bob Moose","Bob","Moose","R","R",514,467,95,4,45,0.203,0.274,1,1,0.04,0.13
"moraan01","Andres Mora","Andres","Mora","R","R",742,690,170,30,44,0.246,0.291,2,6,1.75,1.31
"moralfr01","Franklin Morales","Franklin","Morales","L","L",317,284,76,6,33,0.268,0.344,0,0,2.33,2.3
"moralje01","Jerry Morales","Jerry","Morales","R","R",4929,4449,1187,106,410,0.267,0.327,14,56,7.5,5.96
"moraljo01","Jose Morales","Jose","Morales","R","R",1387,1256,362,32,110,0.288,0.345,6,15,4.63,4.57
"moraljo02","Jose Morales","Jose","Morales","B","R",444,385,110,6,54,0.286,0.369,0,5,1.99,1.5
"moralke01","Kendrys Morales","Kendrys","Morales","B","R",5584,4966,1403,204,534,0.283,0.355,48,36,24.92,18.97
"moralwi01","Willie Morales","Willie","Morales","R","R",29,27,7,0,2,0.259,0.31,0,0,0.12,0.15
"morame01","Melvin Mora","Melvin","Mora","R","R",5984,5267,1452,130,552,0.276,0.354,116,49,33.56,31.95
"moranbi02","Billy Moran","Billy","Moran","R","R",1742,1638,434,12,80,0.265,0.3,9,15,2.68,2.12
"moranbr01","Brian Moran","Brian","Moran","L","L",8,7,3,0,1,0.429,0.5,0,0,0.03,0.03
"moranco01","Colin Moran","Colin","Moran","L","R",2136,1891,535,53,212,0.283,0.355,12,21,7.1,6.73
"moranjo01","Jovani Moran","Jovani","Moran","L","L",8,7,3,0,1,0.429,0.5,0,0,0.01,0.01
"moranmi01","Mickey Morandini","Mickey","Morandini","L","R",4715,4269,1078,12,372,0.253,0.319,52,22,7.36,5.69
"mordemi01","Mike Mordecai","Mike","Mordecai","R","R",968,899,201,10,62,0.224,0.274,2,5,-5.48,-4.8
"morejad01","Adrián Morejón","Adrian","Morejon","L","L",19,17,4,0,2,0.235,0.316,0,0,0.02,0.02
"morelbr01","Brent Morel","Brent","Morel","R","R",993,903,227,18,85,0.251,0.317,3,2,4.06,3.17
"morelch01","Christopher Morel","Christopher","Morel","R","R",1595,1398,364,60,164,0.26,0.344,20,13,4.56,5.14
"morelke01","Keith Moreland","Keith","Moreland","R","R",4645,4160,1163,97,409,0.28,0.341,11,65,7.96,9.05
"morelmi01","Mitch Moreland","Mitch","Moreland","L","L",4939,4363,1173,174,502,0.269,0.346,35,39,22.5,18.89
"morened01","Edwin Moreno","Edwin","Moreno","R","R",7,6,2,0,1,0.333,0.429,0,0,0.04,0.04
"morenga01","Gabriel Moreno","Gabriel","Moreno","R","R",840,727,216,10,88,0.297,0.371,8,17,9.05,6.06
"morenjo01","Jose Moreno","Jose","Moreno","B","R",107,96,24,2,10,0.25,0.318,0,1,0.6,0.63
"morenju02","Juan Moreno","Juan","Moreno","L","L",3,2,1,0,1,0.5,0.667,0,0,0.01,0.01
"morenom01","Omar Moreno","Omar","Moreno","L","L",5624,5124,1329,64,450,0.259,0.319,17,33,15.79,14.61
"morenor01","Orber Moreno","Orber","Moreno","R","R",11,10,3,0,1,0.3,0.364,0,0,0.01,0.02
"moretda01","Dauri Moreta","Dauri","Moreta","R","R",4,3,1,0,1,0.333,0.5,0,0,0.02,0.02
"morgaad01","Adam Morgan","Adam","Morgan","L","L",247,223,51,3,24,0.229,0.304,0,0,1.7,1.47
"morgabo01","Bobby Morgan","Bobby","Morgan","R","R",2713,2357,537,52,338,0.228,0.325,8,10,10.69,10.86
"morgaed01","Ed Morgan","Ed","Morgan","R","R",2710,2419,657,57,283,0.272,0.35,8,0,7.43,6.79
"morgael01","Eli Morgan","Eli","Morgan","R","R",31,28,7,1,3,0.25,0.323,0,0,0.05,0.05
"morgajo02","Joe Morgan","Joe","Morgan","L","R",11522,9444,2646,308,1942,0.28,0.402,40,96,100.31,95.89
"morgami01","Mike Morgan","Mike","Morgan","R","R",202,192,42,0,9,0.219,0.257,1,0,-1.21,-0.99
"morgany01","Nyjer Morgan","Nyjer","Morgan","L","L",2336,2081,597,29,199,0.287,0.359,43,13,12.28,15.42
"morgato01","Tom Morgan","Tom","Morgan","R","R",256,245,53,3,11,0.216,0.25,0,0,-1.89,-1.47
"moriaed01","Ed Moriarty","Ed","Moriarty","R","R",37,36,11,1,1,0.306,0.324,0,0,0.25,0.31
"morilju01","Juan Morillo","Juan","Morillo","R","R",10,9,2,0,1,0.222,0.3,0,0,0,0
"morimsh01","Shawn Morimando","Shawn","Morimando","L","L",45,41,11,1,4,0.268,0.333,0,0,0.15,0.17
"morinmi01","Mike Morin","Mike","Morin","R","R",20,14,4,0,6,0.286,0.5,0,0,0.1,0.09
"morlajo01","John Morlan","John","Morlan","R","R",11,10,2,0,1,0.2,0.273,0,0,0.01,0.01
"mormaru01","Russ Morman","Russ","Morman","R","R",379,341,87,4,32,0.255,0.319,2,4,-0.77,-0.1
"morneju01","Justin Morneau","Justin","Morneau","L","R",6371,5597,1614,235,654,0.288,0.363,46,74,36.32,32.17
"morofma01","Max Moroff","Max","Moroff","B","R",431,378,90,11,49,0.238,0.329,3,1,1.7,1.82
"moronre01","Reyes Moronta","Reyes","Moronta","R","R",49,42,13,1,7,0.31,0.408,0,0,0.84,0.91
"morriaj01","A J  Morris","A. J.","Morris","R","R",19,17,4,0,2,0.235,0.316,0,0,0.03,0.03
"morriak01","Akeel Morris","Akeel","Morris","R","R",9,7,3,0,2,0.429,0.556,0,0,0.05,0.03
"morribr01","Bryan Morris","Bryan","Morris","L","R",111,99,30,3,12,0.303,0.378,0,0,1.05,0.96
"morriha02","Hal Morris","Hal","Morris","L","L",4637,4235,1257,59,341,0.297,0.349,22,39,10.08,12.1
"morrija02","Jack Morris","Jack","Morris","R","R",0,0,0,0,0,NA,NA,0,0,0,0
"morriji01","Jim Morrison","Jim","Morrison","R","R",3784,3459,928,120,261,0.268,0.321,25,39,15.46,14.81
"morrijo07","John Morris","John","Morris","L","L",311,288,76,3,21,0.264,0.315,1,1,1,1
"morrilo01","Logan Morrison","Logan","Morrison","L","L",3923,3396,913,137,473,0.269,0.363,37,17,14.94,15.05
"morrima01","Matt Morris","Matt","Morris","R","R",1032,960,207,8,71,0.216,0.269,0,1,3.5,2.95
"morriwa02","Warren Morris","Warren","Morris","L","R",1696,1540,400,16,137,0.26,0.321,7,12,1.12,1.09
"morrobr01","Brandon Morrow","Brandon","Morrow","R","R",235,207,53,6,28,0.256,0.345,0,0,1.03,1.07
"morsemi01","Mike Morse","Mike","Morse","R","R",3152,2820,818,115,267,0.29,0.359,47,18,13.96,11.03
"mortecl01","Clayton Mortensen","Clayton","Mortensen","R","R",86,75,21,1,10,0.28,0.36,0,1,0.24,0.23
"mortobu01","Bubba Morton","Bubba","Morton","R","R",763,675,189,8,76,0.28,0.359,9,3,1.89,2.07
"mortoca01","Carl Morton","Carl","Morton","R","R",683,631,127,12,45,0.201,0.255,2,5,1.52,1.23
"mortoch02","Charlie Morton","Charlie","Morton","R","R",972,896,193,14,74,0.215,0.275,0,2,2.92,2.83
"morynwa01","Walt Moryn","Walt","Moryn","L","R",3059,2750,721,95,272,0.262,0.331,19,18,10.47,10.2
"moscogu01","Guillermo Moscoso","Guillermo","Moscoso","R","R",116,105,28,3,11,0.267,0.336,0,0,0.71,0.73
"moscojo01","Jon Moscot","Jon","Moscot","R","R",95,84,22,2,10,0.262,0.347,1,0,0.33,0.31
"mosebll01","Lloyd Moseby","Lloyd","Moseby","L","R",6310,5573,1475,160,640,0.265,0.344,54,43,31.07,28.84
"moseldu01","Dustin Moseley","Dustin","Moseley","R","R",92,83,21,1,9,0.253,0.326,0,0,0.35,0.36
"moseswa01","Wally Moses","Wally","Moses","L","L",8258,7548,2011,104,690,0.266,0.329,20,0,27.63,22.83
"moskapa01","Paul Moskau","Paul","Moskau","R","R",180,161,36,2,18,0.224,0.3,0,1,0.76,0.87
"moskoda01","Daniel Moskos","Daniel","Moskos","R","L",8,7,3,0,1,0.429,0.5,0,0,0.05,0.05
"mosolji01","Jim Mosolf","Jim","Mosolf","L","R",12,11,4,0,1,0.364,0.417,0,0,0.01,0.02
"mossbr01","Brandon Moss","Brandon","Moss","L","R",3742,3271,873,169,411,0.267,0.353,36,24,15.6,17.74
"mossda01","Damian Moss","Damian","Moss","R","L",176,162,36,1,14,0.222,0.284,0,0,0.36,0.23
"mossido01","Don Mossi","Don","Mossi","L","L",340,316,62,0,20,0.196,0.244,1,3,-2.43,-2.31
"mossle01","Les Moss","Les","Moss","R","R",3150,2846,684,71,297,0.24,0.313,6,1,-2.85,2.83
"mossoea01","Earl Mossor","Earl","Mossor","L","R",1,0,0,0,1,NA,1,0,0,0.01,0.01
"mostijo01","Johnny Mostil","Johnny","Mostil","R","R",3037,2718,656,20,266,0.241,0.321,53,0,16.6,15.31
"motagu01","Guillermo Mota","Guillermo","Mota","R","R",287,259,70,7,28,0.27,0.341,0,0,3.31,3.3
"motama01","Manny Mota","Manny","Mota","R","R",3883,3538,1107,38,288,0.313,0.365,23,34,20.06,17.62
"motleda01","Darryl Motley","Darryl","Motley","R","R",1227,1138,298,44,73,0.262,0.306,5,11,3.64,3.61
"motteja01","Jason Motte","Jason","Motte","R","R",121,105,28,1,16,0.267,0.364,0,0,1.3,1.32
"motteta01","Taylor Motter","Taylor","Motter","R","R",660,586,150,12,71,0.256,0.336,1,2,2.15,1.73
"mottocu01","Curt Motton","Curt","Motton","R","R",775,672,146,26,97,0.217,0.317,3,3,2.81,1.85
"mountry01","Ryan Mountcastle","Ryan","Mountcastle","R","R",2571,2301,661,78,207,0.287,0.345,20,43,11.69,10.02
"moustmi01","Mike Moustakas","Mike","Moustakas","L","R",5616,4996,1348,196,512,0.27,0.342,63,45,24.42,25.3
"moutoja01","James Mouton","James","Mouton","R","R",1125,1019,257,5,92,0.252,0.318,9,5,-0.83,0.09
"moutoly01","Lyle Mouton","Lyle","Mouton","R","R",756,692,194,12,52,0.28,0.332,5,7,0.76,0.56
"moyaga01","Gabriel Moya","Gabriel","Moya","L","L",1,0,0,0,1,NA,1,0,0,0.01,0.01
"moyast01","Steven Moya","Steven","Moya","L","R",311,280,77,9,30,0.275,0.344,0,1,1.04,1.07
"moyerja01","Jamie Moyer","Jamie","Moyer","L","L",877,788,173,8,86,0.22,0.296,1,2,2.64,2.42
"moylape01","Peter Moylan","Peter","Moylan","R","R",149,128,33,2,21,0.258,0.362,0,0,2,1.96
"muellbi02","Bill Mueller","Bill","Mueller","B","R",4866,4247,1218,57,536,0.287,0.368,35,48,24.97,24.24
"muelldo01","Don Mueller","Don","Mueller","L","R",3524,3363,1008,36,134,0.3,0.327,12,15,6.3,4.32
"muellhe01","Heinie Mueller","Heinie","Mueller","L","L",1142,1112,269,15,23,0.242,0.262,7,0,-1.17,-0.95
"muellhe02","Emmett Mueller","Emmett","Mueller","B","R",1016,921,204,18,90,0.221,0.294,5,0,0.49,-0.04
"muellra01","Ray Mueller","Ray","Mueller","R","R",3477,3270,783,84,194,0.239,0.285,13,0,9.06,4.44
"muffebi01","Billy Muffett","Billy","Muffett","R","R",120,111,25,1,9,0.225,0.283,0,0,-0.04,-0.04
"mujiced01","Edward Mujica","Edward","Mujica","R","R",128,112,32,2,16,0.286,0.375,0,0,1.96,1.88
"muldema01","Mark Mulder","Mark","Mulder","L","L",346,309,72,5,34,0.233,0.309,1,2,1.43,1.36
"mulhote01","Terry Mulholland","Terry","Mulholland","R","L",474,457,98,2,16,0.214,0.241,0,1,-3.19,-2.21
"mulleco01","Conor Mullee","Conor","Mullee","R","R",2,1,0,0,1,0,0.5,0,0,0.01,0.01
"mulleky01","Kyle Muller","Kyle","Muller","R","L",77,70,18,1,7,0.257,0.325,0,0,0.27,0.28
"mullesc01","Scott Mullen","Scott","Mullen","R","L",4,3,1,0,1,0.333,0.5,0,0,0.01,0.01
"mullice01","Cedric Mullins","Cedric","Mullins","L","L",3105,2752,754,77,289,0.274,0.348,39,25,18.97,16.62
"mullifr01","Fran Mullins","Fran","Mullins","R","R",241,215,51,3,24,0.237,0.311,0,2,0.88,0.53
"mullige01","George Mullin","George","Mullin","R","R",1076,1039,199,5,34,0.192,0.219,3,0,-7.87,-6.05
"mullipa01","Pat Mullin","Pat","Mullin","L","R",3064,2769,690,83,289,0.249,0.321,6,0,7.92,7.93
"mullira01","Rance Mulliniks","Rance","Mulliniks","L","R",4093,3577,994,75,477,0.278,0.361,7,32,19.31,19.2
"mulveke01","Kevin Mulvey","Kevin","Mulvey","R","R",47,43,12,1,4,0.279,0.34,0,0,0.18,0.15
"mumphje01","Jerry Mumphrey","Jerry","Mumphrey","B","R",5599,5026,1461,96,528,0.291,0.356,4,41,25.97,26.22
"muncyma01","Max Muncy","Max","Muncy","L","R",4224,3446,906,171,683,0.263,0.389,55,40,29.57,28.45
"mungere01","Red Munger","Red","Munger","R","R",148,141,32,1,7,0.227,0.264,0,0,0.11,0.09
"mungova01","Van Mungo","Van","Mungo","R","R",733,719,150,0,14,0.209,0.224,0,0,-1.52,-2.45
"munizca01","Carlos Muniz","Carlos","Muniz","R","R",9,7,2,0,2,0.286,0.444,0,0,0.05,0.05
"munizma01","Manny Muniz","Manny","Muniz","R","R",1,0,0,0,1,NA,1,0,0,0,0
"munnisc01","Scott Munninghoff","Scott","Munninghoff","R","R",1,0,0,0,1,NA,1,0,0,0.01,0.01
"munoda01","Daniel Muno","Daniel","Muno","B","R",88,76,19,1,12,0.25,0.352,0,0,0.28,0.29
"munozan01","Andrés Muñoz","Andres","Munoz","R","R",11,9,2,0,2,0.222,0.364,0,0,0.04,0.04
"munozar01","Arnie Munoz","Arnie","Munoz","L","L",16,14,4,0,2,0.286,0.375,0,0,0.03,0.03
"munozbo01","Bobby Munoz","Bobby","Munoz","R","R",53,49,12,1,4,0.245,0.302,0,0,0.24,0.24
"munozmi01","Mike Munoz","Mike","Munoz","L","L",1,0,0,0,1,NA,1,0,0,0,0
"munozpe01","Pedro Munoz","Pedro","Munoz","R","R",1703,1600,420,55,84,0.262,0.302,10,9,-0.59,-0.71
"munozya01","Yairo Munoz","Yairo","Munoz","R","R",669,602,175,12,59,0.291,0.357,5,3,2.82,2.47
"munrope01","Peter Munro","Peter","Munro","R","R",174,158,32,3,15,0.203,0.27,0,1,-0.03,0.13
"munsoer01","Eric Munson","Eric","Munson","L","R",1190,1048,254,41,120,0.242,0.324,11,11,2.35,1.67
"munsoth01","Thurman Munson","Thurman","Munson","R","R",5995,5415,1617,129,480,0.299,0.357,42,58,45.52,40.7
"muntesc01","Scott Munter","Scott","Munter","R","R",34,29,9,0,5,0.31,0.412,0,0,0.13,0.12
"murast01","Steve Mura","Steve","Mura","R","R",174,158,30,3,15,0.19,0.264,1,0,0.59,0.44
"murcebo01","Bobby Murcer","Bobby","Murcer","L","R",7846,6884,1934,270,854,0.281,0.359,27,81,34.01,34.6
"murfepe01","Penn Murfee","Penn","Murfee","R","R",5,4,1,0,1,0.25,0.4,0,0,0.01,0.01
"murphbi02","Bill Murphy","Bill","Murphy","L","L",6,5,1,0,1,0.2,0.333,0,0,0.03,0.03
"murphda02","Danny Murphy","Danny","Murphy","R","R",4813,4591,1067,103,183,0.232,0.268,39,0,6.36,1.33
"murphda05","Dale Murphy","Dale","Murphy","R","R",9118,7990,2098,350,1042,0.263,0.347,28,58,51.04,48.57
"murphda07","David Murphy","David","Murphy","L","L",4022,3575,1007,97,401,0.282,0.352,9,37,19.3,18.34
"murphda08","Daniel Murphy","Daniel","Murphy","L","R",5930,5361,1657,127,496,0.309,0.367,25,48,28.11,33.03
"murphdo01","Donnie Murphy","Donnie","Murphy","R","R",1451,1296,317,49,131,0.245,0.32,16,8,3.79,4.94
"murphdw01","Dwayne Murphy","Dwayne","Murphy","L","R",5386,4528,1182,184,794,0.261,0.37,19,45,37.28,36.24
"murphjo04","Johnny Murphy","Johnny","Murphy","R","R",282,256,57,0,25,0.223,0.294,1,0,-2.86,-1.92
"murphjr01","John Ryan Murphy","J. R.","Murphy","R","R",1158,1049,271,27,102,0.258,0.324,2,5,5.28,6.26
"murphpa02","Patrick Murphy","Patrick","Murphy","R","R",23,20,5,1,3,0.25,0.348,0,0,0.32,0.31
"murphro01","Rob Murphy","Rob","Murphy","L","L",3,2,0,0,1,0,0.333,0,0,0.01,0.01
"murphse01","Sean Murphy","Sean","Murphy","R","R",2216,1868,501,75,254,0.268,0.376,78,16,16.67,19.29
"murphto02","Tom Murphy","Tom","Murphy","R","R",116,110,22,1,5,0.2,0.233,0,1,0.29,0.05
"murphto03","Tommy Murphy","Tommy","Murphy","B","R",228,209,51,3,17,0.244,0.303,1,1,1.22,1.15
"murphto04","Tom Murphy","Tom","Murphy","R","R",1353,1199,326,48,140,0.272,0.349,6,8,8.38,8.55
"murraca01","Calvin Murray","Calvin","Murray","R","R",800,714,165,6,78,0.231,0.312,7,1,1.56,1
"murraco02","Colton Murray","Cowboy","Murray",NA,"R",27,24,8,1,3,0.333,0.407,0,0,0.07,0.07
"murrada01","Dale Murray","Dale","Murray","R","R",74,63,17,0,11,0.27,0.378,0,0,0.18,0.17
"murraed02","Eddie Murray","Eddie","Murray","B","R",13043,11529,3367,497,1371,0.292,0.365,18,125,70.77,73.9
"murrama01","Matt Murray","Matt","Murray","L","R",4,3,1,0,1,0.333,0.5,0,0,0,0
"murrara01","Ray Murray","Ray","Murray","R","R",211,201,55,0,10,0.274,0.308,0,0,-0.35,0.18
"murreiv01","Ivan Murrell","Ivan","Murrell","R","R",1525,1452,362,39,60,0.249,0.283,9,4,1.87,1.98
"murtada01","Danny Murtaugh","Danny","Murtaugh","R","R",2105,1910,480,6,189,0.251,0.321,6,0,4.68,2.97
"murtoma01","Matt Murton","Matt","Murton","R","R",1225,1092,304,27,123,0.278,0.353,6,4,5.99,7.25
"muserto01","Tony Muser","Tony","Muser","L","L",1254,1149,321,14,94,0.279,0.332,1,10,2.46,2.22
"musgrha01","Harrison Musgrave","Harrison","Musgrave","L","L",53,47,13,1,6,0.277,0.358,0,0,0.52,0.56
"musgrjo01","Joe Musgrove","Joe","Musgrove","R","R",403,372,95,4,30,0.255,0.31,0,1,1.82,1.2
"musiast01","Stan Musial","Stan","Musial","L","L",13036,11420,3583,496,1510,0.314,0.395,53,53,119.37,112.79
"mussene01","Neal Musser","Neal","Musser","L","L",13,11,4,0,2,0.364,0.462,0,0,0.01,0.01
"mussimi01","Mike Mussina","Mike","Mussina","L","R",125,112,31,1,13,0.277,0.352,0,0,0.2,0.26
"mustaal01","Alex Mustaikis","Alex","Mustaikis","R","R",5,4,1,0,1,0.25,0.4,0,0,0.01,0.01
"muzzisi01","Símon Muzziotti","Simon","Muzziotti","L","L",14,11,4,0,1,0.364,0.5,2,0,0.01,0.02
"myattge01","George Myatt","George","Myatt","L","R",1621,1495,411,5,115,0.275,0.331,11,0,2.62,1.64
"myattgl01","Glenn Myatt","Glenn","Myatt","L","R",2897,2685,570,54,201,0.212,0.27,11,0,-13.48,-10.44
"myerbu01","Buddy Myer","Buddy","Myer","L","R",7077,6220,1690,50,828,0.272,0.36,29,0,39.66,35.12
"myersbi01","Billy Myers","Billy","Myers","R","R",2616,2383,546,67,227,0.229,0.298,6,0,11.2,11.57
"myersbr01","Brett Myers","Brett","Myers","R","R",855,780,177,10,74,0.227,0.294,0,1,2.21,2.25
"myersda01","Dane Myers","Dane","Myers","R","R",126,110,32,1,9,0.291,0.349,3,4,0.52,0.91
"myersgr01","Greg Myers","Greg","Myers","L","R",3567,3269,809,67,268,0.247,0.303,3,27,5.9,6.96
"myersmi01","Mike Myers","Mike","Myers","L","L",29,23,6,0,6,0.261,0.414,0,0,0.09,0.07
"myersra01","Randy Myers","Randy","Myers","L","L",63,57,14,0,6,0.246,0.317,0,0,-0.55,-0.27
"myerswi01","Wil Myers","Wil","Myers","R","R",4726,4149,1165,150,528,0.281,0.362,17,32,24.24,22.86
"myettaa01","Aaron Myette","Aaron","Myette","R","R",4,3,1,0,1,0.333,0.5,0,0,0.01,0.01
"myricbo01","Bob Myrick","Bob","Myrick","R","L",4,3,1,0,1,0.333,0.5,0,0,0.02,0.02
"myrowbr01","Brian Myrow","Brian","Myrow","L","R",149,129,33,3,19,0.256,0.349,0,1,0.51,0.56
"nadyxa01","Xavier Nady","Xavier","Nady","R","R",3418,3084,838,98,258,0.272,0.338,58,18,11.8,11.36
"naehrti01","Tim Naehring","Tim","Naehring","R","R",2296,2028,530,37,240,0.261,0.342,16,12,13.05,12.11
"nageocl01","Clint Nageotte","Clint","Nageotte","R","R",15,13,4,0,2,0.308,0.4,0,0,0,0
"nagych01","Charles Nagy","Charles","Nagy","L","R",15,13,4,0,2,0.308,0.4,0,0,0.01,0
"nagyst01","Steve Nagy","Steve","Nagy","L","L",4,3,1,0,1,0.333,0.5,0,0,0,0
"nahemsa01","Sam Nahem","Sam","Nahem","R","R",5,4,1,0,1,0.25,0.4,0,0,0,0
"nahorbi01","Bill Nahorodny","Bill","Nahorodny","R","R",889,803,207,25,71,0.258,0.319,6,9,1.95,2.28
"naileja01","James Naile","James","Naile","R","R",5,4,1,0,1,0.25,0.4,0,0,0.01,0.01
"nakammi01","Micheal Nakamura","Micheal","Nakamura","R","R",2,1,0,0,1,0,0.5,0,0,0.01,0.01
"nancesh01","Shane Nance","Shane","Nance","L","L",20,18,6,0,2,0.333,0.4,0,0,0.01,0.01
"nanceto01","Tommy Nance","Tommy","Nance","R","R",39,35,9,1,4,0.257,0.333,0,0,0.43,0.41
"napolmi01","Mike Napoli","Mike","Napoli","R","R",5419,4560,1213,249,754,0.266,0.376,69,36,33.84,29.28
"naquity01","Tyler Naquin","Tyler","Naquin","L","R",2157,1945,542,51,179,0.279,0.344,22,11,8.98,10.52
"naranch01","Cholly Naranjo","Cholly","Naranjo","L","R",8,6,2,0,1,0.333,0.375,0,1,0,0
"nardian01","Andrew Nardi","Andrew","Nardi","L","L",2,1,0,0,1,0,0.5,0,0,0.01,0.01
"narroje01","Jerry Narron","Jerry","Narron","L","R",842,760,186,19,73,0.245,0.312,4,5,1.61,1.99
"narrosa01","Sam Narron","Sam","Narron","R","R",6,5,1,0,1,0.2,0.333,0,0,0.01,0.01
"narumbu01","Buster Narum","Buster","Narum","R","R",1,0,0,0,1,NA,1,0,0,0.01,0.01
"narvaom01","Omar Narváez","Omar","Narvaez","L","R",2472,2141,604,46,290,0.282,0.371,22,19,12.43,13.78
"narvech01","Chris Narveson","Chris","Narveson","L","L",377,340,92,6,36,0.271,0.342,1,0,2.82,2.89
"nashbi01","Billy Nash","Billy","Nash","R","R",4325,3949,811,24,355,0.205,0.274,21,0,-1.29,1.16
"nastuph01","Phil Nastu","Phil","Nastu","L","L",2,1,0,0,1,0,0.5,0,0,0,0
"natalro01","Bob Natal","Bob","Natal","R","R",242,214,46,3,26,0.215,0.298,0,2,-1.04,-0.73
"nathajo01","Joe Nathan","Joe","Nathan","R","R",196,175,42,2,20,0.24,0.316,0,1,0.62,0.73
"natiojo01","Joey Nation","Joey","Nation","L","L",11,10,3,0,1,0.3,0.364,0,0,0.01,0.01
"naughpa01","Packy Naughton","Packy","Naughton","R","L",19,17,4,0,2,0.235,0.316,0,0,0.01,0.01
"navada01","Daniel Nava","Daniel","Nava","B","L",2219,1885,528,39,261,0.28,0.38,55,18,13.76,11.67
"navarbr01","Brian Navarreto","Brian","Navarreto","R","R",6,5,1,0,1,0.2,0.333,0,0,0.02,0.02
"navardi01","Dioner Navarro","Dioner","Navarro","B","R",3809,3400,931,85,361,0.274,0.344,19,29,16.64,12.33
"navaref01","Efren Navarro","Efren","Navarro","L","L",694,622,169,11,72,0.272,0.347,0,0,3.19,3.12
"navaros01","Oswaldo Navarro","Oswaldo","Navarro","R","R",30,27,8,1,3,0.296,0.367,0,0,0.2,0.2
"navarre01","Rey Navarro","Rey","Navarro","B","R",84,78,22,2,6,0.282,0.333,0,0,0.38,0.45
"navarya01","Yamaico Navarro","Yamaico","Navarro","R","R",289,258,65,5,29,0.252,0.325,0,2,1.27,0.9
"naylobo01","Bo Naylor","Bo","Naylor","L","R",616,541,138,21,67,0.255,0.339,4,4,3.55,5.25
"naylojo01","Josh Naylor","Josh","Naylor","L","L",2454,2179,628,76,218,0.288,0.356,28,29,11.13,10.92
"neaglde01","Denny Neagle","Denny","Neagle","L","L",772,735,151,6,34,0.205,0.241,1,2,-0.71,0.25
"nealbl01","Blaine Neal","Blaine","Neal","L","R",32,27,8,0,5,0.296,0.406,0,0,0.05,0.07
"nealch01","Charlie Neal","Charlie","Neal","R","R",2984,2687,698,58,260,0.26,0.327,19,18,10.46,9.43
"nealth01","Thomas Neal","Thomas","Neal","R","R",75,69,19,1,5,0.275,0.333,1,0,0.13,0.14
"nealza01","Zach Neal","Zach","Neal","R","R",29,26,7,1,3,0.269,0.345,0,0,0.15,0.17
"neeltr01","Troy Neel","Troy","Neel","L","R",878,777,218,32,91,0.281,0.36,7,3,3.77,3.22
"neemaca01","Cal Neeman","Cal","Neeman","R","R",950,875,216,26,65,0.247,0.302,6,4,2.63,2.01
"negrokr01","Kristopher Negrón","Kristopher","Negron","R","R",778,694,178,16,79,0.256,0.337,5,0,5.02,4.15
"nehfar01","Art Nehf","Art","Nehf","L","L",457,443,87,5,12,0.196,0.221,2,0,-3.58,-4.21
"neideni01","Nick Neidert","Nick","Neidert","R","R",77,70,18,1,7,0.257,0.325,0,0,0.23,0.15
"neigeal01","Al Neiger","Al","Neiger","L","L",2,1,0,0,1,0,0.5,0,0,0.01,0
"nelsobr02","Brad Nelson","Brad","Nelson","L","R",128,114,26,2,14,0.228,0.312,0,0,0.48,0.6
"nelsoch01","Chris Nelson","Chris","Nelson","R","R",1141,1034,284,21,98,0.275,0.337,3,6,2.74,2.73
"nelsoda01","Dave Nelson","Dave","Nelson","R","R",2652,2424,623,29,206,0.257,0.317,11,11,5.49,3.69
"nelsoge01","Gene Nelson","Gene","Nelson","R","R",1,0,0,0,1,NA,1,0,0,0,0
"nelsoje01","Jeff Nelson","Jeff","Nelson","R","R",4,3,1,0,1,0.333,0.5,0,0,-0.01,0
"nelsoji01","Jim Nelson","Jim","Nelson","R","R",34,30,7,0,3,0.233,0.294,0,1,0.13,0.03
"nelsoji02","Jimmy Nelson","Jimmy","Nelson","R","R",558,512,111,9,46,0.217,0.281,0,0,2.45,2.53
"nelsojo01","Joe Nelson","Joe","Nelson","R","R",20,16,5,0,4,0.312,0.45,0,0,0.1,0.11
"nelsojo02","John Nelson","John","Nelson","R","R",37,34,8,1,3,0.235,0.297,0,0,0.08,0.07
"nelsoky01","Kyle Nelson","Kyle","Nelson","L","L",3,2,1,0,1,0.5,0.667,0,0,0.02,0.01
"nelsoly01","Lynn Nelson","Lynn","Nelson","L","R",372,358,103,7,14,0.288,0.315,0,0,1.63,0.99
"nelsome01","Mel Nelson","Mel","Nelson","R","L",2,1,0,0,1,0,0.5,0,0,0,0
"nelsoro01","Rocky Nelson","Rocky","Nelson","L","L",768,668,175,24,84,0.262,0.35,10,6,2.86,2.22
"nelsoro03","Rob Nelson","Rob","Nelson","L","L",10,9,2,0,1,0.222,0.3,0,0,0,0
"nendi01","Dick Nen","Dick","Nen","L","L",13,11,3,1,2,0.273,0.385,0,0,0.01,0.01
"nerishe01","Héctor Neris","Hector","Neris","R","R",135,116,35,4,19,0.302,0.4,0,0,3.01,2.82
"nesbian01","Angel Nesbitt","Angel","Nesbitt","R","R",2,1,0,0,1,0,0.5,0,0,0.02,0.02
"neshepa01","Pat Neshek","Pat","Neshek","B","R",76,65,17,0,11,0.262,0.368,0,0,0.43,0.43
"netoza01","Zach Neto","Zach","Neto","R","R",963,835,226,24,73,0.271,0.36,48,7,7.99,5.56
"nettlgr01","Graig Nettles","Graig","Nettles","L","R",10444,9167,2336,390,1139,0.255,0.338,50,88,71.32,68.82
"nettlji01","Jim Nettles","Jim","Nettles","L","L",758,673,153,21,80,0.227,0.31,2,3,1.34,1.9
"nettlmo01","Morris Nettles","Morris","Nettles","L","L",542,492,131,3,48,0.266,0.332,1,1,1.25,0.68
"neumi01","Michael Neu","Michael","Neu","B","R",2,1,0,0,1,0,0.5,0,0,0.01,0.01
"neunjo01","Johnny Neun","Johnny","Neun","B","L",473,425,105,0,46,0.247,0.323,2,0,-0.3,-0.29
"neverdo01","Dovydas Neverauskas","Dovydas","Neverauskas","R","R",26,23,7,0,3,0.304,0.385,0,0,0.12,0.13
"nevinph01","Phil Nevin","Phil","Nevin","R","R",4467,3991,1088,162,417,0.273,0.343,26,33,16.36,16.44
"nevinty01","Tyler Nevin","Tyler","Nevin","R","R",575,474,117,8,71,0.247,0.36,19,11,0.52,0.38
"newbeja01","Jake Newberry","Jake","Newberry","R","R",4,3,1,0,1,0.333,0.5,0,0,0.02,0.02
"newcodo01","Don Newcombe","Don","Newcombe","L","R",1412,1290,339,17,116,0.263,0.324,3,3,9.81,9.98
"newcose01","Sean Newcomb","Sean","Newcomb","L","L",296,271,59,4,25,0.218,0.284,0,0,1.73,1.62
"newhada01","David Newhan","David","Newhan","L","R",1277,1145,304,22,113,0.266,0.334,9,10,4.06,3.95
"newhoha01","Hal Newhouser","Hal","Newhouser","L","L",1036,970,194,3,66,0.2,0.251,0,0,0.72,0.28
"newmaal01","Al Newman","Al","Newman","B","R",1250,1110,256,3,126,0.231,0.31,5,9,2.29,0.7
"newmaje01","Jeff Newman","Jeff","Newman","R","R",2145,1979,489,70,145,0.247,0.297,4,17,5.81,4.89
"newmajo01","Josh Newman","Josh","Newman","L","L",7,5,1,0,2,0.2,0.429,0,0,0.04,0.04
"newmake01","Kevin Newman","Kevin","Newman","R","R",2553,2326,654,29,184,0.281,0.337,22,21,10.52,9.72
"newsobo01","Bobo Newsom","Bobo","Newsom","R","R",1638,1619,321,3,18,0.198,0.208,1,0,-11.61,-9.81
"newsodi01","Dick Newsome","Dick","Newsome","R","R",137,134,29,0,3,0.216,0.234,0,0,-0.05,0.07
"newsosk01","Skeeter Newsome","Skeeter","Newsome","R","R",2134,2046,460,4,85,0.225,0.257,3,0,-2.38,-2.19
"newsowa01","Warren Newson","Warren","Newson","L","L",1019,857,210,19,160,0.245,0.364,1,1,1.22,0.55
"ngoepgi01","Gift Ngoepe","Gift","Ngoepe","R","R",209,185,48,2,24,0.259,0.344,0,0,0.96,0.73
"niarhgu01","Gus Niarhos","Gus","Niarhos","R","R",897,760,202,1,134,0.266,0.378,3,0,3.2,3.51
"nicasju01","Juan Nicasio","Juan","Nicasio","R","R",467,420,99,8,46,0.236,0.31,0,1,4.79,4.37
"nichobi01","Bill Nicholson","Bill","Nicholson","L","R",6782,5978,1500,323,752,0.251,0.34,52,0,34.82,33.64
"nichobr01","Brett Nicholas","Brett","Nicholas","L","R",242,220,61,6,21,0.277,0.343,1,0,0.8,0.07
"nichoca01","Carl Nichols","Carl","Nichols","R","R",77,70,19,0,6,0.271,0.325,0,1,0.18,0.27
"nichoda01","Dave Nicholson","Dave","Nicholson","R","R",1406,1200,256,49,188,0.213,0.32,6,12,-0.6,0.33
"nichore01","Reid Nichols","Reid","Nichols","R","R",1226,1100,294,23,107,0.267,0.334,9,10,3.7,4.39
"nickemi01","Mike Nickeas","Mike","Nickeas","R","R",335,302,66,6,30,0.219,0.293,2,1,0.83,0.89
"nickldo01","Doug Nickle","Doug","Nickle","R","R",10,9,2,0,1,0.222,0.3,0,0,0.01,0.01
"nicolju01","Justin Nicolino","Justin","Nicolino","L","L",224,206,43,3,18,0.209,0.272,0,0,0.89,0.8
"nicosst01","Steve Nicosia","Steve","Nicosia","R","R",1068,959,257,19,101,0.268,0.336,1,7,3.26,2.65
"nidoto01","Tomás Nido","Tomas","Nido","R","R",1155,1060,282,15,80,0.266,0.318,5,10,2.53,4.06
"niedda01","David Nied","David","Nied","R","R",7,6,2,0,1,0.333,0.429,0,0,0,0.01
"niedeto01","Tom Niedenfuer","Tom","Niedenfuer","R","R",28,22,6,0,6,0.273,0.429,0,0,0.05,0.07
"niekrjo01","Joe Niekro","Joe","Niekro","R","R",1137,1049,227,10,81,0.216,0.272,1,6,2.84,2.28
"niekrla01","Lance Niekro","Lance","Niekro","R","R",650,596,151,19,47,0.253,0.308,2,5,1.97,1.32
"niekrph01","Phil Niekro","Phil","Niekro","R","R",1653,1555,328,15,76,0.211,0.25,10,12,2.41,2.15
"niemabo01","Bob Nieman","Bob","Nieman","R","R",4287,3830,1100,124,423,0.287,0.357,9,25,14.07,19.11
"niemabu01","Butch Nieman","Butch","Nieman","L","L",1267,1154,239,47,111,0.207,0.278,2,0,1.55,2.49
"niemaje01","Jeff Niemann","Jeff","Niemann","R","R",1,0,0,0,1,NA,1,0,0,0.01,0.01
"niemara01","Randy Niemann","Randy","Niemann","L","L",16,14,3,0,2,0.214,0.312,0,0,0.01,0.01
"niesejo01","Jon Niese","Jonathon","Niese","L","L",826,735,177,11,91,0.241,0.324,0,0,5.23,4.97
"nietoad01","Adrian Nieto","Adrian","Nieto","B","R",182,164,43,4,17,0.262,0.335,1,0,0.57,0.4
"nietoto01","Tom Nieto","Tom","Nieto","R","R",395,355,90,4,35,0.254,0.324,3,2,0.31,0.51
"nieuwki01","Kirk Nieuwenhuis","Kirk","Nieuwenhuis","L","R",1396,1210,320,35,174,0.264,0.359,7,5,7.4,6.69
"nievefe01","Fernando Nieve","Fernando","Nieve","R","R",155,138,39,3,17,0.283,0.361,0,0,1.44,1.46
"nievejo01","Jose Nieves","Jose","Nieves","R","R",460,437,102,5,19,0.233,0.267,2,2,-1.33,-1.09
"nievewi01","Wil Nieves","Wil","Nieves","R","R",1656,1508,402,25,129,0.267,0.324,6,13,5.32,5.22
"nifu01","Fu Te Ni","Fu-Te","Ni","L","L",2,1,0,0,1,0,0.5,0,0,0.01,0.01
"niggejo01","Johnny Niggeling","Johnny","Niggeling","R","R",170,160,33,0,10,0.206,0.253,0,0,-0.9,-0.69
"nilssda01","Dave Nilsson","Dave","Nilsson","L","R",3299,2952,788,86,305,0.267,0.334,10,32,7.82,7.79
"nimmobr01","Brandon Nimmo","Brandon","Nimmo","L","R",4288,3553,1050,101,606,0.296,0.411,107,22,31,30.99
"nippedu01","Dustin Nippert","Dustin","Nippert","R","R",95,83,22,2,12,0.265,0.358,0,0,0.62,0.66
"nivarra01","Ramon Nivar","Ramon","Nivar","R","R",60,55,16,1,4,0.291,0.35,1,0,0.37,0.42
"nixja01","Jayson Nix","Jayson","Nix","R","R",1674,1488,370,40,154,0.249,0.327,23,9,7.36,5.31
"nixja02","Jacob Nix","Jacob","Nix","R","R",74,68,17,1,6,0.25,0.311,0,0,0.18,0.17
"nixla01","Laynce Nix","Laynce","Nix","L","L",2436,2227,562,64,187,0.252,0.31,7,15,10.15,9
"nixondo01","Donell Nixon","Donell","Nixon","R","R",414,376,106,3,36,0.282,0.348,2,0,0.89,1.21
"nixonot01","Otis Nixon","Otis","Nixon","B","R",5008,4480,1188,10,501,0.265,0.338,3,24,16.72,10.34
"nixonru01","Russ Nixon","Russ","Nixon","L","R",2078,2001,525,11,54,0.262,0.282,8,15,-5.64,-2.99
"nixontr01","Trot Nixon","Trot","Nixon","L","L",4217,3643,971,112,498,0.267,0.356,31,45,24.09,24.61
"nixonwi01","Willard Nixon","Willard","Nixon","L","R",614,568,132,2,45,0.232,0.288,0,1,2.38,1.95
"noblera01","Ray Noble","Ray","Noble","R","R",188,182,41,5,6,0.225,0.25,0,0,-0.59,0.08
"noboaju01","Junior Noboa","Junior","Noboa","R","R",113,107,25,0,6,0.234,0.274,0,0,-0.34,-0.85
"noelri02","Rico Noel",NA,NA,NA,NA,32,28,9,1,4,0.321,0.406,0,0,0.43,0.5
"noesihe01","Hector Noesí","Hector","Noesi","R","R",131,117,33,3,14,0.282,0.359,0,0,0.59,0.58
"nogosst01","Stephen Nogosek","Stephen","Nogosek","R","R",24,21,7,0,3,0.333,0.417,0,0,0.03,0.03
"nogowjo01","John Nogowski","John","Nogowski","R","L",219,196,51,2,21,0.26,0.333,1,1,0.3,0.26
"nokesma01","Matt Nokes","Matt","Nokes","L","R",3012,2756,720,121,205,0.261,0.315,25,26,9.15,10.51
"nolaaa01","Aaron Nola","Aaron","Nola","R","R",705,634,134,7,69,0.211,0.289,1,1,3.04,2.77
"nolaau01","Austin Nola","Austin","Nola","R","R",1568,1357,387,26,160,0.285,0.367,28,23,8.64,7.06
"nolanga01","Gary Nolan","Gary","Nolan","R","R",573,527,110,4,45,0.209,0.271,0,1,0.53,0.46
"nolanjo01","Joe Nolan","Joe","Nolan","L","R",1685,1478,401,33,181,0.271,0.35,7,19,5.58,5.56
"nolasri01","Ricky Nolasco","Ricky","Nolasco","R","R",830,756,166,11,73,0.22,0.289,1,0,4,3.73
"nolesdi01","Dickie Noles","Dickie","Noles","R","R",175,160,36,1,14,0.225,0.286,0,1,0.73,0.54
"nolinse01","Sean Nolin","Sean","Nolin","L","L",62,57,15,1,5,0.263,0.323,0,0,0.24,0.17
"nollja01","Jake Noll","Jake","Noll","R","R",82,73,20,1,9,0.274,0.354,0,0,0.23,0.2
"nomohi01","Hideo Nomo","Hideo","Nomo","R","R",320,298,58,4,22,0.195,0.25,0,0,-0.07,0.22
"noonani01","Nick Noonan","Nick","Noonan","L","R",328,297,79,6,30,0.266,0.332,0,1,0.36,0.44
"nootbla01","Lars Nootbaar","Lars","Nootbaar","L","R",1554,1288,350,40,241,0.272,0.384,5,20,9.74,10.55
"norbejo01","Jordan Norberto","Jordan","Norberto","L","L",9,7,3,0,2,0.429,0.556,0,0,0.07,0.07
"nordbti01","Tim Nordbrook","Tim","Nordbrook","R","R",98,85,19,2,13,0.224,0.327,0,0,0.69,0.45
"nordhwa01","Wayne Nordhagen","Wayne","Nordhagen","R","R",1476,1375,401,47,85,0.292,0.331,2,14,2.58,3.17
"norenir01","Irv Noren","Irv","Noren","L","L",3802,3457,928,69,308,0.268,0.331,22,15,11.54,9.92
"noriejo01","John Noriega","John","Noriega","R","R",4,3,1,0,1,0.333,0.5,0,0,0,0
"normada01","Dan Norman","Dan","Norman","R","R",375,339,81,10,33,0.239,0.307,1,2,0.95,0.6
"normafr01","Fred Norman","Fred","Norman","B","L",619,562,117,7,56,0.208,0.279,0,1,0.99,0.68
"norribu01","Bud Norris","Bud","Norris","R","R",594,535,138,8,55,0.258,0.328,2,2,3.76,3.75
"norrida01","Daniel Norris","Daniel","Norris","L","L",196,173,48,6,23,0.277,0.362,0,0,0.79,0.82
"norride01","Derek Norris","Derek","Norris","R","R",2337,2053,550,64,253,0.268,0.352,19,12,12.84,13.54
"norriji01","Jim Norris","Jim","Norris","L","L",1423,1234,331,12,174,0.268,0.355,0,15,5.59,4.34
"norrimi01","Mike Norris","Mike","Norris","R","R",1,0,0,0,1,NA,1,0,0,0,0
"northaa01","Aaron Northcraft","Aaron","Northcraft","R","R",5,4,1,0,1,0.25,0.4,0,0,0.02,0.02
"northbi01","Bill North","Bill","North","B","R",4704,4009,1088,44,656,0.271,0.376,25,14,27.41,24.82
"northji01","Jim Northrup","Jim","Northrup","L","R",5103,4617,1278,131,429,0.277,0.34,28,29,22.29,23.17
"northro01","Ron Northey","Ron","Northey","L","R",3262,2992,763,147,251,0.255,0.315,15,4,7.73,6.8
"northsc01","Scott Northey","Scott","Northey","R","R",84,76,19,1,8,0.25,0.321,0,0,0.12,0.13
"nortoph01","Phil Norton","Phil","Norton","R","L",29,25,8,0,4,0.32,0.414,0,0,0.04,0.05
"norwoja01","James Norwood","James","Norwood","R","R",70,63,16,2,7,0.254,0.329,0,0,0.55,0.64
"norwowi01","Willie Norwood","Willie","Norwood","R","R",829,756,194,21,63,0.257,0.314,3,7,0.77,0.82
"nottija01","Jacob Nottingham","Jacob","Nottingham","R","R",316,280,76,11,31,0.271,0.351,4,1,1.97,1.8
"novaiv01","Iván Nova","Ivan","Nova","R","R",487,448,101,7,39,0.225,0.287,0,0,-0.4,1.04
"noviklo01","Lou Novikoff","Lou","Novikoff","R","R",792,759,218,14,29,0.287,0.317,4,0,-0.29,-0.55
"novoara01","Rafael Novoa","Rafael","Novoa","L","L",7,6,2,0,1,0.333,0.429,0,0,0.01,0.01
"novoaro01","Roberto Novoa","Roberto","Novoa","R","R",55,49,14,1,6,0.286,0.364,0,0,0.68,0.64
"nunamle01","Les Nunamaker","Les","Nunamaker","R","R",717,670,156,2,45,0.233,0.283,2,0,0.84,-0.49
"nunezab01","Abraham Nunez","Abraham","Nunez","B","R",2869,2579,622,16,272,0.241,0.315,11,7,1.22,-0.69
"nunezda01","Darien Núñez","Darien","Nunez","L","L",8,7,3,0,1,0.429,0.5,0,0,0.03,0.03
"nunezdo01","Dom Nuñez","Dom","Nunez","L","R",448,383,92,11,59,0.24,0.337,0,6,-0.09,0.79
"nunezed02","Eduardo Núñez","Eduardo","Nunez","R","R",3257,2970,848,61,247,0.286,0.341,16,24,9.54,11.33
"nunezfr01","Franklin Nunez","Franklin","Nunez","R","R",1,0,0,0,1,NA,1,0,0,0.01,0
"nunezle01","Juan Carlos Oviedo","Juan Carlos","Oviedo","R","R",44,38,9,0,6,0.237,0.341,0,0,0.3,0.29
"nunezna01","Nasim Nuñez","Nasim","Nuñez","B","R",43,34,10,0,9,0.294,0.442,0,0,0.84,0.61
"nunezre01","Renato Núñez","Renato","Nunez","R","R",1719,1543,420,57,151,0.272,0.343,18,7,7.19,6.39
"nunezvl01","Vladimir Núñez","Vladimir","Nunez","R","R",26,21,6,0,5,0.286,0.423,0,0,0.07,0.07
"nunnajo01","Jon Nunnally","Jon","Nunnally","L","R",1006,868,204,33,128,0.235,0.335,5,5,4.88,4.8
"nunnata01","Talmadge Nunnari","Talmadge","Nunnari","L","L",32,23,5,0,8,0.217,0.406,0,1,0.2,0.28
"nunovi01","Vidal Nuno III","Vidal","Nuno","L","L",131,118,32,2,12,0.271,0.344,1,0,0.63,0.61
"nuxhajo01","Joe Nuxhall","Joe","Nuxhall","L","L",813,744,172,15,58,0.231,0.287,3,8,3.94,3.23
"nyeri01","Rich Nye","Rich","Nye","L","L",162,153,36,1,8,0.235,0.272,0,1,0.64,0.54
"o'bermi01","Mike O Berry",NA,NA,NA,NA,447,391,94,6,52,0.24,0.329,1,3,1.84,1.78
"o'brich01","Charlie O Brien",NA,NA,NA,NA,2637,2352,505,45,207,0.215,0.293,60,18,8.56,9.57
"o'brida03","Dan O Brien",NA,NA,NA,NA,4,3,1,0,1,0.333,0.5,0,0,0.01,0
"o'brijo03","Johnny O Brien",NA,NA,NA,NA,570,534,139,1,30,0.26,0.302,3,3,0.53,0.2
"o'bripe03","Pete O Brien",NA,NA,NA,NA,4870,4267,1140,126,548,0.267,0.348,6,49,20.99,20.96
"o'conbr02","Brian O Connor",NA,NA,NA,NA,6,5,1,0,1,0.2,0.333,0,0,0.01,0.01
"o'conda02","Danny O Connell",NA,NA,NA,NA,4717,4274,1093,31,402,0.256,0.322,22,19,16.33,14.13
"o'deake01","Ken O Dea",NA,NA,NA,NA,3013,2720,611,64,290,0.225,0.3,3,0,3.68,3.74
"o'delbi01","Billy O Dell",NA,NA,NA,NA,544,506,100,1,37,0.198,0.252,0,1,-2.57,-2.57
"o'doule01","Lefty O Doul",NA,NA,NA,NA,3160,2849,869,110,288,0.305,0.373,23,0,20.95,20.44
"o'farbo01","Bob O Farrell",NA,NA,NA,NA,4743,4246,929,46,487,0.219,0.301,10,0,-6.95,-5.98
"o'leatr01","Troy O Leary",NA,NA,NA,NA,3868,3578,899,86,237,0.251,0.3,24,29,4.96,5.55
"o'malto01","Tom O Malley",NA,NA,NA,NA,1193,1052,282,13,128,0.268,0.348,5,8,2.59,2.42
"o'neara01","Randy O Neal",NA,NA,NA,NA,27,25,5,0,2,0.2,0.259,0,0,0.13,0.06
"o'neipa01","Paul O Neill",NA,NA,NA,NA,8471,7478,2116,225,881,0.283,0.356,22,90,37.71,40.37
"o'rouji01","Jim O Rourke",NA,NA,NA,NA,9659,8923,2209,133,731,0.248,0.305,5,0,1.87,3.67
"o'tooji01","Jim O Toole",NA,NA,NA,NA,438,418,81,0,19,0.194,0.231,1,0,-1.84,-1.43
"oanapr01","Prince Oana","Prince","Oana","R","R",33,31,10,1,2,0.323,0.364,0,0,0.48,0.59
"oatesjo01","Johnny Oates","Johnny","Oates","L","R",1901,1722,449,22,166,0.261,0.325,2,11,5.72,5.83
"oberba01","Bailey Ober","Bailey","Ober","R","R",31,28,9,1,3,0.321,0.387,0,0,0.09,0.12
"obergsc01","Scott Oberg","Scott","Oberg","R","R",74,64,18,1,10,0.281,0.378,0,0,0.98,0.95
"oberhbr01","Brett Oberholtzer","Brett","Oberholtzer","L","L",90,79,22,2,11,0.278,0.367,0,0,0.54,0.52
"oberkke01","Ken Oberkfell","Ken","Oberkfell","L","R",5409,4776,1326,50,570,0.278,0.355,23,40,26.11,23.86
"obermwe01","Wes Obermueller","Wes","Obermueller","R","R",215,201,53,3,14,0.264,0.312,0,0,1.48,1.55
"obradji01","Jim Obradovich","Jim","Obradovich","L","L",19,17,4,0,2,0.235,0.316,0,0,0,0
"obriepe01","Peter O Brien","Pete","O'Brien","R","R",463,415,106,20,46,0.255,0.33,1,1,1.03,1.16
"ochoaal01","Alex Ochoa","Alex","Ochoa","R","R",2439,2218,584,24,187,0.263,0.324,19,15,4.45,4.85
"oconnmi01","Mike O Connor","Mike","O'Connor","L","L",110,101,21,1,9,0.208,0.273,0,0,0.39,0.38
"odayda01","Darren O Day","Darren","O'Day","R","R",49,38,10,0,11,0.263,0.429,0,0,0.19,0.18
"odombl01","Blue Moon Odom","Blue Moon","Odom","R","R",361,344,81,11,15,0.235,0.271,2,0,2.65,2.39
"odomjo01","Joseph Odom","Joseph","Odom","R","R",75,67,19,2,8,0.284,0.36,0,0,0.57,0.5
"odorija01","Jake Odorizzi","Jake","Odorizzi","R","R",91,80,21,2,11,0.262,0.352,0,0,0.21,0.23
"odorro01","Rougned Odor","Rougned","Odor","L","R",4714,4211,1088,146,388,0.258,0.331,83,32,16.31,18.17
"oeltjtr01","Trent Oeltjen","Trent","Oeltjen","L","L",351,305,79,9,41,0.259,0.348,2,3,1.6,1.67
"oestero01","Ron Oester","Ron","Oester","B","R",4650,4204,1113,58,416,0.265,0.33,4,26,15.24,15.25
"offerjo01","Jose Offerman","Jose","Offerman","B","R",5833,5119,1358,24,661,0.265,0.349,17,36,17.04,13.37
"officro01","Rowland Office","Rowland","Office","L","L",2623,2369,614,40,219,0.259,0.324,16,19,3.35,3.04
"oflaher01","Eric O Flaherty","Eric","O'Flaherty","L","L",101,87,27,0,14,0.31,0.406,0,0,0.62,0.58
"ogandal01","Alexi Ogando","Alexi","Ogando","R","R",85,73,22,1,12,0.301,0.4,0,0,0.19,0.18
"ogandne01","Nefi Ogando","Nefi","Ogando","R","R",12,10,4,0,2,0.4,0.5,0,0,0.06,0.06
"oglivbe01","Ben Oglivie","Ben","Oglivie","L","L",6892,6153,1711,257,635,0.278,0.345,35,69,29.86,30.05
"ogradbr01","Brian O Grady","Brian","O'Grady","L","R",251,218,56,5,30,0.257,0.351,2,1,1.21,0.97
"ogradch01","Chris O Grady","Chris","O'Grady","R","L",65,59,15,1,6,0.254,0.323,0,0,0.31,0.32
"ohearry01","Ryan O Hearn","Ryan","O'Hearn","L","L",2198,1957,547,64,208,0.28,0.351,16,17,7.71,7.76
"ohkato01","Tomo Ohka","Tomo","Ohka","B","R",521,485,104,3,36,0.214,0.269,0,0,0.11,0.52
"ohlenro01","Ross Ohlendorf","Ross","Ohlendorf","R","R",446,407,88,8,39,0.216,0.285,0,0,1.69,1.61
"ohlmami01","Mike Ohlman","Mike","Ohlman","R","R",65,60,17,1,5,0.283,0.338,0,0,0.34,0.21
"ohmanwi01","Will Ohman","Will","Ohman","L","L",98,84,26,1,14,0.31,0.408,0,0,0.83,0.84
"ohmeke01","Kevin Ohme","Kevin","Ohme","L","L",10,9,3,0,1,0.333,0.4,0,0,0.01,0.02
"ohopplo01","Logan O Hoppe","Logan","O'Hoppe","R","R",766,689,184,28,62,0.267,0.337,12,3,4.19,3.39
"ohse01","Seunghwan Oh","Seunghwan","Oh","R","R",65,58,17,1,7,0.293,0.369,0,0,1.07,1.04
"ohtansh01","Shohei Ohtani","Shohei","Ohtani","L","R",3877,3298,989,189,525,0.3,0.398,30,24,32.47,31.86
"ojedaau01","Augie Ojeda","Augie","Ojeda","B","R",1573,1379,340,15,163,0.247,0.332,20,11,6.24,4.89
"ojedabo01","Bob Ojeda","Bob","Ojeda","L","L",17,15,3,0,2,0.2,0.294,0,0,0,0
"ojedami01","Miguel Ojeda","Miguel","Ojeda","R","R",613,536,129,15,70,0.241,0.331,4,3,-0.23,2.04
"okajihi01","Hideki Okajima","Hideki","Okajima","L","L",3,2,1,0,1,0.5,0.667,0,0,0.02,0.02
"okertst01","Steven Okert","Steven","Okert","L","L",90,80,23,1,10,0.288,0.367,0,0,0.64,0.58
"olerujo01","John Olerud","John","Olerud","L","L",9215,7795,2303,197,1236,0.295,0.394,88,96,57.7,56.42
"olivaed02","Edward Olivares","Edward","Olivares","R","R",1036,927,251,24,74,0.271,0.336,23,12,2.13,1.8
"olivaja01","Jared Oliva","Jared","Oliva","R","R",12,10,3,0,2,0.3,0.417,0,0,0.02,0.02
"olivaom01","Omar Olivares","Omar","Olivares","R","R",256,242,62,4,13,0.256,0.293,0,1,1.26,0.99
"olivato01","Tony Oliva","Tony","Oliva","L","R",6927,6402,1942,192,409,0.303,0.348,59,57,41.48,38.71
"oliveal01","Al Oliver","Al","Oliver","L","L",9760,8972,2779,264,613,0.31,0.356,81,94,49.82,49.24
"olivean01","Andy Oliver","Andy","Oliver","L","L",19,17,4,0,2,0.235,0.316,0,0,0,0
"olivebo01","Bob Oliver","Bob","Oliver","R","R",3206,3020,789,103,142,0.261,0.296,19,25,2.74,2.2
"oliveda01","Dave Oliver","Dave","Oliver","L","R",30,25,8,0,4,0.32,0.433,1,0,0.21,0.17
"oliveda02","Darren Oliver","Darren","Oliver","R","L",462,428,103,3,31,0.241,0.297,3,0,1.85,2.24
"olivege01","Gene Oliver","Gene","Oliver","R","R",2396,2140,531,76,228,0.248,0.323,14,14,5.78,6.63
"olivehe01","Héctor Olivera","Hector","Olivera","R","R",240,214,60,5,22,0.28,0.35,2,2,0.55,0.53
"olivejo01","Joe Oliver","Joe","Oliver","R","R",3808,3537,834,78,222,0.236,0.281,15,34,-1.17,5.07
"olivomi01","Miguel Olivo","Miguel","Olivo","R","R",4117,3783,972,135,281,0.257,0.311,29,24,16.17,14.29
"olmedra01","Ray Olmedo","Ray","Olmedo","B","R",460,418,108,6,40,0.258,0.324,1,1,0.0899999999999999,1.24
"olmolu01","Luis Olmo","Luis","Olmo","R","R",764,736,224,18,27,0.304,0.33,1,0,0.81,1.97
"olmosed01","Edgar Olmos","Edgar","Olmos","L","L",5,4,1,0,1,0.25,0.4,0,0,0.03,0.03
"olmstal01","Al Olmsted","Al","Olmsted","R","L",9,8,2,0,1,0.25,0.333,0,0,0.01,0
"olsensc01","Scott Olsen","Scott","Olsen","L","L",515,473,103,6,42,0.218,0.282,0,0,2.68,1.98
"olsenve01","Vern Olsen","Vern","Olsen","R","L",239,227,51,2,12,0.225,0.264,0,0,1.36,0.67
"olsonga01","Garrett Olson","Garrett","Olson","R","L",36,31,8,1,4,0.258,0.333,0,1,0.15,0.09
"olsongr02","Greg Olson","Greg","Olson","R","R",1455,1302,291,15,138,0.224,0.3,7,8,0.72,2.25
"olsonma02","Matt Olson","Matt","Olson","L","R",5043,4293,1207,254,655,0.281,0.381,60,35,39.22,34.05
"olsonty01","Tyler Olson","Tyler","Olson","R","L",2,1,0,0,1,0,0.5,0,0,0.01,0.01
"oltmi01","Mike Olt","Mike","Olt","R","R",548,474,115,19,63,0.243,0.332,4,7,1.19,1.22
"olwined01","Ed Olwine","Ed","Olwine","R","L",4,3,1,0,1,0.333,0.5,0,0,0.02,0.02
"omallry01","Ryan O Malley","Ryan","O'Malley","R","L",30,27,7,1,3,0.259,0.333,0,0,0.05,0.03
"omallsh01","Shawn O Malley","Shawn","O'Malley","B","R",449,392,104,7,53,0.265,0.356,3,1,2.47,2.13
"omogrbr01","Brian Omogrosso","Brian","Omogrosso","R","R",1,0,0,0,1,NA,1,0,0,0.01,0.01
"onajo01","Jorge Oña","Jorge","Ona","R","R",12,9,3,0,2,0.333,0.5,1,0,0.04,0.03
"ondrulo01","Logan Ondrusek","Logan","Ondrusek","R","R",101,88,22,2,13,0.25,0.347,0,0,1.64,1.58
"oneilty01","Tyler O Neill","Tyler","O'Neill","R","R",2541,2221,607,112,264,0.273,0.356,33,23,18.15,16.91
"onisra01","Manuel Onis","Manuel","Onis","R","R",1,0,0,0,1,NA,1,0,0,0,0
"ontivst01","Steve Ontiveros","Steve","Ontiveros","B","R",2540,2193,586,31,312,0.267,0.36,16,19,7.53,9.18
"ontivst02","Steve Ontiveros","Steve","Ontiveros","R","R",0,0,0,0,0,NA,NA,0,0,0,0
"oquenjo01","José Oquendo","Jose","Oquendo","B","R",3422,2947,772,15,441,0.262,0.355,3,31,15.8,16.88
"ordazlu01","Luis Ordaz","Luis","Ordaz","R","R",637,585,126,0,45,0.215,0.272,2,5,-2.93,-2.37
"ordento01","Tony Ordenana","Tony","Ordenana","R","R",4,3,1,0,1,0.333,0.5,0,0,0,0.01
"ordonma01","Magglio Ordonez","Magglio","Ordonez","R","R",7648,6886,2098,227,652,0.305,0.365,45,65,43.32,40.01
"ordonre01","Rey Ordóñez","Rey","Ordonez","R","R",2011,1861,462,9,129,0.248,0.296,5,16,-2.77555756156289e-17,2.31
"orengjo01","Joe Orengo","Joe","Orengo","R","R",765,676,156,11,87,0.231,0.32,2,0,1.11,1.31
"orfna01","Nate Orf","Nate","Orf","R","R",91,79,21,2,11,0.266,0.363,1,0,0.28,0.29
"orieke01","Kevin Orie","Kevin","Orie","R","R",1182,1069,251,12,84,0.235,0.298,17,12,1.57,2
"orlanpa01","Paulo Orlando","Paulo","Orlando","R","R",1106,1016,287,20,75,0.282,0.337,11,4,5.1,4.59
"orneljo01","Jonathan Ornelas","Jonathan","Ornelas","R","R",16,13,4,0,1,0.308,0.438,2,0,0.01,0.01
"oroscje01","Jesse Orosco","Jesse","Orosco","R","L",64,52,15,0,10,0.288,0.391,0,2,0.18,0.18
"orourry01","Ryan O Rourke","Ryan","O'Rourke","R","L",20,17,4,0,3,0.235,0.35,0,0,0.04,0.03
"orrpe01","Pete Orr","Pete","Orr","L","R",1173,1082,295,12,84,0.273,0.327,4,3,5.2,4.06
"orsater01","Ernie Orsatti","Ernie","Orsatti","L","L",1909,1780,493,7,124,0.277,0.326,5,0,-2.5,1.51
"orsinjo01","John Orsino","John","Orsino","R","R",1248,1125,270,36,96,0.24,0.307,17,10,1.31,3.36
"orsuljo01","Joe Orsulak","Joe","Orsulak","L","L",3703,3407,972,47,256,0.285,0.337,19,21,9.37,7.21
"ortajo01","Jorge Orta","Jorge","Orta","L","R",6466,5810,1637,160,561,0.282,0.344,28,67,21.44,17.69
"ortegjo01","Jose Ortega","Jose","Ortega","R","R",1,0,0,0,1,NA,1,0,0,0,0
"ortegol01","Oliver Ortega","Oliver","Ortega","R","R",2,1,0,0,1,0,0.5,0,0,0.01,0.01
"ortegph01","Phil Ortega","Phil","Ortega","R","R",245,216,41,0,26,0.19,0.273,0,3,-0.54,-0.56
"ortegra01","Rafael Ortega","Rafael","Ortega","L","R",1595,1393,384,24,178,0.276,0.358,9,15,5,6.03
"ortenfr01","Frank Ortenzio","Frank","Ortenzio","R","R",26,23,7,1,3,0.304,0.385,0,0,0.08,0.1
"ortizda01","David Ortiz","David","Ortiz","L","L",10093,8580,2416,521,1383,0.282,0.38,38,92,61.99,56.59
"ortizda02","Danny Ortiz","Danny","Ortiz","L","L",65,58,16,1,7,0.276,0.354,0,0,0.2,0.14
"ortizhe01","Héctor Ortiz","Hector","Ortiz","R","R",321,299,77,0,20,0.258,0.308,2,0,0.97,0.72
"ortizja01","Javier Ortiz","Javier","Ortiz","R","R",191,165,46,2,25,0.279,0.372,0,1,0.47,1.05
"ortizjo05","Joe Ortiz","Joe","Ortiz","L","L",3,2,1,0,1,0.5,0.667,0,0,0.02,0.02
"ortizjo06","Joey Ortiz","Joey","Ortiz","R","R",554,472,128,8,68,0.271,0.365,6,8,3.39,3.77
"ortizju01","Junior Ortiz","Junior","Ortiz","R","R",2084,1921,490,7,133,0.255,0.308,18,12,-1.14,-0.0700000000000001
"ortizra02","Ramon Ortiz","Rafaelito","Ortiz","R","R",370,337,73,6,33,0.217,0.286,0,0,1.44,1.59
"ortizru01","Russ Ortiz","Russ","Ortiz","R","R",1022,937,222,14,79,0.237,0.296,2,4,6.05,6.07
"ortmeda01","Daniel Ortmeier","Daniel","Ortmeier","B","L",484,436,117,10,42,0.268,0.337,4,2,0.45,1.31
"ortonjo01","John Orton","John","Orton","R","R",421,385,77,4,31,0.2,0.268,5,0,0.0499999999999999,-0.52
"orvelch01","Chad Orvella","Chad","Orvella","R","R",2,1,0,0,1,0,0.5,0,0,0.01,0.01
"osbordo01","Donovan Osborne","Donovan","Osborne","B","L",222,209,43,1,12,0.206,0.252,1,0,0.68,0.89
"osburpa01","Pat Osburn","Pat","Osburn","L","L",3,2,0,0,1,0,0.333,0,0,0,0
"osichjo01","Josh Osich","Josh","Osich","L","L",97,85,23,1,12,0.271,0.361,0,0,0.83,0.85
"osikke01","Keith Osik","Keith","Osik","R","R",1509,1360,316,8,127,0.232,0.305,17,5,-2.09,-1.59
"osorifr01","Franquelis Osoria","Franquelis","Osoria","R","R",139,126,33,3,13,0.262,0.331,0,0,1.21,1.16
"osteecl01","Claude Osteen","Claude","Osteen","L","L",1620,1536,332,14,72,0.216,0.251,3,9,2.43,2.5
"osteeda01","Darrell Osteen","Darrell","Osteen","R","R",2,1,0,0,1,0,0.5,0,0,0.01,0
"osterbi01","Bill Oster","Bill","Oster","L","L",3,2,1,0,1,0.5,0.667,0,0,0,0
"osterfr01","Fritz Ostermueller","Fritz","Ostermueller","L","L",857,823,187,0,32,0.227,0.258,2,0,-2.85,-1.5
"ostrojo02","Joe Ostrowski","Joe","Ostrowski","L","L",117,99,21,0,18,0.212,0.333,0,0,0.71,0.48
"osullse01","Sean O Sullivan","Sean","O'Sullivan","R","R",195,176,49,4,19,0.278,0.349,0,0,0.84,0.87
"osunajo01","José Osuna","Jose","Osuna","R","R",833,761,208,21,62,0.273,0.329,4,6,3.3,3.12
"osunaro01","Roberto Osuna","Roberto","Osuna","R","R",15,12,4,0,3,0.333,0.467,0,0,0.07,0.07
"oswalco01","Corey Oswalt","Corey","Oswalt","R","R",118,107,23,2,10,0.215,0.28,0,1,0.34,0.31
"oswalro01","Roy Oswalt","Roy","Oswalt","R","R",1327,1226,264,12,95,0.215,0.274,5,1,3.72,3.74
"oteroda01","Dan Otero","Dan","Otero","R","R",25,20,6,0,5,0.3,0.44,0,0,0.08,0.08
"otisam01","Amos Otis","Amos","Otis","R","R",8124,7216,2016,240,777,0.279,0.348,32,99,50.17,46.9
"otsukak01","Akinori Otsuka","Akinori","Otsuka","R","R",30,26,8,0,4,0.308,0.4,0,0,0.07,0.08
"ottavad01","Adam Ottavino","Adam","Ottavino","B","R",232,207,55,3,25,0.266,0.345,0,0,2,1.92
"otted01","Ed Ott","Ed","Ott","L","R",2041,1854,493,45,171,0.266,0.327,3,13,8.23,8.35
"ottenji01","Jim Otten","Jim","Otten","R","R",8,6,2,0,2,0.333,0.5,0,0,0.06,0.06
"ottme01","Mel Ott","Mel","Ott","L","R",11061,9372,2659,415,1625,0.284,0.393,64,0,99.87,95.98
"outmaja01","James Outman","James","Outman","L","R",710,583,155,21,89,0.266,0.386,30,8,5.1,6.07
"outmajo01","Josh Outman","Josh","Outman","L","L",163,146,35,3,17,0.24,0.319,0,0,1.27,1.17
"overbly01","Lyle Overbay","Lyle","Overbay","L","L",5844,5094,1412,133,697,0.277,0.364,18,35,26.24,21.33
"overtco01","Connor Overton","Connor","Overton","L","R",22,20,6,1,2,0.3,0.364,0,0,0.35,0.39
"overtdi01","Dillon Overton","Dillon","Overton","L","L",16,14,5,0,2,0.357,0.438,0,0,0.01,0.01
"oviedjo01","Johan Oviedo","Johan","Oviedo","R","R",88,79,20,1,9,0.253,0.33,0,0,0.47,0.4
"oviedlu01","Luis Oviedo","Luis","Oviedo","R","R",10,9,2,0,1,0.222,0.3,0,0,0.04,0.04
"owchibo01","Bob Owchinko","Bob","Owchinko","L","L",170,153,33,1,17,0.216,0.294,0,0,0.45,0.56
"owenhu01","Hunter Owen","Hunter","Owen","R","R",58,52,13,1,5,0.25,0.328,1,0,0.1,0.05
"owenla01","Larry Owen","Larry","Owen","R","R",380,337,73,7,39,0.217,0.3,2,2,0.59,0.82
"owenma01","Marv Owen","Marv","Owen","R","R",2778,2547,679,31,212,0.267,0.328,19,0,1.1,2.04
"owenmi01","Mickey Owen","Mickey","Owen","R","R",3371,3138,739,11,221,0.236,0.288,12,0,-1.51,-1.92
"owenser01","Eric Owens","Eric","Owens","R","R",2614,2425,636,11,169,0.262,0.311,9,11,-3.24,-1.96
"owenshe01","Henry Owens","Henry","Owens","R","R",10,8,3,0,2,0.375,0.5,0,0,0.05,0.04
"owenshe02","Henry Owens","Henry","Owens","L","L",29,26,7,1,3,0.269,0.345,0,0,0.07,0.07
"owensja02","Jayhawk Owens","Jayhawk","Owens","R","R",305,269,53,3,31,0.197,0.282,2,3,-0.43,-0.57
"owensje01","Jerry Owens","Jerry","Owens","L","L",555,503,132,6,49,0.262,0.332,3,0,2.31,2.42
"owensji01","Jim Owens","Jim","Owens","R","R",225,204,41,0,20,0.201,0.276,1,0,-0.72,-0.63
"owensp01","Spike Owen","Spike","Owen","B","R",5368,4757,1185,48,567,0.249,0.329,13,31,14.42,11.81
"owingch01","Chris Owings","Chris","Owings","R","R",2634,2382,629,41,224,0.264,0.33,15,13,9.86,8.66
"owingmi01","Micah Owings","Micah","Owings","R","R",484,442,123,16,39,0.278,0.337,1,2,5.31,5.85
"ownberi01","Rick Ownbey","Rick","Ownbey","R","R",14,12,3,0,2,0.25,0.357,0,0,0.01,0.01
"oxsprch01","Chris Oxspring","Chris","Oxspring","L","R",20,18,4,0,2,0.222,0.3,0,0,0.01,0.02
"oylerra01","Ray Oyler","Ray","Oyler","R","R",735,661,127,2,64,0.192,0.265,4,6,-0.46,-0.7
"ozunama01","Marcell Ozuna","Marcell","Ozuna","R","R",6789,6043,1781,290,683,0.295,0.367,28,35,38.71,40.51
"ozunapa01","Pablo Ozuna","Pablo","Ozuna","R","R",1036,959,270,10,63,0.282,0.334,13,1,0.54,1.12
"paceljo01","John Pacella","John","Pacella","R","R",5,4,1,0,1,0.25,0.4,0,0,0,0
"pachecr01","Cristian Pache","Cristian","Pache","R","R",635,579,131,6,52,0.226,0.293,3,1,0.49,-0.14
"pachejo01","Jordan Pacheco","Jordan","Pacheco","R","R",1439,1309,360,21,113,0.275,0.335,9,8,3.52,0.75
"pacilpa01","Pat Pacillo","Pat","Pacillo","R","R",14,12,3,0,2,0.25,0.357,0,0,0,0.01
"paciojo01","John Paciorek","John","Paciorek","R","R",5,4,1,0,1,0.25,0.4,0,0,0.01,0.01
"pacioto01","Tom Paciorek","Tom","Paciorek","R","R",4161,3791,1096,96,304,0.289,0.344,31,35,16.09,16.07
"paddach01","Chris Paddack","Chris","Paddack","R","R",206,191,36,2,14,0.188,0.248,1,0,0.5,0.49
"paddeto01","Tom Padden","Tom","Padden","R","R",906,810,187,2,95,0.231,0.312,1,0,-2.13,0.39
"padgedo01","Don Padgett","Don","Padgett","L","R",1781,1686,428,44,92,0.254,0.294,3,0,1.92,3.09
"padilju01","Juan Padilla","Juan","Padilla","R","R",26,23,6,0,3,0.261,0.346,0,0,0.32,0.28
"padilvi01","Vicente Padilla","Vicente","Padilla","R","R",639,578,131,5,57,0.227,0.299,3,1,0.0600000000000001,0.8
"padloke01","Kevin Padlo","Kevin","Padlo","R","R",80,71,17,1,9,0.239,0.325,0,0,0.2,0.16
"pafkoan01","Andy Pafko","Andy","Pafko","R","R",7336,6782,1876,249,463,0.277,0.329,76,15,32.23,28.86
"paganan01","Ángel Pagán","Angel","Pagan","B","R",4603,4153,1223,83,412,0.294,0.356,4,34,26.75,25.67
"paganem01","Emilio Pagán","Emilio","Pagan","L","R",99,87,25,2,12,0.287,0.374,0,0,0.93,0.81
"paganjo01","Jose Pagan","Jose","Pagan","R","R",4135,3818,993,49,260,0.26,0.308,21,36,5.93,3.29
"pagejo01","Joe Page","Joe","Page","L","L",77,72,18,0,5,0.25,0.299,0,0,-1.04,-0.35
"pagelka01","Karl Pagel","Karl","Pagel","L","L",44,35,10,1,9,0.286,0.432,0,0,0.48,0.46
"pagemi02","Mitchell Page","Mitchell","Page","L","R",2381,2092,579,77,257,0.277,0.359,18,14,10.98,9.78
"pagesa01","Sam Page","Sam","Page","L","R",8,7,3,0,1,0.429,0.5,0,0,0.01,0.01
"pageva01","Vance Page","Vance","Page","R","R",22,20,6,0,2,0.3,0.364,0,0,0.01,0.02
"pagliji01","Jim Pagliaroni","Jim","Pagliaroni","R","R",3212,2793,672,93,376,0.241,0.334,25,18,13.45,14.53
"paglimi01","Mike Pagliarulo","Mike","Pagliarulo","L","R",4387,3978,979,122,352,0.246,0.31,29,28,10.46,12.23
"pagnoma01","Matt Pagnozzi","Matt","Pagnozzi","R","R",278,251,73,5,25,0.291,0.36,2,0,1.4,0.3
"pagnoto01","Tom Pagnozzi","Tom","Pagnozzi","R","R",3056,2859,724,36,162,0.253,0.294,11,24,7.1,9.87
"paintla01","Lance Painter","Lance","Painter","L","L",52,45,10,0,5,0.222,0.288,0,2,-0.09,-0.06
"palacjo01","Josh Palacios","Josh","Palacios","L","R",500,455,119,11,33,0.262,0.322,9,3,0.54,0.64
"palacri01","Richie Palacios","Richie","Palacios","L","R",352,289,77,7,53,0.266,0.389,7,3,2.63,2.28
"palacvi01","Vicente Palacios","Vicente","Palacios","R","R",19,17,4,0,2,0.235,0.316,0,0,0,0
"palicer01","Erv Palica","Erv","Palica","R","R",198,186,42,1,12,0.226,0.273,0,0,0.36,0.39
"palmeda01","David Palmer","David","Palmer","R","R",315,294,63,4,21,0.214,0.267,0,0,1.14,1.18
"palmede01","Dean Palmer","Dean","Palmer","R","R",5171,4650,1107,207,423,0.238,0.305,49,49,13.56,11.13
"palmeji01","Jim Palmer","Jim","Palmer","R","R",155,152,35,0,3,0.23,0.245,0,0,0.93,0.66
"palmelo01","Lowell Palmer","Lowell","Palmer","R","R",30,28,6,1,2,0.214,0.267,0,0,0.06,0.05
"palmema01","Matt Palmer","Matt","Palmer","R","R",85,76,22,2,9,0.289,0.365,0,0,0.36,0.34
"palmera01","Rafael Palmeiro","Rafael","Palmeiro","L","L",12121,10596,2989,453,1319,0.282,0.363,87,119,72.53,69.62
"panikjo01","Joe Panik","Joe","Panik","L","R",3314,2930,831,51,333,0.284,0.358,24,27,14.62,15.44
"pankoji01","Jim Pankovits","Jim","Pankovits","R","R",470,427,116,9,41,0.272,0.336,1,1,1.55,1.75
"pannoth01","Thomas Pannone","Thomas","Pannone","L","L",1,0,0,0,1,NA,1,0,0,0,0
"papeke01","Ken Pape","Ken","Pape","R","R",30,24,6,1,4,0.25,0.4,2,0,0.35,0.29
"papeljo01","Jonathan Papelbon","Jonathan","Papelbon","R","R",83,67,19,0,16,0.284,0.422,0,0,0.56,0.54
"papist01","Stan Papi","Stan","Papi","R","R",579,531,129,10,42,0.243,0.299,2,4,0.78,0.89
"pappaer01","Erik Pappas","Erik","Pappas","R","R",339,287,75,0,45,0.261,0.357,1,6,0.36,1.04
"pappami01","Milt Pappas","Milt","Pappas","R","R",1039,986,199,13,43,0.202,0.241,8,2,-2.49,-2.15
"paquecr01","Craig Paquette","Craig","Paquette","R","R",1267,1196,291,30,51,0.243,0.275,7,13,-1.85,-1.11022302462516e-16
"pareded01","Eduardo Paredes","Eduardo","Paredes","R","R",1,0,0,0,1,NA,1,0,0,0.01,0.01
"pareded02","Edward Paredes","Edward","Paredes","L","L",16,14,6,0,2,0.429,0.5,0,0,0.08,0.08
"paredis01","Isaac Paredes","Isaac","Paredes","R","R",2018,1681,453,67,257,0.269,0.385,66,14,12.35,12.81
"paredji01","Jimmy Paredes","Jimmy","Paredes","B","R",1266,1157,317,27,100,0.274,0.33,1,8,1.56,2.55
"parenfr01","Freddy Parent","Freddy","Parent","R","R",5709,5411,1165,15,247,0.215,0.256,51,0,5.81,1.98
"parenma01","Mark Parent","Mark","Parent","R","R",1188,1097,243,42,80,0.222,0.274,2,9,3.16,3.58
"pariske01","Kelly Paris","Kelly","Paris","R","R",43,41,11,3,2,0.268,0.302,0,0,0.26,0.29
"parismi01","Mike Parisi","Mike","Parisi","R","R",34,31,8,1,3,0.258,0.324,0,0,0.34,0.28
"parkby01","ByungHo Park","Byung Ho","Park","R","R",277,240,60,11,29,0.25,0.339,5,3,0.65,0.78
"parkch01","Chan Ho Park","Chan Ho","Park","R","R",838,781,176,7,55,0.225,0.276,0,2,2.74,3.18
"parkebi01","Billy Parker","Billy","Parker","R","R",209,193,45,4,14,0.233,0.282,0,2,0.63,0.17
"parkebl01","Blake Parker","Blake","Parker","R","R",60,50,12,1,10,0.24,0.367,0,0,0.64,0.61
"parkeda01","Dave Parker","Dave","Parker","L","R",10304,9401,2738,342,761,0.291,0.345,56,86,45.44,44.56
"parkeha01","Harry Parker","Harry","Parker","R","R",83,74,17,0,9,0.23,0.313,0,0,0.13,0.01
"parkeja02","Jarrod Parker","Jarrod","Parker","R","R",20,18,6,0,2,0.333,0.4,0,0,0.01,0.01
"parkeja03","Jarrett Parker","Jarrett","Parker","L","L",623,546,148,21,71,0.271,0.361,6,0,3.18,3.62
"parkeky01","Kyle Parker","Kyle","Parker","R","R",267,245,64,6,22,0.261,0.322,0,0,-1.41,0.64
"parkeri01","Rick Parker","Rick","Parker","R","R",133,119,30,2,13,0.252,0.331,1,0,0.36,0.29
"parkewe01","Wes Parker","Wes","Parker","B","L",4907,4280,1215,75,563,0.284,0.367,24,40,22.47,21.78
"parksde01","Derek Parks","Derek","Parks","R","R",8,6,2,0,1,0.333,0.5,1,0,0,0
"parmech01","Chris Parmelee","Chris","Parmelee","L","L",1271,1128,310,38,128,0.275,0.352,10,5,5.5,5.37
"parmero01","Roy Parmelee","Roy","Parmelee","R","R",111,108,21,1,3,0.194,0.216,0,0,0.04,0.2
"parmlia01","Ian Parmley","Ian","Parmley","L","L",39,35,9,1,4,0.257,0.333,0,0,0.09,0.09
"parnebo01","Bobby Parnell","Bobby","Parnell","R","R",126,110,29,1,16,0.264,0.357,0,0,1.18,1.17
"parneme01","Mel Parnell","Mel","Parnell","L","L",556,538,117,0,17,0.217,0.243,1,0,-0.35,-0.3
"paronch01","Chad Paronto","Chad","Paronto","R","R",52,45,12,0,7,0.267,0.365,0,0,0.36,0.39
"parquji01","Jim Parque","Jim","Parque","L","L",5,4,1,0,1,0.25,0.4,0,0,0,0
"parrage01","Gerardo Parra","Gerardo","Parra","L","L",5385,4859,1370,94,447,0.282,0.345,40,39,24.83,22.39
"parrama01","Manny Parra","Manny","Parra","L","L",408,369,92,5,36,0.249,0.319,2,1,3.44,3.33
"parreje01","Jeff Parrett","Jeff","Parrett","R","R",16,12,3,0,4,0.25,0.438,0,0,-0.01,-0.02
"parrian01","Andy Parrino","Andy","Parrino","B","R",543,467,113,9,69,0.242,0.343,4,3,1.89,1.35
"parrijo01","John Parrish","John","Parrish","L","L",10,9,2,0,1,0.222,0.3,0,0,0.02,0.01
"parrila01","Larry Parrish","Larry","Parrish","R","R",7570,6866,1847,276,606,0.269,0.33,42,56,22.18,23.63
"parrila02","Lance Parrish","Lance","Parrish","R","R",7662,6921,1810,303,651,0.262,0.326,35,55,42.46,46.22
"parrist01","Steve Parris","Steve","Parris","R","R",103,99,21,0,4,0.212,0.243,0,0,-0.41,-0.11
"parrja01","James Parr","James","Parr","R","R",70,61,17,1,9,0.279,0.371,0,0,0.32,0.49
"parsobi01","Bill Parsons","Bill","Parsons","R","R",189,173,35,1,14,0.202,0.259,0,2,0.47,0.18
"parsoca01","Casey Parsons","Casey","Parsons","L","R",38,31,8,1,4,0.258,0.368,2,1,0.52,0.56
"parsowe01","Wes Parsons","Wes","Parsons","R","R",61,53,15,1,8,0.283,0.377,0,0,0.57,0.54
"partccu01","Curtis Partch","Curtis","Partch","R","R",27,23,6,0,4,0.261,0.37,0,0,0.08,0.08
"partero01","Roy Partee","Roy","Partee","R","R",735,660,153,2,72,0.232,0.31,3,0,-1.21,-0.12
"paschbe01","Ben Paschal","Ben","Paschal","R","R",661,629,166,26,29,0.264,0.3,3,0,0.18,0.00999999999999979
"pascuca01","Carlos Pascual","Carlos","Pascual","R","R",3,2,0,0,1,0,0.333,0,0,0,0
"pascuca02","Camilo Pascual","Camilo","Pascual","R","R",901,870,198,3,29,0.228,0.253,1,1,1.65,1.77
"pasleke01","Kevin Pasley","Kevin","Pasley","R","R",57,52,14,1,5,0.269,0.333,0,0,0.11,0.12
"pasquda01","Dan Pasqua","Dan","Pasqua","L","L",2789,2438,606,110,318,0.249,0.337,15,18,10.18,11.18
"pasquvi01","Vinnie Pasquantino","Vinnie","Pasquantino","L","L",1204,1044,292,35,127,0.28,0.36,14,19,4.19,4.5
"passecl01","Claude Passeau","Claude","Passeau","R","R",1023,1001,197,21,21,0.197,0.214,1,0,-1.26,-1.7
"pastofr01","Frank Pastore","Frank","Pastore","R","R",298,276,57,4,22,0.207,0.265,0,0,1.01,1
"pastoty01","Tyler Pastornicky","Tyler","Pastornicky","R","R",410,370,100,5,38,0.27,0.339,1,1,1.25,1.45
"patebo01","Bob Pate","Bob","Pate","R","R",37,31,8,0,4,0.258,0.324,0,2,0.01,0.12
"patekfr01","Freddie Patek","Freddie","Patek","R","R",6265,5636,1397,67,555,0.248,0.317,31,43,27.37,23.46
"paterjo01","Joe Paterson","Joe","Paterson","R","L",17,13,3,0,4,0.231,0.412,0,0,0.12,0.11
"pattebo01","Bob Patterson","Bob","Patterson","R","L",51,47,11,0,4,0.234,0.294,0,0,-0.47,-0.38
"patteco01","Corey Patterson","Corey","Patterson","L","R",3642,3365,884,81,242,0.263,0.314,19,16,16.67,18.5
"patteda03","Dave Patterson","Dave","Patterson","R","R",7,6,2,0,1,0.333,0.429,0,0,0.01,0.01
"patteer01","Eric Patterson","Eric","Patterson","L","R",849,748,194,17,95,0.259,0.342,1,5,3.24,2.81
"pattejo01","John Patterson","John","Patterson","B","R",550,500,109,2,27,0.218,0.289,23,0,0.43,-0.01
"pattejo02","John Patterson","John","Patterson","R","R",414,383,81,6,30,0.211,0.271,1,0,0.83,0.62
"pattejo03","Jordan Patterson","Jordan","Patterson","L","L",73,66,22,1,7,0.333,0.397,0,0,0.45,0.6
"pattemi01","Mike Patterson","Mike","Patterson","L","R",57,51,15,2,6,0.294,0.368,0,0,0.27,0.25
"pattere01","Reggie Patterson","Reggie","Patterson","R","R",5,4,1,0,1,0.25,0.4,0,0,0.01,0
"pattesc01","Scott Patterson","Scott","Patterson","R","R",3,2,1,0,1,0.5,0.667,0,0,0.02,0.01
"pattoda01","David Patton","David","Patton","R","R",7,6,2,0,1,0.333,0.429,0,0,0.04,0.04
"pattosp01","Spencer Patton","Spencer","Patton","R","R",35,30,8,1,5,0.267,0.371,0,0,0.37,0.39
"pattotr01","Troy Patton","Troy","Patton","B","L",57,50,15,1,7,0.3,0.386,0,0,0.24,0.21
"pauleda01","David Pauley","David","Pauley","R","R",6,4,1,0,2,0.25,0.5,0,0,0.05,0.04
"paulida01","David Paulino","David","Paulino","R","R",1,0,0,0,1,NA,1,0,0,0.01,0.01
"paulife01","Felipe Paulino","Felipe","Paulino","R","R",248,225,54,4,22,0.24,0.31,1,0,1.42,1.44
"pauliro01","Ronny Paulino","Ronny","Paulino","R","R",2165,1963,543,40,185,0.277,0.339,5,12,9.91,8.71
"pauljo01","Josh Paul","Josh","Paul","R","R",1150,1042,258,14,100,0.248,0.314,3,5,1.68,2.34
"paulsbe01","Ben Paulsen","Ben","Paulsen","L","R",637,577,153,18,54,0.265,0.33,3,3,3.53,1.33
"paulxa01","Xavier Paul","Xavier","Paul","L","R",1032,923,254,18,104,0.275,0.35,3,2,4.03,4.26
"pavanca01","Carl Pavano","Carl","Pavano","R","R",479,447,106,6,31,0.237,0.288,1,0,1.01,1.1
"pavledo01","Don Pavletich","Don","Pavletich","R","R",1698,1516,388,44,164,0.256,0.33,8,10,3.04,3.89
"pawlost01","Stan Pawloski","Stan","Pawloski","R","R",9,8,2,0,1,0.25,0.333,0,0,0,0
"paxtoja01","James Paxton","James","Paxton","L","L",23,20,5,1,3,0.25,0.348,0,0,0.02,0.02
"payamjo01","Joel Payamps","Joel","Payamps","R","R",2,1,0,0,1,0,0.5,0,0,0.01,0.01
"payanpe01","Pedro Payano","Pedro","Payano","R","R",17,15,5,0,2,0.333,0.412,0,0,0.01,0.01
"paynemi01","Mike Payne","Mike","Payne","R","R",1,0,0,0,1,NA,1,0,0,0,0
"paynety01","Tyler Payne","Tyler","Payne","R","R",29,26,7,1,3,0.269,0.345,0,0,0.02,0.02
"paytoja01","Jay Payton","Jay","Payton","R","R",4414,4065,1120,91,285,0.276,0.326,32,32,18.74,15.68
"paytoma01","Mark Payton","Mark","Payton","L","L",106,95,26,1,11,0.274,0.349,0,0,0.2,0.17
"pazosja01","James Pazos","James","Pazos","R","L",17,13,3,0,4,0.231,0.412,0,0,0.08,0.07
"peacobr01","Brad Peacock","Brad","Peacock","R","R",165,147,43,3,18,0.293,0.37,0,0,0.58,0.47
"peacoma01","Matt Peacock","Matt","Peacock","R","R",82,75,21,1,7,0.28,0.341,0,0,0.73,0.7
"pearcdi01","Dickey Pearce","Dickey","Pearce","R","R",1109,1007,189,2,102,0.188,0.262,0,0,2.86,2.34
"pearcjo01","Josh Pearce","Josh","Pearce","R","R",37,34,10,1,3,0.294,0.351,0,0,0.15,0.08
"pearcst01","Steve Pearce","Steve","Pearce","R","R",3054,2659,734,90,340,0.276,0.363,36,19,18.79,15.96
"pearsal02","Albie Pearson","Albie","Pearson","L","L",2652,2273,589,5,365,0.259,0.363,10,4,9.73,8.26
"pearsja01","Jason Pearson","Jason","Pearson","L","L",0,0,0,0,0,NA,NA,0,0,0,0
"pearsmo01","Monte Pearson","Monte","Pearson","R","R",677,627,138,4,50,0.22,0.278,0,0,0.48,0.9
"peavyja01","Jake Peavy","Jake","Peavy","R","R",1274,1168,281,16,101,0.241,0.302,3,2,6.19,5.76
"peckha01","Hal Peck","Hal","Peck","L","L",508,481,141,11,25,0.293,0.331,2,0,1.33,1.35
"peckiro01","Roger Peckinpaugh","Roger","Peckinpaugh","R","R",6501,5893,1177,40,591,0.2,0.275,17,0,16.51,12.17
"pecotbi01","Bill Pecota","Bill","Pecota","R","R",1555,1393,347,21,149,0.249,0.325,9,4,8.08,5.59
"pedenle01","Les Peden","Les","Peden","R","R",30,27,6,1,3,0.222,0.3,0,0,0.17,0.16
"pederjo01","Joc Pederson","Joc","Pederson","L","L",4685,3955,1069,195,600,0.27,0.377,98,32,24.43,26.78
"pedrial01","Al Pedrique","Al","Pedrique","R","R",420,385,102,1,30,0.265,0.324,4,1,1.26,0.89
"pedrodu01","Dustin Pedroia","Dustin","Pedroia","R","R",6658,5841,1746,144,721,0.299,0.376,37,59,56.21,50.88
"peersja01","Jack Peerson","Jack","Peerson","R","R",19,17,5,0,2,0.294,0.368,0,0,0,0.01
"pegueca01","Carlos Peguero","Carlos","Peguero","L","L",578,510,129,22,62,0.253,0.337,4,2,2.29,2.41
"pegueel01","Elvis Peguero","Elvis","Peguero","R","R",4,3,1,0,1,0.333,0.5,0,0,0.01,0.01
"peguefr01","Francisco Peguero","Francisco","Peguero","R","R",148,136,35,4,12,0.257,0.318,0,0,1.55,0.8
"pegueja01","Jailen Peguero","Jailen","Peguero","R","R",13,11,3,0,2,0.273,0.385,0,0,0.06,0.06
"pegueli01","Liover Peguero","Liover","Peguero","R","R",11,9,3,0,2,0.333,0.455,0,0,0.03,0.02
"peitzjo01","Joe Peitz","Joe","Peitz",NA,NA,22,20,5,0,2,0.25,0.318,0,0,0.34,0.23
"pelfrmi01","Mike Pelfrey","Mike","Pelfrey","R","R",628,574,124,8,51,0.216,0.282,2,1,1.91,1.88
"pelhacd01","CD Pelham","CD","Pelham","R","L",1,0,0,0,1,NA,1,0,0,0.01,0
"pelloki01","Kit Pellow","Kit","Pellow","R","R",268,243,61,4,18,0.251,0.317,6,1,0.38,0.78
"pembeda01","Dave Pember","Dave","Pember","R","R",9,8,2,0,1,0.25,0.333,0,0,0.01,0.01
"pemberu01","Rudy Pemberton","Rudy","Pemberton","R","R",147,135,38,3,7,0.281,0.34,5,0,0.19,0.06
"penaal01","Alejandro Pena","Alejandro","Peña","R","R",175,161,33,2,14,0.205,0.269,0,0,0.31,0.08
"penaar01","Ariel Peña","Ariel","Peña","R","R",56,51,14,1,5,0.275,0.339,0,0,0.2,0.18
"penabe01","Bert Pena","Bert","Peña","R","R",123,108,30,1,14,0.278,0.358,0,1,0.48,0.45
"penabr01","Brayan Peña","Brayan","Peña","B","R",2247,2037,560,39,183,0.275,0.334,7,20,8.97,9.11
"penaca01","Carlos Pena","Carlos","Peña","L","L",5951,4941,1262,266,890,0.255,0.374,75,45,32.09,25.94
"penael01","Elvis Pena","Elvis","Peña","B","R",28,25,6,0,3,0.24,0.321,0,0,-0.01,0.17
"penafe01","Félix Peña","Felix","Peña","R","R",106,95,25,2,11,0.263,0.34,0,0,0.59,0.54
"penafr01","Francisco Peña","Francisco","Peña","R","R",422,386,104,10,33,0.269,0.327,1,2,1.73,1.53
"penage01","Geronimo Pena","Geronimo","Pena","B","R",1148,1007,263,26,108,0.261,0.341,21,12,6.25,6.31
"penahi01","Hipolito Pena","Hipolito","Peña","L","L",7,6,2,0,1,0.333,0.429,0,0,0,0.01
"penaje02","Jeremy Peña","Jeremy","Peña","R","R",1905,1724,491,35,119,0.285,0.343,44,18,14.68,10.79
"penajo01","Jose Pena","Jose","Peña","R","R",11,9,2,0,2,0.222,0.364,0,0,0,0
"penaor01","Orlando Pena","Orlando","Peña","R","R",295,276,54,0,17,0.196,0.241,0,2,-4.4,-3.78
"penara02","Ramiro Pena","Ramiro","Peña","B","R",1072,972,272,21,91,0.28,0.342,4,5,6.02,5.59
"penaro01","Roberto Pena","Roberto","Peña","R","R",1093,1021,274,7,62,0.268,0.312,5,5,0.09,-0.31
"penato01","Tony Peña","Tony","Peña","R","R",6855,6327,1646,111,472,0.26,0.312,23,33,24.86,25.35
"penato02","Tony Pena","Tony","Peña","R","R",879,814,195,10,54,0.24,0.288,4,7,1.32,2.91
"penato03","Tony Pena","Tony","Peña","R","R",84,74,20,1,10,0.27,0.357,0,0,0.87,0.79
"penawi01","Wily Mo Peña","Wily Mo","Peña","R","R",1970,1792,461,74,148,0.257,0.321,23,7,2.02,5.14
"pencehu01","Hunter Pence","Hunter","Pence","R","R",7064,6354,1843,227,645,0.29,0.356,26,39,39.61,39.37
"pendlla01","Lance Pendleton","Lance","Pendleton","L","R",3,2,1,0,1,0.5,0.667,0,0,0.02,0.02
"pendlte01","Terry Pendleton","Terry","Pendleton","B","R",7331,6821,1811,126,430,0.266,0.308,15,65,27.96,28.37
"pennha01","Hayden Penn","Hayden","Penn","R","R",49,41,13,2,8,0.317,0.429,0,0,0.59,0.56
"pennicl01","Cliff Pennington","Cliff","Pennington","B","R",3440,3053,824,55,352,0.27,0.346,15,20,18.83,16.22
"pennybr01","Brad Penny","Brad","Penny","R","R",972,904,210,13,65,0.232,0.286,3,0,3.41,3.4
"pentzge01","Gene Pentz","Gene","Pentz","R","R",20,18,6,0,2,0.333,0.4,0,0,0.05,0.03
"pepitjo01","Joe Pepitone","Joe","Pepitone","L","L",5441,5117,1328,199,263,0.26,0.297,27,34,1.52,5.72
"peppela01","Laurin Pepper","Laurin","Pepper","R","R",18,17,4,0,1,0.235,0.278,0,0,0.01,0.01
"peralda01","David Peralta","David","Peralta","L","L",5114,4587,1333,111,444,0.291,0.355,40,43,24.78,25.21
"peralfr01","Freddy Peralta","Freddy","Peralta","R","R",276,256,53,3,20,0.207,0.264,0,0,1.16,1.08
"peraljh01","Jhonny Peralta","Jhonny","Peralta","R","R",7423,6592,1830,199,730,0.278,0.35,38,63,40.26,37.45
"peraljo01","Joel Peralta","Joel","Peralta","R","R",126,108,31,3,18,0.287,0.389,0,0,1.65,1.68
"peralwa01","Wandy Peralta","Wandy","Peralta","L","L",87,76,21,1,11,0.276,0.368,0,0,0.92,0.96
"peralwi01","Wily Peralta","Wily","Peralta","R","R",538,489,101,9,47,0.207,0.275,0,2,2.35,2.24
"perazjo01","José Peraza","Jose","Peraza","R","R",2370,2153,618,36,170,0.287,0.347,35,12,8.5,9.14
"perazos02","Oswald Peraza","Oswald","Peraza","R","R",268,230,56,3,24,0.243,0.351,14,0,0.35,0.57
"percitr01","Troy Percival","Troy","Percival","R","R",47,38,9,1,9,0.237,0.383,0,0,0.47,0.42
"percoja01","Jack Perconte","Jack","Perconte","L","R",1598,1424,390,8,158,0.274,0.348,8,8,7.52,6.07
"perdoan01","Angel Perdomo","Angel","Perdomo","L","L",10,9,2,0,1,0.222,0.3,0,0,0.04,0.04
"perdoge01","Geraldo Perdomo","Geraldo","Perdomo","B","R",1524,1290,332,12,192,0.257,0.36,25,17,8.54,7.39
"perdolu01","Luis Perdomo","Luis","Perdomo","R","R",47,42,10,1,5,0.238,0.319,0,0,0.55,0.46
"perdolu02","Luis Perdomo","Luis","Perdomo","R","R",328,299,71,4,27,0.237,0.302,1,1,2.34,2.02
"perezan01","Antonio Perez","Antonio","Perez","R","R",718,638,163,8,71,0.255,0.336,7,2,0.71,0.86
"perezau01","Audry Pérez","Audry","Perez","R","R",15,13,4,0,2,0.308,0.4,0,0,0.01,0.01
"perezbe01","Beltran Perez","Beltran","Perez","R","R",48,42,14,1,6,0.333,0.417,0,0,0.41,0.44
"perezca01","Carlos Perez","Carlos","Perez","L","L",379,360,74,4,19,0.206,0.245,0,0,-0.0599999999999999,0.35
"perezca02","Carlos Pérez","Carlos","Perez","R","R",1040,935,244,21,85,0.261,0.326,10,10,4.94,2.87
"perezch01","Chris Perez","Chris","Perez","R","R",51,42,12,0,9,0.286,0.412,0,0,0.27,0.26
"perezci01","Cionel Pérez","Cionel","Perez","R","L",47,40,10,1,7,0.25,0.362,0,0,0.4,0.39
"perezed02","Eddie Pérez","Eddie","Perez","R","R",1915,1790,429,29,100,0.24,0.284,15,10,-0.44,1.32
"perezeu01","Eury Pérez","Eury","Perez","R","R",358,323,90,5,31,0.279,0.349,4,0,1.51,1.65
"perezfe01","Fernando Perez","Fernando","Perez","B","R",215,193,52,5,21,0.269,0.344,1,0,1.19,1.68
"perezge01","George Perez","George","Perez","R","R",3,2,0,0,1,0,0.333,0,0,0,0
"perezhe01","Hernán Pérez","Hernan","Perez","R","R",1984,1825,502,37,146,0.275,0.327,1,12,9.43,7.9
"perezjo02","Joe Perez","José","Pérez","R","R",9,8,2,0,1,0.25,0.333,0,0,0,0
"perezju01","Juan Perez","Juan","Perez","R","L",35,29,8,0,6,0.276,0.4,0,0,0.13,0.12
"perezju02","Juan Perez","Juan","Perez","R","R",431,392,110,7,36,0.281,0.343,2,1,2.97,2.82
"perezlu01","Luis Perez","Luis","Perez","L","L",1,0,0,0,1,NA,1,0,0,0.01,0.01
"perezma01","Marty Perez","Marty","Perez","R","R",3484,3186,795,32,268,0.25,0.308,10,20,4.24,3.32
"perezma02","Martín Pérez","Martin","Perez","L","L",90,80,22,3,10,0.275,0.356,0,0,0.23,0.19
"perezmi02","Miguel Perez","Miguel","Perez","R","R",27,24,6,1,3,0.25,0.333,0,0,0.04,0.02
"perezmi03","Michael Perez","Michael","Perez","L","R",788,706,165,18,75,0.234,0.31,4,3,3.52,1.71
"perezne01","Neifi Perez","Neifi","Perez","B","R",5365,5073,1172,24,239,0.231,0.264,7,46,4.22,-0.29
"perezod01","Odalis Perez","Odalis","Perez","L","L",659,617,122,6,41,0.198,0.249,1,0,1.57,1.05
"perezol01","Oliver Pérez","Oliver","Perez","L","L",816,743,166,9,71,0.223,0.29,0,2,4.19,3.66
"perezpa01","Pascual Perez","Pascual","Perez","R","R",369,335,70,3,31,0.209,0.279,2,1,0.0199999999999998,0.38
"perezra01","Rafael Perez","Rafael","Perez","L","L",28,21,7,0,7,0.333,0.5,0,0,0.12,0.11
"perezro02","Roberto Perez","Roberto","Perez","R","R",2083,1803,457,53,258,0.253,0.348,10,12,13.93,14.84
"perezsa02","Salvador Perez","Salvador","Perez","R","R",6692,6089,1708,268,436,0.281,0.336,104,63,44.32,28.81
"perezti01","Timo Perez","Timo","Perez","L","L",2004,1861,511,21,117,0.275,0.318,10,16,1.4,1.44
"perezto01","Tony Perez","Tony","Perez","R","R",11079,9933,2840,394,997,0.286,0.35,43,106,58.65,62.92
"perezto02","Tony Perezchica","Tony","Perezchica","R","R",11,8,2,0,2,0.25,0.364,0,1,0,0
"perezwi01","Williams Pérez","Williams","Perez","R","R",158,143,28,2,15,0.196,0.272,0,0,0.61,0.56
"perezye01","Yefri Pérez","Yefri","Perez","B","R",38,34,12,1,4,0.353,0.421,0,0,0.45,0.61
"perisma01","Matt Perisho","Matt","Perisho","L","L",15,13,5,0,2,0.385,0.467,0,0,0.06,0.06
"perkibl01","Blake Perkins","Blake","Perkins","B","R",597,516,138,7,72,0.267,0.357,3,6,4.08,3.79
"perkibr01","Broderick Perkins","Broderick","Perkins","L","L",1350,1234,352,20,100,0.285,0.337,3,13,3.34,3.56
"perkida01","Dan Perkins","Dan","Perkins","R","R",4,3,1,0,1,0.333,0.5,0,0,0,0
"perkigl01","Glen Perkins","Glen","Perkins","L","L",73,62,18,2,11,0.29,0.397,0,0,0.18,0.17
"perkoha01","Harry Perkowski","Harry","Perkowski","L","L",35,31,10,0,3,0.323,0.4,1,0,0.12,0.12
"perlmjo01","Jon Perlman","Jon","Perlman","L","R",1,0,0,0,1,NA,1,0,0,0,0
"perlosa01","Sam Perlozzo","Sam","Perlozzo","R","R",28,25,8,0,3,0.32,0.393,0,0,0.08,0.07
"perraro01","Ron Perranoski","Ron","Perranoski","L","L",21,19,6,0,2,0.316,0.381,0,0,0.02,-0.01
"perryga01","Gaylord Perry","Gaylord","Perry","R","R",1589,1514,297,12,66,0.196,0.232,6,3,-3.1,-2.1
"perryge01","Gerald Perry","Gerald","Perry","L","R",3621,3225,843,58,348,0.261,0.332,11,37,-0.86,0.13
"perryhe01","Herbert Perry","Herbert","Perry","R","R",1786,1632,429,31,105,0.263,0.319,36,13,5.1,5.26
"perryji01","Jim Perry","Jim","Perry","B","R",1218,1174,246,4,37,0.21,0.235,3,4,-1.85,-2.7
"perrypa02","Pat Perry","Pat","Perry","L","L",2,1,0,0,1,0,0.5,0,0,0.01,0
"perryry01","Ryan Perry","Ryan","Perry","R","R",7,3,1,0,4,0.333,0.714,0,0,0.06,0.06
"persoro01","Robert Person","Robert","Person","R","R",375,351,69,5,22,0.197,0.245,1,1,-1,-0.73
"peskyjo01","Johnny Pesky","Johnny","Pesky","L","R",5577,4990,1413,11,561,0.283,0.358,25,1,30.43,27.73
"pestavi01","Vinnie Pestano","Vinnie","Pestano","R","R",3,2,1,0,1,0.5,0.667,0,0,0.02,0.02
"petagro01","Roberto Petagine","Roberto","Petagine","L","L",275,233,59,7,40,0.253,0.364,1,1,1.08,1.3
"peterbi01","Bill Peterman","Bill","Peterman","R","R",1,0,0,0,1,NA,1,0,0,0,0
"peterbr01","Bryan Petersen","Bryan","Petersen","L","R",653,568,146,8,75,0.257,0.348,6,4,-0.34,1.97
"peterch01","Chris Peters","Chris","Peters","L","L",28,27,5,0,1,0.185,0.214,0,0,-0.14,0.04
"peterda01","David Peterson","David","Peterson","L","L",84,77,20,1,6,0.26,0.321,1,0,0.29,0.3
"peterdi01","Dillon Peters","Dillon","Peters","L","L",192,172,45,3,20,0.262,0.339,0,0,0.86,0.84
"peterdj01","DJ Peters","DJ","Peters","R","R",284,260,64,12,19,0.246,0.299,2,3,0.84,0.9
"peterfr01","Fritz Peterson","Fritz","Peterson","B","L",777,743,156,2,29,0.21,0.241,2,3,-0.52,-1.49
"peterga01","Gary Peters","Gary","Peters","L","L",1204,1163,259,22,27,0.223,0.243,7,7,4.99,5.19
"peterha01","Hardy Peterson","Hardy","Peterson","R","R",276,250,66,5,24,0.264,0.33,1,1,0.71,1.23
"peterja01","Jace Peterson","Jace","Peterson","L","R",3093,2654,693,45,391,0.261,0.359,25,23,11.86,10.47
"peterri01","Rick Peters","Rick","Peters","B","R",1125,984,278,9,124,0.283,0.365,9,8,4.58,4.27
"petersh01","Shane Peterson","Shane","Peterson","L","L",480,426,119,8,50,0.279,0.356,2,2,2.54,2.04
"peterti01","Tim Peterson","Tim","Peterson","R","R",39,34,10,1,5,0.294,0.385,0,0,0.35,0.4
"petitgr01","Gregorio Petit","Gregorio","Petit","R","R",842,763,212,12,74,0.278,0.343,3,2,2.48,3.35
"petityu01","Yusmeiro Petit","Yusmeiro","Petit","R","R",566,514,117,9,52,0.228,0.299,0,0,3.18,3.03
"petrage01","Geno Petralli","Geno","Petralli","L","R",1964,1736,468,24,203,0.27,0.347,10,15,3.32,4.45
"petribe01","Ben Petrick","Ben","Petrick","R","R",833,741,169,15,78,0.228,0.304,6,8,-0.08,0.25
"petribi01","Billy Petrick","Billy","Petrick","R","R",6,5,1,0,1,0.2,0.333,0,0,0.03,0.02
"petrija01","Jake Petricka","Jake","Petricka","R","R",39,32,9,0,7,0.281,0.41,0,0,0.12,0.13
"petrori01","Rico Petrocelli","Rico","Petrocelli","R","R",6272,5536,1304,188,653,0.236,0.316,26,57,37.4,37.6
"pettian01","Andy Pettitte","Andy","Pettitte","L","L",416,382,90,6,33,0.236,0.296,0,1,-0.1,1.25
"pettich01","Chris Pettit","Chris","Pettit","R","R",48,44,13,1,4,0.295,0.354,0,0,0.24,0.3
"pettiga01","Gary Pettis","Gary","Pettis","B","R",4279,3715,917,26,542,0.247,0.343,9,13,24.09,19.11
"pettijo01","Joe Pettini","Joe","Pettini","R","R",269,242,58,4,27,0.24,0.316,0,0,0.35,-0.04
"pettijo02","Jonathan Pettibone","Jonathan","Pettibone","L","R",110,98,21,2,12,0.214,0.3,0,0,0.53,0.49
"pettipa01","Paul Pettit","Paul","Pettit","L","L",1,0,0,0,1,NA,1,0,0,0,0
"pettyad01","Adam Pettyjohn","Adam","Pettyjohn","R","L",3,2,0,0,1,0,0.333,0,0,0,0
"phamth01","Tommy Pham","Tommy","Pham","R","R",4736,4065,1146,119,587,0.282,0.376,49,35,24.33,25.92
"phebubi01","Bill Phebus","Bill","Phebus","R","R",2,1,0,0,1,0,0.5,0,0,0,0
"phegljo01","Josh Phegley","Josh","Phegley","R","R",1510,1365,362,39,117,0.265,0.327,15,13,7.44,6.31
"phelpba01","Babe Phelps","Babe","Phelps","L","R",2320,2160,622,73,147,0.288,0.337,13,0,13.02,14.92
"phelpco01","Cord Phelps","Cord","Phelps","B","R",275,248,63,6,27,0.254,0.327,0,0,0.18,0.24
"phelpda01","David Phelps","David","Phelps","R","R",258,233,64,5,24,0.275,0.345,1,0,1.48,1.39
"phelpjo01","Josh Phelps","Josh","Phelps","R","R",1710,1526,416,54,142,0.273,0.347,36,6,4.63,5.12
"phelpke01","Ken Phelps","Ken","Phelps","L","L",2146,1696,427,102,410,0.252,0.399,20,20,11.62,11.32
"phelpto01","Tommy Phelps","Tommy","Phelps","L","L",110,98,22,2,12,0.224,0.309,0,0,0.2,0.23
"phelptr01","Travis Phelps","Travis","Phelps","R","R",10,9,2,0,1,0.222,0.3,0,0,0.01,0.01
"phillad01","Adolfo Phillips","Adolfo","Phillips","R","R",2245,1930,487,55,282,0.252,0.355,27,6,13.91,12.03
"phillan01","Andy Phillips","Andy","Phillips","R","R",821,753,200,17,61,0.266,0.322,3,4,3.13,1.91
"phillbi02","Bill Phillips","Bill","Phillips","R","R",169,166,44,0,1,0.265,0.278,2,0,0.09,0.15
"phillbr01","Brandon Phillips","Brandon","Phillips","R","R",8095,7337,2075,184,604,0.283,0.342,92,62,38.84,39.51
"phillbr02","Brett Phillips","Brett","Phillips","L","R",1235,1082,258,31,136,0.238,0.327,10,7,8.26,7.46
"phillbu01","Buz Phillips","Buz","Phillips","R","R",10,9,3,0,1,0.333,0.4,0,0,0.02,0.01
"phillbu02","Bubba Phillips","Bubba","Phillips","R","R",1631,1546,384,10,62,0.248,0.281,12,11,2.86,2.67
"phillda01","Dave Philley","Dave","Philley","B","R",7079,6569,1712,68,475,0.261,0.311,16,19,-0.54,4.02
"phillev01","Evan Phillips","Evan","Phillips","R","R",59,52,16,1,7,0.308,0.39,0,0,0.24,0.27
"phillhe01","Heath Phillips","Heath","Phillips","L","L",0,0,0,0,0,NA,NA,0,0,0,0
"phillj.01","J R  Phillips",NA,NA,NA,NA,65,60,14,2,4,0.233,0.277,0,1,-0.06,-0.02
"phillja02","Jack Phillips","Jack","Phillips","R","R",1008,933,253,6,72,0.271,0.322,0,3,-0.0099999999999999,-0.07
"phillja04","Jason Phillips","Jason","Phillips","R","R",1438,1283,334,24,119,0.26,0.332,24,12,2.15,1.02
"phillky01","Kyle Phillips","Kyle","Phillips","L","R",211,189,49,5,21,0.259,0.336,1,0,0.78,1.14
"phillmi01","Mike Phillips","Mike","Phillips","L","R",1502,1349,354,20,127,0.262,0.325,7,19,5.38,5.36
"phillpa01","Paul Phillips","Paul","Phillips","R","R",540,491,131,9,46,0.267,0.33,1,2,2.12,1.84
"phillre01","Red Phillips","Red","Phillips","R","R",11,10,2,0,1,0.2,0.273,0,0,0.01,0.01
"phillto02","Tony Phillips","Tony","Phillips","B","R",9325,7900,2123,132,1320,0.269,0.374,42,63,52.44,47.99
"phillza01","Zach Phillips","Zach","Phillips","L","L",10,8,3,0,2,0.375,0.5,0,0,0.05,0.05
"phippde01","Denis Phipps","Denis","Phipps","R","R",58,52,15,2,6,0.288,0.362,0,0,0.3,0.37
"phoebto01","Tom Phoebus","Tom","Phoebus","R","R",111,109,20,1,2,0.183,0.198,0,0,-0.29,-0.58
"piattad01","Adam Piatt","Adam","Piatt","R","R",337,296,79,4,38,0.267,0.35,1,2,0.22,0.37
"piazzmi01","Mike Piazza","Mike","Piazza","R","R",7765,6955,2132,376,735,0.307,0.373,30,45,58.79,60.86
"pichahi01","Hipolito Pichardo","Hipolito","Pichardo","R","R",4,3,1,0,1,0.333,0.5,0,0,0,0
"picinva01","Val Picinich","Val","Picinich","R","R",2487,2234,455,27,245,0.204,0.285,8,0,-12.47,-10.53
"pickeca01","Calvin Pickering","Calvin","Pickering","L","L",438,378,90,14,57,0.238,0.336,0,3,0.28,0.15
"picoje01","Jeff Pico","Jeff","Pico","R","R",76,70,19,0,6,0.271,0.329,0,0,0.35,0.34
"piconma01","Mario Picone","Mario","Picone","R","R",2,1,0,0,1,0,0.5,0,0,0,0.01
"piechal01","Al Piechota","Al","Piechota","R","R",21,18,4,0,3,0.222,0.333,0,0,0.21,0.16
"piedrjo01","Jorge Piedra","Jorge","Piedra","L","L",460,420,106,14,36,0.252,0.315,3,1,0.7,1.63
"piefe01","Felix Pie","Felix","Pie","L","L",1291,1172,309,21,108,0.264,0.325,3,8,4.68,5.13
"piercbi02","Billy Pierce","Billy","Pierce","L","L",1463,1401,278,0,57,0.198,0.232,4,1,-4.79,-3.21
"pierrju01","Juan Pierre","Juan","Pierre","L","L",8014,7336,2144,57,556,0.292,0.35,102,20,27.97,32.47
"piersji01","Jim Piersall","Jim","Piersall","R","R",6898,6381,1587,64,444,0.249,0.298,25,48,24.38,20.44
"pierza.01","A J  Pierzynski",NA,NA,NA,NA,7791,7122,2029,159,484,0.285,0.339,128,57,35.97,33.38
"pietto01","Tony Piet","Tony","Piet","R","R",2734,2501,583,27,195,0.233,0.298,38,0,5.55,5.66
"pignaca01","Carmen Pignatiello","Carmen","Pignatiello","R","L",4,3,1,0,1,0.333,0.5,0,0,0.02,0.02
"pignajo01","Joe Pignatano","Joe","Pignatano","R","R",954,833,181,14,111,0.217,0.314,8,2,2.25,1.75
"pikeli01","Lip Pike","Lip","Pike","L","L",2618,2457,584,66,161,0.238,0.285,0,0,6.88,3.79
"pilaral01","Al Pilarcik","Al","Pilarcik","L","L",983,867,227,11,99,0.262,0.338,6,11,0.31,0.69
"pillake01","Kevin Pillar","Kevin","Pillar","R","R",4824,4393,1213,104,339,0.276,0.334,57,35,25.84,23.06
"pillbr01","Brett Pill","Brett","Pill","R","R",426,387,106,14,34,0.274,0.336,3,2,2.46,2.29
"pillty01","Tyler Pill","Tyler","Pill","L","R",45,41,11,1,4,0.268,0.333,0,0,0.24,0.2
"pimenst01","Stolmy Pimentel","Stolmy","Pimentel","R","R",63,56,17,1,7,0.304,0.381,0,0,0.41,0.36
"pinama01","Manny Piña","Manny","Pina","R","R",1452,1277,347,34,140,0.272,0.352,24,11,9.87,9.63
"pindebr01","Branden Pinder","Branden","Pinder","R","R",17,15,5,0,2,0.333,0.412,0,0,0.02,0.02
"pindech01","Chad Pinder","Chad","Pinder","R","R",1915,1744,473,56,141,0.271,0.33,18,12,8.34,7.61
"pinedmi01","Michael Pineda","Michael","Pineda","R","R",38,34,10,1,4,0.294,0.368,0,0,0.13,0.09
"pineijo01","Joel Pineiro","Joel","Pineiro","R","R",529,479,104,10,50,0.217,0.291,0,0,1.26,1.38
"pinielo01","Lou Piniella","Lou","Piniella","R","R",6463,5984,1748,122,388,0.292,0.335,31,60,14.71,16.31
"pinkhed01","Ed Pinkham","Ed","Pinkham","L","L",123,106,21,2,17,0.198,0.309,0,0,1.07,1.42
"pinknge01","George Pinkney","George","Pinkney","L","R",1155,1045,245,16,99,0.234,0.307,11,0,3.77,3.3
"pinsova01","Vada Pinson","Vada","Pinson","L","L",10578,9866,2811,229,580,0.285,0.326,54,78,53.73,46.36
"pintojo01","Josmil Pinto","Josmil","Pinto","R","R",396,344,99,16,47,0.288,0.374,2,3,2.25,1.51
"pintore01","Renyel Pinto","Renyel","Pinto","L","L",102,89,27,2,13,0.303,0.392,0,0,1.41,1.43
"pintore02","René Pinto","Rene","Pinto","R","R",200,185,53,7,11,0.286,0.335,3,1,0.86,1.43
"pintori01","Ricardo Pinto","Ricardo","Pinto","R","R",19,17,5,0,2,0.294,0.368,0,0,0.05,0.05
"pireljo01","José Pirela","Jose","Pirela","R","R",1219,1106,312,21,103,0.282,0.345,5,5,5.45,4.05
"pirklgr01","Greg Pirkl","Greg","Pirkl","R","R",93,86,23,4,5,0.267,0.312,1,1,0.14,0.15
"piscost01","Stephen Piscotty","Stephen","Piscotty","R","R",3063,2711,758,86,292,0.28,0.356,40,20,12.43,13.45
"pisonji01","Jim Pisoni","Jim","Pisoni","R","R",277,252,57,4,21,0.226,0.289,2,2,-0.23,0.29
"pittmjo01","Joe Pittman","Joe","Pittman","R","R",352,319,90,4,31,0.282,0.344,0,2,1.78,1.65
"pittsga01","Gaylen Pitts","Gaylen","Pitts","R","R",55,48,14,1,7,0.292,0.382,0,0,0.31,0.26
"pittsji01","Jim Pittsley","Jim","Pittsley","R","R",5,4,1,0,1,0.25,0.4,0,0,0,0
"pivetni01","Nick Pivetta","Nick","Pivetta","R","R",320,294,64,4,26,0.218,0.281,0,0,1.41,1.36
"pizarju01","Juan Pizarro","Juan","Pizarro","L","L",858,815,180,7,33,0.221,0.249,1,9,-0.22,-0.51
"pladsgo01","Gordie Pladson","Gordie","Pladson","R","R",10,9,2,0,1,0.222,0.3,0,0,0.01,0
"plantph01","Phil Plantier","Phil","Plantier","L","R",1632,1434,327,57,172,0.228,0.315,15,11,1.93,2.68
"plaweke01","Kevin Plawecki","Kevin","Plawecki","R","R",1728,1514,405,27,176,0.268,0.354,30,8,6.24,6.69
"plesaza01","Zach Plesac","Zach","Plesac","R","R",16,14,5,0,2,0.357,0.438,0,0,0.01,0.01
"plouftr01","Trevor Plouffe","Trevor","Plouffe","R","R",3414,3037,805,104,329,0.265,0.339,25,23,15.12,13.37
"plummbi01","Bill Plummer","Bill","Plummer","R","R",1013,902,204,20,97,0.226,0.301,4,10,-0.99,0.37
"plutkad01","Adam Plutko","Adam","Plutko","R","R",1,0,0,0,1,NA,1,0,0,0.01,0.01
"pocheco01","Colin Poche","Colin","Poche","L","L",5,4,1,0,1,0.25,0.4,0,0,0.02,0.02
"pocorbi01","Biff Pocoroba","Biff","Pocoroba","B","R",1723,1509,395,26,195,0.262,0.346,6,13,3.54,4.19
"podbibu01","Bud Podbielan","Bud","Podbielan","R","R",203,189,39,0,14,0.206,0.261,0,0,-0.74,-1.08
"podrejo01","Johnny Podres","Johnny","Podres","L","L",946,887,191,2,46,0.215,0.254,3,10,1.4,0.2
"podsesc01","Scott Podsednik","Scott","Podsednik","L","L",4434,3985,1121,48,400,0.281,0.349,25,24,13.76,15.57
"pointaa01","Aaron Pointer","Aaron","Pointer","R","R",171,142,35,3,25,0.246,0.363,2,2,0.24,0.28
"polangr01","Gregory Polanco","Gregory","Polanco","L","L",3529,3115,837,96,375,0.269,0.346,10,29,13.79,14.6
"polanjo01","Jorge Polanco","Jorge","Polanco","B","R",4625,4081,1159,120,475,0.284,0.36,29,40,26.48,23.47
"polanpl01","Placido Polanco","Placido","Polanco","R","R",7392,6742,2020,97,496,0.3,0.354,100,54,47.9,44.28
"poledi01","Dick Pole","Dick","Pole","R","R",1,0,0,0,1,NA,1,0,0,0,0
"polidgu01","Gus Polidor","Gus","Polidor","R","R",21,18,6,0,3,0.333,0.429,0,0,0.02,0.02
"politcl01","Cliff Politte","Cliff","Politte","R","R",21,16,6,0,5,0.375,0.524,0,0,0.06,0.06
"polleho01","Howie Pollet","Howie","Pollet","L","L",955,898,187,0,57,0.208,0.255,0,0,-3.03,-2.45
"polloaj01","AJ Pollock","AJ","Pollock","R","R",4706,4217,1221,136,413,0.29,0.355,37,39,30.28,29.44
"polonlu01","Luis Polonia","Luis","Polonia","L","L",5463,5048,1479,25,365,0.293,0.34,15,35,7.38,2.4
"pomerdr01","Drew Pomeranz","Drew","Pomeranz","R","L",363,330,82,7,33,0.248,0.317,0,0,2,1.88
"pompeda01","Dalton Pompey","Dalton","Pompey","B","R",367,328,86,7,37,0.262,0.341,2,0,2.08,1.78
"ponceco01","Cody Ponce","Cody","Ponce","R","R",67,61,16,1,6,0.262,0.328,0,0,0.27,0.2
"ponceda01","Daniel Ponce de Leon","Daniel","Ponce de Leon","R","R",194,176,46,3,18,0.261,0.33,0,0,0.98,0.81
"ponsosi01","Sidney Ponson","Sidney","Ponson","R","R",284,256,62,5,28,0.242,0.317,0,0,0.48,0.42
"pooleed01","Ed Poole","Ed","Poole","R","R",4,3,1,0,1,0.333,0.5,0,0,0.02,0.02
"popeda01","Dave Pope","Dave","Pope","L","R",780,727,194,13,44,0.267,0.31,4,5,0.41,0.33
"popovpa01","Paul Popovich","Paul","Popovich","B","R",1056,965,246,10,80,0.255,0.312,4,7,0.56,0.6
"poppese01","Sean Poppen","Sean","Poppen","R","R",31,26,6,1,5,0.231,0.355,0,0,0.36,0.34
"popza01","Zach Pop","Zach","Pop","R","R",44,39,10,1,5,0.256,0.341,0,0,0.6,0.52
"poqueto01","Tom Poquette","Tom","Poquette","L","R",1191,1073,301,18,88,0.281,0.338,13,17,5.48,5.26
"porceri01","Rick Porcello","Rick","Porcello","R","R",433,392,109,10,41,0.278,0.346,0,0,1.45,1.42
"poredaa01","Aaron Poreda","Aaron","Poreda","L","L",8,6,2,0,2,0.333,0.5,0,0,0.05,0.05
"portebo01","Bob Porterfield","Bob","Porterfield","R","R",511,488,105,7,19,0.215,0.249,3,1,-0.62,0.1
"porteco01","Colin Porter","Colin","Porter","L","L",159,150,40,3,9,0.267,0.308,0,0,0.37,0.39
"porteda02","Darrell Porter","Darrell","Porter","L","R",6635,5591,1432,212,936,0.256,0.364,45,63,44.07,43.52
"portedi01","Dick Porter","Dick","Porter","L","R",1303,1168,320,2,130,0.274,0.349,5,0,3.25,1.37
"portelo01","Logan Porter","Logan","Porter","R","R",35,28,6,1,5,0.214,0.371,2,0,0.09,0.24
"portuma01","Mark Portugal","Mark","Portugal","R","R",575,537,125,2,33,0.233,0.277,1,4,1.39,2.31
"posadjo01","Jorge Posada","Jorge","Posada","B","R",7128,6066,1657,207,941,0.273,0.375,74,47,46.46,44.66
"posedbi01","Bill Posedel","Bill","Posedel","R","R",161,150,33,0,11,0.22,0.273,0,0,0.43,0.4
"poseybu01","Buster Posey","Buster","Posey","R","R",5781,5028,1585,169,657,0.315,0.395,43,53,49.59,57.77
"postwa01","Wally Post","Wally","Post","R","R",4014,3683,961,154,291,0.261,0.316,16,24,20.43,16.42
"poteeco01","Cody Poteet","Cody","Poteet","R","R",73,67,17,1,6,0.254,0.315,0,0,0.21,0.25
"potelo01","Lou Pote","Lou","Pote","R","R",3,2,1,0,1,0.5,0.667,0,0,0.01,0.01
"pottene01","Nels Potter","Nels","Potter","L","R",672,645,150,0,26,0.233,0.263,1,0,-1.35,-0.69
"poundbr01","Brooks Pounders","Brooks","Pounders","R","R",15,13,5,0,2,0.385,0.467,0,0,0.07,0.07
"powelbo01","Boog Powell","Boog","Powell","L","R",7475,6416,1753,317,961,0.273,0.367,27,71,35.08,38.48
"powelbo02","Boog Powell","Boog","Powell","L","L",279,247,70,5,30,0.283,0.358,0,2,1.1,1.26
"powelbr01","Brian Powell","Brian","Powell","R","R",1,0,0,0,1,NA,1,0,0,0,0
"powelda01","Dante Powell","Dante","Powell","R","R",69,61,14,1,8,0.23,0.319,0,0,-0.28,-0.39
"powelgr01","Grover Powell","Grover","Powell","L","L",13,11,4,0,2,0.364,0.462,0,0,0.01,0.01
"powelho01","Hosken Powell","Hosken","Powell","L","L",2053,1861,487,30,175,0.262,0.326,7,10,5.46,4.35
"powelja01","Jack Powell","Jack","Powell","R","R",951,937,179,7,9,0.191,0.203,5,0,-10.42,-8.08
"powelja03","Jake Powell","Jake","Powell","R","R",1746,1626,439,28,110,0.27,0.32,10,0,0.62,-1.11022302462516e-16
"powelje01","Jeremy Powell","Jeremy","Powell","R","R",16,14,5,0,2,0.357,0.438,0,0,0.03,0.03
"powella01","Landon Powell","Landon","Powell","B","R",573,508,130,15,63,0.256,0.337,0,2,2.14,1.97
"powerjo01","John Powers","John","Powers","L","R",223,197,42,5,22,0.213,0.3,3,1,-0.21,0.06
"powerte01","Ted Power","Ted","Power","R","R",32,26,6,0,6,0.231,0.375,0,0,0.05,0.06
"powervi01","Vic Power","Vic","Power","R","R",4787,4563,1302,62,174,0.285,0.31,10,40,12.25,9.8
"poynebo01","Bobby Poyner","Bobby","Poyner","L","L",2,1,0,0,1,0,0.5,0,0,0.01,0.01
"pozoyo01","Yohel Pozo","Yohel","Pozo","R","R",164,153,45,2,11,0.294,0.341,0,0,0.3,0.24
"pradoma01","Martín Prado","Martin","Prado","R","R",6016,5426,1625,113,511,0.299,0.36,28,51,36.9,30.59
"prallwi01","Willie Prall","Willie","Prall","L","L",3,2,0,0,1,0,0.333,0,0,0,0
"pramejo01","Johnny Pramesa","Johnny","Pramesa","R","R",621,594,149,15,26,0.251,0.283,1,0,-0.52,0.6
"prattan01","Andy Pratt","Andy","Pratt","L","L",1,0,0,0,1,NA,1,0,0,0,0
"prattde01","Del Pratt","Del","Pratt","R","R",6212,5952,1421,28,235,0.239,0.271,25,0,14.48,5.73
"prattto02","Todd Pratt","Todd","Pratt","R","R",2255,1967,512,44,246,0.26,0.349,28,14,6.02,8.16
"pregejo01","John Pregenzer","John","Pregenzer","R","R",0,0,0,0,0,NA,NA,0,0,0,0
"preslal01","Alex Presley","Alex","Presley","L","L",1822,1666,473,38,146,0.284,0.343,6,4,7.23,6.95
"preslji01","Jim Presley","Jim","Presley","R","R",2490,2294,594,69,160,0.259,0.308,13,23,5.18,7.28
"pressry01","Ryan Pressly","Ryan","Pressly","R","R",29,23,5,0,6,0.217,0.379,0,0,0.14,0.14
"priceda01","David Price","David","Price","L","L",483,433,117,10,49,0.27,0.344,0,1,1.56,1.55
"pricejo02","Joe Price","Joe","Price","R","L",134,123,26,1,11,0.211,0.276,0,0,0.17,0.26
"priddje01","Jerry Priddy","Jerry","Priddy","R","R",5345,4809,1221,66,524,0.254,0.329,12,0,15.11,15.67
"pridecu01","Curtis Pride","Curtis","Pride","L","R",1209,1088,266,17,112,0.244,0.318,7,2,-1.13,-0.65
"pridija01","Jason Pridie","Jason","Pridie","L","R",428,379,100,10,48,0.264,0.346,0,1,1.88,1.75
"prietar01","Ariel Prieto","Ariel","Prieto","R","R",5,4,1,0,1,0.25,0.4,0,0,0,0
"princjo01","Josh Prince","Josh","Prince","R","R",56,50,13,1,6,0.26,0.339,0,0,0.26,0.22
"princto01","Tom Prince","Tom","Prince","R","R",1584,1421,305,21,122,0.215,0.288,29,12,-0.0999999999999996,1.59
"prinzbr01","Bret Prinz","Bret","Prinz","R","R",6,5,1,0,1,0.2,0.333,0,0,0,0.01
"priorma01","Mark Prior","Mark","Prior","R","R",459,429,103,4,30,0.24,0.29,0,0,1.81,2.15
"proctsc01","Scott Proctor","Scott","Proctor","R","R",75,66,19,2,9,0.288,0.373,0,0,0.97,0.94
"profaju01","Jurickson Profar","Jurickson","Profar","B","R",4863,4197,1139,96,556,0.271,0.364,77,33,18.68,19.8
"prolymi01","Mike Proly","Mike","Proly","R","R",35,29,11,0,6,0.379,0.486,0,0,0.14,0.13
"pruitau01","Austin Pruitt","Austin","Pruitt","R","R",1,0,0,0,1,NA,1,0,0,0.01,0.01
"pruitro01","Ron Pruitt","Ron","Pruitt","R","R",886,777,215,15,100,0.277,0.358,2,7,1.74,2.12
"pryorgr01","Greg Pryor","Greg","Pryor","R","R",1937,1784,472,26,129,0.265,0.315,10,14,8.03,7.23
"puckeki01","Kirby Puckett","Kirby","Puckett","R","R",8071,7496,2322,193,461,0.31,0.352,56,58,53.66,45.94
"puellce01","César Puello","Cesar","Puello","R","R",308,267,73,5,29,0.273,0.37,12,0,2.26,1.97
"pughti01","Tim Pugh","Tim","Pugh","R","R",121,115,26,0,5,0.226,0.264,1,0,-0.17,-0.11
"puhlte01","Terry Puhl","Terry","Puhl","L","R",5566,4945,1440,102,559,0.291,0.364,26,36,31.83,29.67
"puigya01","Yasiel Puig","Yasiel","Puig","R","R",3413,2996,896,105,355,0.299,0.379,43,19,23.06,22.42
"pujolal01","Albert Pujols","Albert","Pujols","R","R",13253,11465,3533,663,1526,0.308,0.392,133,129,111.95,97.33
"pujollu01","Luis Pujols","Luis","Pujols","R","R",576,527,121,11,45,0.23,0.29,1,3,0.39,-0.11
"pukaj01","A J  Puk","A. J.","Puk","L","L",2,1,0,0,1,0,0.5,0,0,0.01,0.01
"puleoch01","Charlie Puleo","Charlie","Puleo","R","R",168,152,32,3,16,0.211,0.286,0,0,0.3,0.24
"pulidal01","Alfonso Pulido","Alfonso","Pulido","L","L",1,0,0,0,1,NA,1,0,0,0,0
"pulliha01","Harvey Pulliam","Harvey","Pulliam","R","R",43,39,10,3,4,0.256,0.326,0,0,-0.01,0.21
"puntoni01","Nick Punto","Nick","Punto","B","R",3976,3480,920,43,464,0.264,0.349,3,29,22.65,21.39
"purceda01","David Purcey","David","Purcey","L","L",11,9,2,0,2,0.222,0.364,0,0,0.01,0.01
"purdijo01","John Purdin","John","Purdin","R","R",15,11,3,0,4,0.273,0.467,0,0,0.03,0.03
"purdypi01","Pid Purdy","Pid","Purdy","L","R",378,350,97,2,25,0.277,0.331,3,0,-1.56,-0.34
"purkebo01","Bob Purkey","Bob","Purkey","R","R",636,588,116,4,43,0.197,0.255,3,2,-1.04,-0.76
"putkolu01","Luke Putkonen","Luke","Putkonen","R","R",4,3,1,0,1,0.333,0.5,0,0,0.02,0.02
"putmaed01","Ed Putman","Ed","Putman","R","R",8,7,3,0,1,0.429,0.5,0,0,0.01,0.01
"putnada01","Danny Putnam","Danny","Putnam","L","L",84,75,19,2,9,0.253,0.333,0,0,0.1,0.03
"putnapa01","Pat Putnam","Pat","Putnam","L","R",2271,2061,537,74,179,0.261,0.32,10,21,4.88,5.53
"putnaza01","Zach Putnam","Zach","Putnam","R","R",10,7,2,0,3,0.286,0.5,0,0,0.06,0.05
"putzjj01","J J  Putz","J. J.","Putz","R","R",59,47,12,0,12,0.255,0.407,0,0,0.4,0.39
"pyburji01","Jim Pyburn","Jim","Pyburn","R","R",69,58,13,1,11,0.224,0.348,0,0,0.68,0.88
"pyechjo01","John Pyecha","John","Pyecha","R","R",0,0,0,0,0,NA,NA,0,0,0,0
"pytlafr01","Frankie Pytlak","Frankie","Pytlak","R","R",2416,2183,559,6,211,0.256,0.328,22,0,5.05,5.15
"pyznati01","Tim Pyznarski","Tim","Pyznarski","R","R",52,46,13,0,5,0.283,0.365,1,0,0.04,0.15
"quackke01","Kevin Quackenbush","Kevin","Quackenbush","R","R",65,55,18,0,10,0.327,0.431,0,0,0.33,0.32
"quallch01","Chad Qualls","Chad","Qualls","R","R",168,144,41,2,24,0.285,0.387,0,0,2.18,2.17
"quantca01","Cal Quantrill","Cal","Quantrill","L","R",120,109,24,2,11,0.22,0.292,0,0,0.64,0.56
"quantpa01","Paul Quantrill","Paul","Quantrill","L","R",136,124,29,0,12,0.234,0.301,0,0,-0.98,-0.51
"quentca01","Carlos Quentin","Carlos","Quentin","R","R",3372,2859,776,135,356,0.271,0.373,127,30,17.76,17.4
"queveru01","Ruben Quevedo","Ruben","Quevedo","R","R",181,169,41,1,12,0.243,0.293,0,0,0.13,0.31
"quijajo01","José Quijada","Jose","Quijada","L","L",32,28,10,1,4,0.357,0.438,0,0,0.58,0.56
"quilifr01","Frank Quilici","Frank","Quilici","R","R",537,492,110,3,38,0.224,0.277,1,6,-1.58,-1.68
"quinlro01","Robb Quinlan","Robb","Quinlan","R","R",1437,1314,363,30,110,0.276,0.335,8,5,6.19,4.01
"quinlto01","Tom Quinlan","Tom","Quinlan","R","R",3,1,0,0,1,0,0.667,1,0,0,0
"quinnma01","Mark Quinn","Mark","Quinn","R","R",1207,1137,288,31,53,0.253,0.293,13,4,3.05,2.08
"quinnro01","Roman Quinn","Roman","Quinn","B","R",937,829,222,13,96,0.268,0.352,12,0,5.02,4.92
"quinnwi01","Wimpy Quinn","Wimpy","Quinn","R","R",2,1,0,0,1,0,0.5,0,0,0.01,0
"quinolu01","Luis Quinones","Luis","Quinones","B","R",609,554,134,15,44,0.242,0.299,4,7,1.81,1.42
"quinore01","Rey Quinones","Rey","Quinones","R","R",797,743,179,15,39,0.241,0.279,4,11,-0.26,0.02
"quintca01","Carlos Quintana","Carlos","Quintana","R","R",1583,1419,370,19,151,0.261,0.333,6,7,2.8,2.93
"quinthu01","Humberto Quintero","Humberto","Quintero","R","R",1903,1752,455,34,132,0.26,0.316,15,4,6.96,7.42
"quintjo01","José Quintana","Jose","Quintana","R","L",572,521,118,9,50,0.226,0.294,0,1,1.75,1.87
"quintom01","Omar Quintanilla","Omar","Quintanilla","L","R",1553,1389,346,19,156,0.249,0.325,3,5,4.98,4.07
"quirkja01","Jamie Quirk","Jamie","Quirk","L","R",2305,2080,525,47,190,0.252,0.317,15,20,3.22,4.95
"quiroes01","Esteban Quiroz","Esteban","Quiroz","L","R",48,39,11,0,5,0.282,0.417,4,0,0.75,0.51
"quirogu01","Guillermo Quiroz","Guillermo","Quiroz","R","R",692,625,152,12,63,0.243,0.315,3,1,1.6,1.84
"quiseda01","Dan Quisenberry","Dan","Quisenberry","R","R",2,1,0,0,1,0,0.5,0,0,0.01,0.01
"rabbjo01","John Rabb","John","Rabb","R","R",1,0,0,0,1,NA,1,0,0,0,0
"rabejo01","Josh Rabe","Josh","Rabe","R","R",186,173,47,5,13,0.272,0.323,0,0,-0.2,0.3
"rabelmi01","Mike Rabelo","Mike","Rabelo","B","R",418,377,95,6,31,0.252,0.316,6,4,0.78,0.6
"raburry01","Ryan Raburn","Ryan","Raburn","R","R",3079,2739,735,96,297,0.268,0.344,26,17,12.62,15.62
"rachust01","Steve Rachunok","Steve","Rachunok","R","R",2,1,0,0,1,0,0.5,0,0,0,0
"racklma01","Marv Rackley","Marv","Rackley","L","L",572,544,167,1,28,0.307,0.341,0,0,2.18,1.03
"radclri01","Rip Radcliff","Rip","Radcliff","L","L",3357,3164,918,33,184,0.29,0.331,9,0,5.96,4.12
"raderda01","Dave Rader","Dave","Rader","L","R",2744,2451,659,44,260,0.269,0.339,11,22,7.08,8.78
"raderdo02","Doug Rader","Doug","Rader","R","R",5959,5312,1399,182,556,0.263,0.335,40,51,27.13,28.72
"radkebr01","Brad Radke","Brad","Radke","R","R",4,3,1,0,1,0.333,0.5,0,0,0,0
"rafaece01","Ceddanne Rafaela","Ceddanne","Rafaela","R","R",657,603,160,13,40,0.265,0.318,9,5,3.53,2.06
"raffeke01","Ken Raffensberger","Ken","Raffensberger","R","L",276,267,50,1,8,0.187,0.214,1,0,-1.81,-1.46
"raganco01","Cole Ragans","Cole","Ragans","L","L",3,2,1,0,1,0.5,0.667,0,0,0.01,0.01
"rainech01","Chuck Rainey","Chuck","Rainey","R","R",97,87,17,1,10,0.195,0.278,0,0,0.3,0.28
"raineta01","Tanner Rainey","Tanner","Rainey","R","R",44,38,12,1,6,0.316,0.409,0,0,0.78,0.7
"raineti01","Tim Raines","Tim","Raines","B","R",10773,9275,2723,175,1380,0.294,0.385,42,76,69,65.86
"raineti02","Tim Raines Jr","Tim","Raines","R","R",162,152,40,1,9,0.263,0.309,1,0,0.99,1.05
"rajsiga01","Gary Rajsich","Gary","Rajsich","L","L",227,201,55,4,24,0.274,0.357,2,0,0.58,0.79
"rakeraa01","Aaron Rakers","Aaron","Rakers","R","R",1,0,0,0,1,NA,1,0,0,0.01,0.01
"rakowed01","Ed Rakow","Ed","Rakow","B","R",47,44,9,0,2,0.205,0.234,0,1,-1.48,-1.26
"raleica01","Cal Raleigh","Cal","Raleigh","B","R",1928,1690,440,90,206,0.26,0.342,13,19,14.24,16.1
"raleybr01","Brooks Raley","Brooks","Raley","L","L",98,88,24,2,10,0.273,0.347,0,0,0.53,0.43
"raleylu01","Luke Raley","Luke","Raley","L","R",1164,1002,275,42,88,0.274,0.369,66,8,7.99,6.32
"ramazbo01","Bob Ramazzotti","Bob","Ramazzotti","R","R",315,300,80,0,14,0.267,0.302,1,0,0.25,0.37
"rambepe01","Pep Rambert","Pep","Rambert","R","R",2,1,0,0,1,0,0.5,0,0,0,0
"ramiral03","Alexei Ramírez","Alexei","Ramirez","R","R",5490,5008,1420,114,410,0.284,0.339,30,42,29.58,26.08
"ramirar01","Aramis Ramirez","Aramis","Ramirez","R","R",8298,7407,2119,303,692,0.286,0.353,118,81,44.12,46.75
"ramired01","Edwar Ramirez","Edwar","Ramirez","R","R",4,3,1,0,1,0.333,0.5,0,0,0.02,0.02
"ramirel01","Elizardo Ramirez","Elizardo","Ramirez","B","R",185,169,42,3,16,0.249,0.314,0,0,0.65,0.62
"ramirel02","Elvin Ramirez","Elvin","Ramirez","R","R",16,14,5,0,2,0.357,0.438,0,0,0.04,0.04
"ramirer01","Erasmo Ramirez","Erasmo","Ramirez","L","L",1,0,0,0,1,NA,1,0,0,0,0
"ramirer02","Erasmo Ramírez","Erasmo","Ramirez","R","R",182,162,43,5,20,0.265,0.346,0,0,0.67,0.7
"ramirha01","Hanley Ramirez","Hanley","Ramirez","R","R",7208,6332,1887,248,769,0.298,0.378,71,36,48.01,49.17
"ramirha02","Harold Ramírez","Harold","Ramirez","R","R",2046,1861,574,29,118,0.308,0.359,42,25,7.09,6.55
"ramirho01","Horacio Ramirez","Horacio","Ramirez","L","L",210,196,48,2,14,0.245,0.295,0,0,0.81,0.83
"ramirjc01","JC Ramirez","J. C.","Ramirez","R","R",70,63,16,1,7,0.254,0.329,0,0,0.18,0.19
"ramirjo01","José Ramírez","Jose","Ramirez","B","R",6598,5740,1694,244,747,0.295,0.377,44,67,60.27,60.48
"ramirjo02","José Ramírez","Jose","Ramirez","R","R",32,27,8,0,5,0.296,0.406,0,0,0.2,0.2
"ramirma01","Mario Ramirez","Mario","Ramirez","R","R",263,222,50,3,39,0.225,0.342,1,1,0.6,0.69
"ramirma02","Manny Ramirez","Manny","Ramirez","R","R",9699,8198,2468,469,1302,0.301,0.4,109,90,72.46,68.08
"ramirma03","Max Ramirez","Max","Ramirez","R","R",248,209,52,6,32,0.249,0.359,5,2,1.07,0.62
"ramirne01","Neil Ramírez","Neil","Ramirez","R","R",64,56,16,0,8,0.286,0.375,0,0,0.25,0.24
"ramirni01","Nick Ramirez","Nick","Ramirez","L","L",65,59,16,1,6,0.271,0.338,0,0,0.28,0.31
"ramirno01","Noé Ramirez","Noe","Ramirez","R","R",25,20,6,0,5,0.3,0.44,0,0,0.1,0.09
"ramirra01","Rafael Ramirez","Rafael","Ramirez","R","R",5043,4718,1250,62,274,0.265,0.306,19,32,10.65,8.02
"ramirra02","Ramon Ramirez","Ramon","Ramirez","R","R",103,90,27,1,13,0.3,0.388,0,0,0.91,0.92
"ramirra03","Ramon Ramirez","Ramon","Ramirez","R","R",69,62,16,1,7,0.258,0.333,0,0,0.2,0.16
"ramirro02","Roel Ramírez","Roel","Ramirez","R","R",1,0,0,0,1,NA,1,0,0,0.01,0.01
"ramirsa01","Santiago Ramirez","Santiago","Ramirez","R","R",3,2,1,0,1,0.5,0.667,0,0,0.02,0.01
"ramirwi01","Wilkin Ramirez","Wilkin","Ramirez","R","R",290,260,74,5,27,0.285,0.352,1,2,1.27,1.37
"ramirye01","Yefry Ramírez","Yefry","Ramirez","R","R",81,72,18,2,9,0.25,0.333,0,0,0.35,0.39
"ramiryo01","Yohan Ramirez","Yohan","Ramirez","R","R",6,5,1,0,1,0.2,0.333,0,0,0.02,0.02
"ramosaj01","AJ Ramos","AJ","Ramos","R","R",82,69,22,0,13,0.319,0.427,0,0,0.57,0.56
"ramosbo01","Bobby Ramos","Bobby","Ramos","R","R",249,222,54,5,25,0.243,0.321,1,1,1.12,0.93
"ramosce01","Cesár Ramos","Cesar","Ramos","L","L",87,76,22,1,11,0.289,0.379,0,0,0.32,0.36
"ramosch01","Chucho Ramos","Chucho","Ramos","R","L",11,10,3,0,1,0.3,0.364,0,0,0,0.01
"ramosdo01","Domingo Ramos","Domingo","Ramos","R","R",1164,1052,266,10,98,0.253,0.319,7,7,0.0399999999999999,0.31
"ramosed02","Edubray Ramos","Edubray","Ramos","R","R",64,56,16,2,8,0.286,0.375,0,0,1.54,1.5
"ramoshe01","Henry Ramos","Henry","Ramos","B","R",135,122,31,3,12,0.254,0.319,0,1,0.04,0.08
"ramoshe02","Heliot Ramos","Heliot","Ramos","R","R",537,484,142,23,47,0.293,0.356,2,4,2.77,2.73
"ramosma01","Mario Ramos","Mario","Ramos","L","L",8,7,3,0,1,0.429,0.5,0,0,0,0
"ramospe01","Pedro Ramos","Pedro","Ramos","B","R",395,387,75,11,5,0.194,0.208,2,1,-4.85,-3.92
"ramoswi01","Wilson Ramos","Wilson","Ramos","R","R",4214,3814,1101,135,360,0.289,0.349,11,29,23.6,23.5
"ramsdwi01","Willie Ramsdell","Willie","Ramsdell","R","R",1,0,0,0,1,NA,1,0,0,0,0.01
"ramsemi01","Mike Ramsey","Mike","Ramsey","B","R",875,802,206,8,68,0.257,0.315,2,3,1.61,1.59
"ranauan01","Anthony Ranaudo","Anthony","Ranaudo","R","R",44,40,10,1,4,0.25,0.318,0,0,0.09,0.07
"randabo01","Bob Randall","Bob","Randall","R","R",1432,1304,344,8,101,0.264,0.325,21,6,5.41,4.15
"randajo01","Joe Randa","Joe","Randa","R","R",5836,5314,1436,70,400,0.27,0.324,55,67,22.81,21.32
"randasc01","Scott Randall","Scott","Randall","R","R",30,27,7,1,3,0.259,0.333,0,0,0.15,0.12
"randdi01","Dick Rand","Dick","Rand","R","R",31,29,9,0,2,0.31,0.355,0,0,0.07,0
"randlle01","Lenny Randle","Lenny","Randle","B","R",3906,3488,959,45,380,0.275,0.346,13,25,16.11,13.2
"randost01","Steve Randolph","Steve","Randolph","L","L",62,57,19,1,5,0.333,0.387,0,0,0.61,0.56
"randowi01","Willie Randolph","Willie","Randolph","R","R",9575,8160,2313,83,1313,0.283,0.383,38,64,69.95,65.33
"ranewme01","Merritt Ranew","Merritt","Ranew","L","R",287,268,79,3,15,0.295,0.338,3,1,0.91,1.14
"ransoco01","Cody Ransom","Cody","Ransom","R","R",1312,1152,289,38,151,0.251,0.342,9,0,5.32,6.4
"ransoje01","Jeff Ransom","Jeff","Ransom","R","R",17,15,5,0,2,0.333,0.412,0,0,0,0.01
"rapadcl01","Clay Rapada","Clay","Rapada","R","L",6,4,1,0,2,0.25,0.5,0,0,0.04,0.04
"rappea01","Earl Rapp","Earl","Rapp","L","R",369,351,82,3,17,0.234,0.271,1,0,-1.21,-1.4
"rapppa01","Pat Rapp","Pat","Rapp","R","R",222,214,42,0,8,0.196,0.225,0,0,-1.7,-1.2
"raschvi01","Vic Raschi","Vic","Raschi","R","R",422,396,81,1,26,0.205,0.254,0,0,0.47,0.61
"rasmuco01","Colby Rasmus","Colby","Rasmus","L","L",4289,3797,1017,164,452,0.268,0.347,18,22,27,25.43
"rasmuco02","Cory Rasmus","Cory","Rasmus","R","R",4,3,1,0,1,0.333,0.5,0,0,0.02,0.02
"rasmude01","Dennis Rasmussen","Dennis","Rasmussen","L","L",287,264,63,0,20,0.239,0.293,1,2,1.05,1.31
"rasmudr01","Drew Rasmussen","Drew","Rasmussen","R","R",56,51,15,1,5,0.294,0.357,0,0,0.39,0.32
"rasmuer01","Eric Rasmussen","Eric","Rasmussen","R","R",70,64,13,1,6,0.203,0.271,0,0,0.33,0.28
"rasmuro01","Rob Rasmussen","Rob","Rasmussen","R","L",7,5,1,0,2,0.2,0.429,0,0,0.04,0.04
"rasneda01","Darrell Rasner","Darrell","Rasner","R","R",5,4,1,0,1,0.25,0.4,0,0,0.02,0.02
"rathmo01","Morrie Rath","Morrie","Rath","L","R",1214,1125,212,2,86,0.188,0.248,3,0,0.25,0.22
"ratlipa01","Paul Ratliff","Paul","Ratliff","L","R",375,336,81,11,30,0.241,0.317,8,1,0.26,0.55
"ratzest01","Steve Ratzer","Steve","Ratzer","R","R",1,0,0,0,1,NA,1,0,0,0,0
"rauchjo01","Jon Rauch","Jon","Rauch","R","R",226,202,55,5,24,0.272,0.35,0,0,2.26,2.11
"raudo01","Doug Rau","Doug","Rau","L","L",325,292,62,4,30,0.212,0.286,1,2,1,0.99
"rautzla01","Lance Rautzhan","Lance","Rautzhan","R","L",2,1,0,0,1,0,0.5,0,0,0.01,0.01
"ravelra01","Rangel Ravelo","Rangel","Ravelo","R","R",131,115,32,4,13,0.278,0.344,0,3,0.71,0.77
"ravinjo01","Josh Ravin","Josh","Ravin","R","R",43,37,10,1,6,0.27,0.372,0,0,0.45,0.45
"rawlesh01","Shane Rawley","Shane","Rawley","R","L",0,0,0,0,0,NA,NA,0,0,0,0
"raych01","Chris Ray","Chris","Ray","R","R",20,15,5,0,5,0.333,0.5,0,0,0.14,0.14
"rayco01","Corey Ray","Corey","Ray","L","L",43,37,9,1,6,0.243,0.349,0,0,0.05,0.05
"rayfofl01","Floyd Rayford","Floyd","Rayford","R","R",1071,997,268,33,67,0.269,0.316,3,4,3.33,3.2
"rayji01","Jim Ray","Jim","Ray","R","R",20,17,4,0,3,0.235,0.35,0,0,0,0
"rayjo01","Johnny Ray","Johnny","Ray","B","R",5670,5219,1533,64,383,0.294,0.34,12,56,25.46,25.7
"rayke01","Ken Ray","Ken","Ray","R","R",15,13,4,0,2,0.308,0.4,0,0,0.07,0.07
"rayla01","Larry Ray","Larry","Ray","L","R",6,4,1,0,1,0.25,0.333,0,1,0,0
"raynojo01","John Raynor","John","Raynor","R","R",53,47,12,1,6,0.255,0.34,0,0,0.25,0.3
"rayro02","Robbie Ray","Robbie","Ray","L","L",636,585,136,9,50,0.232,0.292,0,1,2.81,2.7
"reachal01","Al Reach","Al","Reach","L","L",578,547,129,1,31,0.236,0.277,0,0,-1.08,-0.77
"reaco01","Colin Rea","Colin","Rea","R","R",188,170,40,3,18,0.235,0.309,0,0,0.86,0.8
"readra01","Raudy Read","Raudy","Read","R","R",128,118,33,2,10,0.28,0.336,0,0,0.43,0.33
"readyra01","Randy Ready","Randy","Ready","R","R",2497,2137,571,37,329,0.267,0.365,12,19,9.71,9.61
"realmjt01","J T  Realmuto","J. T.","Realmuto","R","R",5486,4897,1428,147,450,0.292,0.359,94,45,42.66,39.94
"reamebr01","Britt Reames","Britt","Reames","R","R",33,31,7,0,2,0.226,0.273,0,0,0.04,0.02
"reardje01","Jeff Reardon","Jeff","Reardon","R","R",46,40,13,0,6,0.325,0.413,0,0,0.19,0.2
"rearich01","Chris Rearick","Chris","Rearick","L","L",5,4,1,0,1,0.25,0.4,0,0,0.03,0.02
"reberfr01","Frank Reberger","Frank","Reberger","L","R",0,0,0,0,0,NA,NA,0,0,0,0
"rebouje01","Jeff Reboulet","Jeff","Reboulet","R","R",2776,2453,569,11,298,0.232,0.318,16,9,7.77,3.12
"reckean01","Anthony Recker","Anthony","Recker","R","R",1002,873,213,27,118,0.244,0.336,6,5,3.64,1.39
"reddijo01","Josh Reddick","Josh","Reddick","L","R",5456,4868,1378,145,535,0.283,0.352,7,46,34.42,29.02
"redditi01","Tim Redding","Tim","Redding","R","R",594,551,114,6,43,0.207,0.264,0,0,1.58,1.52
"redmaju01","Tike Redman",NA,NA,NA,NA,1547,1441,394,14,90,0.273,0.317,6,10,3.78,4.04
"redmama01","Mark Redman","Mark","Redman","L","L",140,132,26,1,8,0.197,0.243,0,0,-0.93,-0.81
"redmogl01","Glenn Redmon","Glenn","Redmon","R","R",21,19,5,0,2,0.263,0.333,0,0,0.05,0.05
"redmomi01","Mike Redmond","Mike","Redmond","R","R",2920,2654,762,22,195,0.287,0.346,54,17,7.72,9.46
"redmoto01","Todd Redmond","Todd","Redmond","R","R",12,10,3,0,2,0.3,0.417,0,0,0,0
"redusga01","Gary Redus","Gary","Redus","R","R",4064,3515,908,89,493,0.258,0.349,17,39,16.75,17.15
"reedad01","Addison Reed","Addison","Reed","L","R",82,69,22,1,13,0.319,0.427,0,0,1.03,1.03
"reedaj01","AJ Reed","A. J.","Reed","L","L",252,218,56,5,33,0.257,0.353,0,1,0.51,0.48
"reedch01","Chris Reed","Chris","Reed","L","L",2,1,0,0,1,0,0.5,0,0,0.01,0.01
"reedco01","Cody Reed","Cody","Reed","L","L",181,162,38,3,19,0.235,0.315,0,0,0.84,0.83
"reeder01","Eric Reed","Eric","Reed","L","L",172,157,31,2,13,0.197,0.267,2,0,0.44,0.37
"reedev01","Evan Reed","Evan","Reed","R","R",2,1,0,0,1,0,0.5,0,0,0.01,0.01
"reedho01","Howie Reed","Howie","Reed","R","R",53,46,8,0,7,0.174,0.283,0,0,-0.14,-0.06
"reedja02","Jake Reed","Jake","Reed","R","R",29,26,7,1,3,0.269,0.345,0,0,0.32,0.3
"reedje02","Jeff Reed","Jeff","Reed","L","R",3293,2914,677,36,342,0.232,0.313,13,24,1.1,4.67
"reedje03","Jeremy Reed","Jeremy","Reed","L","L",1572,1416,383,19,141,0.27,0.338,7,8,7.02,6.18
"reedjo01","Jody Reed","Jody","Reed","R","R",5211,4614,1195,19,538,0.259,0.338,27,32,14.49,13.67
"reedke01","Keith Reed","Keith","Reed","R","R",43,38,10,1,5,0.263,0.349,0,0,0.07,0.02
"reedmi02","Michael Reed","Michael","Reed","R","R",257,233,64,4,24,0.275,0.342,0,0,0.81,0.92
"reedri01","Rick Reed","Rick","Reed","R","R",228,212,44,2,15,0.208,0.259,0,1,0.14,0.14
"reedro01","Ron Reed","Ron","Reed","R","R",740,694,152,3,42,0.219,0.264,1,3,0.67,-0.16
"reedst01","Steve Reed","Steve","Reed","R","R",50,42,11,0,7,0.262,0.36,0,1,0.01,0.06
"reeseke01","Kevin Reese","Kevin","Reese","L","L",19,16,4,0,3,0.25,0.368,0,0,0.01,0
"reesepe01","Pee Wee Reese","Pee Wee","Reese","R","R",9403,8265,2178,113,1093,0.264,0.351,26,19,64.51,56.94
"reesepo01","Pokey Reese","Pokey","Reese","R","R",2545,2335,564,15,170,0.242,0.295,18,22,6.6,7.55
"reeseri01","Rich Reese","Rich","Reese","L","L",1063,986,279,22,58,0.283,0.328,12,7,1.74,1.37
"reetzja01","Jakson Reetz","Jakson","Reetz","R","R",34,31,9,1,3,0.29,0.353,0,0,0.14,0.17
"refsnro01","Rob Refsnyder","Rob","Refsnyder","R","R",1623,1385,384,28,194,0.277,0.375,30,14,7.02,6.91
"regalru01","Rudy Regalado","Rudy","Regalado","R","R",367,331,84,2,30,0.254,0.324,5,1,0.23,0.26
"reganph01","Phil Regan","Phil","Regan","R","R",180,159,41,0,19,0.258,0.344,2,0,0.33,0.46
"regilni01","Nick Regilio","Nick","Regilio","R","R",1,0,0,0,1,NA,1,0,0,0.01,0
"regisst01","Steven Register","Steven","Register","R","R",7,5,1,0,2,0.2,0.429,0,0,0.04,0.04
"reibefr01","Frank Reiber","Frank","Reiber","R","R",11,10,2,1,1,0.2,0.273,0,0,-0.02,0.01
"reichda01","Dan Reichert","Dan","Reichert","R","R",8,7,3,0,1,0.429,0.5,0,0,0.01,0
"reichri01","Rick Reichardt","Rick","Reichardt","R","R",3546,3241,870,113,218,0.268,0.325,65,22,11.49,11.93
"reidfse01","Sean Reid Foley","Sean","Reid-Foley","R","R",91,78,24,2,13,0.308,0.407,0,0,0.45,0.42
"reidje01","Jessie Reid","Jessie","Reid","L","L",10,9,2,0,1,0.222,0.3,0,0,0.01,0.01
"reidry01","Ryan Reid","Ryan","Reid","L","R",17,15,5,0,2,0.333,0.412,0,0,0.03,0.03
"reimeke01","Kevin Reimer","Kevin","Reimer","L","R",1136,1025,279,39,86,0.272,0.337,18,7,-0.49,0.26
"reimono01","Nolan Reimold","Nolan","Reimold","R","R",1875,1639,436,55,208,0.266,0.35,13,15,7.07,6.47
"reinbmi01","Mike Reinbach","Mike","Reinbach","L","R",27,23,7,0,3,0.304,0.37,0,1,0.05,0.03
"reinech01","Chad Reineke","Chad","Reineke","R","R",44,40,10,1,4,0.25,0.318,0,0,0.16,0.16
"reinhja01","Jack Reinheimer","Jack","Reinheimer","R","R",136,119,30,2,17,0.252,0.346,0,0,0.33,0.38
"reiniza01","Zac Reininger","Zac","Reininger","B","R",2,1,0,0,1,0,0.5,0,0,0.01,0.01
"reisepe01","Pete Reiser","Pete","Reiser","L","R",3280,2942,837,82,318,0.285,0.358,20,0,22.67,19.9
"reithbr01","Brian Reith","Brian","Reith","R","R",31,29,7,0,2,0.241,0.29,0,0,0.14,0.19
"reitsch01","Chris Reitsma","Chris","Reitsma","R","R",34,29,9,0,5,0.31,0.412,0,0,0.14,0.14
"reitzke01","Ken Reitz","Ken","Reitz","R","R",5157,4800,1280,104,273,0.267,0.308,35,49,5.57,10.23
"relafde01","Desi Relaford","Desi","Relaford","B","R",2008,1785,455,23,174,0.255,0.328,29,20,3.08,4.03
"remilza01","Zach Remillard","Zach","Remillard","R","R",179,164,46,0,13,0.28,0.341,2,0,0.72,0.85
"remlimi01","Mike Remlinger","Mike","Remlinger","L","L",86,74,24,0,12,0.324,0.419,0,0,-0.09,-0.02
"remyje01","Jerry Remy","Jerry","Remy","L","R",4992,4535,1250,36,421,0.276,0.336,4,32,18.97,15.65
"rendato01","Tony Renda","Tony","Renda","R","R",140,126,33,2,14,0.262,0.336,0,0,0.43,0.43
"rendoan01","Anthony Rendon","Anthony","Rendon","R","R",5383,4567,1329,143,681,0.291,0.387,72,63,40.88,43.71
"renfrhu01","Hunter Renfroe","Hunter","Renfroe","R","R",3954,3537,947,170,355,0.268,0.337,30,32,17.01,16.56
"rengilu01","Luis Rengifo","Luis","Rengifo","B","R",2118,1900,530,42,174,0.279,0.347,31,13,10.25,9.05
"renicri01","Rick Renick","Rick","Renick","R","R",337,302,62,8,32,0.205,0.285,2,1,0.61,0.35
"renkost01","Steve Renko","Steve","Renko","R","R",644,607,140,10,37,0.231,0.275,0,0,3.31,2.89
"rensato01","Tony Rensa","Tony","Rensa","R","R",323,287,65,5,35,0.226,0.313,1,0,0.83,-0.37
"renteed01","Edgar Renteria","Edgar","Renteria","R","R",8804,7976,2270,104,721,0.285,0.343,31,76,37.12,37.48
"repkoja01","Jason Repko","Jason","Repko","R","R",1069,954,242,23,96,0.254,0.333,18,1,4.99,5.5
"repozro01","Roger Repoz","Roger","Repoz","L","L",2033,1784,398,65,225,0.223,0.31,8,16,2.45,3.75
"repulri01","Rip Repulski","Rip","Repulski","R","R",2874,2676,714,82,146,0.267,0.309,29,23,5.96,4.78
"resopch01","Chris Resop","Chris","Resop","R","R",94,81,23,1,13,0.284,0.383,0,0,0.98,0.96
"restomi01","Michael Restovich","Michael","Restovich","R","R",446,397,104,7,48,0.262,0.343,1,0,1.11,0.92
"retteme01","Merv Rettenmund","Merv","Rettenmund","R","R",3282,2793,777,76,451,0.278,0.38,18,20,19.65,20.51
"retzeke01","Ken Retzer","Ken","Retzer","L","R",442,421,118,6,19,0.28,0.31,0,2,0.49,1.44
"reuscpa01","Paul Reuschel","Paul","Reuschel","R","R",33,28,8,0,4,0.286,0.364,0,1,0.09,0.08
"reuscri01","Rick Reuschel","Rick","Reuschel","R","R",963,890,193,10,67,0.217,0.273,3,3,3.8,3.6
"reussje01","Jerry Reuss","Jerry","Reuss","L","L",1183,1077,247,11,103,0.229,0.297,1,2,4.14,4.21
"reverbe01","Ben Revere","Ben","Revere","L","R",3389,3108,928,39,255,0.299,0.353,14,12,15.75,14.63
"reverda01","Dave Revering","Dave","Revering","L","R",2061,1869,521,72,174,0.279,0.338,2,16,7.03,8.01
"reyesal01","Alberto Reyes","Alberto","Reyes","R","R",62,54,13,1,8,0.241,0.339,0,0,0.6,0.53
"reyesal02","Alex Reyes","Alex","Reyes","R","R",118,106,29,2,12,0.274,0.347,0,0,1.03,0.89
"reyesan01","Anthony Reyes","Anthony","Reyes","R","R",220,201,45,3,19,0.224,0.291,0,0,0.66,0.68
"reyesar01","Argenis Reyes","Argenis","Reyes","B","R",247,227,54,3,18,0.238,0.3,2,0,0,0.7
"reyesde01","Dennys Reyes","Dennys","Reyes","R","L",130,115,27,3,15,0.235,0.323,0,0,1.23,1.24
"reyesfr01","Franmil Reyes","Franmil","Reyes","R","R",2572,2296,633,107,248,0.276,0.345,7,21,8.24,8.38
"reyesge01","Gerardo Reyes","Gerardo","Reyes","R","R",24,21,7,1,3,0.333,0.417,0,0,0.46,0.44
"reyesgi01","Gil Reyes","Gil","Reyes","R","R",249,223,49,0,23,0.22,0.297,2,1,0.76,1
"reyesje01","Jesús Reyes","Jesus","Reyes","R","R",6,5,1,0,1,0.2,0.333,0,0,0.03,0.03
"reyesjo01","José Reyes","Jose","Reyes","B","R",8334,7548,2236,149,737,0.296,0.358,11,38,48.14,51.52
"reyesjo02","Jose Reyes","Jose","Reyes","B","R",36,33,8,1,3,0.242,0.306,0,0,0.11,0.15
"reyesjo03","Jo Jo Reyes","Jo-Jo","Reyes","L","L",231,210,49,4,21,0.233,0.303,0,0,0.81,0.82
"reyespa01","Pablo Reyes","Pablo","Reyes","R","R",767,688,190,10,73,0.276,0.346,2,4,2.01,2.72
"reyesvi01","Victor Reyes","Victor","Reyes","B","R",1766,1626,467,23,118,0.287,0.337,10,12,7.1,7.24
"reynoal01","Allie Reynolds","Allie","Reynolds","R","R",505,470,92,2,34,0.196,0.251,1,0,-0.0799999999999999,0.2
"reynoar01","Archie Reynolds","Archie","Reynolds","R","R",1,0,0,0,1,NA,1,0,0,0.01,0.01
"reynoar02","Armando Reynoso","Armando","Reynoso","R","R",240,224,46,1,15,0.205,0.254,0,1,-0.21,-0.18
"reynobr01","Bryan Reynolds","Bryan","Reynolds","B","R",3752,3269,953,116,390,0.292,0.376,67,26,23.85,20.87
"reynoca01","Carl Reynolds","Carl","Reynolds","R","R",4778,4509,1189,101,228,0.264,0.305,41,0,13.52,9.33
"reynocr01","Craig Reynolds","Craig","Reynolds","L","R",4499,4186,1134,65,267,0.271,0.313,9,37,17.64,15.46
"reynodo01","Don Reynolds","Don","Reynolds","R","R",96,82,21,1,14,0.256,0.365,0,0,0.19,0.18
"reynogr01","Greg Reynolds","Greg","Reynolds","R","R",174,158,41,3,16,0.259,0.328,0,0,1.07,0.91
"reynoha01","Harold Reynolds","Harold","Reynolds","B","R",5304,4761,1224,17,484,0.257,0.327,27,32,16.78,12.95
"reynoke01","Ken Reynolds","Ken","Reynolds","L","L",70,64,15,1,5,0.234,0.3,1,0,0.15,0.17
"reynoma01","Mark Reynolds","Mark","Reynolds","R","R",6366,5452,1406,257,813,0.258,0.357,56,45,22.58,23.8
"reynoma02","Matt Reynolds","Matt","Reynolds","L","L",104,92,28,2,12,0.304,0.385,0,0,1.88,1.84
"reynoma03","Matt Reynolds","Matt","Reynolds","R","R",778,694,183,9,77,0.264,0.341,5,2,2.79,2.73
"reynor.01","R J  Reynolds",NA,NA,NA,NA,2540,2307,636,38,203,0.276,0.332,5,25,6.47,7.36
"reynoro02","Ronn Reynolds","Ronn","Reynolds","R","R",4,3,1,0,1,0.333,0.5,0,0,0,0
"reynosh01","Shane Reynolds","Shane","Reynolds","R","R",649,627,123,5,19,0.196,0.222,2,1,-0.64,-0.76
"rhameja01","Jacob Rhame","Jacob","Rhame","R","R",36,31,9,0,5,0.29,0.389,0,0,0.53,0.54
"rhawnbo01","Bobby Rhawn","Bobby","Rhawn","R","R",302,266,62,2,36,0.233,0.325,0,0,-0.04,-1.11022302462516e-16
"rheinjo01","John Rheinecker","John","Rheinecker","L","L",10,8,2,0,1,0.25,0.4,1,0,0.01,0
"rhodear01","Arthur Rhodes","Arthur","Rhodes","L","L",70,56,18,0,14,0.321,0.457,0,0,0.39,0.37
"rhodedu01","Dusty Rhodes","Dusty","Rhodes","L","R",1306,1179,307,45,121,0.26,0.329,2,4,4.94,3.66
"rhodeka01","Karl Rhodes","Karl","Rhodes","L","L",465,411,93,9,50,0.226,0.31,1,3,0.22,0.3
"rhoderi01","Rick Rhoden","Rick","Rhoden","R","R",760,705,184,14,50,0.261,0.308,0,5,5.65,6
"rhombke01","Kevin Rhomberg","Kevin","Rhomberg","R","R",19,17,5,1,2,0.294,0.368,0,0,0.01,0.01
"rhymewi01","Will Rhymes","Will","Rhymes","L","R",601,537,150,8,59,0.279,0.353,3,2,2.37,2.32
"ribande01","Dennis Ribant","Dennis","Ribant","R","R",185,174,42,1,10,0.241,0.281,0,1,1.23,0.92
"riccefr01","Frank Riccelli","Frank","Riccelli","L","L",7,6,2,0,1,0.333,0.429,0,0,0.01,0.01
"ricede01","Del Rice","Del","Rice","R","R",4141,3786,852,91,320,0.225,0.291,31,4,0.84,5.45
"riceha01","Harry Rice","Harry","Rice","L","R",3591,3281,798,38,287,0.243,0.309,23,0,5.09,1.27
"riceha02","Hal Rice","Hal","Rice","L","R",1495,1402,346,24,92,0.247,0.293,0,1,-2.8,-2.94
"riceji01","Jim Rice","Jim","Rice","R","R",9290,8364,2411,373,768,0.288,0.349,64,94,52.4,56.55
"ricesa01","Sam Rice","Sam","Rice","L","R",9624,9138,2539,27,433,0.278,0.314,53,0,25.44,21.39
"ricesc01","Scott Rice","Scott","Rice","L","L",23,20,6,0,3,0.3,0.391,0,0,0.17,0.16
"richaan01","Antoan Richardson","Antoan","Richardson","B","R",66,60,17,1,6,0.283,0.348,0,0,0.47,0.58
"richabo01","Bobby Richardson","Bobby","Richardson","R","R",3840,3665,1016,6,150,0.277,0.305,5,20,1.3,-0.39
"richach01","Chris Richard","Chris","Richard","L","L",1000,899,235,24,78,0.261,0.327,14,9,2.35,1.99
"richacl01","Clayton Richard","Clayton","Richard","L","L",863,787,176,14,69,0.224,0.289,4,3,4.41,4.16
"richada01","Danny Richardson","Danny","Richardson","R","R",2262,2178,412,8,81,0.189,0.219,3,0,0.14,2.38
"richada02","Danny Richar","Danny","Richar","L","R",336,307,77,7,28,0.251,0.312,0,1,-0.44,0.58
"richadu02","Dustin Richardson","Dustin","Richardson","L","L",0,0,0,0,0,NA,NA,0,0,0,0
"richafr01","Fred Richards","Fred","Richards","L","L",24,22,7,0,2,0.318,0.375,0,0,0.16,0.11
"richaga01","Garrett Richards","Garrett","Richards","R","R",21,19,5,0,2,0.263,0.333,0,0,0.02,0.03
"richage01","Gene Richards","Gene","Richards","L","L",4114,3677,1088,53,404,0.296,0.368,20,13,21.8,20.17
"richaha01","Hardy Richardson","Hardy","Richardson","R","R",6668,6369,1534,91,290,0.241,0.275,9,0,6.87,7.05
"richaj.01","J R  Richard",NA,NA,NA,NA,522,489,109,13,28,0.223,0.266,2,3,1.8,2
"richaje01","Jeff Richardson","Jeff","Richardson","R","R",26,24,5,0,2,0.208,0.269,0,0,0.3,0.28
"richake02","Kevin Richardson","Kevin","Richardson","R","R",44,40,12,1,4,0.3,0.364,0,0,0.23,0.24
"richami01","Mike Richardt","Mike","Richardt","R","R",503,464,111,8,33,0.239,0.288,1,5,0.4,-0.11
"richano01","Nolen Richardson","Nolen","Richardson","R","R",161,158,44,0,3,0.278,0.292,0,0,0.84,0.56
"richatr01","Trevor Richards","Trevor","Richards","R","R",201,182,37,3,19,0.203,0.279,0,0,1.18,0.95
"richbla01","Lance Richbourg","Lance","Richbourg","L","R",1246,1169,332,2,74,0.284,0.328,3,0,1.51,2.4
"richepe01","Pete Richert","Pete","Richert","L","L",358,349,71,0,7,0.203,0.221,1,1,-1.84,-2.35
"richmsc01","Scott Richmond","Scott","Richmond","R","R",43,39,10,1,4,0.256,0.326,0,0,0.07,0.06
"rickajo01","Joey Rickard","Joey","Rickard","R","L",1093,986,265,18,93,0.269,0.338,11,3,5.17,4.22
"rickeda01","Dave Ricketts","Dave","Ricketts","B","R",244,229,64,2,13,0.279,0.316,0,2,0.4,0.82
"rickema01","Marv Rickert","Marv","Rickert","L","R",713,682,175,13,31,0.257,0.289,0,0,-0.34,-0.53
"ricofr01","Fred Rico","Fred","Rico","R","R",49,41,8,0,8,0.195,0.327,0,0,0.25,0.28
"riddlel01","Elmer Riddle","Elmer","Riddle","R","R",353,344,75,0,9,0.218,0.238,0,0,-0.4,-0.52
"riddljt01","JT Riddle","JT","Riddle","L","R",935,856,230,20,71,0.269,0.324,2,6,3.27,2.26
"ridgwje01","Jeff Ridgway","Jeff","Ridgway","R","L",6,5,1,0,1,0.2,0.333,0,0,0.03,0.03
"ridzist01","Steve Ridzik","Steve","Ridzik","R","R",76,72,18,0,4,0.25,0.289,0,0,0.3,0.27
"riedljo01","John Riedling","John","Riedling","R","R",116,107,25,1,9,0.234,0.293,0,0,0.67,0.76
"rienzan01","André Rienzo","Andre","Rienzo","R","R",33,28,7,1,5,0.25,0.364,0,0,0.36,0.4
"rigdopa01","Paul Rigdon","Paul","Rigdon","R","R",84,78,18,1,6,0.231,0.286,0,0,0.26,0.33
"riggash01","Shawn Riggans","Shawn","Riggans","R","R",415,372,97,11,40,0.261,0.333,1,2,1.18,1.13
"riggejo01","Joe Riggert","Joe","Riggert","R","R",309,283,64,14,24,0.226,0.291,2,0,1.03,1.17
"riggsad01","Adam Riggs","Adam","Riggs","R","R",202,182,44,5,20,0.242,0.317,0,0,0.12,0.59
"riggsle01","Lew Riggs","Lew","Riggs","L","R",2725,2560,603,48,148,0.236,0.282,17,0,6.6,6.66
"rignebi01","Bill Rigney","Bill","Rigney","R","R",1982,1812,476,36,159,0.263,0.326,11,0,6.89,6.47
"rigneto01","Topper Rigney","Topper","Rigney","R","R",2202,1908,403,8,290,0.211,0.317,4,0,5.16,4.07
"rijojo01","Jose Rijo","Jose","Rijo","R","R",447,429,96,1,18,0.224,0.255,0,0,1.92,1.63
"rikarcu01","Culley Rikard","Culley","Rikard","L","R",376,331,90,5,44,0.272,0.359,1,0,0.42,0.7
"rileser01","Ernie Riles","Ernie","Riles","L","R",2255,2027,545,42,201,0.269,0.333,6,21,6.43,5.75
"rileyau01","Austin Riley","Austin","Riley","R","R",3386,2969,869,138,299,0.293,0.367,75,43,25.79,21.13
"rileyge01","George Riley","George","Riley","L","L",2,1,0,0,1,0,0.5,0,0,0,0.01
"rileyma01","Matt Riley","Matt","Riley","L","L",16,14,3,0,2,0.214,0.312,0,0,0,0.01
"rincoan01","Andy Rincon","Andy","Rincon","R","R",10,9,2,0,1,0.222,0.3,0,0,0.01,0
"rincoju01","Juan Rincon","Juan","Rincon","R","R",54,43,12,0,11,0.279,0.426,0,0,0.16,0.14
"rincori01","Ricardo Rincon","Ricardo","Rincon","L","L",26,20,5,0,6,0.25,0.423,0,0,0.09,0.09
"ringro01","Royce Ring","Royce","Ring","L","L",28,24,8,0,4,0.333,0.429,0,0,0.15,0.15
"riosal01","Alex Rios","Alex","Rios","R","R",6874,6246,1784,150,522,0.286,0.342,45,61,38.95,35.52
"riosar01","Armando Rios","Armando","Rios","L","L",1112,990,274,27,111,0.277,0.348,2,9,3.58,4.83
"riosed01","Edwin Rios","Edwin","Rios","L","R",461,399,101,19,53,0.253,0.351,8,1,1.18,1.24
"riosya01","Yacksel Ríos","Yacksel","Rios","R","R",49,43,11,0,6,0.256,0.347,0,0,0.62,0.64
"ripkebi01","Billy Ripken","Billy","Ripken","R","R",2581,2397,593,15,153,0.247,0.295,16,15,5.24,2.88
"ripkeca01","Cal Ripken Jr","Cal","Ripken","R","R",13088,11766,3263,368,1129,0.277,0.341,66,127,97.95,93.45
"ripleal01","Allen Ripley","Allen","Ripley","R","R",34,31,7,0,3,0.226,0.294,0,0,0.14,0.12
"rippera01","Ray Rippelmeyer","Ray","Rippelmeyer","R","R",5,4,1,0,1,0.25,0.4,0,0,0.01,0.02
"ripplji01","Jimmy Ripple","Jimmy","Ripple","L","R",2014,1857,485,29,145,0.261,0.319,12,0,4.05,2.96
"riskeda01","David Riske","David","Riske","R","R",41,31,10,0,10,0.323,0.488,0,0,0.19,0.2
"ritchja01","Jay Ritchie","Jay","Ritchie","R","R",26,23,7,0,3,0.304,0.385,0,0,0.05,0.05
"ritchto01","Todd Ritchie","Todd","Ritchie","R","R",247,238,49,0,9,0.206,0.235,0,0,-0.53,-0.24
"rittwji01","Jim Rittwage","Jim","Rittwage","R","R",8,7,3,0,1,0.429,0.5,0,0,0.01,0.01
"ritzke01","Kevin Ritz","Kevin","Ritz","R","R",143,130,24,0,13,0.185,0.259,0,0,0.17,0
"rivasal01","Alfonso Rivas","Alfonso","Rivas","L","L",571,490,133,6,60,0.271,0.364,15,6,1.86,1.06
"rivaslu01","Luis Rivas","Luis","Rivas","R","R",2295,2118,549,24,146,0.259,0.311,18,13,-0.41,1.68
"rivaswe01","Webster Rivas","Webster","Rivas","R","R",164,146,38,3,18,0.26,0.341,0,0,0.62,0.47
"riverbo01","Bombo Rivera","Bombo","Rivera","R","R",905,816,224,15,84,0.275,0.343,2,3,4.09,4.16
"riverca02","Carlos Rivero","Carlos","Rivero","R","R",51,45,15,3,6,0.333,0.412,0,0,0.28,0.36
"riverem01","Emmanuel Rivera","Emmanuel","Rivera","R","R",1154,1026,270,20,98,0.263,0.332,15,15,4.2,3.67
"riverfe01","Felipe Vazquez","Felipe","Vazquez","L","L",112,98,30,3,14,0.306,0.393,0,0,2.48,2.47
"riverge01","German Rivera","German","Rivera","R","R",317,283,75,4,30,0.265,0.334,1,3,0.99,1.24
"riverji01","Jim Rivera","Jim","Rivera","L","L",3327,3036,756,59,256,0.249,0.31,21,14,4.62,8.47
"riverju01","Juan Rivera","Juan","Rivera","R","R",3786,3426,962,113,302,0.281,0.339,20,38,16.95,14.64
"riverlu01","Luis Rivera","Luis","Rivera","R","R",1781,1635,376,22,128,0.23,0.289,11,7,0.93,0.42
"riverma01","Mariano Rivera","Mariano","Rivera","R","R",74,59,18,1,15,0.305,0.446,0,0,0.44,0.4
"rivermi01","Mickey Rivers","Mickey","Rivers","L","L",6326,5890,1752,98,379,0.297,0.34,22,35,36.45,27.46
"rivermi02","Mike Rivera","Mike","Rivera","R","R",969,874,222,20,83,0.254,0.323,8,4,2.34,2.86
"riverre01","René Rivera","Rene","Rivera","R","R",2175,1963,520,53,185,0.265,0.332,17,10,10.35,13.15
"riverru01","Ruben Rivera","Ruben","Rivera","R","R",1953,1727,364,46,185,0.211,0.296,29,12,4.6,3.97
"riversa01","Saul Rivera","Saul","Rivera","B","R",117,102,30,3,15,0.294,0.385,0,0,1.88,1.72
"rivertj01","T J  Rivera","T. J.","Rivera","R","R",444,400,133,8,32,0.332,0.385,6,6,3.04,2.65
"riverya01","Yadiel Rivera","Yadiel","Rivera","R","R",609,542,136,8,65,0.251,0.33,0,2,2.07,1.66
"rixeyep01","Eppa Rixey","Eppa","Rixey","R","L",1384,1372,266,6,5,0.194,0.201,7,0,-13.33,-11.78
"rizzoan01","Anthony Rizzo","Anthony","Rizzo","L","L",8014,6740,1907,277,969,0.283,0.391,257,48,48.8,45.52
"rizzojo01","Johnny Rizzo","Johnny","Rizzo","R","R",1866,1684,410,69,170,0.243,0.317,12,0,5.86,5.53
"rizzuph01","Phil Rizzuto","Phil","Rizzuto","R","R",6680,6084,1681,27,545,0.276,0.341,49,2,39.52,37.27
"rlealse01","Sendy Rleal","Sendy","Rleal","R","R",3,2,1,0,1,0.5,0.667,0,0,0.02,0.02
"roachdo01","Donn Roach","Donn","Roach","R","R",57,51,15,1,6,0.294,0.368,0,0,0.5,0.5
"roachja01","Jason Roach","Jason","Roach","R","R",15,13,5,0,2,0.385,0.467,0,0,0.01,0.01
"roachme01","Mel Roach","Mel","Roach","R","R",583,547,154,9,29,0.282,0.319,3,4,0.8,1.07
"roajo01","Joe Roa","Joe","Roa","R","R",120,110,29,2,9,0.264,0.317,0,1,0.63,0.69
"roarkta01","Tanner Roark","Tanner","Roark","R","R",768,709,166,10,58,0.234,0.293,1,0,3.89,3.99
"roberan01","Andre Robertson","Andre","Robertson","R","R",751,699,186,7,43,0.266,0.31,4,5,2.1,1.64
"roberbe01","Bert Roberge","Bert","Roberge","R","R",2,1,0,0,1,0,0.5,0,0,0.01,0.01
"roberbi01","Bip Roberts","Bip","Roberts","B","R",4574,4137,1213,19,377,0.293,0.354,30,30,19.44,16.58
"roberbo01","Bob Robertson","Bob","Robertson","R","R",2735,2378,614,138,319,0.258,0.346,13,25,11.94,13.42
"roberbr01","Brian Roberts","Brian","Roberts","B","R",5808,5108,1427,91,644,0.279,0.359,12,44,35.1,35.29
"roberch02","Chris Roberson","Chris","Roberson","B","R",176,163,44,2,12,0.27,0.324,1,0,0.98,0.82
"roberco01","Connor Robertson","Connor","Robertson","R","R",11,9,2,0,2,0.222,0.364,0,0,0.02,0.02
"robercu01","Curt Roberts","Curtis","Roberts","R","R",555,499,112,1,51,0.224,0.297,2,3,0.53,0.07
"roberda05","Dave Roberts","Dave","Roberts","L","L",607,567,132,11,34,0.233,0.273,0,6,2.2,2.47
"roberda06","Dave Roberts","Dave","Roberts","R","R",1752,1606,416,52,130,0.259,0.316,8,8,5.54,4.73
"roberda07","Dave Roberts","Dave","Roberts","L","L",2874,2519,701,25,321,0.278,0.361,16,18,12.3,12.75
"roberda08","David Robertson","David","Robertson","R","R",69,56,14,0,13,0.25,0.391,0,0,0.34,0.32
"roberda09","Daniel Robertson","Dan","Robertson","R","R",635,573,160,7,61,0.279,0.348,0,1,3.12,2.48
"roberda10","Daniel Robertson","Daniel","Robertson","R","R",1064,897,239,17,136,0.266,0.377,26,5,5.73,5.2
"robergr01","Grant Roberts","Grant","Roberts","R","R",1,0,0,0,1,NA,1,0,0,0.01,0
"roberje02","Jeriome Robertson","Jeriome","Robertson","L","L",5,4,1,0,1,0.25,0.4,0,0,0.01,0.01
"roberke02","Kenny Roberts","Kenny","Roberts","L","L",9,8,2,0,1,0.25,0.333,0,0,0.04,0.04
"roberle01","Leon Roberts","Leon","Roberts","R","R",3059,2720,752,86,289,0.276,0.347,22,28,16.38,15.46
"roberlu01","Luis Robert","Luis","Robert","R","R",2430,2209,649,83,172,0.294,0.353,38,11,20.59,17.76
"roberna01","Nate Robertson","Nate","Robertson","R","L",218,196,51,4,22,0.26,0.335,0,0,0.64,0.74
"roberre01","Red Roberts","Red","Roberts","R","R",26,23,7,1,3,0.304,0.385,0,0,0.09,0.16
"roberri01","Rich Robertson","Rich","Robertson","R","R",1,0,0,0,1,NA,1,0,0,0,0
"roberri02","Rich Robertson","Rich","Robertson","L","L",6,5,1,0,1,0.2,0.333,0,0,0,0
"roberro01","Robin Roberts","Robin","Roberts","B","R",2445,2260,457,7,171,0.202,0.26,8,6,0.63,2.4980018054066e-16
"roberry01","Ryan Roberts","Ryan","Roberts","R","R",1969,1730,456,50,222,0.264,0.348,7,10,10.16,10.01
"roberwi01","Willis Roberts","Willis","Roberts","R","R",12,11,4,0,1,0.364,0.417,0,0,0.01,0
"robinaa01","Aaron Robinson","Aaron","Robinson","L","R",2523,2195,549,70,325,0.25,0.348,3,0,12.07,13.58
"robinbi02","Bill Robinson","Bill","Robinson","R","R",4948,4567,1191,167,316,0.261,0.308,16,49,9.89,12.61
"robinbr01","Brooks Robinson","Brooks","Robinson","R","R",11797,10885,2966,244,746,0.272,0.319,53,113,74.34,75.42
"robinbr02","Bruce Robinson","Bruce","Robinson","L","R",81,76,20,1,5,0.263,0.309,0,0,0.09,0.16
"robinch02","Chris Robinson","Chris","Robinson","R","R",62,57,15,3,5,0.263,0.323,0,0,0.34,0.32
"robincl01","Clint Robinson","Clint","Robinson","L","L",657,564,155,16,80,0.275,0.368,7,6,2.58,2.68
"robincr01","Craig Robinson","Craig","Robinson","R","R",783,716,175,5,58,0.244,0.301,3,6,-1.43,-1.06
"robinda01","Dave Robinson","Dave","Robinson","B","L",58,52,15,2,6,0.288,0.362,0,0,0.33,0.35
"robinde02","Derrick Robinson","Derrick","Robinson","B","L",243,216,59,3,26,0.273,0.354,1,0,1.67,1.14
"robindo01","Don Robinson","Don","Robinson","R","R",656,612,154,14,41,0.252,0.3,2,1,3.98,4.46
"robindr01","Drew Robinson","Drew","Robinson","L","R",446,390,99,11,56,0.254,0.348,0,0,1.41,1.38
"robinea01","Earl Robinson","Earl","Robinson","R","R",575,524,141,10,48,0.269,0.329,0,3,1.68,3.03
"robined01","Eddie Robinson","Eddie","Robinson","L","R",5034,4535,1169,190,447,0.258,0.331,48,4,10.87,15.63
"robinfl01","Floyd Robinson","Floyd","Robinson","L","R",3436,3023,875,43,369,0.289,0.369,25,19,15.23,13.33
"robinfr02","Frank Robinson","Frank","Robinson","R","R",11945,10213,2999,535,1432,0.294,0.388,198,102,99.84,95.83
"robinja02","Jackie Robinson","Jackie","Robinson","R","R",5770,5043,1518,135,646,0.301,0.388,72,9,59.84,53.33
"robinje01","Jeff Robinson","Jeff","Robinson","R","R",122,112,25,2,9,0.223,0.279,0,1,0.12,0.47
"robinke02","Kerry Robinson","Kerry","Robinson","L","L",466,432,120,1,28,0.278,0.322,2,4,0.79,1.1
"robinro01","Ron Robinson","Ron","Robinson","R","R",29,26,8,0,3,0.308,0.379,0,0,-0.02,-0.1
"robinsh01","Shane Robinson","Shane","Robinson","R","R",1330,1178,311,20,142,0.264,0.342,2,8,7.41,6.7
"robintr01","Trayvon Robinson","Trayvon","Robinson","B","R",418,378,98,8,38,0.259,0.328,1,1,1.4,0.79
"robleha01","Hansel Robles","Hansel","Robles","R","R",105,93,25,1,12,0.269,0.352,0,0,1.3,1.36
"roblema01","Mauricio Robles","Mauricio","Robles","L","L",3,2,1,0,1,0.5,0.667,0,0,0.02,0.02
"robleos01","Oscar Robles","Oscar","Robles","L","R",539,484,133,6,52,0.275,0.347,2,1,1.46,1.04
"roblevi01","Victor Robles","Victor","Robles","R","R",2456,2149,598,34,196,0.278,0.36,91,20,14.69,11.66
"rocchbr01","Brayan Rocchio","Brayan","Rocchio","B","R",514,444,113,6,55,0.255,0.342,8,7,2.73,1.18
"roccomi01","Mickey Rocco","Mickey","Rocco","L","L",1539,1469,319,46,69,0.217,0.253,1,0,1.42,1.55
"rockejo01","John Rocker","John","Rocker","R","L",5,4,1,0,1,0.25,0.4,0,0,0.01,0.01
"rockepa01","Pat Rockett","Pat","Rockett","R","R",6,5,1,0,1,0.2,0.333,0,0,0,0.01
"rodasri01","Rich Rodas","Rich","Rodas","L","L",1,0,0,0,1,NA,1,0,0,0,0
"rodgean01","Andre Rodgers","Andre","Rodgers","R","R",3181,2808,697,37,334,0.248,0.33,18,21,5.9,5.99
"rodgebr02","Brendan Rodgers","Brendan","Rodgers","R","R",2024,1834,495,32,152,0.27,0.332,24,14,9.08,5.41
"rodgebu01","Buck Rodgers","Buck","Rodgers","B","R",3400,3153,669,12,194,0.212,0.259,16,37,-7.11,-3.8
"rodnefe01","Fernando Rodney","Fernando","Rodney","R","R",95,78,24,0,17,0.308,0.432,0,0,0.54,0.5
"rodonca01","Carlos Rodón","Carlos","Rodon","L","L",162,146,39,4,16,0.267,0.34,0,0,0.53,0.54
"rodrial01","Alex Rodriguez","Alex","Rodriguez","R","R",11917,10293,3047,547,1338,0.296,0.383,176,110,120.64,110.52
"rodrian01","Aneury Rodriguez","Aneury","Rodriguez","R","R",67,60,17,1,7,0.283,0.358,0,0,0.52,0.5
"rodriau01","Aurelio Rodriguez","Aurelio","Rodriguez","R","R",7208,6788,1649,128,359,0.243,0.282,27,34,16.56,14.48
"rodrich01","Chris Rodriguez","Chris","Rodriguez","R","R",2,1,0,0,1,0,0.5,0,0,0.01,0.01
"rodride01","Dereck Rodríguez","Dereck","Rodriguez","R","R",176,164,42,2,12,0.256,0.307,0,0,0.77,0.76
"rodried01","Eduardo Rodriguez","Eduardo","Rodriguez","R","R",1,0,0,0,1,NA,1,0,0,0.01,0.01
"rodried02","Edwin Rodriguez","Edwin","Rodriguez","R","R",8,7,3,0,1,0.429,0.5,0,0,0,0
"rodried03","Eddy Rodriguez","Eddy","Rodriguez","R","R",9,8,2,0,1,0.25,0.333,0,0,0.01,0.01
"rodried04","Eddy Rodriguez","Eddy","Rodriguez","R","R",49,42,12,3,7,0.286,0.388,0,0,0.24,0.26
"rodried05","Eduardo Rodriguez","Eduardo","Rodriguez","L","L",36,32,8,1,4,0.25,0.333,0,0,0.06,0.07
"rodriel01","Ellie Rodriguez","Ellie","Rodriguez","R","R",2823,2406,575,22,337,0.239,0.343,55,25,11.25,12.16
"rodrien01","Endy Rodríguez","Endy","Rodríguez","B","R",209,188,45,2,19,0.239,0.306,0,2,0.48,1.05
"rodrife01","Felix Rodriguez","Felix","Rodriguez","R","R",51,44,14,0,7,0.318,0.412,0,0,0.07,0.12
"rodrife02","Fernando Rodriguez Jr","Fernando","Rodriguez","R","R",61,54,17,1,7,0.315,0.393,0,0,0.97,0.97
"rodrifr01","Freddy Rodriguez","Freddy","Rodriguez","R","R",1,0,0,0,1,NA,1,0,0,0,0
"rodrifr02","Frankie Rodriguez","Frankie","Rodriguez","R","R",1,0,0,0,1,NA,1,0,0,0,0
"rodrifr03","Francisco Rodríguez","Francisco","Rodriguez","R","R",113,94,26,1,19,0.277,0.398,0,0,1.53,1.45
"rodrifr04","Francisco Rodriguez","Francisco","Rodriguez","R","R",2,1,0,0,1,0,0.5,0,0,0.01,0.01
"rodrigu01","Guillermo Rodriguez","Guillermo","Rodriguez","R","R",214,188,50,3,25,0.266,0.35,0,1,0.7,0.9
"rodrigu02","Guilder Rodriguez","Guilder","Rodriguez","B","R",61,55,15,1,6,0.273,0.344,0,0,0.21,0.16
"rodrihe02","Henry Rodriguez","Henry","Rodriguez","L","L",2447,2234,548,98,189,0.245,0.305,9,15,3.18,5.68
"rodrihe03","Henry Rodriguez","Henry","Rodriguez","R","R",44,38,13,1,6,0.342,0.432,0,0,0.84,0.79
"rodrihe04","Henry Rodriguez","Henry","Rodriguez","B","R",124,109,28,2,15,0.257,0.347,0,0,0.55,0.48
"rodriiv01","Ivan Rodriguez","Ivan","Rodriguez","R","R",10366,9668,2781,238,564,0.288,0.328,58,76,72.43,70.55
"rodrije01","Jefry Rodriguez","Jefry","Rodriguez","R","R",114,103,29,2,11,0.282,0.351,0,0,0.68,0.79
"rodrijo03","John Rodriguez","John","Rodriguez","L","L",465,398,118,9,55,0.296,0.385,6,6,1.75,1.83
"rodrijo04","Jose Rodriguez","Joely","Rodriguez","L","L",2,1,0,0,1,0,0.5,0,0,0,0.01
"rodrijo05","Josh Rodriguez","Josh","Rodriguez","R","R",58,51,14,1,6,0.275,0.362,1,0,0.16,0.17
"rodrijo06","Joely Rodríguez","Jose","Rodriguez","R","R",33,29,10,0,4,0.345,0.424,0,0,0.15,0.13
"rodrijo09","José Rodriguez","José Agustín","Rodríguez",NA,"R",5,4,1,0,1,0.25,0.4,0,0,0.01,0.01
"rodriju01","Julio Rodríguez","Julio","Rodriguez","R","R",1927,1728,538,69,147,0.311,0.378,44,8,17.37,16.4
"rodrilu01","Luis Rodriguez","Luis","Rodriguez","B","R",1347,1181,315,19,147,0.267,0.347,5,14,5.06,4.61
"rodrima01","Manuel Rodríguez","Manuel","Rodriguez","R","R",23,20,5,1,3,0.25,0.348,0,0,0.32,0.31
"rodrine01","Nerio Rodriguez","Nerio","Rodriguez","R","R",8,7,3,0,1,0.429,0.5,0,0,0,0
"rodrira01","Rafael Rodriguez","Rafael","Rodriguez","R","R",1,0,0,0,1,NA,1,0,0,0.01,0.01
"rodriri03","Ricardo Rodriguez","Ricardo","Rodriguez","L","R",22,20,5,0,2,0.25,0.318,0,0,0.02,0.05
"rodriri05","Richard Rodríguez","Richard","Rodriguez","R","R",67,59,18,1,8,0.305,0.388,0,0,0.92,0.93
"rodriro03","Ronny Rodríguez","Ronny","Rodriguez","R","R",556,510,130,15,39,0.255,0.304,0,7,0.99,1.51
"rodrise01","Sean Rodríguez","Sean","Rodriguez","R","R",3299,2894,758,87,326,0.262,0.347,62,17,19.2,16.92
"rodrist02","Paco Rodríguez","Paco","Rodriguez","L","L",45,39,10,1,6,0.256,0.356,0,0,1.1,1.01
"rodrito01","Tony Rodriguez","Tony","Rodriguez","R","R",78,73,15,1,4,0.205,0.256,1,0,0.29,0.31
"rodrivi01","Victor Rodriguez","Vic","Rodriguez","R","R",16,15,5,0,1,0.333,0.375,0,0,0.01,0.01
"rodriwa01","Wandy Rodriguez","Wandy","Rodriguez","B","L",1004,926,210,13,77,0.227,0.286,0,1,3.71,3.54
"rodriwi02","Wilking Rodriguez","Wilking","Rodriguez","R","R",1,0,0,0,1,NA,1,0,0,0,0
"rodriye01","Yerry Rodríguez","Yerry","Rodriguez","R","R",2,1,0,0,1,0,0.5,0,0,0.01,0.01
"rodriyo01","Yorman Rodriguez","Yorman","Rodriguez","R","R",79,71,20,1,7,0.282,0.354,1,0,0.24,0.22
"roebued01","Ed Roebuck","Ed","Roebuck","R","R",92,84,22,1,8,0.262,0.326,0,0,0.49,0.68
"roech01","Chaz Roe","Chaz","Roe","R","R",50,42,13,0,8,0.31,0.42,0,0,0.2,0.19
"roeniga01","Gary Roenicke","Gary","Roenicke","R","R",3207,2715,708,120,425,0.261,0.366,41,26,18.9,20.8
"roenijo01","Josh Roenicke","Josh","Roenicke","R","R",97,86,23,1,10,0.267,0.351,1,0,0.88,0.86
"roeniro01","Ron Roenicke","Ron","Roenicke","B","L",1263,1054,266,19,197,0.252,0.37,4,8,4.82,5.35
"roepr01","Preacher Roe","Preacher","Roe","R","L",168,155,29,1,13,0.187,0.25,0,0,-1.25,-1.16
"roeslmi01","Mike Roesler","Mike","Roesler","R","R",1,0,0,0,1,NA,1,0,0,0,0
"roettwa01","Wally Roettger","Wally","Roettger","R","R",634,629,155,12,2,0.246,0.252,3,0,-0.96,-0.51
"rogelbi01","Billy Rogell","Billy","Rogell","B","R",5748,5108,1193,50,619,0.234,0.319,21,0,20.21,18.45
"rogerbr01","Brian Rogers","Brian","Rogers","R","R",8,6,1,0,2,0.167,0.375,0,0,0.04,0.04
"rogered01","Eddie Rogers","Eddie","Rogers","R","R",20,18,4,0,2,0.222,0.3,0,0,0.01,-0.01
"rogeres01","Esmil Rogers","Esmil","Rogers","R","R",219,200,53,4,19,0.265,0.329,0,0,1.47,1.69
"rogerja02","Jason Rogers","Jason","Rogers","R","R",374,322,89,7,49,0.276,0.377,3,0,1.99,2.01
"rogerja03","Jake Rogers","Jake","Rogers","R","R",1105,990,237,38,99,0.239,0.313,10,6,4.94,5.76
"rogerjo01","Josh Rogers","Josh","Rogers","L","L",77,70,14,1,7,0.2,0.273,0,0,0.18,0.13
"rogerke01","Kenny Rogers","Kenny","Rogers","L","L",130,117,30,1,13,0.256,0.331,0,0,0.04,0.18
"rogerma01","Mark Rogers","Mark","Rogers","R","R",85,78,22,2,7,0.282,0.341,0,0,0.58,0.54
"rogerst01","Steve Rogers","Steve","Rogers","R","R",909,825,162,10,82,0.196,0.27,1,1,1.87,1.56
"rogerta01","Taylor Rogers","Taylor","Rogers","L","L",16,12,3,0,4,0.25,0.438,0,0,0.09,0.08
"rogertr01","Trevor Rogers","Trevor","Rogers","L","L",121,113,22,1,8,0.195,0.248,0,0,0.32,0.19
"rogerty01","Tyler Rogers","Tyler","Rogers","R","R",29,25,8,0,4,0.32,0.414,0,0,0.14,0.12
"rogodmi01","Mike Rogodzinski","Mike","Rogodzinski","L","R",112,97,24,2,14,0.247,0.339,0,1,0.26,0.25
"rogovsa01","Saul Rogovin","Saul","Rogovin","R","R",303,288,56,1,14,0.194,0.234,1,0,0.39,0.29
"rohliry01","Ryan Rohlinger","Ryan","Rohlinger","R","R",216,196,45,3,20,0.23,0.301,0,0,-0.38,0.62
"rohnda01","Dan Rohn","Dan","Rohn","L","R",67,61,17,1,5,0.279,0.328,0,1,0.31,0.28
"rohrmda01","Dan Rohrmeier","Dan","Rohrmeier","R","R",29,25,8,0,4,0.32,0.414,0,0,0.06,0.16
"rojasco01","Cookie Rojas","Cookie","Rojas","R","R",6816,6312,1694,69,427,0.268,0.314,19,58,12.33,8.7
"rojasjo01","Josh Rojas","Josh","Rojas","L","R",2329,2033,562,30,261,0.276,0.358,10,25,10.15,10.93
"rojasjo03","Johan Rojas","Johan","Rojas","R","R",485,443,130,5,30,0.293,0.355,12,0,4.65,3.6
"rojasmi02","Miguel Rojas","Miguel","Rojas","R","R",4266,3837,1085,52,342,0.283,0.347,53,34,26.24,22.57
"rojekst01","Stan Rojek","Stan","Rojek","R","R",1438,1339,335,6,94,0.25,0.302,5,0,3.01,2.59
"rolensc01","Scott Rolen","Scott","Rolen","R","R",8339,7219,2028,254,903,0.281,0.367,126,91,71.43,69.21
"rolfere01","Red Rolfe","Red","Rolfe","L","R",5321,4825,1341,82,486,0.278,0.345,10,0,26,22.24
"rollida01","David Rollins","David","Rollins","L","L",1,0,0,0,1,NA,1,0,0,0.01,0.01
"rolliji01","Jimmy Rollins","Jimmy","Rollins","B","R",10119,9097,2489,198,931,0.274,0.342,38,53,56.75,56.65
"rolliri01","Rich Rollins","Rich","Rollins","R","R",2755,2536,693,32,173,0.273,0.324,27,19,7.87,9.55
"rollsda01","Damian Rolls","Damian","Rolls","R","R",740,678,168,5,47,0.248,0.304,10,5,0.5,0.25
"romakja01","Jamie Romak","Jamie","Romak","R","R",147,131,36,2,16,0.275,0.354,0,0,0.57,0.7
"romanja01","Jason Romano","Jason","Romano","R","R",83,73,21,2,9,0.288,0.373,1,0,0.23,0.24
"romanjo01","John Romano","John","Romano","R","R",3454,2962,740,117,430,0.25,0.347,29,33,18.77,20.96
"romanjo03","Jordan Romano","Jordan","Romano","R","R",0,0,0,0,0,NA,NA,0,0,0,0
"romansa01","Sal Romano","Sal","Romano","L","R",247,225,49,4,22,0.218,0.287,0,0,1.29,1.25
"rombedu01","Dutch Romberger","Dutch","Romberger","R","R",3,2,0,0,1,0,0.333,0,0,0,0
"romeral01","Alex Romero","Alex","Romero","L","R",415,382,98,5,30,0.257,0.313,2,1,1.22,0.98
"romered01","Ed Romero","Ed","Romero","R","R",1280,1162,318,13,109,0.274,0.334,1,8,1.74,1.69
"romeren01","Enny Romero","Enny","Romero","R","L",43,38,12,0,5,0.316,0.395,0,0,0.13,0.13
"romerfe01","Fernando Romero","Fernando","Romero","R","R",38,34,10,1,4,0.294,0.368,0,0,0.02,0.03
"romerj.01","J C  Romero",NA,NA,NA,NA,82,69,19,0,13,0.275,0.39,0,0,0.42,0.42
"romerjh01","Jhon Romero","Jhon","Romero","R","R",6,5,1,0,1,0.2,0.333,0,0,0.02,0.02
"romerjo01","JoJo Romero","JoJo","Romero","L","L",11,9,2,0,2,0.222,0.364,0,0,0.04,0.04
"romerni01","Niuman Romero","Niuman","Romero","B","R",62,56,14,1,6,0.25,0.323,0,0,0.24,0.2
"romerri01","Ricky Romero","Ricky","Romero","R","L",41,37,9,1,4,0.243,0.317,0,0,0.04,0.04
"romerst01","Stefen Romero","Stefen","Romero","R","R",389,348,91,9,33,0.261,0.334,6,2,1.13,1.2
"rominan01","Andrew Romine","Andrew","Romine","B","R",1667,1501,403,22,149,0.268,0.339,13,4,8.25,7.47
"rominau01","Austin Romine","Austin","Romine","R","R",1778,1622,437,34,139,0.269,0.327,5,12,7.25,7.01
"rominke01","Kevin Romine","Kevin","Romine","R","R",657,596,157,4,53,0.263,0.324,3,5,-1.26,0.36
"rommeed01","Eddie Rommel","Eddie","Rommel","R","R",137,132,26,0,5,0.197,0.226,0,0,-2.2,-1.85
"romoen01","Enrique Romo","Enrique","Romo","R","R",37,32,11,0,5,0.344,0.432,0,0,0.2,0.21
"romose01","Sergio Romo","Sergio","Romo","R","R",191,165,48,2,26,0.291,0.387,0,0,2.41,2.41
"romovi01","Vicente Romo","Vicente","Romo","R","R",26,23,6,0,3,0.261,0.346,0,0,0.23,0.23
"rondoan01","Angel Rondón","Angel","Rondon","R","R",2,1,0,0,1,0,0.5,0,0,0.01,0.01
"rondobr01","Bruce Rondón","Bruce","Rondon","R","R",11,7,1,0,4,0.143,0.455,0,0,0.06,0.05
"rondogi01","Gil Rondon","Gil","Rondon","R","R",17,15,5,0,2,0.333,0.412,0,0,0.03,0.02
"rondohe01","Héctor Rondón","Hector","Rondon","R","R",104,91,28,2,13,0.308,0.394,0,0,1.88,1.82
"rondojo01","Jorge Rondon","Jorge","Rondon","R","R",1,0,0,0,1,NA,1,0,0,0,0
"rondojo02","José Rondon","Jose","Rondon","R","R",568,513,137,14,51,0.267,0.335,2,2,2.16,1.94
"roneyma01","Matt Roney","Matt","Roney","R","R",17,15,5,0,2,0.333,0.412,0,0,0.02,0.01
"roofge01","Gene Roof","Gene","Roof","B","R",106,88,27,1,17,0.307,0.415,0,1,0.84,0.83
"roofph01","Phil Roof","Phil","Roof","R","R",1708,1561,334,30,131,0.214,0.28,14,2,2.16,3.38
"rookebr01","Brent Rooker","Brent","Rooker","R","R",1510,1307,372,79,153,0.285,0.373,38,12,7.99,7.57
"rookeji01","Jim Rooker","Jim","Rooker","R","L",589,551,140,10,31,0.254,0.295,3,4,3.31,2.01
"roomero01","Rolando Roomes","Rolando","Roomes","R","R",424,402,105,9,16,0.261,0.292,3,3,0.36,0.1
"roonepa01","Pat Rooney","Pat","Rooney","R","R",5,4,1,0,1,0.25,0.4,0,0,0,0
"rootch01","Charlie Root","Charlie","Root","R","R",456,446,86,5,10,0.193,0.211,0,0,-4.64,-3.19
"roquejo01","Jorge Roque","Jorge","Roque","R","R",2,0,0,0,1,NA,1,1,0,0,0
"rortvbe01","Ben Rortvedt","Ben","Rortvedt","L","R",533,470,117,8,58,0.249,0.338,5,0,1.85,2.77
"rosaca01","Carlos Rosa","Carlos","Rosa","R","R",8,6,2,0,2,0.333,0.5,0,0,0.05,0.06
"rosadjo01","Jose Rosado","Jose","Rosado","L","L",6,5,1,0,1,0.2,0.333,0,0,-0.01,0
"rosajo01","Jorge De La Rosa",NA,NA,NA,NA,981,901,209,16,78,0.232,0.294,1,1,5.14,3.65
"rosalad01","Adam Rosales","Adam","Rosales","R","R",2253,1998,532,57,218,0.266,0.342,20,17,11.92,9.55
"rosalle01","Leo Rosales","Leo","Rosales","R","R",58,52,14,2,6,0.269,0.345,0,0,0.87,0.92
"rosaral01","Alberto Rosario","Alberto","Rosario","R","R",96,88,22,1,8,0.25,0.312,0,0,0.29,0.28
"rosaram01","Amed Rosario","Amed","Rosario","R","R",3976,3676,1092,50,246,0.297,0.344,29,25,16.79,16.21
"rosarbu01","Buddy Rosar","Buddy","Rosar","R","R",3646,3391,849,21,245,0.25,0.303,10,0,9.77,5.57
"rosared01","Eddie Rosario","Eddie","Rosario","L","R",4859,4449,1233,155,363,0.277,0.329,5,42,18.06,18.29
"rosareg01","Eguy Rosario","Eguy","Rosario","R","R",83,75,23,2,7,0.307,0.373,1,0,1.45,1.04
"rosarfr01","Francisco Del Rosario","Francisco","Rosario","R","R",25,22,6,0,3,0.273,0.36,0,0,0.05,0.04
"rosarra01","Randy Rosario","Randy","Rosario","L","L",56,49,14,2,7,0.286,0.375,0,0,0.99,1.04
"rosarro01","Rodrigo Rosario","Rodrigo","Rosario","R","R",1,0,0,0,1,NA,1,0,0,0,0
"rosarsa02","Sandy Rosario","Sandy","Rosario","R","R",27,22,7,1,5,0.318,0.444,0,0,0.12,0.12
"rosarwi01","Wilin Rosario","Wilin","Rosario","R","R",1721,1579,425,64,127,0.269,0.322,3,12,7.13,5.25
"rosebjo01","John Roseboro","John","Roseboro","L","R",5211,4593,1162,96,532,0.253,0.332,36,50,22.13,22.3
"rosebo01","Bobby Rose","Bobby","Rose","R","R",233,211,51,5,17,0.242,0.305,3,2,0.64,0.38
"rosebr01","Brian Rose","Brian","Rose","R","R",6,5,1,0,1,0.2,0.333,0,0,0,0
"rosedo01","Don Rose","Don","Rose","R","R",12,10,2,0,2,0.2,0.333,0,0,0.02,0.02
"roselbo01","Bob Roselli","Bob","Roselli","R","R",14,11,4,0,2,0.364,0.5,1,0,0.01,0.01
"roselda01","Dave Rosello","Dave","Rosello","R","R",979,852,215,14,116,0.252,0.339,1,10,0.33,0.0300000000000001
"rosemi01","Mike Rose","Mike","Rose","B","R",17,15,5,0,2,0.333,0.412,0,0,0,0.01
"rosenal01","Al Rosen","Al","Rosen","R","R",4319,3749,1088,169,517,0.29,0.378,27,26,31.27,32.65
"rosenbj01","B J  Rosenberg","B. J.","Rosenberg","R","R",54,48,16,1,6,0.333,0.407,0,0,0.47,0.45
"rosengo01","Goody Rosen","Goody","Rosen","L","L",2325,2137,571,32,184,0.267,0.326,4,0,8.19,5.94
"rosenla01","Larry Rosenthal","Larry","Rosenthal","L","L",1687,1467,359,27,219,0.245,0.343,1,0,1.89,3.06
"rosentr01","Trevor Rosenthal","Trevor","Rosenthal","R","R",120,103,30,4,17,0.291,0.392,0,0,3.55,3.39
"rosepe01","Pete Rose","Pete","Rose","B","R",15966,14139,4354,191,1641,0.308,0.382,107,79,86.24,85.43
"rosinse01","Seth Rosin","Seth","Rosin","R","R",1,0,0,0,1,NA,1,0,0,0,0
"rossch01","Chet Ross","Chet","Ross","R","R",738,663,176,22,72,0.265,0.34,3,0,2.6,2.86
"rossco01","Cody Ross","Cody","Ross","R","L",4062,3626,991,132,369,0.273,0.345,40,27,21.22,20.35
"rosscza01","Zac Rosscup","Zac","Rosscup","R","L",53,45,13,0,8,0.289,0.396,0,0,0.28,0.26
"rossda01","David Ross","David","Ross","R","R",3280,2841,713,109,395,0.251,0.343,17,27,18.5,29.4
"rossga01","Gary Ross","Gary","Ross","R","R",45,41,9,0,4,0.22,0.289,0,0,-0.61,-0.58
"rossjo01","Joe Ross","Joe","Ross","R","R",511,467,123,6,42,0.263,0.327,2,0,2.9,2.88
"rossma01","Mark Ross","Mark","Ross","R","R",1,0,0,0,1,NA,1,0,0,0,0
"rossora01","Ramón Rosso","Ramon","Rosso","R","R",21,19,5,1,2,0.263,0.333,0,0,0.3,0.26
"rossro01","Robbie Ross","Robbie","Ross","L","L",67,56,17,2,11,0.304,0.418,0,0,0.41,0.39
"rossty01","Tyson Ross","Tyson","Ross","R","R",482,436,116,8,41,0.266,0.33,2,3,3.88,3.8
"rossyri01","Rico Rossy","Rico","Rossy","R","R",289,255,52,3,31,0.204,0.294,2,1,0.91,0.12
"rothbr01","Braggo Roth","Braggo","Roth","R","R",2709,2530,538,45,152,0.213,0.265,27,0,-2,0.25
"rothmi01","Michael Roth","Michael","Roth","L","L",0,0,0,0,0,NA,NA,0,0,0,0
"rothrja01","Jack Rothrock","Jack","Rothrock","B","R",2547,2351,538,33,193,0.229,0.288,3,0,-5.72,-3.37
"rottivi01","Vinny Rottino","Vinny","Rottino","R","R",297,263,62,7,33,0.236,0.32,0,1,0.93,1.22
"rousemi01","Mike Rouse","Mike","Rouse","L","R",217,194,43,2,21,0.222,0.3,1,1,0.5,0.22
"roushed01","Edd Roush","Edd","Roush","L","L",7114,6772,1939,139,303,0.286,0.321,39,0,21.91,25.25
"rowanaa01","Aaron Rowand","Aaron","Rowand","R","R",4784,4297,1187,111,336,0.276,0.345,126,25,27.01,28.97
"rowdowa01","Wade Rowdon","Wade","Rowdon","R","R",7,6,2,0,1,0.333,0.429,0,0,0.01,0.01
"roweja01","Jack Rowe","Jack","Rowe","L","R",3767,3633,890,12,128,0.245,0.272,6,0,4.28,2.26
"rowelba01","Bama Rowell","Bama","Rowell","L","R",1788,1699,466,26,87,0.274,0.31,2,0,4.56,2.69
"rowenbe01","Ben Rowen","Ben","Rowen","R","R",4,3,1,0,1,0.333,0.5,0,0,0.02,0.02
"rowesc01","Schoolboy Rowe","Schoolboy","Rowe","R","R",1330,1222,309,36,106,0.253,0.314,2,0,7.9,8.45
"rowlami01","Mike Rowland","Mike","Rowland","R","R",1,0,0,0,1,NA,1,0,0,0.01,0.01
"rowlari01","Rich Rowland","Rich","Rowland","R","R",165,153,33,7,12,0.216,0.273,0,0,0.1,0.28
"rowlary01","Ryan Rowland Smith","Ryan","Rowland-Smith","L","L",51,45,13,1,6,0.289,0.373,0,0,0.1,0.12
"royerst01","Stan Royer","Stan","Royer","R","R",24,22,7,0,2,0.318,0.375,0,0,0.11,-0.03
"roystje01","Jerry Royster","Jerry","Royster","R","R",4570,4083,1051,53,443,0.257,0.329,11,33,12.44,10.98
"roystwi01","Willie Royster","Willie","Royster","R","R",4,3,1,0,1,0.333,0.5,0,0,0,0
"ruanwi01","Wilkin Ruan","Wilkin","Ruan","R","R",138,130,35,2,8,0.269,0.312,0,0,0.25,0.46
"ruary01","Ryan Rua","Ryan","Rua","R","R",1046,947,251,28,88,0.265,0.332,8,3,3.89,3.65
"rucindr01","Drew Rucinski","Drew","Rucinski","R","R",52,45,11,1,7,0.244,0.346,0,0,0.51,0.55
"ruckeda01","Dave Rucker","Dave","Rucker","L","L",26,21,6,0,5,0.286,0.423,0,0,0.07,0.07
"ruckemi01","Michael Rucker","Michael","Rucker","R","R",31,27,7,1,4,0.259,0.355,0,0,0.35,0.33
"rudijo01","Joe Rudi","Joe","Rudi","R","R",5807,5334,1517,194,389,0.284,0.334,33,51,30.64,29.76
"rudoldo01","Don Rudolph","Don","Rudolph","L","L",3,2,1,0,1,0.5,0.667,0,0,0.01,0.01
"rudolke01","Ken Rudolph","Ken","Rudolph","R","R",750,686,164,8,58,0.239,0.301,4,2,1.35,1.68
"ruelmu01","Muddy Ruel","Muddy","Ruel","R","R",3400,3001,701,7,376,0.234,0.324,23,0,5.35,1.54
"rueteki01","Kirk Rueter","Kirk","Rueter","L","L",663,620,124,2,39,0.2,0.246,0,4,1.18,0.66
"ruethdu01","Dutch Ruether","Dutch","Ruether","L","L",798,767,176,8,30,0.229,0.259,1,0,-3.41,-4.99
"ruffibr01","Bruce Ruffin","Bruce","Ruffin","B","L",95,85,18,0,10,0.212,0.295,0,0,-0.01,0.06
"ruffich01","Chance Ruffin","Chance","Ruffin","R","R",1,0,0,0,1,NA,1,0,0,0.01,0.01
"ruffire01","Red Ruffing","Red","Ruffing","R","R",2667,2566,658,63,97,0.256,0.285,4,0,10.9,11.35
"ruggiju01","Justin Ruggiano","Justin","Ruggiano","R","R",1911,1704,473,68,188,0.278,0.352,12,7,8.13,10.76
"ruhleve01","Vern Ruhle","Vern","Ruhle","R","R",209,181,42,2,27,0.232,0.335,1,0,1.45,1.4
"ruizca01","Carlos Ruiz","Carlos","Ruiz","R","R",4221,3642,1027,78,479,0.282,0.375,78,22,30.16,24.58
"ruizch02","Chico Ruiz","Chico","Ruiz","R","R",45,41,11,0,4,0.268,0.333,0,0,0.16,0.13
"ruizes01","Esteury Ruiz","Esteury","Ruiz","R","R",583,517,144,2,28,0.279,0.353,34,4,0.5,1.9
"ruizjo01","José Ruiz","Jose","Ruiz","R","R",1,0,0,0,1,NA,1,0,0,0.01,0.01
"ruizke01","Keibert Ruiz","Keibert","Ruiz","B","R",1791,1623,448,31,124,0.276,0.337,31,13,6.42,4.4
"ruizra01","Randy Ruiz","Randy","Ruiz","R","R",404,363,106,16,36,0.292,0.361,4,1,2.26,2.13
"ruizri01","Rio Ruiz","Rio","Ruiz","L","R",1482,1316,345,32,155,0.262,0.339,3,8,6.24,5.24
"rumbeni01","Nick Rumbelow","Nick","Rumbelow","R","R",1,0,0,0,1,NA,1,0,0,0.01,0.01
"rungepa01","Paul Runge","Paul","Runge","R","R",249,215,55,3,33,0.256,0.353,0,1,0.55,0.7
"runnepe01","Pete Runnels","Pete","Runnels","L","R",7123,6292,1733,18,770,0.275,0.355,27,34,25.14,24.11
"runzlda01","Dan Runzler","Dan","Runzler","L","L",49,41,14,0,8,0.341,0.449,0,0,0.21,0.2
"rupejo01","Josh Rupe","Josh","Rupe","R","R",4,3,1,0,1,0.333,0.5,0,0,0.02,0.02
"ruppca01","Cameron Rupp","Cameron","Rupp","R","R",1240,1108,295,31,119,0.266,0.341,9,4,6.01,4.6
"ruschgl01","Glendon Rusch","Glendon","Rusch","L","L",733,684,160,9,48,0.234,0.285,1,0,1.95,2.44
"rushbo01","Bob Rush","Bob","Rush","R","R",497,477,114,4,20,0.239,0.27,0,0,0.77,0.41
"rusinch01","Chris Rusin","Chris","Rusin","L","L",477,438,118,8,39,0.269,0.329,0,0,3.59,3.46
"russead01","Adam Russell","Adam","Russell","R","R",25,20,6,0,5,0.3,0.44,0,0,0.1,0.09
"russead02","Addison Russell","Addison","Russell","R","R",2231,1968,525,52,227,0.267,0.348,24,12,14.63,12.78
"russebi01","Bill Russell","Bill","Russell","R","R",8240,7576,2052,87,577,0.271,0.323,36,51,36.07,33.01
"russeja02","James Russell","James","Russell","L","L",177,158,45,4,19,0.285,0.362,0,0,3.28,3.12
"russeje01","Jeff Russell","Jeff","Russell","R","R",22,20,5,1,2,0.25,0.318,0,0,0.1,0.13
"russeji01","Jim Russell","Jim","Russell","B","R",4300,3830,943,93,448,0.246,0.329,22,0,12.84,11.59
"russejo01","John Russell","John","Russell","L","L",29,27,8,0,2,0.296,0.345,0,0,0.2,0.29
"russejo02","John Russell","John","Russell","R","R",842,762,187,26,69,0.245,0.309,4,7,-0.63,-0.23
"russoke01","Kevin Russo","Kevin","Russo","R","R",98,89,22,1,8,0.247,0.316,1,0,0.57,0.48
"russoma01","Marius Russo","Marius","Russo","R","L",283,266,58,0,17,0.218,0.265,0,0,0.28,0.52
"ruszkha01","Hank Ruszkowski","Hank","Ruszkowski","R","R",111,105,24,2,6,0.229,0.27,0,0,-0.24,-0.06
"ruthba01","Babe Ruth","Babe","Ruth","L","L",10829,8884,2669,703,1902,0.3,0.426,43,0,127.91,120.76
"ruthejo01","Johnny Rutherford","Johnny","Rutherford","L","R",40,39,11,0,1,0.282,0.3,0,0,0.2,0.22
"ruthvdi01","Dick Ruthven","Dick","Ruthven","R","R",704,650,145,8,50,0.223,0.281,3,1,2.93,2.87
"rutlejo01","Josh Rutledge","Josh","Rutledge","R","R",1449,1301,348,25,125,0.267,0.337,16,7,4.86,5.05
"rutscad01","Adley Rutschman","Adley","Rutschman","B","R",1864,1583,454,43,244,0.287,0.382,14,23,14.53,14.28
"ryalru01","Rusty Ryal","Rusty","Ryal","R","R",379,340,92,9,30,0.271,0.343,8,1,1.97,2.12
"ryanb.01","B J  Ryan",NA,NA,NA,NA,34,26,8,0,8,0.308,0.471,0,0,0.13,0.11
"ryanbl01","Blondy Ryan","Blondy","Ryan","R","R",933,899,171,2,34,0.19,0.22,0,0,-1.43,-0.36
"ryanbr01","Brendan Ryan","Brendan","Ryan","R","R",3156,2826,754,43,278,0.267,0.337,32,20,22.15,16.12
"ryanco01","Connie Ryan","Connie","Ryan","R","R",4197,3776,890,56,407,0.236,0.312,14,0,13.51,11.25
"ryandu01","Dusty Ryan","Dusty","Ryan","R","R",181,159,41,4,21,0.258,0.343,0,1,0.79,0.87
"ryanjo04","Joe Ryan","Joe","Ryan","R","R",32,29,7,1,3,0.241,0.312,0,0,0.06,0.06
"ryanky01","Kyle Ryan","Kyle","Ryan","L","L",89,78,20,2,11,0.256,0.348,0,0,1.21,1.15
"ryanmi02","Mike Ryan","Mike","Ryan","R","R",1930,1776,364,25,142,0.205,0.264,4,8,-0.64,0.0600000000000002
"ryanmi03","Mike Ryan","Mike","Ryan","L","R",520,473,132,11,44,0.279,0.338,0,3,-0.25,1.22
"ryanno01","Nolan Ryan","Nolan","Ryan","R","R",317,289,62,5,27,0.215,0.281,0,1,0.52,0.61
"rybami01","Mike Ryba","Mike","Ryba","R","R",128,118,28,0,10,0.237,0.297,0,0,0.25,-0.71
"ryuhy01","Hyun Jin Ryu","Hyun Jin","Ryu","R","L",587,533,140,8,53,0.263,0.33,1,0,3.54,3.76
"ryuja01","Jae Kuk Ryu","Jae Kuk","Ryu","R","R",12,10,3,0,2,0.3,0.417,0,0,0.02,0.03
"rzepcma01","Marc Rzepczynski","Marc","Rzepczynski","L","L",71,61,15,0,10,0.246,0.352,0,0,0.36,0.36
"saarlki01","Kirk Saarloos","Kirk","Saarloos","R","R",60,54,16,1,6,0.296,0.367,0,0,0.5,0.44
"sabatc.01","CC Sabathia",NA,NA,NA,NA,492,446,121,15,46,0.271,0.339,0,0,1.86,1.72
"saberbr01","Bret Saberhagen","Bret","Saberhagen","R","R",226,210,40,0,16,0.19,0.248,0,0,-0.18,-0.25
"saboch01","Chris Sabo","Chris","Sabo","R","R",3805,3475,919,98,269,0.264,0.321,32,29,15.4,16.55
"sabolbl01","Blake Sabol","Blake","Sabol","L","R",417,365,96,12,35,0.263,0.345,13,4,0.93,1.53
"saccoma01","Mark Saccomanno","Mark","Saccomanno","R","R",60,55,15,2,5,0.273,0.333,0,0,0.39,0.28
"sadecra01","Ray Sadecki","Ray","Sadecki","L","L",1111,1045,236,6,64,0.226,0.271,1,1,3.01,2.05
"sadekmi01","Mike Sadek","Mike","Sadek","R","R",846,742,188,12,99,0.253,0.342,2,3,2.3,2.62
"sadlebi01","Billy Sadler","Billy","Sadler","R","R",29,24,6,0,5,0.25,0.379,0,0,0.07,0.08
"sadleca02","Casey Sadler","Casey","Sadler","R","R",108,97,27,3,11,0.278,0.352,0,0,0.57,0.58
"sadlera01","Ray Sadler","Ray","Sadler","R","R",50,46,13,2,4,0.283,0.34,0,0,0.06,0.21
"sadowbo01","Bob Sadowski","Bob","Sadowski","L","R",2,1,0,0,1,0,0.5,0,0,0,0
"sadowji01","Jim Sadowski","Jim","Sadowski","R","R",3,2,1,0,1,0.5,0.667,0,0,0.01,0.01
"sadowry01","Ryan Sadowski","Ryan","Sadowski","R","R",54,49,13,1,5,0.265,0.333,0,0,0.17,0.14
"sadzeco01","Connor Sadzeck","Connor","Sadzeck","R","R",2,1,0,0,1,0,0.5,0,0,0.01,0.01
"saenzch01","Chris Saenz","Chris","Saenz","R","R",16,14,3,0,2,0.214,0.312,0,0,0,0
"saffeto01","Tom Saffell","Tom","Saffell","L","R",524,493,124,4,30,0.252,0.296,1,0,-0.03,-0.39
"saiervi01","Vic Saier","Vic","Saier","L","R",2442,2191,432,115,239,0.197,0.28,12,0,1.85,5.77
"sainjo01","Johnny Sain","Johnny","Sain","R","R",1110,1079,272,3,29,0.252,0.273,2,0,4.7,4.08
"saitota01","Takashi Saito","Takashi","Saito","L","R",69,60,18,0,9,0.3,0.391,0,0,0.38,0.39
"sakatle01","Lenn Sakata","Lenn","Sakata","R","R",1202,1088,282,28,99,0.259,0.324,8,7,6.34,6.12
"saladty01","Tyler Saladino","Tyler","Saladino","R","R",1245,1127,294,22,103,0.261,0.327,10,5,6.53,4.84
"salasfe01","Fernando Salas","Fernando","Salas","R","R",147,129,36,3,18,0.279,0.367,0,0,2.14,2.09
"salasma01","Mark Salas","Mark","Salas","L","R",1397,1278,328,33,98,0.257,0.314,12,9,2.82,3.68
"salasma02","Marino Salas","Marino","Salas","R","R",6,5,1,0,1,0.2,0.333,0,0,0.03,0.03
"salazda01","Danny Salazar","Danny","Salazar","R","R",24,21,7,1,3,0.333,0.417,0,0,0.04,0.05
"salazje01","Jeff Salazar","Jeff","Salazar","L","L",589,511,127,8,74,0.249,0.346,3,1,2.67,2.18
"salazlu01","Luis Salazar","Luis","Salazar","R","R",4560,4290,1147,103,230,0.267,0.305,15,25,11.04,8.65
"salazos01","Oscar Salazar","Oscar","Salazar","R","R",644,570,157,19,71,0.275,0.354,0,3,2.88,3
"salech01","Chris Sale","Chris","Sale","L","L",60,53,15,2,7,0.283,0.367,0,0,0.09,0.11
"salkebi01","Bill Salkeld","Bill","Salkeld","L","R",1224,1047,271,49,175,0.259,0.366,2,0,7.89,8.96
"salmobr01","Brad Salmon","Brad","Salmon","L","R",8,7,3,0,1,0.429,0.5,0,0,0.04,0.03
"salmoch01","Chico Salmon","Chico","Salmon","R","R",1597,1530,375,11,51,0.245,0.272,8,8,-4.34,-4.29
"salmoti01","Tim Salmon","Tim","Salmon","R","R",7117,6038,1665,225,946,0.276,0.376,66,67,40.84,35.65
"saltaja01","Jarrod Saltalamacchia","Jarrod","Saltalamacchia","B","R",3447,3034,771,112,382,0.254,0.337,10,21,13.9,15
"saltzja01","Jack Saltzgaver","Jack","Saltzgaver","L","R",764,670,160,14,92,0.239,0.332,2,0,1.06,0.66
"samarje01","Jeff Samardzija","Jeff","Samardzija","R","R",938,856,193,16,77,0.225,0.289,1,4,5.13,5.01
"sambijo01","Joe Sambito","Joe","Sambito","L","L",62,52,14,0,10,0.269,0.387,0,0,0.28,0.26
"sammocl01","Clint Sammons","Clint","Sammons","R","R",30,27,8,1,3,0.296,0.367,0,0,0.2,0.2
"samplbi01","Billy Sample","Billy","Sample","R","R",2798,2524,690,61,224,0.273,0.337,28,22,12.9,10.19
"sampsad01","Adrian Sampson","Adrian","Sampson","R","R",34,31,8,1,3,0.258,0.324,0,0,0.17,0.12
"sampsch01","Chris Sampson","Chris","Sampson","R","R",234,214,46,4,20,0.215,0.282,0,0,1.93,1.79
"sampske01","Keyvius Sampson","Keyvius","Sampson","R","R",128,117,26,2,11,0.222,0.289,0,0,0.58,0.53
"samueju01","Juan Samuel","Juan","Samuel","R","R",6291,5763,1507,135,421,0.261,0.317,67,40,16.46,14.54
"samuero01","Roger Samuels","Roger","Samuels","L","L",4,3,1,0,1,0.333,0.5,0,0,0,0
"sanabal01","Alex Sanabia","Alex","Sanabia","R","R",169,153,36,3,15,0.235,0.308,1,0,0.55,0.5
"sanchaa01","Aaron Sanchez","Aaron","Sanchez","R","R",1,0,0,0,1,NA,1,0,0,0,0
"sanchad01","Adrián Sanchez","Adrian","Sanchez","R","R",476,438,122,5,37,0.279,0.336,1,0,2.26,1.67
"sanchal01","Alejandro Sanchez","Alejandro","Sanchez","R","R",11,10,3,1,1,0.3,0.364,0,0,0.02,0.02
"sanchal03","Alex Sanchez","Alex","Sanchez","L","L",1562,1460,440,8,86,0.301,0.341,6,10,2.3,0.75
"sanchal04","Ali Sánchez","Ali","Sanchez","R","R",9,8,2,0,1,0.25,0.333,0,0,0.02,0.02
"sanchan01","Aníbal Sánchez","Anibal","Sanchez","R","R",1033,937,207,16,96,0.221,0.293,0,0,3,2.91
"sanchan02","Angel Sanchez","Angel","Sanchez","R","R",723,655,182,9,62,0.278,0.342,3,3,1.84,2.24
"sanchan03","Angel Sánchez","Angel","Sanchez","R","R",18,16,4,0,2,0.25,0.333,0,0,0.03,0.03
"sanchbr01","Brian Sanches","Brian","Sanches","R","R",131,116,30,2,15,0.259,0.344,0,0,1.46,1.28
"sanchca01","Yolmer Sanchez","Carlos","Sanchez","B","R",2638,2379,644,37,223,0.271,0.337,23,13,10.82,8.87
"sanchcr01","Cristopher Sánchez","Cristopher","Sanchez","L","L",6,5,1,0,1,0.2,0.333,0,0,0.02,0.02
"sanchdu01","Duaner Sanchez","Duaner","Sanchez","R","R",128,113,30,2,14,0.265,0.352,1,0,1.41,1.45
"sanched01","Eduardo Sanchez","Eduardo","Sanchez","R","R",34,29,7,1,5,0.241,0.353,0,0,0.46,0.45
"sanchfe01","Felix Sanchez","Felix","Sanchez","R","L",2,1,0,0,1,0,0.5,0,0,0.01,0.01
"sanchfr01","Freddy Sanchez","Freddy","Sanchez","R","R",3763,3427,1009,58,267,0.294,0.348,32,37,20.19,19.94
"sanchga01","Gaby Sanchez","Gaby","Sanchez","R","R",2417,2095,579,68,280,0.276,0.363,18,24,9.96,11.33
"sanchga02","Gary Sanchez","Gary","Sanchez","R","R",3533,3064,805,157,383,0.263,0.353,60,26,21.5,22.19
"sanchhe01","Héctor Sánchez","Hector","Sanchez","B","R",1233,1124,305,32,93,0.271,0.328,7,9,5.49,4.53
"sanchje02","Jesús Sánchez","Jesus","Sanchez","L","R",1700,1520,399,53,156,0.262,0.336,17,7,6.96,6.57
"sanchjo01","Jonathan Sánchez","Jonathan","Sanchez","L","L",565,512,113,9,51,0.221,0.294,2,0,2.89,2.79
"sanchmi01","Miguel Sánchez","Miguel","Sanchez","R","R",25,22,7,1,3,0.318,0.4,0,0,0.46,0.42
"sanchor01","Orlando Sanchez","Orlando","Sanchez","L","R",107,96,25,2,10,0.26,0.327,0,1,0.28,0.36
"sanchre01","Rey Sanchez","Rey","Sanchez","R","R",5269,4971,1295,13,224,0.261,0.296,40,34,17.34,12.63
"sanchro01","Romulo Sanchez","Romulo","Sanchez","R","R",21,18,5,0,3,0.278,0.381,0,0,0.06,0.06
"sanchto01","Tony Sanchez","Tony","Sanchez","R","R",336,302,87,9,29,0.288,0.354,3,2,1.34,1.29
"sandbja01","Jared Sandberg","Jared","Sandberg","R","R",601,534,119,23,62,0.223,0.306,3,2,2.67,2.96
"sandbry01","Ryne Sandberg","Ryne","Sandberg","R","R",9217,8345,2298,230,767,0.275,0.336,34,71,69.36,62.18
"sandeda01","David Sanders","David","Sanders","L","L",1,0,0,0,1,NA,1,0,0,0.01,0.01
"sandede02","Deion Sanders","Deion","Sanders","L","L",2418,2240,592,29,149,0.264,0.314,19,10,5.42,6.65
"sandeke01","Ken Sanders","Ken","Sanders","R","R",5,3,1,0,2,0.333,0.6,0,0,0.05,0.04
"sandera01","Ray Sanders","Ray","Sanders","L","R",2653,2344,596,69,302,0.254,0.341,7,0,6.55,8.13
"sandere01","Reggie Sanders","Reggie","Sanders","R","R",116,108,30,3,8,0.278,0.328,0,0,0.34,0.29
"sandere02","Reggie Sanders","Reggie","Sanders","R","R",7159,6363,1671,254,682,0.263,0.339,71,43,41.38,41.07
"sandesc01","Scott Sanderson","Scott","Sanderson","R","R",323,289,59,3,31,0.204,0.285,2,1,0.91,1
"sandesc02","Scott Sanders","Scott","Sanders","R","R",85,81,19,0,4,0.235,0.271,0,0,-0.17,0.02
"sandlmi01","Mike Sandlock","Mike","Sandlock","B","R",1,0,0,0,1,NA,1,0,0,0.01,0.01
"sandlni01","Nick Sandlin","Nick","Sandlin","R","R",3,2,1,0,1,0.5,0.667,0,0,0.02,0.02
"sandoda01","Danny Sandoval","Danny","Sandoval","B","R",20,18,4,0,2,0.222,0.3,0,0,0.01,0
"sandofr01","Freddy Sandoval","Freddy","Sandoval","B","R",48,43,12,1,5,0.279,0.354,0,0,0.13,0.13
"sandopa01","Pablo Sandoval","Pablo","Sandoval","B","R",5370,4804,1416,163,484,0.295,0.36,31,51,28.31,29.82
"sandopa02","Patrick Sandoval","Patrick","Sandoval","L","L",31,28,7,1,3,0.25,0.323,0,0,0.06,0.07
"sandsch01","Charlie Sands","Charlie","Sands","L","R",200,163,39,7,35,0.239,0.375,1,1,0.8,0.86
"sandsco01","Cole Sands","Cole","Sands","R","R",4,3,1,0,1,0.333,0.5,0,0,0.01,0.01
"sandsje01","Jerry Sands","Jerry","Sands","R","R",740,660,177,16,76,0.268,0.345,2,2,2.51,2.99
"sandtto01","Tommy Sandt","Tommy","Sandt","R","R",75,67,18,1,8,0.269,0.347,0,0,0.12,0.05
"sanfofr01","Fred Sanford","Fred","Sanford","B","R",10,9,2,0,1,0.222,0.3,0,0,0.01,0.01
"sanfoja02","Jack Sanford","Jack","Sanford","R","R",720,674,134,3,41,0.199,0.246,2,3,0.04,0.02
"sanguma01","Manny Sanguillen","Manny","Sanguillen","R","R",5429,5091,1543,90,272,0.303,0.339,23,43,30.47,29.82
"sanmare01","Reiver Sanmartin","Reiver","Sanmartin","L","L",61,56,14,1,5,0.25,0.311,0,0,0.05,0.03
"sanomi01","Miguel Sanó","Miguel","Sano","R","R",3246,2804,741,153,413,0.264,0.36,16,13,14.61,15.26
"santaan02","Anthony Santander","Anthony","Santander","B","R",3518,3129,852,142,304,0.272,0.344,54,31,17.14,15.72
"santaca01","Carlos Santana","Carlos","Santana","B","R",9374,7732,2047,285,1532,0.265,0.386,42,68,49.84,40.84
"santada01","Danny Santana","Danny","Santana","B","R",2137,1949,539,46,164,0.277,0.336,16,8,7.65,10.28
"santade01","Dennis Santana","Dennis","Santana","R","R",101,91,26,3,10,0.286,0.356,0,0,0.69,0.67
"santado01","Domingo Santana","Domingo","Santana","R","R",2039,1762,495,63,249,0.281,0.373,17,11,8.83,9.51
"santaed01","Edgar Santana","Edgar","Santana","R","R",48,42,13,1,6,0.31,0.396,0,0,0.69,0.64
"santaer01","Ervin Santana","Ervin","Santana","R","R",453,412,102,10,41,0.248,0.316,0,0,1.45,1.25
"santaf.01","F P  Santangelo",NA,NA,NA,NA,2049,1729,396,7,223,0.229,0.343,83,14,4.42,5.91
"santajo02","Johan Santana",NA,NA,NA,NA,648,592,138,8,56,0.233,0.299,0,0,2.72,2.58
"santaju01","Julio Santana","Julio","Santana","R","R",75,65,15,0,10,0.231,0.333,0,0,-0.31,-0.31
"santara01","Rafael Santana","Rafael","Santana","R","R",2161,2000,516,15,149,0.258,0.31,4,8,1.51,1.19
"santibe01","Benito Santiago","Benito","Santiago","R","R",7765,7229,1867,174,428,0.258,0.3,38,70,26.4,27.87
"santihe01","Héctor Santiago","Hector","Santiago","R","L",228,204,57,5,24,0.279,0.355,0,0,0.77,0.74
"santijo01","José Santiago","José","Santiago","R","R",0,0,0,0,0,NA,NA,0,0,0,0
"santira01","Ramon Santiago","Ramon","Santiago","B","R",3133,2779,721,43,283,0.259,0.338,55,16,14.66,13.36
"santito01","Tony Santillan","Tony","Santillan","R","R",70,64,16,1,6,0.25,0.314,0,0,0.43,0.4
"santoan02","Antonio Santos","Antonio","Santos","R","R",7,6,2,0,1,0.333,0.429,0,0,0.03,0.03
"santoch01","Chad Santos","Chad","Santos","L","L",49,43,13,2,6,0.302,0.388,0,0,0.15,0.17
"santogr01","Gregory Santos","Gregory","Santos","R","R",4,3,1,0,1,0.333,0.5,0,0,0.02,0.02
"santolu01","Luis Santos","Luis","Santos","R","R",1,0,0,0,1,NA,1,0,0,0.01,0.01
"santone01","Nelson Santovenia","Nelson","Santovenia","R","R",868,787,184,20,62,0.234,0.29,6,13,2.42,3.24
"santoom01","Omir Santos","Omir","Santos","R","R",425,385,103,9,32,0.268,0.322,2,6,1.53,0.96
"santoro01","Ron Santo","Ron","Santo","R","R",9456,8199,2234,284,1125,0.272,0.359,38,94,67.66,67.18
"santose01","Sergio Santos","Sergio","Santos","R","R",37,31,9,0,6,0.29,0.405,0,0,0.12,0.11
"santovi01","Victor Santos","Victor","Santos","R","R",335,310,69,4,25,0.223,0.281,0,0,0.8,0.64
"sappeda01","Dave Sappelt","Dave","Sappelt","R","R",455,413,114,7,41,0.276,0.343,1,0,2.01,2.37
"sardibr01","Bronson Sardinha","Bronson","Sardinha","L","R",61,52,15,1,8,0.288,0.377,0,1,0.26,0.17
"sardida01","Dane Sardinha","Dane","Sardinha","R","R",394,345,81,9,46,0.235,0.325,1,2,-0.63,0.59
"sardilu01","Luis Sardinas","Luis","Sardinas","B","R",793,719,190,12,70,0.264,0.332,3,1,2.33,2.18
"sarfade01","Dennis Sarfate","Dennis","Sarfate","R","R",16,13,3,0,3,0.231,0.375,0,0,0.07,0.06
"sarmima01","Manny Sarmiento","Manny","Sarmiento","R","R",97,84,20,1,12,0.238,0.34,1,0,0.42,0.39
"sarnibi01","Bill Sarni","Bill","Sarni","R","R",1299,1203,318,19,79,0.264,0.308,3,14,3.27,4.3
"sasakka01","Kazuhiro Sasaki","Kazuhiro","Sasaki","R","R",2,1,0,0,1,0,0.5,0,0,0.01,0.01
"sassema01","Mackey Sasser","Mackey","Sasser","L","R",1031,972,283,15,43,0.291,0.318,2,14,1.73,2.37
"satinjo01","Josh Satin","Josh","Satin","R","R",416,355,102,6,57,0.287,0.389,3,1,2.51,2.24
"satrito01","Tom Satriano","Tom","Satriano","L","R",1843,1616,351,17,215,0.217,0.309,4,8,-5.56,-4.1
"sauceta01","Tayler Saucedo","Tayler","Saucedo","L","L",4,3,1,0,1,0.333,0.5,0,0,0.02,0.02
"saucike01","Kevin Saucier","Kevin","Saucier","L","L",10,9,2,0,1,0.222,0.3,0,0,0.02,0.01
"sauerha01","Hank Sauer","Hank","Sauer","R","R",5680,5122,1326,296,510,0.259,0.329,34,14,25.13,24.87
"saundjo01","Joe Saunders","Joe","Saunders","L","L",334,304,71,5,29,0.234,0.299,0,1,1.45,1.28
"saundmi01","Michael Saunders","Michael","Saunders","L","R",2975,2622,699,82,329,0.267,0.348,8,16,14.27,13.93
"saupowa01","Warwick Saupold","Warwick","Saupold","R","R",5,4,1,0,1,0.25,0.4,0,0,0.02,0.02
"sauveri01","Rich Sauveur","Rich","Sauveur","L","L",2,1,0,0,1,0,0.5,0,0,0,0
"savagte01","Ted Savage","Ted","Savage","R","R",1925,1675,397,38,230,0.237,0.331,11,9,1.14,1.27
"saverbo01","Bob Saverine","Bob","Saverine","B","R",749,704,171,1,40,0.243,0.284,2,3,-0.95,-1.62
"saverjo01","Joe Savery","Joe","Savery","L","L",48,42,11,1,6,0.262,0.354,0,0,0.39,0.39
"savramo01","Moe Savransky","Moe","Savransky","L","L",3,2,1,0,1,0.5,0.667,0,0,0.01,0.01
"sawamhi01","Hirokazu Sawamura","Hirokazu","Sawamura","R","R",5,4,1,0,1,0.25,0.4,0,0,0.02,0.02
"sawatca01","Carl Sawatski","Carl","Sawatski","L","R",1746,1528,372,60,202,0.243,0.332,6,10,5.97,6.7
"sawyeri01","Rick Sawyer","Rick","Sawyer","R","R",57,49,12,0,8,0.245,0.351,0,0,0.65,0.54
"saxda01","Dave Sax","Dave","Sax","R","R",1,0,0,0,1,NA,1,0,0,0,0
"saxst01","Steve Sax","Steve","Sax","R","R",7464,6825,1937,58,578,0.284,0.34,24,37,27.61,24.88
"sborzja01","Jay Sborz","Jay","Sborz","R","R",1,0,0,0,1,NA,1,0,0,0.01,0.01
"sborzjo01","Josh Sborz","Josh","Sborz","R","R",39,35,9,0,4,0.257,0.333,0,0,0.26,0.26
"scahiro01","Rob Scahill","Rob","Scahill","L","R",118,103,28,2,15,0.272,0.364,0,0,0.92,0.85
"scalebo01","Bobby Scales","Bobby","Scales","B","R",264,228,62,5,33,0.272,0.367,2,1,1.16,1.38
"scalzsk01","Skeeter Scalzi","Skeeter","Scalzi","R","R",22,19,5,0,3,0.263,0.364,0,0,0.18,0.23
"scanldo01","Doc Scanlan","Doc","Scanlan","L","R",152,145,27,0,6,0.186,0.224,1,0,-0.92,-0.72
"scanlpa02","Pat Scanlon","Pat","Scanlon","L","R",153,133,31,3,20,0.233,0.333,0,0,0.48,0.64
"scarsle01","Les Scarsella","Les","Scarsella","L","L",818,790,199,8,25,0.252,0.278,3,0,-0.93,-1.18
"scarsst01","Steve Scarsone","Steve","Scarsone","R","R",611,562,125,10,39,0.222,0.282,8,2,0.3,-0.12
"schaapa01","Paul Schaal","Paul","Schaal","R","R",3811,3292,804,48,472,0.244,0.34,21,26,11.62,9.57
"schafji01","Jimmie Schaffer","Jimmie","Schaffer","R","R",409,368,81,9,40,0.22,0.298,1,0,1.28,0.93
"schafjo01","Joe Schaffernoth","Joe","Schaffernoth","R","R",4,3,1,0,1,0.333,0.5,0,0,0,0
"schafjo02","Jordan Schafer","Jordan","Schafer","L","L",1674,1472,385,24,194,0.262,0.349,5,3,3.33,5.83
"schaflo01","Logan Schafer","Logan","Schafer","L","L",1010,888,234,14,111,0.264,0.35,8,3,4.47,4.39
"schalar01","Art Schallock","Art","Schallock","L","L",14,12,3,0,2,0.25,0.357,0,0,0.02,0.02
"schalra01","Ray Schalk","Ray","Schalk","R","R",5298,4823,925,11,427,0.192,0.264,48,0,2.86,-16.22
"schanno01","Nolan Schanuel","Nolan","Schanuel","L","R",720,598,170,9,100,0.284,0.396,15,7,2.36,2.02
"schanwa01","Wally Schang","Wally","Schang","B","R",6785,5913,1373,64,765,0.232,0.331,107,0,26.8,12.61
"schatda01","Dan Schatzeder","Dan","Schatzeder","L","L",245,219,58,4,25,0.265,0.339,0,1,2.91,2.84
"schebsc01","Scott Schebler","Scott","Schebler","L","R",1534,1344,357,49,153,0.266,0.352,30,7,6.31,4.97
"schefbo01","Bob Scheffing","Bob","Scheffing","R","R",924,876,240,20,46,0.274,0.312,2,0,2.43,2.62
"scheica01","Carl Scheib","Carl","Scheib","R","R",513,492,126,7,20,0.256,0.287,1,0,1.67,1.04
"scheiri01","Richie Scheinblum","Richie","Scheinblum","B","R",1557,1382,368,17,157,0.266,0.341,6,12,2.19,1.87
"schemfr01","Fred Schemanske","Fred","Schemanske","R","R",4,3,1,0,1,0.333,0.5,0,0,0.01,0.01
"schemmi01","Mike Schemer","Mike","Schemer","L","L",169,168,53,0,1,0.315,0.32,0,0,0.48,0.56
"schepta01","Tanner Scheppers","Tanner","Scheppers","R","R",11,8,2,0,3,0.25,0.455,0,0,0.07,0.07
"scherbi01","Bill Scherrer","Bill","Scherrer","L","L",2,1,0,0,1,0,0.5,0,0,0.01,0.01
"scherfr01","Fred Scherman","Fred","Scherman","L","L",30,26,5,0,4,0.192,0.3,0,0,0.07,0.08
"scherma01","Max Scherzer","Max","Scherzer","R","R",1189,1092,272,16,94,0.249,0.31,2,1,4.48,4.67
"schiena01","Nate Schierholtz","Nate","Schierholtz","L","R",2506,2256,621,62,202,0.275,0.338,23,25,12.04,12.66
"schilch01","Chuck Schilling","Chuck","Schilling","R","R",1186,1091,212,2,86,0.194,0.256,6,3,0.41,-0.37
"schilcu01","Curt Schilling","Curt","Schilling","R","R",487,467,89,0,19,0.191,0.222,0,1,-1.47,-1.32
"schimry01","Ryan Schimpf","Ryan","Schimpf","L","R",633,525,122,38,91,0.232,0.355,12,5,4.91,4.18
"schirca01","Calvin Schiraldi","Calvin","Schiraldi","R","R",3,2,0,0,1,0,0.333,0,0,0.01,0.01
"schleda01","Daniel Schlereth","Daniel","Schlereth","L","L",10,8,3,0,2,0.375,0.5,0,0,0.07,0.06
"schlibr01","Brian Schlitter","Brian","Schlitter","R","R",33,29,10,1,4,0.345,0.424,0,0,0.16,0.16
"schlitr01","Travis Schlichting","Travis","Schlichting","R","R",16,13,4,0,3,0.308,0.438,0,0,0.04,0.04
"schlogu01","Gus Schlosser","Gus","Schlosser","R","R",18,16,5,0,2,0.312,0.389,0,0,0.05,0.05
"schluja01","Jay Schlueter","Jay","Schlueter","R","R",3,2,1,0,1,0.5,0.667,0,0,0,0.01
"schmibo02","Bob Schmidt","Bob","Schmidt","R","R",1284,1179,303,31,95,0.257,0.313,4,6,2.06,2.32
"schmicl01","Clarke Schmidt","Clarke","Schmidt","R","R",32,27,7,1,5,0.259,0.375,0,0,0.08,0.06
"schmida02","Dave Schmidt","Dave","Schmidt","R","R",61,53,14,2,8,0.264,0.361,0,0,0.36,0.37
"schmija01","Jason Schmidt","Jason","Schmidt","R","R",1113,1046,208,12,64,0.199,0.246,2,1,-1.89,-1.11
"schmijo01","Johnny Schmitz","Johnny","Schmitz","R","L",559,540,106,3,19,0.196,0.224,0,0,-3.96,-3.94
"schmiko01","Konrad Schmidt","Konrad","Schmidt","R","R",49,43,12,1,6,0.279,0.367,0,0,0.12,0.1
"schmimi01","Mike Schmidt","Mike","Schmidt","R","R",10310,8517,2334,560,1606,0.274,0.39,79,108,110.09,106.41
"schmost01","Steve Schmoll","Steve","Schmoll","R","R",16,14,5,0,2,0.357,0.438,0,0,0.05,0.04
"schnebr01","Brian Schneider","Brian","Schneider","L","R",3608,3188,831,65,373,0.261,0.34,22,25,14.7,15.09
"schneda03","Davis Schneider","Davis","Schneider","R","R",592,499,130,17,75,0.261,0.368,13,5,3.75,4.22
"schoere01","Red Schoendienst","Red","Schoendienst","B","R",8096,7628,2136,70,431,0.28,0.319,18,19,42.34,34.11
"schoesc01","Scott Schoeneweis","Scott","Schoeneweis","L","L",86,73,25,0,13,0.342,0.442,0,0,0.28,0.3
"schofdi01","Dick Schofield","Dick","Schofield","B","R",3831,3355,781,17,435,0.233,0.324,26,15,7.19,6.79
"schofdi02","Dick Schofield","Dick","Schofield","R","R",4441,3950,936,47,424,0.237,0.316,43,24,19.66,14.63
"schoojo01","Jonathan Schoop","Jonathan","Schoop","R","R",4986,4536,1245,147,344,0.274,0.332,67,39,26.76,22.65
"schoomi01","Mike Schooler","Mike","Schooler","R","R",1,0,0,0,1,NA,1,0,0,0,0
"schotge01","Gene Schott","Gene","Schott","R","R",128,121,30,2,7,0.248,0.289,0,0,-0.33,-0.22
"schoupe01","Pete Schourek","Pete","Schourek","L","L",97,94,20,1,3,0.213,0.237,0,0,0.23,0.24
"schrejo01","John Schreiber","John","Schreiber","R","R",7,6,2,0,1,0.333,0.429,0,0,0.01,0.01
"schroal01","Al Schroll","Al","Schroll","R","R",1,0,0,0,1,NA,1,0,0,0.01,0.01
"schrobi01","Bill Schroeder","Bill","Schroeder","R","R",1360,1268,319,57,71,0.252,0.299,16,5,3.25,3.72
"schrobo01","Bob Schroder","Bob","Schroder","L","R",334,298,77,1,34,0.258,0.335,1,1,0.96,0.54
"schroch01","Chris Schroder","Chris","Schroder","R","R",48,42,12,1,6,0.286,0.375,0,0,0.5,0.49
"schroke01","Ken Schrom","Ken","Schrom","R","R",0,0,0,0,0,NA,NA,0,0,0,0
"schroma01","Max Schrock","Max","Schrock","L","R",252,232,67,3,19,0.289,0.341,0,1,0.39,0.18
"schuero01","Ron Schueler","Ron","Schueler","R","R",188,174,40,1,14,0.23,0.287,0,0,0.1,0.08
"schugaj01","A J  Schugel","A. J.","Schugel","R","R",71,62,17,2,9,0.274,0.366,0,0,1.14,1.08
"schulbo02","Bo Schultz","Bo","Schultz","R","R",16,14,5,0,2,0.357,0.438,0,0,0.02,0.02
"schulbu01","Buddy Schultz","Buddy","Schultz","R","L",30,24,6,0,6,0.25,0.4,0,0,0.11,0.11
"schuldo01","Don Schulze","Don","Schulze","R","R",1,0,0,0,1,NA,1,0,0,0.01,0
"schulfr02","Fred Schulte","Fred","Schulte","R","R",4505,4073,998,46,425,0.245,0.317,7,0,7.64,2.22
"schulja02","Jaime Schultz","Jaime","Schultz","R","R",5,4,1,0,1,0.25,0.4,0,0,0.02,0.02
"schuljo04","Johnny Schulte","Johnny","Schulte","L","R",432,362,74,17,69,0.204,0.333,1,0,0.76,0.6
"schuljo05","Joe Schultz","Joe","Schultz","L","R",363,334,84,0,29,0.251,0.311,0,0,-3.44,-2.1
"schulmi02","Mike Schultz","Mike","Schultz","R","R",0,0,0,0,0,NA,NA,0,0,0,0
"schulwe02","Wes Schulmerich","Wes","Schulmerich","R","R",1577,1464,352,38,103,0.24,0.295,10,0,-1.72,1.72
"schumha02","Hal Schumacher","Hal","Schumacher","R","R",936,905,177,18,27,0.196,0.222,4,0,0.63,-0.9
"schumsk01","Skip Schumaker","Skip","Schumaker","L","R",3787,3400,991,53,357,0.291,0.36,14,16,14.32,13.11
"schuri01","Rick Schu","Rick","Schu","R","R",1702,1539,394,39,147,0.256,0.323,9,7,1.87,1.32
"schusbi01","Bill Schuster","Bill","Schuster","R","R",6,5,1,0,1,0.2,0.333,0,0,0.01,0.01
"schuspa01","Patrick Schuster","Patrick","Schuster","R","L",6,5,1,0,1,0.2,0.333,0,0,0.03,0.02
"schwabl01","Ralph Schwamb","Ralph","Schwamb","R","R",10,9,2,0,1,0.222,0.3,0,0,0.01,0.01
"schwaky01","Kyle Schwarber","Kyle","Schwarber","L","R",5150,4283,1123,259,789,0.262,0.381,49,29,23.46,27.33
"schwich01","Chris Schwinden","Chris","Schwinden","R","R",48,42,12,1,6,0.286,0.375,0,0,0.22,0.18
"schwimi01","Michael Schwimer","Michael","Schwimer","R","R",22,19,6,0,3,0.316,0.409,0,0,0.09,0.09
"sciosmi01","Mike Scioscia","Mike","Scioscia","L","R",5194,4529,1204,84,606,0.266,0.353,22,37,28.37,30.86
"scofflo01","Lou Scoffic","Lou","Scoffic","R","R",6,5,1,0,1,0.2,0.333,0,0,0,0.01
"sconida01","Daryl Sconiers","Daryl","Sconiers","L","L",695,635,176,16,56,0.277,0.334,0,4,1.39,1.33
"scottdo01","Donnie Scott","Donnie","Scott","B","R",3,2,0,0,1,0,0.333,0,0,0,0
"scottge02","George Scott","George","Scott","R","R",8417,7583,1977,266,719,0.261,0.327,53,62,36.34,36.58
"scottja01","Jack Scott","Jack","Scott","L","R",514,498,115,3,12,0.231,0.255,4,0,-1.46,-1.27
"scottlu01","Luke Scott","Luke","Scott","L","R",3360,2923,788,120,388,0.27,0.358,26,23,18.12,17.51
"scottmi02","Mickey Scott","Mickey","Scott","L","L",4,3,1,0,1,0.333,0.5,0,0,0.01,0.01
"scottmi03","Mike Scott","Mike","Scott","R","R",385,353,74,4,29,0.21,0.268,0,3,1,1.18
"scottpe01","Pete Scott","Pete","Scott","R","R",261,241,61,10,19,0.253,0.31,1,0,0.2,0.58
"scottro01","Rodney Scott","Rodney","Scott","B","R",2594,2254,568,18,317,0.252,0.345,10,13,7.61,6.21
"scottro02","Robby Scott","Robby","Scott","B","L",16,13,3,0,3,0.231,0.375,0,0,0.07,0.06
"scottta01","Tanner Scott","Tanner","Scott","R","L",2,1,0,0,1,0,0.5,0,0,0.01,0.01
"scottta02","Tayler Scott","Tayler","Scott","R","R",1,0,0,0,1,NA,1,0,0,0,0
"scottto01","Tony Scott","Tony","Scott","B","R",3255,2967,769,43,247,0.259,0.317,16,25,10,8.82
"scottvi01","Victor Scott II","Victor","Scott","L","L",83,73,19,1,6,0.26,0.325,2,2,0.26,0.21
"scranji01","Jim Scranton","Jim","Scranton","R","R",2,1,0,0,1,0,0.5,0,0,0,0
"scribev01","Evan Scribner","Evan","Scribner","R","R",7,5,1,0,2,0.2,0.429,0,0,0.04,0.04
"scribtr01","Troy Scribner","Troy","Scribner","L","R",16,14,5,0,2,0.357,0.438,0,0,0.01,0.01
"scrivch01","Chuck Scrivener","Chuck","Scrivener","R","R",328,300,70,5,28,0.233,0.299,0,0,0.61,0.09
"scrugxa01","Xavier Scruggs","Xavier","Scruggs","R","R",315,282,76,5,29,0.27,0.346,4,0,1.08,0.86
"scurrro01","Rod Scurry","Rod","Scurry","L","L",53,46,13,1,7,0.283,0.377,0,0,0.47,0.45
"scutama01","Marco Scutaro","Marco","Scutaro","R","R",5287,4697,1331,83,526,0.283,0.355,21,43,28.42,25.06
"seabosc01","Scott Seabol","Scott","Seabol","R","R",0,0,0,0,0,NA,NA,0,0,0,0
"seageco01","Corey Seager","Corey","Seager","L","R",5135,4510,1398,173,540,0.31,0.386,46,39,44.88,45.33
"seageky01","Kyle Seager","Kyle","Seager","L","R",6727,5922,1652,227,700,0.279,0.359,63,42,44.8,43.22
"seamaki01","Kim Seaman","Kim","Seaman","L","L",1,0,0,0,1,NA,1,0,0,0.02,0.02
"seaneru01","Rudy Seanez","Rudy","Seanez","R","R",54,46,14,0,8,0.304,0.407,0,0,0.17,0.18
"seaveto01","Tom Seaver","Tom","Seaver","R","R",1669,1520,312,21,142,0.205,0.274,4,3,5.45,5.26
"seaybo01","Bobby Seay","Bobby","Seay","L","L",20,17,6,0,3,0.353,0.45,0,0,0.05,0.04
"sebrabo01","Bob Sebra","Bob","Sebra","R","R",35,32,8,0,3,0.25,0.314,0,0,0.14,0.17
"secorfr01","Frank Secory","Frank","Secory","R","R",165,158,39,5,7,0.247,0.279,0,0,-0.74,-0.52
"seddoch01","Chris Seddon","Chris","Seddon","L","L",42,38,10,1,4,0.263,0.333,0,0,0.16,0.14
"seedsbo01","Bob Seeds","Bob","Seeds","R","R",827,760,200,20,62,0.263,0.323,5,0,1.02,0.89
"seerepa01","Pat Seerey","Pat","Seerey","R","R",1278,1113,224,71,164,0.201,0.304,1,0,1.9,3.41
"sefcike01","Kevin Sefcik","Kevin","Sefcik","R","R",463,402,111,1,52,0.276,0.369,8,1,1.08,0.95
"segedro01","Rob Segedin","Rob","Segedin","R","R",234,209,56,4,21,0.268,0.338,2,2,0.85,0.9
"segovza01","Zack Segovia","Zack","Segovia","R","R",25,22,5,0,3,0.227,0.32,0,0,0.03,0.03
"seguida01","David Segui","David","Segui","B","L",5067,4545,1287,92,465,0.283,0.348,13,44,12.41,13.48
"seguidi01","Diego Segui","Diego","Segui","R","R",13,11,3,0,2,0.273,0.385,0,0,-0.06,-0.07
"seguife01","Fernando Seguignol","Fernando","Seguignol","B","R",215,195,47,6,10,0.241,0.298,7,3,0.57,0.89
"segurje01","Jean Segura","Jean","Segura","R","R",6487,5875,1731,109,513,0.295,0.357,74,25,35.92,32.29
"seibeku01","Kurt Seibert","Kurt","Seibert","B","R",2,1,0,0,1,0,0.5,0,0,0.01,0.01
"seitzke01","Kevin Seitzer","Kevin","Seitzer","R","R",6193,5446,1566,61,671,0.288,0.367,35,41,27.3,26.34
"seleaa01","Aaron Sele","Aaron","Sele","R","R",261,234,59,3,27,0.252,0.33,0,0,1.11,0.93
"selkige01","George Selkirk","George","Selkirk","L","R",3192,2737,757,117,432,0.277,0.38,23,0,21.29,21.38
"selleju01","Justin Sellers","Justin","Sellers","R","R",496,437,112,9,54,0.256,0.343,4,1,3.12,2.41
"sellsda01","Dave Sells","Dave","Sells","R","R",1,0,0,0,1,NA,1,0,0,0.01,0.01
"selmadi01","Dick Selma","Dick","Selma","R","R",209,197,41,1,10,0.208,0.249,1,1,0.05,0
"selmasa01","Sam Selman","Sam","Selman","R","L",31,27,8,1,4,0.296,0.387,0,0,0.34,0.34
"selskst01","Steve Selsky","Steve","Selsky","R","R",175,161,47,4,14,0.292,0.349,0,0,0.8,0.99
"sembemi01","Mike Sember","Mike","Sember","R","R",4,3,1,0,1,0.333,0.5,0,0,0,0
"semiema01","Marcus Semien","Marcus","Semien","R","R",7002,6198,1727,203,725,0.279,0.355,31,48,54.02,47.79
"seminan01","Andy Seminick","Andy","Seminick","R","R",4556,4015,934,178,503,0.233,0.324,37,1,20.74,23.7
"senzaan01","Antonio Senzatela","Antonio","Senzatela","R","R",265,245,52,3,20,0.212,0.272,0,0,0.98,-0.13
"senzeni01","Nick Senzel","Nick","Senzel","R","R",1749,1564,411,25,160,0.263,0.336,16,9,0.03,2.05
"seoanma01","Manny Seoane","Manny","Seoane","R","R",2,1,0,0,1,0,0.5,0,0,0,0
"seoja01","Jae Weong Seo","Jae Weong","Seo","R","R",325,296,59,3,28,0.199,0.271,1,0,0.51,0.57
"septile01","Leyson Septimo","Leyson","Septimo","L","L",1,0,0,0,1,NA,1,0,0,0.01,0.01
"serafda01","Dan Serafini","Dan","Serafini","B","L",1,0,0,0,1,NA,1,0,0,-0.01,0
"serenbi01","Bill Serena","Bill","Serena","R","R",1483,1322,315,49,153,0.238,0.32,7,1,5.11,4.87
"sernapa01","Paul Serna","Paul","Serna","R","R",310,287,74,9,19,0.258,0.31,3,1,0.79,0.76
"servasc01","Scott Servais","Scott","Servais","R","R",2420,2229,515,38,129,0.231,0.283,42,20,0.52,3.19
"servebr01","Brian Serven","Brian","Serven","R","R",292,262,57,4,22,0.218,0.291,6,2,0.08,0.53
"servisc01","Scott Service","Scott","Service","R","R",9,8,2,0,1,0.25,0.333,0,0,-0.03,-0.03
"severan01","Anderson Severino","Anderson","Severino","L","L",1,0,0,0,1,NA,1,0,0,0,0
"severat01","Atahualpa Severino","Atahualpa","Severino","L","L",5,4,1,0,1,0.25,0.4,0,0,0.03,0.03
"severlu01","Luis Severino","Luis","Severino","R","R",25,22,7,1,3,0.318,0.4,0,0,0.01,0.01
"severpe01","Pedro Severino","Pedro","Severino","R","R",1697,1510,410,35,168,0.272,0.347,11,8,8.76,6.5
"severri01","Rich Severson","Rich","Severson","R","R",349,332,79,0,16,0.238,0.275,1,0,1.83,0.9
"sewalpa01","Paul Sewald","Paul","Sewald","R","R",125,112,30,3,13,0.268,0.344,0,0,1.76,1.72
"seweljo01","Joe Sewell","Joe","Sewell","L","R",8065,7237,1885,43,748,0.26,0.336,80,0,39.69,31.07
"sewellu01","Luke Sewell","Luke","Sewell","R","R",3732,3477,708,12,241,0.204,0.258,14,0,-10.98,-12.04
"sewelri01","Rip Sewell","Rip","Sewell","L","R",931,908,197,7,23,0.217,0.236,0,0,-2.5,-2.14
"sexsori01","Richie Sexson","Richie","Sexson","R","R",5551,4883,1276,247,580,0.261,0.344,52,36,20.63,20.64
"sextoji01","Jimmy Sexton","Jimmy","Sexton","R","R",412,370,92,8,38,0.249,0.318,1,3,1.45,1.58
"seyboso01","Socks Seybold","Socks","Seybold","R","R",1243,1186,236,69,45,0.199,0.236,12,0,0.02,-0.67
"seymocy01","Cy Seymour","Cy","Seymour","L","L",5012,4799,1203,90,185,0.251,0.283,28,0,1.87,5.08
"shabaad01","Adam Shabala","Adam","Shabala","L","R",63,56,14,1,6,0.25,0.317,0,1,0.07,0.02
"shackbr01","Brian Shackelford","Brian","Shackelford","L","L",22,19,6,0,3,0.316,0.409,0,0,0.08,0.08
"shackke01","Kevin Shackelford","Kevin","Shackelford","R","R",55,49,14,1,6,0.286,0.364,0,0,0.53,0.49
"shafeju01","Justin Shafer","Justin","Shafer","R","R",2,1,0,0,1,0,0.5,0,0,0.01,0.01
"shaffri01","Richie Shaffer","Richie","Shaffer","R","R",283,243,64,9,35,0.263,0.36,3,2,1.03,1.23
"shamsar01","Art Shamsky","Art","Shamsky","L","L",2243,1990,523,70,223,0.263,0.339,15,15,6.29,7.12
"shanagr01","Greg Shanahan","Greg","Shanahan","R","R",2,0,0,0,1,NA,1,1,0,0.01,0.01
"shannmi01","Mike Shannon","Mike","Shannon","R","R",3183,2908,769,72,245,0.264,0.322,10,20,7.65,8.18
"shantbo01","Bobby Shantz","Bobby","Shantz","R","L",761,715,145,1,41,0.203,0.25,4,1,0.38,-1.52
"sharodi01","Dick Sharon","Dick","Sharon","R","R",560,501,121,15,57,0.242,0.318,0,2,1.68,1.97
"sharpbi01","Bill Sharp","Bill","Sharp","L","L",1229,1123,296,16,89,0.264,0.319,7,10,3.91,3.77
"sharpjo01","Josh Sharpless","Josh","Sharpless","R","R",10,8,2,0,2,0.25,0.4,0,0,0.05,0.05
"sharpmi01","Mike Sharperson","Mike","Sharperson","R","R",1385,1231,354,10,140,0.288,0.36,5,9,5,4.77
"shautjo01","Joe Shaute","Joe","Shaute","L","L",577,561,131,1,14,0.234,0.255,2,0,-0.0899999999999999,0.02
"shawbo01","Bob Shaw","Bob","Shaw","R","R",332,309,64,0,22,0.207,0.259,0,1,-0.77,-0.74
"shawbr01","Bryan Shaw","Bryan","Shaw","B","R",77,65,19,0,12,0.292,0.403,0,0,0.46,0.43
"shawch01","Chris Shaw","Chris","Shaw","L","R",208,183,42,3,24,0.23,0.317,0,1,-0.56,0.37
"shawdo01","Don Shaw","Don","Shaw","L","L",6,5,1,0,1,0.2,0.333,0,0,0.01,0.02
"shawkbo01","Bob Shawkey","Bob","Shawkey","R","R",907,897,182,1,7,0.203,0.212,3,0,-7.85,-6.52
"shawtr01","Travis Shaw","Travis","Shaw","L","R",3025,2644,693,105,344,0.262,0.349,20,17,16.4,15.57
"shayda01","Danny Shay","Danny","Shay","R","R",710,640,122,1,63,0.191,0.27,7,0,-1.14,-1.67
"shealry01","Ryan Shealy","Ryan","Shealy","R","R",840,755,204,26,78,0.27,0.343,6,1,3.66,3.34
"shearra01","Ray Shearer","Ray","Shearer","R","R",4,3,1,0,1,0.333,0.5,0,0,0,0.01
"shearto01","Tom Shearn","Tom","Shearn","R","R",61,55,11,1,6,0.2,0.279,0,0,0.12,0.14
"sheasp01","Spec Shea","Spec","Shea","R","R",164,149,29,0,14,0.195,0.268,1,0,0.38,0.33
"sheelea01","Earl Sheely","Earl","Sheely","R","R",3346,2952,733,34,367,0.248,0.337,27,0,8.32,4.86
"sheetan01","Andy Sheets","Andy","Sheets","R","R",208,190,46,4,16,0.242,0.298,0,2,0.48,1.21
"sheetbe01","Ben Sheets","Ben","Sheets","R","R",639,591,119,7,48,0.201,0.261,0,0,0.19,-0.75
"sheetga01","Gavin Sheets","Gavin","Sheets","L","L",1631,1452,375,37,147,0.258,0.329,14,18,0.64,1.73
"sheetla01","Larry Sheets","Larry","Sheets","L","R",1767,1609,447,66,133,0.278,0.336,13,12,3.9,4.19
"sheffga01","Gary Sheffield","Gary","Sheffield","R","R",10895,9218,2693,427,1432,0.292,0.391,135,110,60.82,61.22
"sheffjo01","Jordan Sheffield","Jordan","Sheffield","R","R",12,10,3,0,2,0.3,0.417,0,0,0.05,0.05
"sheffju01","Justus Sheffield","Justus","Sheffield","L","L",29,26,7,1,3,0.269,0.345,0,0,0.04,0.04
"shelbjo01","John Shelby","John","Shelby","B","R",2921,2714,692,62,186,0.255,0.302,3,18,7.37,6.72
"sheldbo01","Bob Sheldon","Bob","Sheldon","L","R",296,264,72,2,27,0.273,0.341,2,3,0.83,0.77
"shellji01","Jim Shellenback","Jim","Shellenback","L","L",6,5,1,0,1,0.2,0.333,0,0,0,0
"shellst01","Steven Shell","Steven","Shell","R","R",38,33,9,1,5,0.273,0.368,0,0,0.51,0.48
"sheltch01","Chris Shelton","Chris","Shelton","R","R",1046,926,255,32,106,0.275,0.354,9,5,5.64,5.2
"shentau01","Austin Shenton","Austin","Shenton","L","R",32,26,7,1,6,0.269,0.406,0,0,0.37,0.5
"shepaja01","Jack Shepard","Jack","Shepard","R","R",957,862,215,14,88,0.249,0.317,0,7,1.96,2.97
"sherdbi01","Bill Sherdel","Bill","Sherdel","L","L",541,516,110,4,25,0.213,0.25,0,0,-5.16,-4.1
"sherfji01","James Sherfy","James","Sherfy","R","R",75,66,19,2,9,0.288,0.373,0,0,0.73,0.73
"sheripa01","Pat Sheridan","Pat","Sheridan","L","R",2574,2315,612,49,239,0.264,0.333,6,14,6.76,5.93
"sherlvi01","Vince Sherlock","Vince","Sherlock","R","R",27,25,9,0,2,0.36,0.407,0,0,0.19,0.22
"sherrde01","Dennis Sherrill","Dennis","Sherrill","R","R",1,0,0,0,1,NA,1,0,0,0,0
"sherrge01","George Sherrill","George","Sherrill","L","L",48,40,13,0,8,0.325,0.438,0,0,0.29,0.29
"sherrla01","Larry Sherry","Larry","Sherry","R","R",142,132,29,3,9,0.22,0.275,1,0,-0.45,-0.44
"sherrno01","Norm Sherry","Norm","Sherry","R","R",431,394,106,13,33,0.269,0.332,4,0,1.06,0.93
"sherrry01","Ryan Sherriff","Ryan","Sherriff","L","L",16,13,4,0,3,0.308,0.438,0,0,0.08,0.08
"shielja01","Jason Shiell","Jason","Shiell","R","R",2,1,0,0,1,0,0.5,0,0,0.01,0.01
"shielja02","James Shields","James","Shields","R","R",642,585,152,13,57,0.26,0.326,0,0,2.43,2.29
"shielsc01","Scot Shields","Scot","Shields","R","R",26,21,6,0,5,0.286,0.423,0,0,0.05,0.05
"shinera01","Razor Shines","Razor","Shines","B","R",2,1,0,0,1,0,0.5,0,0,0,0
"shinjts01","Tsuyoshi Shinjo","Tsuyoshi","Shinjo","R","R",996,916,232,15,60,0.253,0.307,14,6,4.4,3.06
"shiplbr01","Braden Shipley","Braden","Shipley","R","R",164,150,37,3,14,0.247,0.311,0,0,0.78,0.71
"shiplcr01","Craig Shipley","Craig","Shipley","R","R",1293,1239,335,12,35,0.27,0.295,11,8,-3.37,-2.58
"shirear01","Art Shires","Art","Shires","L","R",841,795,213,4,44,0.268,0.308,2,0,-0.89,-0.89
"shirlbo01","Bob Shirley","Bob","Shirley","R","L",265,243,47,5,22,0.193,0.26,0,0,1.51,1.06
"shirlst01","Steve Shirley","Steve","Shirley","L","L",1,0,0,0,1,NA,1,0,0,0.01,0.01
"shockur01","Urban Shocker","Urban","Shocker","R","R",800,687,132,0,107,0.192,0.306,6,0,-5.37,-3.91
"shoemch01","Charlie Shoemaker","Charlie","Shoemaker","L","R",30,28,9,0,2,0.321,0.367,0,0,0.21,0.18
"shoemma01","Matt Shoemaker","Matt","Shoemaker","R","R",21,18,6,1,3,0.333,0.429,0,0,0.01,0.02
"shoffmi01","Milt Shoffner","Milt","Shoffner","L","L",163,150,29,1,13,0.193,0.258,0,0,-0.66,-0.45
"shopato01","Tom Shopay","Tom","Shopay","L","R",320,299,72,2,20,0.241,0.288,0,1,-0.67,-0.61
"shoppke01","Kelly Shoppach","Kelly","Shoppach","R","R",2105,1835,474,74,206,0.258,0.35,56,8,13.76,9.88
"shortbi01","Bill Short","Bill","Short","L","L",19,17,4,0,2,0.235,0.316,0,0,0,0.01
"shortch02","Chris Short","Chris","Short","R","L",320,307,63,0,12,0.205,0.238,1,0,-0.5,-0.29
"shortri01","Rick Short","Rick","Short","R","R",64,57,19,4,6,0.333,0.406,1,0,0.58,0.59
"shortza01","Zack Short","Zack","Short","R","R",576,486,101,11,77,0.208,0.311,1,12,1.59,0.29
"shottbu01","Burt Shotton","Burt","Shotton","L","R",3245,2821,668,5,418,0.237,0.337,6,0,4.81,4.49
"shousbr01","Brian Shouse","Brian","Shouse","L","L",36,28,8,0,8,0.286,0.444,0,0,0.25,0.22
"shower01","Eric Show","Eric","Show","R","R",529,496,107,4,29,0.216,0.263,3,1,1.21,1.09
"shrevch01","Chasen Shreve","Chasen","Shreve","L","L",94,80,23,1,14,0.288,0.394,0,0,0.69,0.71
"shubage01","George Shuba","George","Shuba","L","R",976,867,226,25,106,0.261,0.343,3,0,2.71,3.08
"shuckja01","JB Shuck","JB","Shuck","L","L",1636,1467,401,22,154,0.273,0.342,5,10,6.36,5.63
"shueypa01","Paul Shuey","Paul","Shuey","R","R",1,0,0,0,1,NA,1,0,0,0,0
"sianimi01","Michael Siani","Michael","Siani","L","L",274,247,65,3,23,0.263,0.332,3,1,1.41,1.75
"siebedi01","Dick Siebert","Dick","Siebert","L","L",3562,3374,840,31,177,0.249,0.289,11,0,-0.68,-1.43
"siebeno01","Norm Siebern","Norm","Siebern","L","R",5048,4304,1161,94,687,0.27,0.368,10,47,13.87,15.2
"siebeso01","Sonny Siebert","Sonny","Siebert","R","R",874,842,182,14,20,0.216,0.241,9,3,-0.92,-1.02
"siegrke01","Kevin Siegrist","Kevin","Siegrist","L","L",70,61,19,1,9,0.311,0.4,0,0,0.42,0.4
"sierrma01","Magneuris Sierra","Magneuris","Sierra","L","L",856,786,216,7,68,0.275,0.333,1,1,3.07,3.32
"sierrmo01","Moisés Sierra","Moises","Sierra","R","R",744,670,181,14,66,0.27,0.337,4,4,3.08,2.65
"sierrru01","Ruben Sierra","Ruben","Sierra","B","R",9046,8309,2200,267,611,0.265,0.312,7,119,14.92,15.14
"sievero01","Roy Sievers","Roy","Sievers","R","R",7564,6678,1712,293,780,0.256,0.336,51,55,21.48,23.74
"sikorbr01","Brian Sikorski","Brian","Sikorski","R","R",6,5,1,0,1,0.2,0.333,0,0,0.03,0.03
"silvaca01","Carlos Silva","Carlos","Silva","R","R",278,252,61,5,26,0.242,0.313,0,0,0.6,0.8
"silvawa01","Walter Silva","Walter","Silva","R","R",50,45,14,1,5,0.311,0.38,0,0,0.35,0.3
"silvech01","Charlie Silvera","Charlie","Silvera","R","R",562,514,152,1,46,0.296,0.356,2,0,1.34,1.6
"silveda01","Dave Silvestri","Dave","Silvestri","R","R",65,56,16,2,8,0.286,0.369,0,1,0.14,0.05
"silveke01","Ken Silvestri","Ken","Silvestri","B","R",87,76,19,2,11,0.25,0.345,0,0,0.44,0.56
"silvelu01","Luis Silverio","Luis","Silverio","R","R",14,12,4,0,2,0.333,0.429,0,0,0.04,0.03
"simmoal01","Al Simmons","Al","Simmons","R","R",8598,8154,2403,338,416,0.295,0.331,28,0,56.53,57.63
"simmoan01","Andrelton Simmons","Andrelton","Simmons","R","R",5026,4554,1294,79,417,0.284,0.346,26,29,42.54,31.02
"simmobr01","Brian Simmons","Brian","Simmons","B","R",41,39,13,2,2,0.333,0.366,0,0,0.18,0.14
"simmocu01","Curt Simmons","Curt","Simmons","L","L",1197,1122,245,2,71,0.218,0.266,2,2,0.18,-0.33
"simmone01","Nelson Simmons","Nelson","Simmons","B","R",31,28,10,0,3,0.357,0.419,0,0,0.18,0.2
"simmosh01","Shae Simmons","Shae","Simmons","R","R",17,15,4,0,2,0.267,0.353,0,0,0.08,0.08
"simmote01","Ted Simmons","Ted","Simmons","B","R",9672,8640,2509,296,896,0.29,0.356,39,97,56.49,60.65
"simmsmi01","Mike Simms","Mike","Simms","R","R",801,714,174,30,72,0.244,0.317,8,7,-0.64,0.29
"simonal01","Alfredo Simon","Alfredo","Simon","R","R",335,303,79,6,31,0.261,0.331,1,0,2.42,2.08
"simonja01","Jason Simontacchi","Jason","Simontacchi","R","R",177,168,36,1,9,0.214,0.254,0,0,0.61,0.07
"simonra01","Randall Simon","Randall","Simon","L","L",1796,1676,461,38,95,0.275,0.316,12,13,0.92,-1.46
"simpsal01","Allan Simpson","Allan","Simpson","R","R",20,16,5,0,4,0.312,0.45,0,0,0.05,0.05
"simpsdi01","Dick Simpson","Dick","Simpson","R","R",89,77,15,2,12,0.195,0.303,0,0,-0.5,-0.43
"simpsha01","Harry Simpson","Harry","Simpson","L","R",2984,2767,726,49,198,0.262,0.312,8,11,-0.85,0.76
"simpsjo01","Joe Simpson","Joe","Simpson","L","L",1626,1483,379,19,127,0.256,0.315,7,9,2.37,1.91
"simsdu01","Duke Sims","Duke","Sims","L","R",3028,2631,636,91,353,0.242,0.338,35,9,11.59,13.99
"simsgr01","Greg Sims","Greg","Sims","B","R",7,6,2,0,1,0.333,0.429,0,0,0,0
"simslu01","Lucas Sims","Lucas","Sims","R","R",215,196,51,4,19,0.26,0.326,0,0,1.57,1.54
"sinatma01","Matt Sinatro","Matt","Sinatro","R","R",260,233,55,2,25,0.236,0.312,1,1,0.64,0.66
"singebi01","Bill Singer","Bill","Singer","R","R",360,342,66,1,16,0.193,0.233,2,0,-0.21,-0.62
"singlch01","Chris Singleton","Chris","Singleton","L","L",2424,2268,602,24,122,0.265,0.302,9,25,9.85,8.65
"singljo02","Jon Singleton","Jon","Singleton","L","L",979,824,211,26,147,0.256,0.367,1,7,1.92,2.01
"singlke01","Ken Singleton","Ken","Singleton","B","R",8902,7504,2187,282,1321,0.291,0.396,17,60,47.71,49.51
"singtfr01","Fred Sington","Fred","Sington","R","R",682,589,144,13,90,0.244,0.348,3,0,-0.21,0.89
"sinkbbr01","Brett Sinkbeil","Brett","Sinkbeil","R","R",2,1,0,0,1,0,0.5,0,0,0.01,0.01
"sipinjo01","John Sipin","John","Sipin","R","R",298,292,62,3,4,0.212,0.225,1,1,0.2,0.18
"sippto01","Tony Sipp","Tony","Sipp","L","L",68,54,17,0,14,0.315,0.456,0,0,0.33,0.31
"sirijo01","Jose Siri","Jose","Siri","R","R",1376,1246,321,54,99,0.258,0.319,19,12,7.12,8.96
"siscoan01","Andy Sisco","Andy","Sisco","L","L",12,10,3,0,2,0.3,0.417,0,0,0.01,0.01
"siscoch01","Chance Sisco","Chance","Sisco","L","R",912,783,204,19,100,0.261,0.365,29,0,3.75,1.9
"siskdo01","Doug Sisk","Doug","Sisk","R","R",18,15,4,0,3,0.267,0.389,0,0,0.07,0.07
"sisledi01","Dick Sisler","Dick","Sisler","L","R",2620,2447,675,64,166,0.276,0.324,7,0,6.48,4.64
"sislege01","George Sisler","George","Sisler","L","L",5714,5476,1588,74,209,0.29,0.32,29,0,30.48,26.77
"sistisi01","Sibby Sisti","Sibby","Sisti","R","R",3310,3061,729,39,233,0.238,0.295,16,0,-1.42,-2.89
"sittibr01","Brandyn Sittinger","Brandyn","Sittinger","R","R",3,2,1,0,1,0.5,0.667,0,0,0.02,0.01
"sizemgr01","Grady Sizemore","Grady","Sizemore","L","L",4791,4161,1149,139,544,0.276,0.367,67,19,34.35,34.75
"sizemsc01","Scott Sizemore","Scott","Sizemore","R","R",752,653,175,18,95,0.268,0.362,2,2,2.86,3.56
"sizemte01","Ted Sizemore","Ted","Sizemore","R","R",5636,5084,1374,39,494,0.27,0.335,20,38,20.1,17.52
"skaggda01","Dave Skaggs","Dave","Skaggs","R","R",334,301,80,3,31,0.266,0.332,0,2,1.4,1.54
"skaggty01","Tyler Skaggs","Tyler","Skaggs","L","L",143,130,33,3,13,0.254,0.322,0,0,0.63,0.51
"skaugda01","Dave Skaugstad","Dave","Skaugstad","L","L",2,1,0,0,1,0,0.5,0,0,0,0
"skinnbo01","Bob Skinner","Bob","Skinner","L","R",4265,3795,1069,93,439,0.282,0.357,15,16,18.45,15.27
"skinnjo01","Joel Skinner","Joel","Skinner","R","R",1556,1460,346,18,84,0.237,0.279,4,8,-1.09,0.12
"skipwky01","Kyle Skipworth","Kyle","Skipworth","L","R",38,33,8,1,5,0.242,0.342,0,0,0.14,0.18
"skizalo01","Lou Skizas","Lou","Skizas","R","R",859,808,206,22,43,0.255,0.292,2,6,1.11,1.77
"skogler01","Eric Skoglund","Eric","Skoglund","L","L",1,0,0,0,1,NA,1,0,0,0.01,0.01
"skokcr01","Craig Skok","Craig","Skok","R","L",14,12,3,0,2,0.25,0.357,0,0,0.05,0.05
"skowrbi01","Bill Skowron","Bill","Skowron","R","R",6215,5830,1679,194,290,0.288,0.325,50,45,23.78,25.31
"skubata01","Tarik Skubal","Tarik","Skubal","R","L",44,40,10,1,4,0.25,0.318,0,0,0.11,0.12
"skubebo01","Bob Skube","Bob","Skube","L","L",2,1,0,0,1,0,0.5,0,0,0,0.01
"slanida01","Dan Slania","Dan","Slania","R","R",0,0,0,0,0,NA,NA,0,0,0,0
"slateau01","Austin Slater","Austin","Slater","R","R",1879,1615,449,37,219,0.278,0.375,36,9,9.89,11.77
"slatedo01","Doug Slaten","Doug","Slaten","L","L",49,42,13,0,7,0.31,0.408,0,0,0.33,0.33
"slaugdo01","Don Slaught","Don","Slaught","R","R",4585,4177,1192,72,328,0.285,0.341,42,38,19.66,21.4
"slaugen01","Enos Slaughter","Enos","Slaughter","L","R",9326,8354,2350,197,925,0.281,0.355,37,10,52.83,45.56
"sleatlo01","Lou Sleater","Lou","Sleater","L","L",46,42,11,2,4,0.262,0.326,0,0,0.37,0.38
"sledgte01","Terrmel Sledge","Terrmel","Sledge","L","L",941,824,212,24,108,0.257,0.344,4,5,2.68,3.36
"slegeaa01","Aaron Slegers","Aaron","Slegers","R","R",7,6,2,0,1,0.333,0.429,0,0,0.03,0.03
"sloatle01","Dwain Sloat","Dwain","Sloat","R","L",1,0,0,0,1,NA,1,0,0,0,0
"slocuro01","Ron Slocum","Ron","Slocum","R","R",31,29,9,1,1,0.31,0.323,0,1,0.14,0.09
"sloweke01","Kevin Slowey","Kevin","Slowey","R","R",233,208,51,5,25,0.245,0.326,0,0,1.15,1.16
"smallaa01","Aaron Small","Aaron","Small","R","R",2,1,0,0,1,0,0.5,0,0,0,0
"smallro01","Roy Smalley","Roy","Smalley","R","R",2816,2581,547,63,215,0.212,0.277,17,3,-0.84,0.15
"smallro02","Roy Smalley","Roy","Smalley","B","R",6587,5707,1495,176,812,0.262,0.352,14,54,32.04,31.73
"smilejo01","John Smiley","John","Smiley","L","L",527,494,102,2,31,0.206,0.252,0,2,-0.15,0.31
"smithal03","Al Smith","Al","Smith","L","L",550,506,116,3,42,0.229,0.291,2,0,0.83,0.99
"smithal04","Al Smith","Al","Smith","R","R",6141,5424,1462,129,613,0.27,0.348,61,43,13.24,18.42
"smithbi04","Bill Smith","Bill","Smith","L","L",2,1,0,0,1,0,0.5,0,0,0,0
"smithbi05","Billy Smith","Billy","Smith","B","R",982,880,223,21,94,0.253,0.327,4,4,5.65,5.01
"smithbi06","Billy Smith","Billy","Smith","R","R",2,1,0,0,1,0,0.5,0,0,0.01,0.01
"smithbl01","Blake Smith","Blake","Smith","L","R",1,0,0,0,1,NA,1,0,0,0.01,0.01
"smithbo04","Bobby Smith","Bobby","Smith","R","R",530,498,133,7,29,0.267,0.308,1,2,0.79,0.85
"smithbo06","Bob Smith","Bob","Smith","R","R",630,575,136,8,43,0.237,0.295,7,5,0.28,0.89
"smithbr01","Bryn Smith","Bryn","Smith","R","R",532,488,109,3,41,0.223,0.282,0,3,1.58,1.92
"smithbu02","Bud Smith","Bud","Smith","L","L",108,100,22,1,8,0.22,0.278,0,0,0.22,0.28
"smithbu03","Burch Smith","Burch","Smith","R","R",85,74,19,2,11,0.257,0.353,0,0,0.74,0.68
"smithca02","Carson Smith","Carson","Smith","R","R",5,4,1,0,1,0.25,0.4,0,0,0.03,0.03
"smithca03","Caleb Smith","Caleb","Smith","R","L",273,251,65,3,20,0.259,0.319,2,0,1.79,1.67
"smithch04","Charley Smith","Charley","Smith","R","R",1950,1835,426,45,94,0.232,0.271,8,13,2.86,2.43
"smithch05","Chris Smith","Chris","Smith","B","R",88,76,24,1,9,0.316,0.398,2,1,0.42,0.36
"smithch08","Chris Smith","Chad","Smith","L","R",30,25,6,1,5,0.24,0.367,0,0,0.59,0.56
"smithda02","Dave Smith","Dave","Smith","R","R",37,30,7,0,7,0.233,0.378,0,0,0.16,0.17
"smithdo02","Dominic Smith","Dominic","Smith","L","L",2684,2382,666,63,234,0.28,0.354,50,18,7.74,9.25
"smithdr01","Drew Smith","Drew","Smith","R","R",36,32,9,1,4,0.281,0.361,0,0,0.51,0.48
"smithdw01","Dwight Smith","Dwight","Smith","L","R",1706,1567,434,35,120,0.277,0.331,10,9,2.68,2.79
"smithdw02","Dwight Smith Jr","Dwight","Smith","L","R",718,638,178,14,66,0.279,0.351,8,6,2.34,2.23
"smithea02","Earl Smith","Earl","Smith","L","R",2184,1999,470,67,176,0.235,0.3,9,0,-0.93,2.51
"smithed04","Eddie Smith","Eddie","Smith","B","L",384,358,71,0,26,0.198,0.253,0,0,0.08,0.09
"smithfr06","Frank Smith","Frank","Smith","R","R",20,16,4,0,3,0.25,0.4,1,0,0.01,0.01
"smithgr02","Greg Smith","Greg","Smith","L","L",80,72,22,2,8,0.306,0.375,0,0,0.57,0.63
"smithha08","Hal Smith","Hal","Smith","R","R",2215,2058,560,32,127,0.272,0.315,10,20,0.55,3.39
"smithha09","Hal Smith","Hal","Smith","R","R",2116,1986,496,20,120,0.25,0.293,3,7,2.07,2.15
"smithja05","Jason Smith","Jason","Smith","L","R",895,828,194,21,60,0.234,0.289,5,2,1.46,2.41
"smithja06","Jake Smith","Jake","Smith","R","R",5,4,1,0,1,0.25,0.4,0,0,0.02,0.02
"smithji02","Jim Smith","Jim","Smith","R","R",46,39,10,1,6,0.256,0.348,0,1,0.29,0.27
"smithjo05","Joe Smith","Joe","Smith","R","R",80,66,21,0,14,0.318,0.438,0,0,0.41,0.38
"smithjo06","Jordan Smith","Jordan","Smith","R","R",52,46,12,2,6,0.261,0.346,0,0,0.86,0.91
"smithjo07","Josh A  Smith","Josh","Smith","R","R",125,114,30,2,11,0.263,0.328,0,0,1.08,0.97
"smithjo08","Josh D  Smith","Josh","Smith","L","L",7,6,2,0,1,0.333,0.429,0,0,0.03,0.03
"smithjo11","Josh Smith","Johnny","Smith","L","L",1117,935,244,13,121,0.261,0.372,50,11,5.57,3.88
"smithke01","Keith Smith","Keith","Smith","R","R",83,74,21,2,7,0.284,0.361,2,0,0.51,0.34
"smithke02","Ken Smith","Ken","Smith","L","R",60,51,16,1,9,0.314,0.417,0,0,0.42,0.37
"smithke03","Keith Smith","Keith","Smith","B","R",5,3,1,0,1,0.333,0.6,1,0,0,0
"smithke04","Kevan Smith","Kevan","Smith","R","R",1068,961,269,16,90,0.28,0.347,12,5,2.78,3.96
"smithke05","Kevin Smith","Kevin","Smith","R","R",102,91,18,2,10,0.198,0.284,1,0,0.14,0.15
"smithle02","Lee Smith","Lee","Smith","R","R",55,49,12,0,6,0.245,0.327,0,0,0.14,0.17
"smithlo01","Lonnie Smith","Lonnie","Smith","R","R",6062,5270,1514,116,654,0.287,0.373,92,46,40.19,36.75
"smithma03","Mark Smith","Mark","Smith","R","R",507,455,108,10,42,0.237,0.308,6,4,-0.35,0.5
"smithma04","Matt Smith","Matt","Smith","L","L",12,10,2,0,2,0.2,0.333,0,0,0.06,0.06
"smithma05","Mallex Smith","Mallex","Smith","L","R",1729,1536,437,20,167,0.285,0.361,21,5,9.45,7.7
"smithmi04","Mike Smith","Mike","Smith","R","R",1,0,0,0,1,NA,1,0,0,0.01,0.01
"smithmu01","Murphy Smith","Murphy","Smith","R","R",0,0,0,0,0,NA,NA,0,0,0,0
"smithoz01","Ozzie Smith","Ozzie","Smith","B","R",11022,9779,2621,58,1147,0.268,0.345,33,63,78.4,70.6
"smithpa04","Pavin Smith","Pavin","Smith","L","L",1276,1113,292,32,143,0.262,0.347,8,12,2.83,2.56
"smithra01","Ray Smith","Ray","Smith","R","R",47,43,12,1,4,0.279,0.34,0,0,0.15,0.17
"smithre02","Red Smith","Red","Smith","R","R",3941,3724,852,43,188,0.229,0.271,29,0,6.41,11.15
"smithre06","Reggie Smith","Reggie","Smith","B","R",8119,7102,2010,313,898,0.283,0.362,33,86,64.51,63.95
"smithri01","Riley Smith","Riley","Smith","R","R",81,75,15,1,6,0.2,0.259,0,0,0.3,0.17
"smithse01","Seth Smith","Seth","Smith","L","L",4228,3641,998,114,519,0.274,0.368,38,30,21.26,22.41
"smithsh01","Sherry Smith","Sherry","Smith","R","L",460,454,91,7,3,0.2,0.211,3,0,-3.53,-2.82
"smithto04","Tommy Smith","Tommy","Smith","L","R",212,197,54,4,14,0.274,0.321,0,1,0.61,0.38
"smithtr01","Travis Smith","Travis","Smith","R","R",0,0,0,0,0,NA,NA,0,0,0,0
"smithty01","Tyler Smith","Tyler","Smith","R","R",73,64,18,1,7,0.281,0.356,1,1,0.51,0.4
"smithwi02","Willie Smith","Willie","Smith","L","L",1174,1112,293,23,45,0.263,0.293,6,11,0.15,0.15
"smithwi04","Will Smith","Will","Smith","R","L",109,94,29,1,15,0.309,0.404,0,0,1.27,1.19
"smithwi05","Will Smith","Will","Smith","R","R",2796,2332,666,90,325,0.286,0.384,84,55,22.6,22.48
"smithza01","Zane Smith","Zane","Smith","L","L",474,443,92,0,28,0.208,0.257,2,1,-0.76,0.39
"smoakju01","Justin Smoak","Justin","Smoak","B","L",4962,4272,1131,178,645,0.265,0.363,25,20,19.72,18.22
"smokejo01","Josh Smoker","Josh","Smoker","L","L",64,57,16,1,7,0.281,0.359,0,0,0.8,0.79
"smolija01","Jake Smolinski","Jake","Smolinski","R","R",912,809,227,22,82,0.281,0.355,15,6,4.09,4.06
"smoltjo01","John Smoltz","John","Smoltz","R","R",1433,1308,267,8,121,0.204,0.273,3,1,3.7,4.52
"smylydr01","Drew Smyly","Drew","Smyly","L","L",16,13,4,0,3,0.308,0.438,0,0,0.03,0.03
"smythst01","Steve Smyth","Steve","Smyth","L","L",48,44,11,1,4,0.25,0.312,0,0,0.1,0.09
"sneades01","Esix Snead","Esix","Snead","B","R",58,53,15,2,5,0.283,0.345,0,0,0.28,0.26
"sneadki01","Kirby Snead","Kirby","Snead","L","L",1,0,0,0,1,NA,1,0,0,0,0
"snellbl01","Blake Snell","Blake","Snell","L","L",226,202,49,4,23,0.243,0.323,1,0,0.69,0.57
"snellch02","Chris Snelling","Chris","Snelling","L","L",416,351,95,8,57,0.271,0.382,7,1,1.9,1.82
"snellia01","Ian Snell","Ian","Snell","R","R",482,443,92,5,39,0.208,0.272,0,0,1.22,1.27
"sneltdj01","D J  Snelten","D. J.","Snelten","L","L",18,16,4,0,2,0.25,0.333,0,0,0.02,0.02
"snideco01","Collin Snider","Collin","Snider","R","R",7,6,2,0,1,0.333,0.429,0,0,0.02,0.02
"snidedu01","Duke Snider","Duke","Snider","L","R",8505,7520,2158,348,933,0.287,0.366,20,32,62.64,59.04
"snidetr01","Travis Snider","Travis","Snider","L","L",2159,1918,515,56,224,0.269,0.346,9,8,10.99,9.33
"snookfr01","Frank Snook","Frank","Snook","R","R",2,1,0,0,1,0,0.5,0,0,0.01,0.01
"snowj.01","J T  Snow",NA,NA,NA,NA,6515,5667,1474,138,720,0.26,0.347,64,64,6.01,10.22
"snydebr02","Brad Snyder","Brad","Snyder","L","L",210,188,49,6,22,0.261,0.338,0,0,0.87,0.73
"snydebr03","Brandon Snyder","Brandon","Snyder","R","R",506,460,126,18,43,0.274,0.34,3,0,2.38,2.53
"snydech02","Chris Snyder","Chris","Snyder","R","R",2694,2280,555,72,367,0.243,0.352,25,22,11.31,13.09
"snydeco02","Cory Snyder","Cory","Snyder","R","R",3813,3564,887,146,212,0.249,0.291,12,25,0.0999999999999999,1.26
"snydege02","Gene Snyder","Gene","Snyder","R","L",11,9,2,0,2,0.222,0.364,0,0,0,0
"snydeje01","Jerry Snyder","Jerry","Snyder","R","R",502,470,109,0,30,0.232,0.277,0,2,-0.16,-0.47
"snydeky01","Kyle Snyder","Kyle","Snyder","B","R",15,13,4,0,2,0.308,0.4,0,0,0,0
"snyderu01","Russ Snyder","Russ","Snyder","L","R",3688,3414,942,17,247,0.276,0.325,9,18,-6.3,-3.28
"sobotch01","Chad Sobotka","Chad","Sobotka","R","R",57,51,16,1,6,0.314,0.386,0,0,0.57,0.55
"socolmi01","Miguel Socolovich","Miguel","Socolovich","R","R",56,48,15,1,8,0.312,0.411,0,0,0.61,0.59
"soderer01","Eric Soderholm","Eric","Soderholm","R","R",3174,2838,761,107,298,0.268,0.34,19,19,21.51,20.65
"soffra01","Ray Soff","Ray","Soff","R","R",2,1,0,0,1,0,0.5,0,0,0.01,0.01
"sofieri01","Rick Sofield","Rick","Sofield","L","R",728,659,168,15,59,0.255,0.315,2,8,1.19,1.34
"sogarer01","Eric Sogard","Eric","Sogard","L","R",2881,2559,695,42,291,0.272,0.348,17,14,15.82,13.23
"sojolu01","Luis Sojo","Luis","Sojo","R","R",2944,2815,723,26,107,0.257,0.286,13,9,1.04,-1.33
"solaito01","Tony Solaita","Tony","Solaita","L","L",1564,1330,351,61,216,0.264,0.364,3,15,9.46,9.26
"solakni01","Nick Solak","Nick","Solak","R","R",1448,1281,356,28,130,0.278,0.357,31,6,5.39,5.32
"solando01","Donovan Solano","Donovan","Solano","R","R",3563,3179,937,46,295,0.295,0.365,67,22,17.51,16.13
"solanjh01","Jhonatan Solano","Jhonatan","Solano","R","R",262,240,61,5,22,0.254,0.317,0,0,0.41,0.61
"solanju01","Julio Solano","Julio","Solano","R","R",3,2,1,0,1,0.5,0.667,0,0,0.02,0.02
"solarya01","Yangervis Solarte","Yangervis","Solarte","B","R",2758,2463,683,68,253,0.277,0.348,23,19,12.31,10.94
"soleral01","Alay Soler","Alay","Soler","R","R",58,53,13,1,5,0.245,0.31,0,0,0.12,0.1
"solerjo01","Jorge Soler","Jorge","Soler","R","R",4576,3931,1038,186,557,0.264,0.36,54,34,15.24,16.61
"solisal01","Ali Solis","Ali","Solis","R","R",38,34,10,1,4,0.294,0.368,0,0,0.13,0.13
"solisma01","Marcelino Solis","Marcelino","Solis","L","L",28,26,7,0,2,0.269,0.321,0,0,0.16,0.15
"solissa01","Sammy Solís","Sammy","Solis","R","L",93,82,23,2,11,0.28,0.366,0,0,1.2,1.12
"solomed01","Eddie Solomon","Eddie","Solomon","R","R",227,207,51,2,19,0.246,0.313,1,0,0.94,1.05
"solompe01","Peter Solomon","Peter","Solomon","R","R",1,0,0,0,1,NA,1,0,0,0.01,0.01
"soltemo01","Moose Solters","Moose","Solters","R","R",3187,3030,781,95,149,0.258,0.294,8,0,2.12,3.98
"somsela01","Layne Somsen","Layne","Somsen","R","R",1,0,0,0,1,NA,1,0,0,0.01,0.01
"sonnaan01","Andy Sonnanstine","Andy","Sonnanstine","L","R",185,164,47,4,21,0.287,0.368,0,0,0.91,1
"sorenla01","Lary Sorensen","Lary","Sorensen","R","R",68,60,12,1,7,0.2,0.294,1,0,0.23,0.21
"soriaal01","Alfonso Soriano","Alfonso","Soriano","R","R",7677,6976,1934,331,569,0.277,0.337,83,49,40.15,45.93
"soriajo01","Joakim Soria","Joakim","Soria","R","R",65,51,12,0,14,0.235,0.4,0,0,0.33,0.31
"soriara01","Rafael Soriano","Rafael","Soriano","R","R",73,60,17,0,13,0.283,0.411,0,0,0.51,0.47
"sorokmi01","Mike Soroka","Mike","Soroka","R","R",189,172,37,2,15,0.215,0.286,2,0,0.55,0.51
"sorrebi01","Billy Sorrell","Billy","Sorrell","L","R",19,17,5,1,2,0.294,0.368,0,0,0.01,0.01
"sorrepa01","Paul Sorrento","Paul","Sorrento","L","R",3437,3053,763,121,344,0.25,0.327,16,24,3.41,4.08
"sosaed01","Edmundo Sosa","Edmundo","Sosa","R","R",1195,1054,295,18,75,0.28,0.358,58,8,9.35,7.55
"sosael01","Elias Sosa","Elias","Sosa","R","R",94,81,20,0,13,0.247,0.351,0,0,0.27,0.27
"sosahe01","Henry Sosa","Henry","Sosa","R","R",63,56,14,1,7,0.25,0.333,0,0,0.3,0.29
"sosajo01","Jose Sosa","Jose","Sosa","R","R",8,7,3,0,1,0.429,0.5,0,0,0.03,0.03
"sosajo02","Jorge Sosa","Jorge","Sosa","R","R",300,269,65,8,31,0.242,0.32,0,0,2.75,2.46
"sosale01","Lenyn Sosa","Lenyn","Sosa","R","R",348,321,91,6,23,0.283,0.336,3,1,0.82,1.01
"sosasa01","Sammy Sosa","Sammy","Sosa","R","R",9221,8271,2218,458,829,0.268,0.336,51,70,57.67,58.27
"sotoel01","Elliot Soto","Elliot","Soto","R","R",7,6,2,0,1,0.333,0.429,0,0,0.02,0.02
"sotoge01","Geovany Soto","Geovany","Soto","R","R",3270,2843,765,108,391,0.269,0.359,17,19,19.26,21.93
"sotogr01","Gregory Soto","Gregory","Soto","L","L",34,30,10,1,4,0.333,0.412,0,0,0.05,0.05
"sotoju01","Juan Soto","Juan","Soto","L","L",4405,3443,1064,174,915,0.309,0.454,22,25,42.13,39.63
"sotoli01","Livan Soto","Livan","Soto","L","R",89,77,28,1,10,0.364,0.427,0,2,1.51,1.21
"sotoma01","Mario Soto","Mario","Soto","R","R",501,463,94,6,34,0.203,0.259,2,2,0.66,-0.19
"sotone01","Neftali Soto","Neftali","Soto","R","R",145,132,31,2,11,0.235,0.297,1,1,0.46,0.41
"souchst01","Bud Souchock","Bud","Souchock","R","R",634,618,155,22,14,0.251,0.27,2,0,-0.0599999999999999,1.54
"southbi01","Billy Southworth","Billy","Southworth","L","R",4791,4521,1097,73,256,0.243,0.285,14,0,1.02,2.13
"southbi02","Bill Southworth","Bill","Southworth","R","R",9,6,2,0,1,0.333,0.556,2,0,0.01,0.01
"souzast01","Steven Souza Jr","Steven","Souza","R","R",2025,1756,466,67,244,0.265,0.361,21,4,9.92,9.78
"sowerje01","Jeremy Sowers","Jeremy","Sowers","L","L",19,16,5,0,3,0.312,0.421,0,0,0.01,0.01
"spahnwa01","Warren Spahn","Warren","Spahn","L","L",2545,2427,525,49,100,0.216,0.248,5,13,7.17,6.08
"spande01","Denard Span","Denard","Span","L","L",5972,5296,1543,92,613,0.291,0.367,36,27,36.44,34.72
"spangal01","Al Spangler","Al","Spangler","L","L",2670,2313,639,12,329,0.276,0.366,10,18,3.46,1.97
"spangco01","Cory Spangenberg","Cory","Spangenberg","L","R",1543,1389,387,30,140,0.279,0.348,10,4,9.2,7.64
"sparkgl01","Glenn Sparkman","Glenn","Sparkman","R","R",33,30,9,1,3,0.3,0.364,0,0,0.11,0.12
"sparkst01","Steve Sparks","Steve","Sparks","R","R",6,5,1,0,1,0.2,0.333,0,0,0,0
"speakbo01","Bob Speake","Bob","Speake","L","L",961,863,186,31,88,0.216,0.291,6,4,2.05,0.53
"speaktr01","Tris Speaker","Tris","Speaker","L","L",12003,10723,3174,199,1179,0.296,0.371,101,0,102.66,95.34
"spearna01","Nate Spears","Nate","Spears","L","R",34,31,8,1,3,0.258,0.324,0,0,0.09,0.09
"speckcl01","Cliff Speck","Cliff","Speck","R","R",3,2,0,0,1,0,0.333,0,0,0.01,0.01
"speedho01","Horace Speed","Horace","Speed","R","R",17,14,3,0,2,0.214,0.353,1,0,0,0
"spehrti01","Tim Spehr","Tim","Spehr","R","R",765,672,139,15,74,0.207,0.297,14,5,-1.09,-0.32
"speiech01","Chris Speier","Chris","Speier","R","R",8250,7271,1869,143,900,0.257,0.34,35,44,37.67,37.64
"speiega01","Gabe Speier","Gabe","Speier","L","L",1,0,0,0,1,NA,1,0,0,0.01,0.01
"speieju01","Justin Speier","Justin","Speier","R","R",84,72,17,0,12,0.236,0.345,0,0,-0.00999999999999999,0.06
"speiery01","Ryan Speier","Ryan","Speier","R","R",62,55,16,1,7,0.291,0.371,0,0,0.79,0.85
"speigle01","Levale Speigner","Levale","Speigner","R","R",57,50,12,1,7,0.24,0.333,0,0,0.31,0.31
"spencda01","Daryl Spencer","Daryl","Spencer","R","R",4401,3884,945,85,470,0.243,0.326,20,27,13.86,11.53
"spencji01","Jim Spencer","Jim","Spencer","L","L",4492,4054,1052,147,388,0.259,0.324,14,36,7.15,7.98
"spencjo01","Josh Spence","Josh","Spence","L","L",14,12,3,0,2,0.25,0.357,0,0,0.1,0.09
"spencsh01","Shane Spencer","Shane","Spencer","R","R",1950,1752,453,41,158,0.259,0.322,17,23,4.57,6.16
"spencst01","Stan Spence","Stan","Spence","L","L",4277,3823,1038,160,438,0.272,0.349,16,0,19.96,20.95
"spencst02","Stan Spencer","Stan","Spencer","R","R",34,32,9,0,2,0.281,0.324,0,0,0.23,0.3
"spierbi01","Bill Spiers","Bill","Spiers","L","R",3853,3484,924,26,329,0.265,0.33,18,22,6.39,6.31
"spierca01","Carson Spiers","Carson","Spiers","R","R",1,0,0,0,1,NA,1,0,0,0,0
"spiezed01","Ed Spiezio","Ed","Spiezio","R","R",2014,1829,442,48,155,0.242,0.304,16,14,2.08,3.55
"spiezsc01","Scott Spiezio","Scott","Spiezio","B","R",4411,3919,974,84,416,0.249,0.323,35,41,7.39,7.85
"spikech01","Charlie Spikes","Charlie","Spikes","R","R",2027,1835,477,61,162,0.26,0.325,19,11,3.66,3.33
"spilbry01","Ryan Spilborghs","Ryan","Spilborghs","R","R",1854,1626,442,39,199,0.272,0.352,12,17,6.83,7.4
"spillda01","Dan Spillner","Dan","Spillner","R","R",106,90,18,1,16,0.2,0.321,0,0,0.55,0.61
"spilmha01","Harry Spilman","Harry","Spilman","L","R",814,722,188,19,80,0.26,0.333,3,9,2.14,2.29
"spinksc01","Scipio Spinks","Scipio","Spinks","R","R",2,1,0,0,1,0,0.5,0,0,0,0
"spitzsh01","Shea Spitzbarth","Shea","Spitzbarth","R","R",6,5,1,0,1,0.2,0.333,0,0,0.02,0.02
"spiveju01","Junior Spivey","Junior","Spivey","R","R",1813,1576,414,35,189,0.263,0.352,35,13,8.94,8.48
"splitpa01","Paul Splittorff","Paul","Splittorff","L","L",160,150,32,0,9,0.213,0.262,1,0,0.27,0.15
"spognan01","Andy Spognardi","Andy","Spognardi","R","R",41,36,9,0,5,0.25,0.341,0,0,0.23,0.19
"spoljpa01","Paul Spoljaric","Paul","Spoljaric","R","L",1,0,0,0,1,NA,1,0,0,0,0
"spoonka01","Karl Spooner","Karl","Spooner","R","L",61,56,17,0,5,0.304,0.361,0,0,0.41,0.35
"spoonti01","Tim Spooneybarger","Tim","Spooneybarger","R","R",11,10,2,0,1,0.2,0.273,0,0,-0.03,0
"spraged02","Ed Sprague","Ed","Sprague","R","R",4525,4101,918,107,300,0.224,0.289,88,36,-1.16,-0.61
"sprigge01","George Spriggs","George","Spriggs","L","R",2,1,0,0,1,0,0.5,0,0,0.01,0.01
"sprinde01","Dennis Springer","Dennis","Springer","R","R",21,19,5,0,2,0.263,0.333,0,0,-0.01,0
"springe01","George Springer","George","Springer","R","R",6244,5376,1538,233,741,0.286,0.379,89,38,44.29,43.34
"sprinja01","Jack Spring","Jack","Spring","R","L",1,0,0,0,1,NA,1,0,0,0,0
"sprinje01","Jeffrey Springs","Jeffrey","Springs","L","L",12,9,2,0,3,0.222,0.417,0,0,0.06,0.05
"sprinru01","Russ Springer","Russ","Springer","R","R",74,64,17,0,10,0.266,0.365,0,0,0.32,0.33
"sprowbo01","Bobby Sprowl","Bobby","Sprowl","L","L",7,6,2,0,1,0.333,0.429,0,0,0.02,0.02
"spruize01","Zeke Spruill","Zeke","Spruill","B","R",63,56,16,1,7,0.286,0.365,0,0,0.31,0.25
"spurlch01","Chris Spurling","Chris","Spurling","R","R",23,19,5,0,4,0.263,0.391,0,0,0.1,0.1
"squirmi01","Mike Squires","Mike","Squires","L","L",1693,1522,415,18,155,0.273,0.34,5,11,5.22,4.59
"st.cleb01","Ebba St  Claire",NA,NA,NA,NA,667,633,154,9,32,0.243,0.282,2,0,-0.58,-0.36
"st.clra01","Randy St  Claire",NA,NA,NA,NA,7,5,1,0,2,0.2,0.429,0,0,0.03,0.01
"stablge01","George Stablein","George","Stablein","R","R",4,2,0,0,1,0,0.5,1,0,0,0
"staggst01","Steve Staggs","Steve","Staggs","R","R",419,364,93,4,54,0.255,0.351,0,1,0.91,0.85
"stahlla01","Larry Stahl","Larry","Stahl","L","L",1483,1340,327,32,137,0.244,0.314,2,4,2.38,2.57
"stahosc01","Scott Stahoviak","Scott","Stahoviak","L","R",774,686,162,15,74,0.236,0.315,8,6,-0.0799999999999998,0.05
"staigro01","Roy Staiger","Roy","Staiger","R","R",503,458,118,7,39,0.258,0.314,1,5,2.6,2.05
"stairma01","Matt Stairs","Matt","Stairs","L","R",5956,5151,1341,214,711,0.26,0.354,56,38,19.6,17.25
"stalega01","Gale Staley","Gale","Staley","L","R",29,28,9,0,1,0.321,0.345,0,0,0.25,0.27
"stalege01","Gerry Staley","Gerry","Staley","R","R",669,639,125,0,30,0.196,0.232,0,0,-5.44,-4.82
"stallge02","George Staller","George","Staller","L","L",131,128,32,6,1,0.25,0.267,2,0,0.63,0.48
"stallja01","Jacob Stallings","Jacob","Stallings","R","R",2191,1915,503,30,232,0.263,0.35,31,13,10.17,8.95
"stammcr01","Craig Stammen","Craig","Stammen","R","R",519,464,128,9,54,0.276,0.351,0,1,6.76,6.29
"standja01","Jason Standridge","Jason","Standridge","R","R",25,20,8,0,5,0.4,0.52,0,0,0.08,0.08
"stanery01","Ryne Stanek","Ryne","Stanek","R","R",31,27,8,0,4,0.296,0.387,0,0,0.12,0.11
"stanfja01","Jason Stanford","Jason","Stanford","L","L",27,24,6,1,3,0.25,0.333,0,0,0.04,0.05
"stangda01","Daniel Stange","Daniel","Stange","R","R",4,3,1,0,1,0.333,0.5,0,0,0.02,0.02
"stanhdo01","Don Stanhouse","Don","Stanhouse","R","R",119,106,27,2,12,0.255,0.328,0,1,0.94,0.74
"stanist01","Steve Stanicek","Steve","Stanicek","R","R",7,6,2,0,1,0.333,0.429,0,0,0,0
"stankan01","Andy Stankiewicz","Andy","Stankiewicz","R","R",656,583,155,2,66,0.266,0.346,6,1,2.22,2.37
"stanked01","Eddie Stanky","Eddie","Stanky","R","R",5515,4577,1121,26,903,0.245,0.373,35,0,36.96,32.73
"stanlco01","Cody Stanley","Cody","Stanley","L","R",64,58,18,1,6,0.31,0.375,0,0,0.36,0.45
"stanlfr01","Fred Stanley","Fred","Stanley","R","R",1591,1408,347,20,174,0.246,0.331,5,4,6.01,5.34
"stanlmi01","Mickey Stanley","Mickey","Stanley","R","R",5314,4938,1218,97,335,0.247,0.294,8,33,15.6,8.21
"stanlmi02","Mike Stanley","Mike","Stanley","R","R",5015,4285,1100,149,630,0.257,0.355,48,52,19.54,19.71
"stanscr01","Craig Stansberry","Craig","Stansberry","R","R",127,113,36,2,13,0.319,0.394,1,0,0.64,0.69
"stantle01","Leroy Stanton","Leroy","Stanton","R","R",2898,2604,689,89,249,0.265,0.332,24,21,8.74,8.31
"stantmi01","Mike Stanton","Mike","Stanton","B","R",4,3,1,0,1,0.333,0.5,0,0,0.01,0.01
"stantmi02","Mike Stanton","Mike","Stanton","L","L",119,102,28,2,17,0.275,0.378,0,0,1.76,1.65
"stantmi03","Giancarlo Stanton","Giancarlo","Stanton","R","R",7243,6212,1728,419,933,0.278,0.375,55,43,52.07,49.79
"staplda01","Dave Stapleton","Dave","Stapleton","R","R",2159,1989,541,54,144,0.272,0.321,7,19,6.5,7.2
"stargwi01","Willie Stargell","Willie","Stargell","L","L",9210,8091,2324,527,966,0.287,0.366,78,75,60.3,63.8
"starkde01","Denny Stark","Denny","Stark","R","R",88,83,17,1,4,0.205,0.239,0,1,-0.2,0.05
"starlbu01","Bubba Starling","Bubba","Starling","R","R",309,283,72,5,24,0.254,0.314,1,1,1.1,1.32
"starrdi01","Dick Starr","Dick","Starr","R","R",3,2,1,0,1,0.5,0.667,0,0,0.01,0.01
"startjo01","Joe Start","Joe","Start","L","L",5538,5317,1328,72,221,0.25,0.28,0,0,9.33,9.47
"stashco01","Cody Stashak","Cody","Stashak","R","R",1,0,0,0,1,NA,1,0,0,0.01,0.01
"stassbr01","Brock Stassi","Brock","Stassi","L","L",169,146,37,3,23,0.253,0.355,0,0,0.59,0.59
"stassma01","Max Stassi","Max","Stassi","R","R",1756,1541,388,40,185,0.252,0.338,21,9,5.98,11
"staubru01","Rusty Staub","Rusty","Staub","L","R",10450,9052,2627,296,1214,0.29,0.374,71,113,50.9,52.07
"staufti01","Tim Stauffer","Tim","Stauffer","R","R",501,454,119,8,45,0.262,0.329,1,1,3.28,3.04
"staumjo01","Josh Staumont","Josh","Staumont","R","R",5,4,1,0,1,0.25,0.4,0,0,0.02,0.02
"stavini01","Nick Stavinoha","Nick","Stavinoha","R","R",451,416,110,9,31,0.264,0.315,1,3,0.22,1.14
"stearjo01","John Stearns","John","Stearns","R","R",3132,2725,731,61,352,0.268,0.354,25,30,21.35,20.76
"stechge01","Gene Stechschulte","Gene","Stechschulte","R","R",12,10,3,0,2,0.3,0.417,0,0,0.02,0.02
"steckdr01","Drew Steckenrider","Drew","Steckenrider","R","R",38,32,9,0,6,0.281,0.395,0,0,0.21,0.21
"steelju01","Justin Steele","Justin","Steele","L","L",78,72,18,1,6,0.25,0.308,0,0,0.37,0.32
"steersp01","Spencer Steer","Spencer","Steer","R","R",1427,1211,331,25,172,0.273,0.376,34,10,5.97,4.77
"stefami01","Michael Stefanic","Michael","Stefanic","R","R",202,172,47,1,21,0.273,0.381,9,0,0.81,0.75
"stefejo01","John Stefero","John","Stefero","L","R",145,127,34,2,17,0.268,0.352,0,1,0.23,0.4
"stegmda01","Dave Stegman","Dave","Stegman","R","R",348,307,71,7,35,0.231,0.31,2,4,0.45,0.6
"steinbi02","Bill Stein","Bill","Stein","R","R",2971,2711,744,54,222,0.274,0.33,13,25,9.7,9
"steinha02","Hank Steinbacher","Hank","Steinbacher","L","R",604,541,148,5,63,0.274,0.349,0,0,-0.18,0.05
"steinte01","Terry Steinbach","Terry","Steinbach","R","R",6093,5607,1510,136,392,0.269,0.32,48,46,26.77,27.4
"stelmri01","Rick Stelmaszek","Rick","Stelmaszek","L","R",102,86,21,1,15,0.244,0.353,0,1,0.41,0.39
"stembje01","Jeff Stember","Jeff","Stember","R","R",1,0,0,0,1,NA,1,0,0,0,0
"stemlst01","Steve Stemle","Steve","Stemle","R","R",1,0,0,0,1,NA,1,0,0,0.01,0.01
"stengca01","Casey Stengel","Casey","Stengel","L","L",3943,3702,815,99,209,0.22,0.268,32,0,-6.4,-1.42
"stennre01","Rennie Stennett","Rennie","Stennett","R","R",4932,4603,1299,68,280,0.282,0.323,16,33,18.92,18.37
"stensde01","Dernell Stenson","Dernell","Stenson","L","L",153,134,33,3,18,0.246,0.333,0,1,0.31,0.8
"stenzja01","Jake Stenzel","Jake","Stenzel","R","R",2444,2310,607,19,99,0.263,0.303,35,0,5.72,4.57
"stephga01","Garrett Stephenson","Garrett","Stephenson","R","R",89,81,20,0,7,0.247,0.315,1,0,0.37,0.47
"stephge01","Gene Stephens","Gene","Stephens","L","R",2262,2008,443,25,224,0.221,0.3,12,18,-0.5,-1.58
"stephja01","Jackson Stephens","Jackson","Stephens","R","R",96,84,24,2,12,0.286,0.375,0,0,0.84,0.86
"stephri01","Riggs Stephenson","Riggs","Stephenson","R","R",5277,4777,1383,83,459,0.29,0.357,41,0,23.12,23.2
"stephro01","Robert Stephenson","Robert","Stephenson","R","R",220,198,48,4,22,0.242,0.318,0,0,1.63,1.47
"stephtr01","Trevor Stephan","Trevor","Stephan","R","R",5,4,1,0,1,0.25,0.4,0,0,0.02,0.02
"stephty01","Tyler Stephenson","Tyler","Stephenson","R","R",1758,1536,434,32,180,0.283,0.366,29,13,8.67,7.61
"stephve01","Vern Stephens","Vern","Stephens","R","R",7411,6841,1837,264,556,0.269,0.324,6,8,41.99,42.67
"stephwa01","Walter Stephenson","Walter","Stephenson","R","R",37,34,11,0,3,0.324,0.378,0,0,0.37,0.38
"sterlra01","Randy Sterling","Randy","Sterling","B","R",4,3,1,0,1,0.333,0.5,0,0,0,0
"sternad01","Adam Stern","Adam","Stern","L","R",133,122,29,3,9,0.238,0.301,2,0,0.38,-0.29
"stettmi01","Mitch Stetter","Mitch","Stetter","L","L",42,36,9,0,6,0.25,0.357,0,0,0.23,0.23
"stevean01","Andrew Stevenson","Andrew","Stevenson","L","L",739,653,181,10,72,0.277,0.356,10,4,4.17,4.07
"steveca01","Cal Stevenson","Cal","Stevenson","L","L",103,85,19,0,16,0.224,0.34,0,2,-0.28,0.08
"steveed01","Ed Stevens","Ed","Stevens","L","L",1573,1466,333,40,103,0.227,0.28,4,0,0.66,0.05
"steveje01","Jeff Stevens","Jeff","Stevens","R","R",35,31,8,1,4,0.258,0.343,0,0,0.22,0.25
"stevele01","Lee Stevens","Lee","Stevens","L","L",2484,2258,559,76,198,0.248,0.308,8,20,0.33,1.16
"stever_01","R C Stevens",NA,NA,NA,NA,158,147,39,10,9,0.265,0.316,2,0,0.74,0.73
"stewabr01","Brock Stewart","Brock","Stewart","L","R",180,164,46,4,16,0.28,0.344,0,0,1.12,1.12
"stewabu01","Bud Stewart","Bud","Stewart","L","R",2148,1938,515,45,201,0.266,0.338,9,0,4.99,4.19
"stewach01","Chris Stewart","Chris","Stewart","R","R",1839,1631,436,26,180,0.267,0.345,18,10,6.08,14.13
"stewach02","Christin Stewart","Christin","Stewart","L","R",694,606,161,13,70,0.266,0.347,10,8,2.21,1.88
"stewada01","Dave Stewart","Dave","Stewart","R","R",50,45,11,1,5,0.244,0.32,0,0,0.46,0.39
"stewadj01","DJ Stewart","DJ","Stewart","L","R",1109,928,243,36,149,0.262,0.378,27,5,4.55,5.01
"stewaia01","Ian Stewart","Ian","Stewart","L","R",1918,1670,427,55,215,0.256,0.346,22,11,8.74,7.48
"stewaji01","Jimmy Stewart","Jimmy","Stewart","B","R",1088,970,226,2,104,0.233,0.309,6,8,-1.61,-1.42
"stewako01","Kohl Stewart","Kohl","Stewart","R","R",46,42,13,1,4,0.31,0.37,0,0,0.27,0.21
"stewale01","Lefty Stewart","Lefty","Stewart","R","L",413,364,71,0,49,0.195,0.291,0,0,-0.47,-0.43
"stewash01","Shannon Stewart","Shannon","Stewart","R","R",6113,5505,1605,77,497,0.292,0.356,73,38,27.3,23.79
"stewaza01","Zach Stewart","Zach","Stewart","R","R",22,20,5,1,2,0.25,0.318,0,0,0.06,0.07
"stiebda01","Dave Stieb","Dave","Stieb","R","R",0,0,0,0,0,NA,NA,0,0,0,0
"stielfr01","Fred Stiely","Fred","Stiely","L","L",3,2,1,0,1,0.5,0.667,0,0,0,0
"stillku01","Kurt Stillwell","Kurt","Stillwell","B","R",2052,1852,478,33,172,0.258,0.322,11,17,6.87,5.08
"stillro02","Royle Stillman","Royle","Stillman","L","L",13,11,5,0,2,0.455,0.538,0,0,0.02,0.02
"stimacr01","Craig Stimac","Craig","Stimac","R","R",46,40,10,0,3,0.25,0.283,0,3,0.13,0.02
"stinele01","Lee Stine","Lee","Stine","R","R",30,26,8,0,4,0.308,0.4,0,0,0.44,0.39
"stinnke01","Kelly Stinnett","Kelly","Stinnett","R","R",2741,2459,556,54,233,0.226,0.303,42,7,1.28,4.65
"stinsbo01","Bob Stinson","Bob","Stinson","B","R",1917,1664,435,36,214,0.261,0.351,23,16,6.77,7.08
"stinsjo01","Josh Stinson","Josh","Stinson","R","R",29,25,8,0,4,0.32,0.414,0,0,0.06,0.06
"stirnsn01","Snuffy Stirnweiss","Snuffy","Stirnweiss","R","R",4488,3996,1025,24,486,0.257,0.338,6,0,24.87,24.13
"stitema01","Matt Stites","Matt","Stites","L","R",19,16,5,0,3,0.312,0.421,0,0,0.11,0.11
"stobbch01","Chuck Stobbs","Chuck","Stobbs","L","L",631,573,113,0,54,0.197,0.268,2,2,-1.93,-1.61
"stockke01","Kevin Stocker","Kevin","Stocker","B","R",3231,2877,672,9,288,0.234,0.313,50,16,3.44,3.22
"stockme01","Mel Stocker","Mel","Stocker","L","R",32,29,7,1,3,0.241,0.312,0,0,0.25,0.24
"stockph01","Phil Stockman","Phil","Stockman","R","R",7,5,1,0,2,0.2,0.429,0,0,0.03,0.03
"stockro01","Robert Stock","Robert","Stock","L","R",71,64,17,1,7,0.266,0.338,0,0,0.2,0.23
"stoddbo01","Bob Stoddard","Bob","Stoddard","R","R",1,0,0,0,1,NA,1,0,0,0.01,0.01
"stoddti01","Tim Stoddard","Tim","Stoddard","R","R",19,16,4,0,3,0.25,0.368,0,0,0.05,0.04
"stokebr01","Brian Stokes","Brian","Stokes","R","R",48,42,14,1,6,0.333,0.417,0,0,0.55,0.56
"stoketr01","Troy Stokes Jr","Troy","Stokes","R","R",86,78,20,1,7,0.256,0.326,1,0,0.32,0.15
"stonege01","George Stone","George","Stone","L","L",3137,2994,866,59,121,0.289,0.322,22,0,9.05,11.17
"stonege02","George Stone","George","Stone","L","L",419,388,91,1,30,0.235,0.289,0,1,1.54,1.49
"stoneje01","Jeff Stone","Jeff","Stone","L","R",910,837,239,12,61,0.286,0.341,10,2,2.04,1.66
"stonejo01","John Stone","John","Stone","L","R",5058,4622,1247,118,424,0.27,0.333,12,0,18.89,17.41
"stoneri01","Ricky Stone","Ricky","Stone","R","R",38,33,10,0,5,0.303,0.395,0,0,0.29,0.3
"stoneto01","Tobi Stoner","Tobi","Stoner","B","R",3,2,1,0,1,0.5,0.667,0,0,0.02,0.02
"storedr01","Drew Storen","Drew","Storen","B","R",109,94,30,2,15,0.319,0.413,0,0,1.95,1.92
"storemi01","Mickey Storey","Mickey","Storey","R","R",7,6,2,0,1,0.333,0.429,0,0,0.05,0.04
"storytr01","Trevor Story","Trevor","Story","R","R",4304,3824,1026,144,417,0.268,0.345,41,22,37.03,31.94
"stottbr01","Bryson Stott","Bryson","Stott","L","R",1760,1564,444,23,150,0.284,0.348,19,27,9.43,8.62
"stottme01","Mel Stottlemyre","Mel","Stottlemyre","R","R",1202,1136,225,5,58,0.198,0.239,4,4,-0.21,-0.11
"stottto01","Todd Stottlemyre","Todd","Stottlemyre","L","R",403,365,75,2,38,0.205,0.28,0,0,2,2.24
"stoweky01","Kyle Stowers","Kyle","Stowers","L","L",32,28,6,0,4,0.214,0.312,0,0,-0.23,-0.59
"stpiema01","Max St  Pierre","Max","St. Pierre","R","R",50,46,13,1,4,0.283,0.34,0,0,0.17,0.22
"strahma01","Matt Strahm","Matt","Strahm","R","L",157,139,40,2,18,0.288,0.369,0,0,1.55,1.55
"strahmi01","Mike Strahler","Mike","Strahler","R","R",8,7,3,0,1,0.429,0.5,0,0,0.01,0
"straida01","Dan Straily","Dan","Straily","R","R",410,365,80,6,44,0.219,0.305,1,0,2.21,2.09
"straijo01","Joe Strain","Joe","Strain","R","R",546,502,131,5,38,0.261,0.317,4,2,1.46,1
"strando01","Doug Strange","Doug","Strange","B","R",1888,1736,396,21,126,0.228,0.283,13,13,-0.9,-1.24
"stranpa02","Pat Strange","Pat","Strange","R","R",4,3,1,0,1,0.333,0.5,0,0,0.01,0.01
"stransa01","Sammy Strang","Sammy","Strang","B","R",2908,2512,528,16,362,0.21,0.318,34,0,-5.39,-2.67
"strasst01","Stephen Strasburg","Stephen","Strasburg","R","R",1106,1006,237,18,99,0.236,0.305,1,0,6.08,5.71
"stratch01","Chris Stratton","Chris","Stratton","R","R",286,260,68,4,25,0.262,0.325,0,1,1.92,1.88
"stratmo01","Monty Stratton","Monty","Stratton","R","R",220,214,47,6,5,0.22,0.241,1,0,0.25,0.3
"straury01","Ryan Strausborger","Ryan","Strausborger","R","R",112,99,26,2,11,0.263,0.33,0,2,0.37,0.37
"strawda01","Darryl Strawberry","Darryl","Strawberry","L","L",6463,5544,1470,334,828,0.265,0.361,38,53,42.77,42.82
"strawmy01","Myles Straw","Myles","Straw","R","R",2203,1939,530,15,232,0.273,0.35,8,24,11.31,10.27
"streehu01","Huston Street","Huston","Street","R","R",82,69,21,0,13,0.304,0.415,0,0,0.53,0.49
"streuwa01","Walt Streuli","Walt","Streuli","R","R",1,0,0,0,1,NA,1,0,0,0,0
"stricge01","George Strickland","George","Strickland","R","R",1364,1215,283,8,138,0.233,0.312,4,7,3.77,3.05
"strichu01","Hunter Strickland","Hunter","Strickland","R","R",123,107,27,2,16,0.252,0.35,0,0,1.58,1.48
"stridsp01","Spencer Strider","Spencer","Strider","R","R",33,30,9,1,3,0.3,0.364,0,0,0.1,0.11
"strikja01","Jake Striker","Jake","Striker","L","L",3,1,0,0,1,0,0.667,1,0,0,0
"strinlo01","Lou Stringer","Lou","Stringer","R","R",1291,1188,257,32,102,0.216,0.279,1,0,1.57,0.68
"strinni01","Nick Strincevich","Nick","Strincevich","R","R",11,9,3,0,2,0.333,0.455,0,0,0,0
"stripjo01","Joe Stripp","Joe","Stripp","R","R",3628,3448,937,20,171,0.272,0.308,9,0,9.46,8.06
"stripro01","Ross Stripling","Ross","Stripling","R","R",374,342,82,5,32,0.24,0.305,0,0,2.25,2.02
"stromma01","Marcus Stroman","Marcus","Stroman","R","R",360,327,78,6,33,0.239,0.308,0,0,1.48,1.23
"stroppe01","Pedro Strop","Pedro","Strop","R","R",137,118,34,3,19,0.288,0.387,0,0,2.66,2.67
"stroued01","Ed Stroud","Ed","Stroud","L","R",1028,938,227,4,84,0.242,0.307,5,1,1.98,1.39
"stroust01","Steve Stroughter","Steve","Stroughter","L","L",49,44,10,1,4,0.227,0.306,1,0,0.06,0.05
"strunam01","Amos Strunk","Amos","Strunk","L","L",4103,3825,913,7,269,0.239,0.29,9,0,6.23,-0.23
"sttuemi01","Michael Stutes",NA,NA,NA,NA,32,28,7,0,4,0.25,0.344,0,0,0.14,0.14
"stuardi01","Dick Stuart","Dick","Stuart","R","R",4593,4255,1102,229,279,0.259,0.305,22,37,4.59,8.97
"stuarma01","Marlin Stuart","Marlin","Stuart","L","R",6,5,1,0,1,0.2,0.333,0,0,0.01,0.01
"stubbdr01","Drew Stubbs","Drew","Stubbs","R","R",3422,3026,797,87,362,0.263,0.344,19,15,15.8,17.39
"stubbfr01","Franklin Stubbs","Franklin","Stubbs","L","L",2461,2214,535,101,222,0.242,0.311,8,17,2.91,4.71
"stubbga01","Garrett Stubbs","Garrett","Stubbs","L","R",517,454,117,6,53,0.258,0.344,8,2,3.13,2.09
"stullev01","Everett Stull","Everett","Stull","R","R",1,0,0,0,1,NA,1,0,0,0,0
"stulter01","Eric Stults","Eric","Stults","L","L",643,582,147,10,58,0.253,0.32,1,2,3.9,3.98
"stumpda01","Daniel Stumpf","Daniel","Stumpf","L","L",21,17,4,0,4,0.235,0.381,0,0,0.1,0.1
"stumpji01","Jim Stump","Jim","Stump","R","R",3,2,1,0,1,0.5,0.667,0,0,0.01,0.01
"stupejo01","John Stuper","John","Stuper","R","R",38,35,7,0,3,0.2,0.263,0,0,0.08,0.11
"sturdto01","Tom Sturdivant","Tom","Sturdivant","L","R",247,233,55,0,13,0.236,0.275,0,1,-1,-0.89
"sturdty01","Tyler Sturdevant","Tyler","Sturdevant","R","R",2,1,0,0,1,0,0.5,0,0,0.01,0.01
"sturtta01","Tanyon Sturtze","Tanyon","Sturtze","R","R",21,19,5,0,2,0.263,0.333,0,0,0.03,0.05
"stynech01","Chris Stynes","Chris","Stynes","R","R",2514,2300,603,32,181,0.262,0.321,22,11,7.72,6.88
"suareal01","Albert Suárez","Albert","Suarez","R","R",111,101,29,2,10,0.287,0.351,0,0,0.88,0.89
"suarean01","Andrew Suárez","Andrew","Suarez","L","L",157,144,30,2,13,0.208,0.274,0,0,0.75,0.65
"suareeu01","Eugenio Suárez","Eugenio","Suarez","R","R",6455,5543,1516,224,730,0.273,0.365,110,72,33.32,37.08
"suarejo01","José Suarez","Jose","Suarez","L","L",29,26,7,1,3,0.269,0.345,0,0,0.02,0.03
"suareke01","Ken Suarez","Ken","Suarez","R","R",852,736,173,7,100,0.235,0.329,7,9,2.54,2.62
"suarera01","Ranger Suárez","Ranger","Suarez","L","L",195,177,47,3,17,0.266,0.333,1,0,1.61,1.57
"suchech01","Charley Suche","Charley","Suche","R","L",0,0,0,0,0,NA,NA,0,0,0,0
"sucreje01","Jesús Sucre","Jesus","Sucre","R","R",1099,999,273,19,86,0.273,0.333,7,7,4.33,5.33
"sudakbi01","Bill Sudakis","Bill","Sudakis","B","R",1781,1596,402,65,166,0.252,0.322,6,13,5.5,5.99
"suderpe01","Pete Suder","Pete","Suder","R","R",1997,1882,433,36,110,0.23,0.274,5,0,2.32,3.5
"suerowa01","Wander Suero","Wander","Suero","R","R",99,88,22,3,11,0.25,0.333,0,0,1.99,1.95
"suhrgu01","Gus Suhr","Gus","Suhr","L","R",4313,3799,937,92,508,0.247,0.336,6,0,17.13,18.09
"sulargu01","Guy Sularz","Guy","Sularz","R","R",237,208,51,4,26,0.245,0.329,1,2,0.76,0.48
"sullibi04","Billy Sullivan","Billy","Sullivan","L","R",2111,1943,518,33,160,0.267,0.325,8,0,1.78,3.48
"sullibr01","Brett Sullivan","Brett","Sullivan","L","R",78,72,17,0,4,0.236,0.269,0,2,0.18,-0.29
"sullico01","Cory Sullivan","Cory","Sullivan","L","L",1406,1260,332,17,126,0.263,0.331,7,13,4.24,4.12
"sullijo05","Joe Sullivan","Joe","Sullivan","L","L",143,136,31,0,7,0.228,0.266,0,0,0.54,0.19
"sullijo07","John Sullivan","John","Sullivan","L","R",375,350,87,3,23,0.249,0.296,1,1,-0.2,-0.08
"sullima02","Marc Sullivan","Marc","Sullivan","R","R",5,4,1,0,1,0.25,0.4,0,0,0,0
"sulliru01","Russ Sullivan","Russ","Sullivan","L","R",193,173,43,4,17,0.249,0.326,3,0,-0.11,0.4
"sullisc01","Scott Sullivan","Scott","Sullivan","R","R",32,30,6,0,2,0.2,0.25,0,0,-0.91,-0.77
"sulseco01","Cole Sulser","Cole","Sulser","R","R",1,0,0,0,1,NA,1,0,0,0.01,0.01
"summech01","Champ Summers","Champ","Summers","L","R",1566,1339,367,51,197,0.274,0.372,18,12,7.05,6.85
"sundbji01","Jim Sundberg","Jim","Sundberg","R","R",6930,6112,1589,131,758,0.26,0.342,22,38,45.07,41.89
"sundrst01","Steve Sundra","Steve","Sundra","R","R",360,344,71,2,16,0.206,0.242,0,0,0.0299999999999999,0.28
"sunketo01","Tom Sunkel","Tom","Sunkel","L","L",35,32,10,0,3,0.312,0.371,0,0,0.27,0.31
"suppaje01","Jeff Suppan","Jeff","Suppan","R","R",998,913,211,10,82,0.231,0.297,3,0,4.71,4.69
"surhob.01","B J  Surhoff",NA,NA,NA,NA,9112,8371,2333,137,604,0.279,0.326,33,104,33.78,30.71
"surkaer01","Eric Surkamp","Eric","Surkamp","L","L",67,59,17,1,8,0.288,0.373,0,0,0.27,0.24
"surkoma01","Max Surkont","Max","Surkont","R","R",391,364,82,1,26,0.225,0.276,0,1,-0.22,-0.1
"susacan01","Andrew Susac","Andrew","Susac","R","R",521,463,128,14,57,0.276,0.357,1,0,2.65,2.52
"susdost01","Steve Susdorf","Steve","Susdorf","L","L",50,45,13,1,5,0.289,0.36,0,0,0.12,0.07
"sutclri01","Rick Sutcliffe","Rick","Sutcliffe","L","R",551,498,114,4,46,0.229,0.294,2,5,3.42,3.23
"suterbr01","Brent Suter","Brent","Suter","L","L",287,255,65,6,30,0.255,0.338,2,0,3.01,2.35
"sutheda01","Darrell Sutherland","Darrell","Sutherland","R","R",5,4,1,0,1,0.25,0.4,0,0,0,0
"suthega01","Gary Sutherland","Gary","Sutherland","R","R",3157,2931,738,26,198,0.252,0.3,10,18,-1.11,-2.68
"suttebr01","Bruce Sutter","Bruce","Sutter","R","R",112,95,22,0,15,0.232,0.339,1,1,0.75,0.74
"suttodo01","Don Sutton","Don","Sutton","R","R",1700,1586,317,12,105,0.2,0.252,6,3,1.67,0.99
"suttodr01","Drew Sutton","Drew","Sutton","B","R",523,474,132,9,45,0.278,0.344,3,1,2.45,2.68
"suttoez01","Ezra Sutton","Ezra","Sutton","R","R",7200,6950,1579,42,250,0.227,0.254,0,0,-4.37,-6.1
"suttojo01","John Sutton","John","Sutton","R","R",1,0,0,0,1,NA,1,0,0,0.01,0.01
"suwinja01","Jack Suwinski","Jack","Suwinski","L","L",1216,1018,235,51,162,0.231,0.344,21,15,2.5,4.03
"suzukic01","Ichiro Suzuki","Ichiro","Suzuki","L","R",10692,9786,3202,133,803,0.327,0.38,55,48,70.71,67.87
"suzukku01","Kurt Suzuki","Kurt","Suzuki","R","R",6337,5621,1541,146,526,0.274,0.345,121,69,30.95,23.3
"suzukma01","Mac Suzuki","Mac","Suzuki","R","R",16,14,3,0,2,0.214,0.312,0,0,0,0
"suzukse01","Seiya Suzuki","Seiya","Suzuki","R","R",1721,1485,453,48,194,0.305,0.386,18,24,9.87,10.68
"sveumda01","Dale Sveum","Dale","Sveum","B","R",2338,2127,504,51,185,0.237,0.297,5,21,-3.1,-0.79
"swaggbi01","Bill Swaggerty","Bill","Swaggerty","R","R",0,0,0,0,0,NA,NA,0,0,0,0
"swancr01","Craig Swan","Craig","Swan","R","R",373,334,74,4,38,0.222,0.303,1,0,1.1,1.32
"swanru01","Russ Swan","Russ","Swan","L","L",2,1,0,0,1,0,0.5,0,0,0,0
"swansda01","Dansby Swanson","Dansby","Swanson","R","R",5205,4613,1283,128,521,0.278,0.353,34,37,33.92,32.88
"swanser01","Erik Swanson","Erik","Swanson","R","R",40,36,9,1,4,0.25,0.325,0,0,0.17,0.18
"swansev01","Evar Swanson","Evar","Swanson","R","R",1547,1363,367,4,179,0.269,0.356,5,0,2.01,-0.3
"swansst01","Stan Swanson","Stan","Swanson","R","R",181,165,43,3,16,0.261,0.326,0,0,0.31,0.32
"swartbu01","Bud Swartz","Bud","Swartz","L","L",1,0,0,0,1,NA,1,0,0,0.01,0.01
"swarzan01","Anthony Swarzak","Anthony","Swarzak","R","R",107,92,27,1,15,0.293,0.393,0,0,0.38,0.41
"sweenbr01","Brian Sweeney","Brian","Sweeney","R","R",53,46,12,1,7,0.261,0.358,0,0,0.12,0.07
"sweenda02","Darnell Sweeney","Darnell","Sweeney","B","R",221,188,47,6,33,0.25,0.362,0,0,0.52,0.51
"sweenma01","Mark Sweeney","Mark","Sweeney","L","L",1801,1565,390,34,216,0.249,0.341,9,11,4.18,4.36
"sweenmi01","Mike Sweeney","Mike","Sweeney","R","R",5957,5295,1484,160,529,0.28,0.35,74,59,26.58,23.18
"sweenry01","Ryan Sweeney","Ryan","Sweeney","L","L",2583,2314,664,40,243,0.287,0.354,8,18,12.22,13.98
"sweetle01","Les Sweetland","Les","Sweetland","R","L",375,349,70,0,25,0.201,0.256,1,0,-2.27,-1.94
"sweetri01","Rick Sweet","Rick","Sweet","B","R",815,739,184,10,68,0.249,0.313,3,5,1.19,1.22
"swiftbi01","Bill Swift","Bill","Swift","R","R",233,228,56,5,4,0.246,0.262,1,0,0.32,0.69
"swiftbi02","Bill Swift","Bill","Swift","R","R",261,239,55,1,20,0.23,0.291,1,1,1.55,1.53
"swigaoa01","Oad Swigart","Oad","Swigart","L","R",8,7,3,0,1,0.429,0.5,0,0,0,0
"swihabl01","Blake Swihart","Blake","Swihart","B","R",949,852,218,18,94,0.256,0.331,2,1,1.63,3.72
"swindgr01","Greg Swindell","Greg","Swindell","R","L",133,126,32,0,7,0.254,0.293,0,0,0.71,0.84
"swindrj01","R J  Swindle","R. J.","Swindle","L","L",20,18,6,0,2,0.333,0.4,0,0,0.01,0.01
"swishni01","Nick Swisher","Nick","Swisher","B","L",6323,5326,1419,213,888,0.266,0.374,56,53,32.34,34.14
"swishst01","Steve Swisher","Steve","Swisher","R","R",1458,1305,301,23,127,0.231,0.301,11,15,1.53,2.8
"switzjo01","Jon Switzer","Jon","Switzer","L","L",2,1,0,0,1,0,0.5,0,0,0.01,0.01
"swoboro01","Ron Swoboda","Ron","Swoboda","R","R",3219,2843,722,72,341,0.254,0.337,21,14,8.32,8.1
"sykesbo01","Bob Sykes","Bob","Sykes","B","L",63,53,11,0,6,0.208,0.317,3,1,0.05,0.14
"syndeno01","Noah Syndergaard","Noah","Syndergaard","L","R",567,511,126,13,55,0.247,0.319,0,1,3.52,3.67
"szaputh01","Thomas Szapucki","Thomas","Szapucki","R","L",18,16,4,0,2,0.25,0.333,0,0,0.01,0.01
"szczuma01","Matt Szczur","Matt","Szczur","R","R",944,833,221,18,104,0.265,0.35,5,2,4.08,4.57
"szumija01","Jason Szuminski","Jason","Szuminski","R","R",11,10,3,0,1,0.3,0.364,0,0,0.02,0.01
"tabakje01","Jeff Tabaka","Jeff","Tabaka","R","L",3,2,1,0,1,0.5,0.667,0,0,0.01,0.01
"tabatjo01","Jose Tabata","Jose","Tabata","R","R",1937,1729,498,31,182,0.288,0.361,20,6,7.7,7.67
"tabbje01","Jerry Tabb","Jerry","Tabb","L","R",29,25,8,0,4,0.32,0.414,0,0,0.16,0.16
"tablepa01","Pat Tabler","Pat","Tabler","R","R",3807,3413,978,48,345,0.287,0.353,21,28,8.9,7.8
"taborji01","Jim Tabor","Jim","Tabor","R","R",3779,3601,885,126,174,0.246,0.281,4,0,1.22,2.04
"tackeje01","Jeff Tackett","Jeff","Tackett","R","R",411,362,83,7,40,0.229,0.309,4,5,0.4,0.87
"tadanka01","Kazuhito Tadano","Kazuhito","Tadano","R","R",23,21,7,0,2,0.333,0.391,0,0,0.08,0.05
"tagucso01","So Taguchi","So","Taguchi","R","R",1692,1530,424,25,140,0.277,0.34,12,10,6.46,6.83
"taillja01","Jameson Taillon","Jameson","Taillon","R","R",406,373,85,5,33,0.228,0.291,0,0,1.42,1.44
"taittdo01","Doug Taitt","Doug","Taitt","L","R",783,747,169,1,33,0.226,0.262,3,0,-1.28,-1.76
"takahhi01","Hisanori Takahashi","Hisanori","Takahashi","L","L",70,62,13,1,8,0.21,0.3,0,0,0.63,0.68
"takahke01","Ken Takahashi","Ken","Takahashi","L","L",23,20,5,1,3,0.25,0.348,0,0,0.41,0.42
"takatsh01","Shingo Takatsu","Shingo","Takatsu","R","R",2,1,0,0,1,0,0.5,0,0,0.01,0.01
"talbofr01","Fred Talbot","Fred","Talbot","R","R",317,288,58,2,27,0.201,0.274,2,0,0.39,0.04
"talbomi01","Mitch Talbot","Mitch","Talbot","R","R",36,32,8,1,4,0.25,0.333,0,0,0.06,0.05
"tallebr01","Brian Tallet","Brian","Tallet","L","L",63,53,14,0,10,0.264,0.381,0,0,0.12,0.11
"tamarjo01","John Tamargo","John","Tamargo","B","R",274,232,61,5,35,0.263,0.35,0,7,0.62,0.62
"tamulvi01","Vito Tamulis","Vito","Tamulis","L","L",154,142,30,2,12,0.211,0.273,0,0,-0.65,-0.74
"tanakke01","Kensuke Tanaka","Kensuke","Tanaka","L","R",87,76,21,1,11,0.276,0.368,0,0,0.72,0.28
"tanakma01","Masahiro Tanaka","Masahiro","Tanaka","R","R",54,49,13,1,5,0.265,0.333,0,0,0.12,0.14
"tananfr01","Frank Tanana","Frank","Tanana","L","L",0,0,0,0,0,NA,NA,0,0,0,0
"tankede01","Dennis Tankersley","Dennis","Tankersley","R","R",106,96,28,3,10,0.292,0.358,0,0,0.76,0.69
"tanketa01","Taylor Tankersley","Taylor","Tankersley","L","L",45,40,11,0,5,0.275,0.356,0,0,0.65,0.66
"tannech01","Chuck Tanner","Chuck","Tanner","L","L",629,580,160,14,45,0.276,0.329,2,2,0.45,0.45
"tapanke01","Kevin Tapani","Kevin","Tapani","R","R",408,381,78,1,26,0.205,0.255,0,1,-0.79,-0.29
"tapiado01","Domingo Tapia","Domingo","Tapia","R","R",4,3,1,0,1,0.333,0.5,0,0,0.02,0.02
"tapiara01","Raimel Tapia","Raimel","Tapia","L","L",2601,2384,662,34,198,0.278,0.333,7,12,8.15,7.73
"tappeel01","El Tappe","El","Tappe","R","R",312,278,64,1,31,0.23,0.314,3,0,0.86,0.59
"tappete01","Ted Tappe","Ted","Tappe","L","R",93,78,20,4,13,0.256,0.376,2,0,0.67,0.64
"tarplst01","Stephen Tarpley","Stephen","Tarpley","R","L",1,0,0,0,1,NA,1,0,0,0,0
"tartada01","Danny Tartabull","Danny","Tartabull","R","R",5539,4758,1300,246,725,0.273,0.369,17,39,22.39,22.71
"tartatr01","Travis Tartamella","Travis","Tartamella","R","R",30,27,8,1,3,0.296,0.367,0,0,0.21,0.17
"taschja01","Jack Taschner","Jack","Taschner","L","L",89,77,22,3,12,0.286,0.382,0,0,1.58,1.54
"tatedi01","Dillon Tate","Dillon","Tate","R","R",2,1,0,0,1,0,0.5,0,0,0.01,0.01
"tateyyo01","Yoshinori Tateyama","Yoshinori","Tateyama","R","R",4,3,1,0,1,0.333,0.5,0,0,0.02,0.02
"tatisfe01","Fernando Tatís","Fernando","Tatis","R","R",3579,3179,808,80,317,0.254,0.331,59,24,6.8,7.72
"tatisfe02","Fernando Tatis Jr","Fernando","Tatis","R","R",2744,2415,729,127,289,0.302,0.38,25,15,28.73,26.23
"tatumcr01","Craig Tatum","Craig","Tatum","R","R",478,428,105,6,48,0.245,0.322,1,1,1.69,2.26
"tatumke01","Ken Tatum","Ken","Tatum","R","R",41,38,10,1,2,0.263,0.317,1,0,0.14,0.14
"taubeed01","Ed Taubensee","Ed","Taubensee","L","R",3055,2799,747,69,220,0.267,0.319,8,28,3.34,4.91
"taubety01","Ty Taubenheim","Ty","Taubenheim","R","R",26,23,7,1,3,0.304,0.385,0,0,0.14,0.11
"tauchmi01","Mike Tauchman","Mike","Tauchman","L","L",1679,1418,389,29,237,0.274,0.382,15,9,11.4,9.61
"taussdo01","Don Taussig","Don","Taussig","R","R",293,269,72,3,21,0.268,0.317,0,3,0.62,1.4
"tavarje01","Jesus Tavarez","Jesus","Tavarez","B","R",371,346,84,1,23,0.243,0.291,1,1,0.13,-0.3
"tavarju01","Julian Tavarez","Julian","Tavarez","L","R",128,111,32,2,17,0.288,0.383,0,0,0.45,0.62
"taveral01","Alex Taveras","Alex","Taveras","R","R",50,46,13,1,4,0.283,0.34,0,0,0.06,0.14
"taverfr01","Frank Taveras","Frank","Taveras","R","R",4450,4092,1079,27,318,0.264,0.319,24,16,9.18,9
"taverle01","Leody Taveras","Leody","Taveras","B","R",2008,1818,494,28,165,0.272,0.332,7,18,8.54,8.45
"taveros01","Oscar Taveras","Oscar","Taveras","L","L",278,254,68,5,22,0.268,0.327,1,1,0.64,0.66
"taverwi01","Willy Taveras","Willy","Taveras","R","R",2613,2381,658,23,188,0.276,0.336,32,12,9.41,10.07
"tayloaa01","Aaron Taylor","Aaron","Taylor","R","R",1,0,0,0,1,NA,1,0,0,0,0
"taylobe10","Ben Taylor",NA,NA,NA,NA,2,1,0,0,1,0,0.5,0,0,0.02,0.01
"taylobe11","Beau Taylor",NA,NA,NA,NA,165,144,37,5,20,0.257,0.352,1,0,0.7,0.73
"taylobl01","Blake Taylor","Blake","Taylor","L","L",7,6,2,0,1,0.333,0.429,0,0,0.03,0.03
"tayloca01","Carl Taylor","Carl","Taylor","R","R",1126,971,262,13,141,0.27,0.362,5,9,3.77,3.12
"tayloch02","Chuck Taylor","Chuck","Taylor","R","R",142,129,28,0,13,0.217,0.289,0,0,-0.3,-0.15
"tayloch03","Chris Taylor","Chris","Taylor","R","R",4410,3853,1077,93,485,0.28,0.365,48,24,24.69,26.64
"tayloda01","Danny Taylor","Danny","Taylor","R","R",2243,2004,550,57,235,0.274,0.352,4,0,11.42,12.27
"taylodo01","Dorn Taylor","Dorn","Taylor","R","R",22,20,4,0,2,0.2,0.273,0,0,0.15,0.06
"taylogr01","Graham Taylor","Graham","Taylor","L","L",36,32,8,1,4,0.25,0.333,0,0,0.08,0.06
"tayloha04","Hawk Taylor","Hawk","Taylor","R","R",921,874,209,17,42,0.239,0.276,3,2,-2.98,-1.88
"taylojo01","Joe Taylor","Joe","Taylor","R","R",346,323,86,8,22,0.266,0.312,0,1,-0.17,0.06
"taylojo02","Josh Taylor","Josh","Taylor","L","L",10,8,2,0,2,0.25,0.4,0,0,0.04,0.04
"taylomi01","Michael Taylor","Michael","Taylor","R","R",314,278,71,5,36,0.255,0.341,0,0,0.33,0.1
"taylomi02","Michael A  Taylor","Michael","Taylor","R","R",3709,3350,879,88,316,0.262,0.328,21,22,20.5,17.92
"taylosa02","Sammy Taylor","Sammy","Taylor","L","R",1056,971,252,23,80,0.26,0.316,2,3,1.85,1.61
"taylosa04","Samad Taylor","Sam","Taylor",NA,NA,69,59,14,0,8,0.237,0.319,0,2,0,0.08
"tayloto02","Tony Taylor","Tony","Taylor","R","R",8136,7450,2014,53,580,0.27,0.328,71,35,24,17.93
"tayloty01","Tyrone Taylor","Tyrone","Taylor","R","R",1460,1315,359,39,101,0.273,0.338,34,10,9.2,9.29
"tazawju01","Junichi Tazawa","Junichi","Tazawa","R","R",47,40,11,1,7,0.275,0.383,0,0,0.89,0.87
"teagata01","Taylor Teagarden","Taylor","Teagarden","R","R",935,844,206,29,85,0.244,0.316,4,2,4.59,5.13
"teahema01","Mark Teahen","Mark","Teahen","L","R",3154,2829,760,67,299,0.269,0.341,15,11,11.24,10.16
"tebbebi01","Birdie Tebbetts","Birdie","Tebbetts","R","R",4351,4007,972,34,334,0.243,0.302,10,0,-3.33,0.64
"teherju01","Julio Teheran","Julio","Teheran","R","R",935,856,188,14,74,0.22,0.282,2,3,5.05,4.43
"teixema01","Mark Teixeira","Mark","Teixeira","B","R",8005,6817,1877,342,1013,0.275,0.375,111,64,58.85,51.51
"tejadmi01","Miguel Tejada","Miguel","Tejada","R","R",8608,7820,2266,237,608,0.29,0.347,112,68,52.82,45.7
"tejadru01","Rubén Tejada","Ruben","Tejada","R","R",2676,2346,654,34,279,0.279,0.362,36,15,11.97,11.29
"tejedan01","Anderson Tejeda","Anderson","Tejeda","B","R",160,146,39,3,14,0.267,0.331,0,0,0.91,0.75
"tejedro01","Rob Tejeda","Rob","Tejeda","R","R",91,84,20,2,7,0.238,0.297,0,0,0.39,0.21
"tejermi01","Michael Tejera","Michael","Tejera","L","L",151,141,29,3,9,0.206,0.258,1,0,0.12,0.34
"tekotbl01","Blake Tekotte","Blake","Tekotte","L","R",235,209,54,4,24,0.258,0.336,1,1,0.64,0.82
"tekulke01","Kent Tekulve","Kent","Tekulve","R","R",115,101,24,0,14,0.238,0.33,0,0,0.67,0.64
"telemam01","Amaury Telemaco","Amaury","Telemaco","R","R",245,224,51,2,20,0.228,0.29,0,1,-0.24,-0.0899999999999999
"telisto01","Tomás Telis","Tomas","Telis","B","R",569,519,138,9,43,0.266,0.329,6,1,2.08,-0.43
"tellero01","Rowdy Tellez","Rowdy","Tellez","L","L",2603,2297,605,92,254,0.263,0.339,24,28,6.35,5.99
"tellmto01","Tom Tellmann","Tom","Tellmann","R","R",1,0,0,0,1,NA,1,0,0,0,0
"templga01","Garry Templeton","Garry","Templeton","B","R",8002,7500,2086,95,450,0.278,0.318,9,43,31.82,29.83
"templjo01","Johnny Temple","Johnny","Temple","R","R",6039,5359,1495,17,633,0.279,0.355,13,34,15.08,13.83
"tenacge01","Gene Tenace","Gene","Tenace","R","R",5719,4542,1175,228,1048,0.259,0.404,90,39,48.12,46.19
"tepedfr01","Frank Tepedino","Frank","Tepedino","L","L",564,525,127,8,33,0.242,0.287,2,4,-0.89,-0.86
"teperry01","Ryan Tepera","Ryan","Tepera","R","R",38,30,10,0,8,0.333,0.474,0,0,0.14,0.14
"tepesni01","Nick Tepesch","Nick","Tepesch","R","R",31,28,7,1,3,0.25,0.323,0,0,0.07,0.09
"terdojo01","Joey Terdoslavich","Joey","Terdoslavich","B","R",341,301,79,6,38,0.262,0.346,1,1,1.46,1.52
"terlegr01","Greg Terlecky","Greg","Terlecky","R","R",3,2,1,0,1,0.5,0.667,0,0,0.02,0.02
"terpkje01","Jeff Terpko","Jeff","Terpko","R","R",1,0,0,0,1,NA,1,0,0,0.01,0.01
"terreje01","Jerry Terrell","Jerry","Terrell","R","R",1775,1658,435,13,101,0.262,0.305,6,10,3.76,2.94
"terrelu01","Luis Terrero","Luis","Terrero","R","R",836,740,183,15,73,0.247,0.333,22,1,1.3,1.46
"terrewa01","Walt Terrell","Walt","Terrell","L","R",129,121,25,3,8,0.207,0.256,0,0,0.2,0.29
"terrybi01","Bill Terry","Bill","Terry","L","L",6833,6425,2002,146,399,0.312,0.353,9,0,43.84,45.13
"terrysc01","Scott Terry","Scott","Terry","R","R",111,101,24,2,9,0.238,0.306,1,0,0.77,0.76
"terryya01","Yank Terry","Yank","Terry","R","R",7,6,2,0,1,0.333,0.429,0,0,0.01,0.01
"terwiwa01","Wayne Terwilliger","Wayne","Terwilliger","R","R",2532,2289,523,19,228,0.228,0.301,11,4,5.59,2.33
"tettlmi01","Mickey Tettleton","Mickey","Tettleton","B","R",5891,4854,1148,221,961,0.237,0.363,29,47,29.74,29.1
"teufeti01","Tim Teufel","Tim","Teufel","R","R",3573,3134,797,80,403,0.254,0.339,12,24,15.23,14.86
"teutna01","Nate Teut","Nate","Teut","R","L",13,11,4,0,2,0.364,0.462,0,0,0,0
"tewksbo01","Bob Tewksbury","Bob","Tewksbury","R","R",290,270,54,0,20,0.2,0.255,0,0,0.08,0.08
"texeika01","Kanekoa Texeira","Kanekoa","Texeira","R","R",13,11,4,0,2,0.364,0.462,0,0,0.02,0.02
"thackmo01","Moe Thacker","Moe","Thacker","R","R",33,30,9,1,2,0.3,0.333,0,1,0.2,0.15
"thaisma01","Matt Thaiss","Matt","Thaiss","L","R",828,698,176,17,109,0.252,0.359,12,9,1.97,2.12
"thameer01","Eric Thames","Eric","Thames","L","R",2339,2043,552,81,261,0.27,0.36,28,7,9.05,10.49
"thamema01","Marcus Thames","Marcus","Thames","R","R",2287,2046,531,106,211,0.26,0.331,14,16,6.63,8.67
"thatcjo01","Joe Thatcher","Joe","Thatcher","L","L",81,70,21,0,11,0.3,0.395,0,0,0.55,0.53
"thayeda01","Dale Thayer","Dale","Thayer","R","R",80,69,18,2,11,0.261,0.362,0,0,1.99,1.87
"theisdu01","Duane Theiss","Duane","Theiss","R","R",1,0,0,0,1,NA,1,0,0,0.01,0.01
"theobro01","Ron Theobald","Ron","Theobald","R","R",1004,876,220,2,115,0.251,0.342,8,5,4.59,3.55
"theriry01","Ryan Theriot","Ryan","Theriot","R","R",3675,3294,939,43,345,0.285,0.355,20,16,13.6,14.66
"thielca01","Caleb Thielbar","Caleb","Thielbar","R","L",4,3,1,0,1,0.333,0.5,0,0,0.02,0.02
"thigpcu01","Curtis Thigpen","Curtis","Thigpen","R","R",247,225,58,3,21,0.258,0.324,1,0,0.72,0.78
"tholejo01","Josh Thole","Josh","Thole","L","R",1882,1663,457,26,203,0.275,0.355,8,8,6.41,7.09
"thomaal01","Alek Thomas","Alek","Thomas","L","L",990,903,227,15,57,0.251,0.301,14,16,3.93,2.27
"thomaan01","Andres Thomas","Andres","Thomas","R","R",669,637,153,8,28,0.24,0.274,2,2,-1.17,-1.05
"thomabr01","Brad Thomas","Brad","Thomas","L","L",2,1,0,0,1,0,0.5,0,0,0.02,0.02
"thomabu02","Bud Thomas","Bud","Thomas","R","R",15,14,5,0,1,0.357,0.4,0,0,0.02,0.02
"thomaca01","Carl Thomas","Carl","Thomas","R","R",4,3,1,0,1,0.333,0.5,0,0,0.01,0.01
"thomach01","Charles Thomas","Charles","Thomas","L","L",393,344,91,6,36,0.265,0.356,13,0,1.45,2.36
"thomacl02","Clete Thomas","Clete","Thomas","L","R",912,809,208,16,99,0.257,0.341,4,0,3.95,3.76
"thomada01","Dan Thomas","Dan","Thomas","R","R",210,182,52,8,24,0.286,0.376,3,1,0.92,0.87
"thomade01","Derrel Thomas","Derrel","Thomas","B","R",4245,3784,993,61,414,0.262,0.336,21,26,13.52,13.09
"thomadi01","Dillon Thomas","Dillon","Thomas","L","L",72,66,16,1,6,0.242,0.306,0,0,0.2,0.21
"thomafr03","Frank Thomas","Frank","Thomas","R","R",6907,6344,1656,270,442,0.261,0.311,51,70,19.73,17.96
"thomafr04","Frank Thomas","Frank","Thomas","R","R",10297,8433,2491,448,1656,0.295,0.411,87,121,75.61,72.27
"thomaga01","Gary Thomasson","Gary","Thomasson","L","L",2666,2342,602,68,300,0.257,0.34,5,19,10.11,10.72
"thomage01","George Thomas","George","Thomas","R","R",1880,1749,394,20,107,0.225,0.274,15,9,-3.96,-2.12
"thomago01","Gorman Thomas","Gorman","Thomas","R","R",5480,4676,1149,304,733,0.246,0.347,18,53,25.95,25.12
"thomaia01","Ian Thomas","Ian","Thomas","R","L",56,49,13,1,7,0.265,0.357,0,0,0.43,0.43
"thomaju01","Justin Thomas","Justin","Thomas","L","L",15,13,4,0,2,0.308,0.4,0,0,0.03,0.03
"thomala02","Lane Thomas","Lane","Thomas","R","R",2263,1991,546,63,203,0.274,0.348,39,30,10.47,9.75
"thomale03","Lee Thomas","Lee","Thomas","L","R",3299,2967,730,75,288,0.246,0.317,28,16,-0.25,1.92
"thomara01","Ray Thomas","Ray","Thomas","R","R",2,1,0,0,1,0,0.5,0,0,0,0
"thomaro01","Roy Thomas","Roy","Thomas","L","L",5322,4410,1070,8,851,0.243,0.372,61,0,8.13,15.65
"thomaro02","Roy Thomas","Roy","Thomas","R","R",5,4,1,0,1,0.25,0.4,0,0,0.01,0.01
"thomava01","Valmy Thomas","Valmy","Thomas","R","R",754,698,171,9,49,0.245,0.296,3,4,1.55,1.71
"thomeji01","Jim Thome","Jim","Thome","L","R",10130,8308,2283,485,1684,0.275,0.398,66,72,75.46,71.35
"thompaa01","Aaron Thompson","Aaron","Thompson","L","L",20,17,4,0,3,0.235,0.35,0,0,0.06,0.05
"thompan02","Andy Thompson","Andy","Thompson","R","R",23,19,5,0,4,0.263,0.391,0,0,0.04,0.02
"thompbo01","Bobby Thompson","Bobby","Thompson","B","R",139,123,30,3,11,0.244,0.309,2,3,0.6,0.45
"thompbr01","Brad Thompson","Brad","Thompson","R","R",271,246,61,4,25,0.248,0.317,0,0,2.44,2.26
"thompbu01","Bubba Thompson","Bubba","Thompson","R","R",239,217,59,1,14,0.272,0.331,6,2,-0.01,0.68
"thompda01","Danny Thompson","Danny","Thompson","R","R",2038,1897,496,25,118,0.261,0.305,8,15,4.31,4.86
"thompda02","Daryl Thompson","Daryl","Thompson","R","R",20,18,6,0,2,0.333,0.4,0,0,0.01,0.01
"thompde01","Derek Thompson","Derek","Thompson","L","L",39,35,9,1,4,0.257,0.333,0,0,0.07,0.04
"thompfo01","Forrest Thompson","Forrest","Thompson","L","L",52,48,14,0,4,0.292,0.346,0,0,0.46,0.42
"thompha02","Hank Thompson","Hank","Thompson","L","R",3649,3159,840,104,453,0.266,0.36,22,15,24.87,22.94
"thompja01","Jason Thompson","Jason","Thompson","L","L",5796,4850,1294,203,883,0.267,0.377,9,54,27.96,30.62
"thompja03","Jake Thompson","Jake","Thompson","R","R",168,151,40,3,17,0.265,0.339,0,0,0.91,1.05
"thompjo01","Jocko Thompson","Jocko","Thompson","L","L",4,3,1,0,1,0.333,0.5,0,0,0,0
"thompju01","Gene Thompson","Gene","Thompson","R","R",157,151,34,0,6,0.225,0.255,0,0,0.6,0.55
"thompju02","Justin Thompson","Justin","Thompson","L","L",5,4,1,0,1,0.25,0.4,0,0,0,0
"thompke02","Keegan Thompson","Keegan","Thompson","R","R",69,63,17,1,6,0.27,0.333,0,0,0.47,0.44
"thompma01","Mark Thompson","Mark","Thompson","R","R",18,17,5,0,1,0.294,0.333,0,0,0.01,0.02
"thompma02","Mason Thompson","Mason","Thompson","R","R",12,10,3,0,2,0.3,0.417,0,0,0.05,0.05
"thompmi02","Milt Thompson","Milt","Thompson","L","R",3716,3378,942,42,306,0.279,0.341,18,14,19,16.33
"thompmi03","Mike Thompson","Mike","Thompson","R","R",99,91,22,2,8,0.242,0.303,0,0,0.57,0.52
"thompri02","Rich Thompson","Rich","Thompson","L","R",10,9,2,0,1,0.222,0.3,0,0,0.02,0.01
"thompri03","Rich Thompson","Rich","Thompson","R","R",0,0,0,0,0,NA,NA,0,0,0,0
"thompro01","Robby Thompson","Robby","Thompson","R","R",5256,4724,1230,111,447,0.26,0.332,66,19,34.06,27.98
"thompry01","Ryan Thompson","Ryan","Thompson","R","R",1535,1415,332,48,91,0.235,0.289,20,9,3.51,4.02
"thompry02","Ryan Thompson","Ryan","Thompson","R","R",2,1,0,0,1,0,0.5,0,0,0.01,0.01
"thompsa01","Sam Thompson","Sam","Thompson","L","R",7066,6750,1874,219,253,0.278,0.31,63,0,13.63,11.11
"thompsc01","Scot Thompson","Scot","Thompson","L","L",1415,1282,334,14,119,0.261,0.322,2,12,-1.43,-1.05
"thomptr01","Trayce Thompson","Trayce","Thompson","R","R",1390,1203,297,46,174,0.247,0.345,8,5,7.81,8.52
"thompza01","Zach Thompson","Zach","Thompson","R","R",82,76,19,1,6,0.25,0.305,0,0,0.41,0.37
"thomsbo01","Bobby Thomson","Bobby","Thomson","R","R",7319,6775,1832,233,487,0.27,0.321,34,23,32.43,30.54
"thomsjo01","John Thomson","John","Thomson","R","R",475,441,104,3,33,0.236,0.288,0,1,1.69,1.72
"thondi01","Dickie Thon","Dickie","Thon","R","R",4911,4494,1221,89,373,0.272,0.326,9,35,24.89,20.93
"thormsc01","Scott Thorman","Scott","Thorman","L","R",503,466,117,16,32,0.251,0.302,3,2,1,0.93
"thornan01","Andre Thornton","Andre","Thornton","R","R",6337,5322,1375,256,903,0.258,0.366,41,71,27.55,27.46
"thornlo01","Lou Thornton","Lou","Thornton","L","R",16,15,5,0,1,0.333,0.375,0,0,0.05,0.03
"thornma01","Matt Thornton","Matt","Thornton","L","L",69,55,17,0,14,0.309,0.449,0,0,0.34,0.32
"thorntr01","Trent Thornton","Trent","Thornton","R","R",39,35,11,1,4,0.314,0.385,0,0,0.02,0.02
"thornty01","Tyler Thornburg","Tyler","Thornburg","R","R",199,178,44,4,20,0.247,0.327,1,0,1.67,1.53
"threeer01","Erick Threets","Erick","Threets","L","L",8,6,1,0,2,0.167,0.375,0,0,0.04,0.03
"throoge01","George Throop","George","Throop","R","R",4,3,1,0,1,0.333,0.5,0,0,0.01,0.01
"thumalo01","Lou Thuman","Lou","Thuman","R","R",1,0,0,0,1,NA,1,0,0,0,0
"thurmbo01","Bob Thurman","Bob","Thurman","L","L",738,672,165,26,59,0.246,0.31,5,2,2.16,1.87
"thurmco01","Corey Thurman","Corey","Thurman","R","R",12,10,2,0,2,0.2,0.333,0,0,0,0.01
"thurmga01","Gary Thurman","Gary","Thurman","R","R",337,304,72,0,32,0.237,0.309,0,1,-1.78,-1.44
"thurmma01","Mark Thurmond","Mark","Thurmond","L","L",92,83,17,0,8,0.205,0.272,0,1,0.12,0.31
"thurmmi01","Mike Thurman","Mike","Thurman","R","R",8,7,3,0,1,0.429,0.5,0,0,0.01,0.02
"thursjo01","Joe Thurston","Joe","Thurston","L","R",633,562,149,9,63,0.265,0.343,5,3,1.76,1.8
"thurssl01","Hollis Thurston","Hollis","Thurston","R","R",352,346,84,8,5,0.243,0.256,1,0,-1.44,-0.34
"tiantlu01","Luis Tiant","Luis","Tiant","R","R",409,400,90,2,6,0.225,0.237,1,2,0.56,0.64
"tibbsja01","Jay Tibbs","Jay","Tibbs","R","R",37,34,8,0,3,0.235,0.297,0,0,0.03,0.04
"ticety01","Ty Tice","Ty","Tice","L","R",1,0,0,0,1,NA,1,0,0,0,0
"tidrodi01","Dick Tidrow","Dick","Tidrow","R","R",26,21,5,0,5,0.238,0.385,0,0,0.21,0.17
"tiernmi01","Mike Tiernan","Mike","Tiernan","L","L",5984,5532,1391,134,421,0.251,0.308,31,0,9.41,9.24
"tiffete01","Terry Tiffee","Terry","Tiffee","B","R",441,402,102,9,36,0.254,0.317,2,1,-0.69,-0.33
"tillmbo01","Bob Tillman","Bob","Tillman","R","R",1991,1804,393,39,174,0.218,0.286,3,10,-3.86,-2.05
"tillmch01","Chris Tillman","Chris","Tillman","R","R",12,10,3,0,2,0.3,0.417,0,0,0,0
"tillmru01","Rusty Tillman","Rusty","Tillman","R","R",10,9,2,0,1,0.222,0.3,0,0,0.01,0.01
"tilsoch01","Charlie Tilson","Charlie","Tilson","L","L",431,387,108,5,39,0.279,0.35,4,1,1.02,0.95
"timlimi01","Mike Timlin","Mike","Timlin","R","R",4,3,1,0,1,0.333,0.5,0,0,0.01,0.01
"timmooz01","Ozzie Timmons","Ozzie","Timmons","R","R",383,353,80,12,28,0.227,0.285,1,1,-0.39,0.0499999999999999
"timpncl01","Clay Timpner","Clay","Timpner","L","L",20,18,6,0,2,0.333,0.4,0,0,0.01,0.01
"tinglro01","Ron Tingley","Ron","Tingley","R","R",612,552,111,8,54,0.201,0.276,4,2,0.26,0.44
"tinkejo01","Joe Tinker","Joe","Tinker","R","R",4925,4734,993,42,185,0.21,0.24,6,0,15.98,17.94
"tinocje01","Jesus Tinoco","Jesus","Tinoco","R","R",56,51,14,1,5,0.275,0.339,0,0,0.39,0.38
"tinslle01","Lee Tinsley","Lee","Tinsley","B","R",916,833,190,8,76,0.228,0.295,4,3,1.55,0.93
"tiptoer01","Eric Tipton","Eric","Tipton","R","R",1856,1655,422,36,194,0.255,0.336,7,0,4.57,4.44
"tiptojo01","Joe Tipton","Joe","Tipton","R","R",1698,1491,326,35,195,0.219,0.313,11,1,4.16,5.06
"tobinji01","Jim Tobin","Jim","Tobin","R","R",930,871,202,19,57,0.232,0.281,2,0,6.47,4.28
"toccica01","Carlos Tocci","Carlos","Tocci","R","R",198,180,47,2,16,0.261,0.323,1,1,0.44,0.55
"toddal01","Al Todd","Al","Todd","R","R",2267,2194,538,41,60,0.245,0.27,13,0,1.02,1.58
"toddja01","Jackson Todd","Jackson","Todd","R","R",16,14,3,0,2,0.214,0.312,0,0,0.01,0.01
"toddje01","Jess Todd","Jess","Todd","R","R",1,0,0,0,1,NA,1,0,0,0.01,0.01
"toeneha01","Hal Toenes","Hal","Toenes","R","R",2,1,0,0,1,0,0.5,0,0,0,0
"toglimi01","Michael Toglia","Michael","Toglia","B","L",617,532,126,25,79,0.237,0.337,3,3,1.17,0.01
"tolanbo01","Bobby Tolan","Bobby","Tolan","L","L",4475,4097,1146,97,281,0.28,0.333,62,35,16.48,16.76
"tolbema01","Matt Tolbert","Matt","Tolbert","B","R",848,762,199,12,76,0.261,0.329,4,6,3.74,3.37
"tolesan01","Andrew Toles","Andrew","Toles","L","R",453,412,124,11,38,0.301,0.362,2,1,3.55,3.27
"tolivfr01","Freddie Toliver","Freddie","Toliver","R","R",1,0,0,0,1,NA,1,0,0,0,0
"tollbbr01","Brian Tollberg","Brian","Tollberg","R","R",133,122,27,1,11,0.221,0.286,0,0,0.43,0.57
"tollesh01","Shawn Tolleson","Shawn","Tolleson","R","R",17,14,5,0,3,0.357,0.471,0,0,0.11,0.11
"tollest01","Steven Tolleson","Steven","Tolleson","R","R",569,513,141,10,53,0.275,0.344,2,1,3.55,2.54
"tollewa01","Wayne Tolleson","Wayne","Tolleson","B","R",2275,2056,529,15,203,0.257,0.325,7,9,4.77,4.47
"tollias01","Ashur Tolliver","Ashur","Tolliver","L","L",0,0,0,0,0,NA,NA,0,0,0,0
"tolmati01","Tim Tolman","Tim","Tolman","R","R",36,31,9,1,5,0.29,0.389,0,0,0.15,0.16
"tomasan01","Andy Tomasic","Andy","Tomasic","R","R",0,0,0,0,0,NA,NA,0,0,0,0
"tomasya01","Yasmany Tomás","Yasmany","Tomas","R","R",1268,1164,320,40,98,0.275,0.332,3,3,2.8,2.97
"tomka01","Ka ai Tom","Ka'ai","Tom","L","R",207,171,32,3,28,0.187,0.314,5,3,0.27,0.09
"tomkobr01","Brett Tomko","Brett","Tomko","R","R",756,705,157,5,51,0.223,0.275,0,0,2.34,2.62
"tomlida01","Dave Tomlin","Dave","Tomlin","L","L",45,36,10,0,9,0.278,0.422,0,0,0.25,0.23
"tomlijo01","Josh Tomlin","Josh","Tomlin","R","R",289,259,69,6,30,0.266,0.343,0,0,2.13,1.96
"tomlike01","Kelby Tomlinson","Kelby","Tomlinson","R","R",904,803,229,11,94,0.285,0.362,4,3,4.81,4.92
"tonkimi01","Michael Tonkin","Michael","Tonkin","R","R",2,1,0,0,1,0,0.5,0,0,0.01,0.01
"topaju01","Justin Topa","Justin","Topa","R","R",20,18,6,0,2,0.333,0.4,0,0,0.02,0.02
"toporsp01","George Toporcer","George","Toporcer","L","R",519,471,89,1,44,0.189,0.264,4,0,-0.92,-0.49
"torboje01","Jeff Torborg","Jeff","Torborg","R","R",1438,1338,303,11,90,0.226,0.275,2,8,-0.11,-0.03
"toregwy01","Wyatt Toregas","Wyatt","Toregas","R","R",145,127,27,2,15,0.213,0.297,1,2,0.32,0.31
"torgeea01","Earl Torgeson","Earl","Torgeson","L","L",6302,5350,1388,159,919,0.259,0.367,8,25,30,26.17
"torkesp01","Spencer Torkelson","Spencer","Torkelson","R","R",1040,905,229,32,108,0.253,0.339,16,11,2.15,2.71
"toroab01","Abraham Toro","Abraham","Toro","B","R",1473,1313,341,30,123,0.26,0.333,26,11,5.12,4.41
"torreal01","Alex Torres","Alex","Torres","L","L",45,38,10,2,7,0.263,0.378,0,0,1.59,1.53
"torrean02","Andres Torres","Andres","Torres","B","R",2030,1778,484,42,235,0.272,0.359,10,7,13.17,15.28
"torreca01","Carlos Torres","Carlos","Torres","R","R",262,233,64,5,29,0.275,0.355,0,0,3.13,3.1
"torreei01","Eider Torres","Eider","Torres","B","R",55,50,13,1,5,0.26,0.327,0,0,0.08,0.09
"torrefe01","Felix Torres","Felix","Torres","R","R",798,766,188,16,20,0.245,0.266,4,8,-0.75,0.28
"torrefr01","Frank Torre","Frank","Torre","L","L",1777,1565,444,12,172,0.284,0.361,26,14,4.12,4.83
"torregl01","Gleyber Torres","Gleyber","Torres","R","R",3952,3480,998,107,405,0.287,0.362,26,41,21.45,20.07
"torrehe01","Hector Torres","Hector","Torres","R","R",610,557,143,14,46,0.257,0.311,1,6,2.31,2.16
"torrejo01","Joe Torre","Joe","Torre","R","R",8967,8022,2442,251,810,0.304,0.372,85,50,58.2,62.11
"torrejo02","José Torres","Jose","Torres","L","L",25,22,8,1,3,0.364,0.44,0,0,0.88,0.86
"torrelu01","Luis Torrens","Luis","Torrens","R","R",846,757,211,18,74,0.279,0.345,7,8,3.76,2.87
"torremi01","Mike Torrez","Mike","Torrez","R","R",158,147,37,0,9,0.252,0.304,2,0,0.03,0.14
"torrepa01","Pablo Torrealba","Pablo","Torrealba","L","L",6,4,1,0,2,0.25,0.5,0,0,0.04,0.03
"torrera01","Ramón Torres","Ramon","Torres","B","R",245,224,59,3,20,0.263,0.327,1,0,0.66,0.68
"torrero01","Ronald Torreyes","Ronald","Torreyes","R","R",1225,1122,321,16,93,0.286,0.341,4,6,5.42,6
"torresa01","Salomon Torres","Salomon","Torres","R","R",322,291,69,4,30,0.237,0.311,1,0,1.49,1.88
"torreyo01","Yorvit Torrealba","Yorvit","Torrealba","R","R",3469,3125,822,62,297,0.263,0.331,30,17,13.22,15.31
"tosonre01","Rene Tosoni","Rene","Tosoni","L","R",232,208,52,6,21,0.25,0.328,3,0,0.5,0.49
"tothpa01","Paul Toth","Paul","Toth","R","R",20,18,4,0,2,0.222,0.3,0,0,-0.06,0.08
"toussto01","Touki Toussaint","Touki","Toussaint","R","R",214,194,46,3,20,0.237,0.308,0,0,0.78,0.81
"tovarce01","Cesar Tovar","Cesar","Tovar","R","R",6036,5570,1563,36,347,0.281,0.331,85,34,27.74,22.89
"tovarez01","Ezequiel Tovar","Ezequiel","Tovar","R","R",1323,1227,325,28,71,0.265,0.308,12,13,7.18,6.41
"tovarwi01","Wilfredo Tovar","Wilfredo","Tovar","R","R",347,315,81,5,31,0.257,0.326,1,0,0.99,0.86
"towerjo01","Josh Towers","Josh","Towers","R","R",3,2,0,0,1,0,0.333,0,0,0,0
"towlejr01","J R  Towles","J. R.","Towles","R","R",724,643,160,16,67,0.249,0.329,11,3,2.86,2.74
"trabebi01","Billy Traber","Billy","Traber","L","L",126,113,27,2,13,0.239,0.317,0,0,0.55,0.42
"tracedi01","Dick Tracewski","Dick","Tracewski","R","R",1570,1414,327,7,146,0.231,0.303,2,8,0.55,-1.62
"trachst01","Steve Trachsel","Steve","Trachsel","R","R",1108,1040,222,6,64,0.213,0.26,2,2,-0.01,0.87
"tracyan01","Andy Tracy","Andy","Tracy","L","R",57,52,17,1,5,0.327,0.386,0,0,0.55,0.39
"tracych01","Chad Tracy","Chad","Tracy","L","R",3142,2810,767,75,286,0.273,0.341,19,27,13.24,14.22
"tracyji01","Jim Tracy","Jim","Tracy","L","R",227,197,50,4,29,0.254,0.348,0,1,0.42,0.67
"trahabl01","Blake Trahan","Blake","Trahan","R","R",73,67,19,1,6,0.284,0.342,0,0,0.3,0.25
"trambre01","Red Tramback","Red","Tramback","L","L",3,2,0,0,1,0,0.333,0,0,0,0
"trammal01","Alan Trammell","Alan","Trammell","R","R",9507,8485,2479,179,909,0.292,0.36,37,76,74.12,67.08
"trammbu01","Bubba Trammell","Bubba","Trammell","R","R",1845,1641,434,58,183,0.264,0.34,10,11,3.96,5.03
"trammta01","Taylor Trammell","Taylor","Trammell","L","L",383,329,80,13,47,0.243,0.345,5,2,0.73,1.25
"travebi01","Bill Travers","Bill","Travers","L","L",1,0,0,0,1,NA,1,0,0,0,0
"travice01","Cecil Travis","Cecil","Travis","L","R",4580,4264,1283,42,289,0.301,0.349,27,0,28.18,25.18
"travide01","Devon Travis","Devon","Travis","R","R",1310,1194,347,30,103,0.291,0.35,9,4,8.61,7.82
"travisa01","Sam Travis","Sam","Travis","R","R",468,424,111,9,41,0.262,0.329,2,1,1.31,-0.87
"traynpi01","Pie Traynor","Pie","Traynor","R","R",7122,6791,1832,58,308,0.27,0.304,23,0,25.61,24.49
"treadje01","Jeff Treadway","Jeff","Treadway","L","R",1970,1822,499,25,121,0.274,0.319,9,18,5.36,6.06
"treanma01","Matt Treanor","Matt","Treanor","R","R",1848,1594,391,27,211,0.245,0.341,29,14,6.28,4.19
"trechfr01","Frank Trechock","Frank","Trechock","R","R",3,2,1,0,1,0.5,0.667,0,0,0,0.01
"treinbl01","Blake Treinen","Blake","Treinen","R","R",155,136,38,2,19,0.279,0.368,0,0,1.42,1.39
"trejoal01","Alan Trejo","Alan","Trejo","R","R",470,425,106,6,34,0.249,0.311,6,5,1.17,0.89
"tremebi01","Bill Tremel","Bill","Tremel","R","R",9,8,2,0,1,0.25,0.333,0,0,0.01,0.02
"treshmi01","Mike Tresh","Mike","Tresh","R","R",1691,1511,363,3,175,0.24,0.321,5,0,-3.57,-1.55
"treshto01","Tom Tresh","Tom","Tresh","B","R",4887,4264,1000,132,550,0.235,0.325,40,33,15.15,16.94
"trevial01","Alex Trevino","Alex","Trevino","R","R",2718,2448,630,34,231,0.257,0.324,19,20,10.15,9.6
"trevijo01","Jose Trevino","Jose","Trevino","R","R",1384,1272,336,26,90,0.264,0.316,11,11,7.28,9.97
"triangu01","Gus Triandos","Gus","Triandos","R","R",4767,4272,1027,170,442,0.24,0.313,21,32,9.86,17.25
"tricebo01","Bob Trice","Bob","Trice","R","R",68,60,16,1,6,0.267,0.353,2,0,0.59,0.54
"triggan01","Andrew Triggs","Andrew","Triggs","R","R",24,21,5,1,3,0.238,0.333,0,0,0.01,0.01
"trillma01","Manny Trillo","Manny","Trillo","R","R",6579,5975,1592,89,522,0.266,0.326,33,49,18.8,17.92
"triolja01","Jared Triolo","Jared","Triolo","R","R",662,568,156,9,76,0.275,0.367,11,7,4.78,3.6
"triplco01","Coaker Triplett","Coaker","Triplett","R","R",922,869,204,27,53,0.235,0.279,0,0,-0.76,-0.79
"triunca01","Carlos Triunfel","Carlos","Triunfel","R","R",236,214,57,5,20,0.266,0.331,1,1,-0.17,0.1
"trivilo01","Lou Trivino","Lou","Trivino","R","R",15,12,3,0,3,0.25,0.4,0,0,0.08,0.06
"troedri01","Rich Troedson","Rich","Troedson","L","L",45,41,9,0,4,0.22,0.289,0,0,0.22,0.23
"trompch01","Chadwick Tromp","Chadwick","Tromp","R","R",216,196,57,6,17,0.291,0.343,0,3,1.17,1.27
"troncra01","Ramon Troncoso","Ramon","Troncoso","R","R",100,88,25,2,12,0.284,0.37,0,0,1.57,1.5
"tropeni01","Nick Tropeano","Nick","Tropeano","R","R",69,61,17,2,8,0.279,0.362,0,0,0.28,0.28
"troskha01","Hal Trosky","Hal","Trosky","L","R",5341,4870,1337,252,455,0.275,0.339,16,0,24.65,25.65
"trottbi01","Bill Trotter","Bill","Trotter","R","R",2,1,0,0,1,0,0.5,0,0,0,0
"troutdi01","Dizzy Trout","Dizzy","Trout","R","R",1216,1172,233,28,43,0.199,0.228,1,0,0.6,0.34
"troutmi01","Mike Trout","Mike","Trout","R","R",7273,5881,1848,362,1221,0.314,0.438,113,58,92.41,89.29
"troutst01","Steve Trout","Steve","Trout","L","L",174,161,34,2,12,0.211,0.264,0,1,0.54,0.24
"truckvi01","Virgil Trucks","Virgil","Trucks","R","R",649,638,131,2,9,0.205,0.219,2,0,-2.73,-2.94
"trujijj01","J J  Trujillo","J. J.","Trujillo","R","R",2,1,0,0,1,0,0.5,0,0,0.01,0.01
"trumbma01","Mark Trumbo","Mark","Trumbo","R","R",4524,4087,1105,203,402,0.27,0.337,16,19,18.88,16.83
"tsaoch01","Chin hui Tsao","Chin-hui","Tsao","R","R",99,89,23,1,10,0.258,0.333,0,0,0.49,0.24
"tsengje01","Jen Ho Tseng","Jen-Ho","Tseng","L","R",16,14,5,0,2,0.357,0.438,0,0,0.01,0.01
"tsutsyo01","Yoshi Tsutsugo","Yoshi","Tsutsugo","L","R",954,822,208,25,120,0.253,0.346,2,10,0.99,1.58
"tuckeco01","Cole Tucker","Cole","Tucker","B","R",653,593,152,9,57,0.256,0.322,1,2,1.07,1.36
"tuckeky01","Kyle Tucker","Kyle","Tucker","L","R",3117,2715,807,118,357,0.297,0.378,13,32,28.28,23.97
"tuckemi01","Michael Tucker","Michael","Tucker","L","R",4445,3913,950,83,461,0.243,0.326,38,33,7.56,10.23
"tuckepr01","Preston Tucker","Preston","Tucker","L","L",772,696,182,23,66,0.261,0.333,9,1,2.8,2.75
"tuckery01","Ryan Tucker","Ryan","Tucker","R","R",49,45,11,1,4,0.244,0.306,0,0,0.2,0.19
"tucket.01","T J  Tucker",NA,NA,NA,NA,159,146,38,2,13,0.26,0.321,0,0,0.73,0.74
"tucketh01","Thurman Tucker","Thurman","Tucker","L","R",2550,2296,554,8,251,0.241,0.317,3,0,4.75,3.82
"tudorjo01","John Tudor","John","Tudor","L","L",242,226,47,2,15,0.208,0.256,0,1,0.57,0.78
"tuftsbo01","Bob Tufts","Bob","Tufts","L","L",1,0,0,0,1,NA,1,0,0,0.01,0.01
"tuiasma01","Matt Tuiasosopo","Matt","Tuiasosopo","R","R",596,524,131,16,67,0.25,0.339,4,1,2.47,2.1
"tuivasa01","Sam Tuivailala","Sam","Tuivailala","R","R",39,33,10,0,6,0.303,0.41,0,0,0.21,0.21
"tulowtr01","Troy Tulowitzki","Troy","Tulowitzki","R","R",5641,4932,1384,189,619,0.281,0.363,47,43,49.93,42.37
"tunnele01","Lee Tunnell","Lee","Tunnell","R","R",3,2,0,0,1,0,0.333,0,0,0,0
"tupmama01","Matt Tupman","Matt","Tupman","L","R",11,9,3,0,2,0.333,0.455,0,0,0.01,0.01
"turanbr02","Brice Turang","Brice","Turang","L","R",1120,1002,267,9,107,0.266,0.338,4,7,7.65,3.66
"turlebo01","Bob Turley","Bob","Turley","R","R",606,573,114,3,30,0.199,0.241,2,1,-1.52,-1.92
"turleni01","Nik Turley","Nik","Turley","L","L",24,21,7,1,3,0.333,0.417,0,0,0.04,0.04
"turnbde01","Derrick Turnbow","Derrick","Turnbow","R","R",50,43,10,0,7,0.233,0.34,0,0,0.25,0.23
"turnbsp01","Spencer Turnbull","Spencer","Turnbull","R","R",26,23,7,1,3,0.304,0.385,0,0,0.05,0.06
"turneja01","Jacob Turner","Jacob","Turner","R","R",289,263,60,4,26,0.228,0.298,0,0,1.62,1.5
"turneje01","Jerry Turner","Jerry","Turner","L","L",1924,1725,463,55,177,0.268,0.336,7,15,7.88,7.01
"turneji01","Jim Turner","Jim","Turner","L","R",536,523,114,2,10,0.218,0.237,3,0,2.08,1.14
"turneju01","Justin Turner","Justin","Turner","R","R",6834,5890,1789,171,719,0.304,0.389,152,73,46.99,45.11
"turnetr01","Trea Turner","Trea","Turner","R","R",5542,5011,1587,141,460,0.317,0.377,45,26,45.13,45.59
"tuttlbi01","Bill Tuttle","Bill","Tuttle","R","R",4264,3849,963,30,381,0.25,0.318,12,22,2.58,1.67
"twitcwa01","Wayne Twitchell","Wayne","Twitchell","R","R",245,225,51,1,20,0.227,0.29,0,0,0.26,0.5
"tylerky01","Kyle Tyler","Kyle","Tyler","R","R",1,0,0,0,1,NA,1,0,0,0.01,0.01
"tyronji01","Jim Tyrone","Jim","Tyrone","R","R",439,397,100,8,37,0.252,0.312,0,5,0.77,0.48
"tysonmi01","Mike Tyson","Mike","Tyson","R","R",2644,2428,610,41,187,0.251,0.306,12,17,6.07,7.36
"ucetaed01","Edwin Uceta","Edwin","Uceta","R","R",59,54,14,1,5,0.259,0.322,0,0,0.36,0.31
"ueckebo01","Bob Uecker","Bob","Uecker","R","R",968,839,177,15,121,0.211,0.311,3,5,-0.59,-0.9
"ueharko01","Koji Uehara","Koji","Uehara","R","R",55,44,13,1,11,0.295,0.436,0,0,0.26,0.24
"ugglada01","Dan Uggla","Dan","Uggla","R","R",5598,4774,1266,232,712,0.265,0.366,70,42,27.57,30.84
"uhlaete01","Ted Uhlaender","Ted","Uhlaender","L","R",1166,1109,308,11,44,0.278,0.308,7,6,-0.76,-0.82
"uhlege01","George Uhle","George","Uhle","R","R",1607,1565,355,12,39,0.227,0.247,3,0,-4.38,-0.89
"umbacar01","Arnold Umbach","Arnold","Umbach","R","R",3,1,0,0,1,0,0.667,1,0,0,0
"umbriji01","Jim Umbricht","Jim","Umbricht","R","R",3,2,0,0,1,0,0.333,0,0,0,0
"underdu01","Duane Underwood Jr","Duane","Underwood","R","R",94,85,24,2,9,0.282,0.351,0,0,0.88,0.83
"underto01","Tom Underwood","Tom","Underwood","R","L",1,0,0,0,1,NA,1,0,0,0.01,0.01
"unroeti01","Tim Unroe","Tim","Unroe","R","R",157,142,33,3,14,0.232,0.306,1,0,0.18,0.09
"unserde01","Del Unser","Del","Unser","L","L",5211,4711,1271,93,454,0.27,0.332,7,39,20.57,15.92
"upshace01","Cecil Upshaw","Cecil","Upshaw","R","R",69,63,16,1,6,0.254,0.319,0,0,0.51,0.22
"upshawi01","Willie Upshaw","Willie","Upshaw","L","L",4499,3997,1064,118,454,0.266,0.343,23,25,18.19,17.32
"uptonbj01","B J  Upton","B. J.","Upton","R","R",5956,5206,1398,165,682,0.269,0.353,24,44,28.2,32.53
"uptonju01","Justin Upton","Justin","Upton","R","R",7952,6880,1897,289,932,0.276,0.366,81,59,43.48,45.03
"urbanbi01","Billy Urbanski","Billy","Urbanski","R","R",2364,2221,522,25,131,0.235,0.281,12,0,4.87,3.85
"urbanja01","Jack Urban","Jack","Urban","R","R",57,54,14,0,3,0.259,0.298,0,0,0.12,0.14
"urbanto01","Tom Urbani","Tom","Urbani","L","L",86,77,20,1,9,0.26,0.337,0,0,0.71,0.74
"urbinug01","Ugueth Urbina","Ugueth","Urbina","R","R",138,122,27,0,16,0.221,0.312,0,0,-0.46,-0.53
"urdanli01","Lino Urdaneta","Lino","Urdaneta","R","R",1,0,0,0,1,NA,1,0,0,0.01,0.01
"urenajo01","José Ureña","Jose","Urena","R","R",461,423,93,5,38,0.22,0.284,0,0,2.14,1.97
"urenari01","Richard Urena","Richard","Urena","B","R",491,449,123,6,41,0.274,0.336,1,0,0.88,1.59
"uriasju01","Julio Urías","Julio","Urias","L","L",366,335,89,4,30,0.266,0.328,1,0,2.09,2.15
"uriaslu01","Luis Urías","Luis","Urias","R","R",1961,1649,441,45,229,0.267,0.377,69,14,11.18,9.81
"uriasra01","Ramón Urías","Ramon","Urias","R","R",1545,1364,387,31,133,0.284,0.361,37,11,11.1,8.56
"uribejo01","Jose Uribe","Jose","Uribe","B","R",3353,3073,768,19,268,0.25,0.31,4,8,8.71,5.54
"uribeju01","Juan Uribe","Juan","Uribe","R","R",6684,6087,1604,162,494,0.264,0.321,46,57,31.98,31.73
"urquijo01","José Urquidy","Jose","Urquidy","R","R",47,43,12,1,4,0.279,0.34,0,0,0.06,0.08
"urreajo01","John Urrea","John","Urrea","R","R",84,72,18,0,12,0.25,0.357,0,0,0.57,0.55
"urruthe01","Henry Urrutia","Henry","Urrutia","L","R",200,184,53,3,16,0.288,0.345,0,0,0.9,0.62
"urshegi01","Gio Urshela","Gio","Urshela","R","R",3301,2992,876,63,258,0.293,0.349,17,34,17.71,15.88
"utleych01","Chase Utley","Chase","Utley","L","R",7980,6861,1950,216,843,0.284,0.376,204,72,71.16,67.51
"vailmi01","Mike Vail","Mike","Vail","R","R",1717,1584,442,37,115,0.279,0.327,5,13,4.47,5.39
"valaich01","Chris Valaika","Chris","Valaika","R","R",488,442,119,11,41,0.269,0.334,3,2,0.69,2.05
"valaipa01","Pat Valaika","Pat","Valaika","R","R",1294,1182,313,31,106,0.265,0.325,2,4,5.38,4.81
"valbulu01","Luis Valbuena","Luis","Valbuena","L","R",3686,3199,836,107,447,0.261,0.353,19,21,18.25,17.41
"valdece01","César Valdez","Cesar","Valdez","R","R",35,31,9,1,4,0.29,0.371,0,0,0.23,0.22
"valdeen01","Enmanuel Valdez","Enmanuel","Valdez","L","R",260,233,63,7,21,0.27,0.331,2,4,0.63,0.8
"valdefr01","Framber Valdez","Framber","Valdez","R","L",51,46,13,1,5,0.283,0.353,0,0,0.08,0.11
"valdeis01","Ismael Valdez","Ismael","Valdez","R","R",518,487,104,4,30,0.214,0.259,0,1,0.3,-0.08
"valdejo01","Jose Valdez","Jose","Valdez","R","R",12,10,2,0,2,0.2,0.333,0,0,0.06,0.06
"valdejo02","Jordany Valdespin","Jordany","Valdespin","L","R",674,610,160,21,59,0.262,0.332,5,0,2.67,2.74
"valdejo03","José Váldez","Jose","Valdez","R","R",13,11,4,0,2,0.364,0.462,0,0,0.06,0.06
"valdeju01","Julio Valdez","Julio","Valdez","B","R",46,39,11,2,5,0.282,0.37,1,1,0.24,0.18
"valdelu01","Jairo Asencio","Jairo","Asencio","R","R",11,8,2,0,3,0.25,0.455,0,0,0.07,0.07
"valdema01","Marc Valdes","Marc","Valdes","R","R",4,3,1,0,1,0.333,0.5,0,0,0,0
"valdeme01","Merkin Valdez","Merkin","Valdez","R","R",21,17,6,0,4,0.353,0.476,0,0,0.12,0.12
"valdeph01","Phillips Valdez","Phillips","Valdez","R","R",2,1,0,0,1,0,0.5,0,0,0.01,0.01
"valdera01","Rafael Valdez","Rafael","Valdez","R","R",1,0,0,0,1,NA,1,0,0,0,0
"valdera02","Raúl Valdés","Raul","Valdes","L","L",102,91,28,2,11,0.308,0.382,0,0,1.49,1.39
"valdere01","Rene Valdes","Rene","Valdes","R","R",6,5,1,0,1,0.2,0.333,0,0,0.01,0
"valdesa01","Sandy Valdespino","Sandy","Valdespino","L","L",449,410,98,5,36,0.239,0.303,2,1,-1.07,-0.98
"valdese01","Sergio Valdez","Sergio","Valdez","R","R",8,7,3,0,1,0.429,0.5,0,0,0,0
"valdewi01","Wilson Valdez","Wilson","Valdez","R","R",1535,1408,370,19,119,0.263,0.321,4,4,3.44,5.03
"valenbo02","Bobby Valentine","Bobby","Valentine","R","R",1646,1475,408,19,142,0.277,0.338,7,22,4.38,4.67
"valenda01","Danny Valencia","Danny","Valencia","R","R",3389,3052,859,94,296,0.281,0.343,8,33,14.28,14.79
"valenel01","Ellis Valentine","Ellis","Valentine","R","R",3415,3137,896,134,237,0.286,0.334,7,34,19.46,19.04
"valener01","Eric Valent","Eric","Valent","L","L",411,364,95,12,45,0.261,0.343,1,1,-0.6,0.75
"valenfe01","Fernando Valenzuela","Fernando","Valenzuela","L","L",971,915,215,12,50,0.235,0.273,0,6,3.9,3.36
"valenfr01","Fred Valentine","Fred","Valentine","B","R",1422,1263,305,30,130,0.241,0.323,24,5,2.73,2.81
"valenja01","Javier Valentin","Javier","Valentin","B","R",1967,1781,444,38,165,0.249,0.312,4,17,3.75,5.55
"valenje01","Jesmuel Valentín","Jesmuel","Valentin","B","R",167,148,37,2,17,0.25,0.329,1,1,0.46,0.46
"valenjo02","John Valentin","John","Valentin","R","R",4642,4100,1043,96,447,0.254,0.332,53,42,31.75,30.34
"valenjo03","Jose Valentin","Jose","Valentin","B","R",6313,5616,1292,182,620,0.23,0.307,29,48,30.93,29.52
"valenjo04","Joe Valentine","Joe","Valentine","R","R",20,16,5,0,4,0.312,0.45,0,0,0.06,0.05
"valerbr01","Breyvic Valera","Breyvic","Valera","B","R",505,451,121,7,50,0.268,0.341,1,3,0.97,1.91
"valerju01","Julio Valera","Julio","Valera","R","R",5,4,1,0,1,0.25,0.4,0,0,0,0
"valleda01","Dave Valle","Dave","Valle","R","R",3183,2836,669,65,267,0.236,0.314,63,17,9.48,11.28
"vallehe01","Hector Valle","Hector","Valle","R","R",19,17,5,0,2,0.294,0.368,0,0,0.01,0.01
"valoel01","Elmer Valo","Elmer","Valo","L","R",6316,5396,1457,52,873,0.27,0.374,35,12,24.71,24.19
"valvejo01","Jose Valverde","Jose","Valverde","R","R",89,75,23,0,14,0.307,0.416,0,0,0.5,0.49
"vanalcl01","Clay Van Alstyne","Clay","Van Alstyne","R","R",8,7,2,0,1,0.286,0.375,0,0,0.01,0.01
"vanatru01","Russ Van Atta","Russ","Van Atta","L","L",218,211,47,1,7,0.223,0.248,0,0,-3.21,-2.64
"vanbejo01","John Van Benschoten","John","Van Benschoten","R","R",155,137,35,4,18,0.255,0.342,0,0,0.93,0.93
"vanbroz01","Ozzie Van Brabant","Ozzie","Van Brabant","R","R",8,6,2,0,2,0.333,0.5,0,0,0.01,0.01
"vanbuje01","Jermaine Van Buren","Jermaine","Van Buren","R","R",5,4,1,0,1,0.25,0.4,0,0,0.02,0.02
"vanbuty01","Ty Van Burkleo","Ty","Van Burkleo","L","L",42,36,7,1,6,0.194,0.31,0,0,0.08,0.04
"vanceco01","Cory Vance","Cory","Vance","L","L",56,51,16,1,5,0.314,0.375,0,0,0.3,0.29
"vancesa01","Sandy Vance","Sandy","Vance","R","R",53,50,11,0,3,0.22,0.264,0,0,0.22,0.07
"vandeed01","Ed Vande Berg","Ed","Vande Berg","R","L",1,0,0,0,1,NA,1,0,0,0,0
"vandehy01","Hy Vandenberg","Hy","Vandenberg","R","R",3,1,0,0,2,0,0.667,0,0,0.01,0.01
"vandejo01","Johnny Vander Meer","Johnny","Vander Meer","B","L",557,535,107,0,22,0.2,0.232,0,0,-3.36,-3.26
"vandejo02","John Vander Wal","John","Vander Wal","L","L",3263,2856,711,68,380,0.249,0.337,8,19,1.54,5.6
"vanderi01","Rick van den Hurk","Rick","van den Hurk","R","R",76,70,14,1,6,0.2,0.263,0,0,0.18,0.14
"vanevjo01","Jonathan Van Every","Jonathan","Van Every","L","L",192,172,48,5,20,0.279,0.354,0,0,0.86,1.2
"vangiel01","Elam Vangilder","Elam","Vangilder","R","R",318,315,75,2,0,0.238,0.245,3,0,0.31,0.4
"vangoda01","Dave Van Gorder","Dave","Van Gorder","R","R",280,252,62,3,24,0.246,0.311,1,3,0.06,0.25
"vanmejo01","Josh VanMeter","Josh","VanMeter","L","R",917,799,193,15,106,0.242,0.332,5,7,2.24,2.08
"vanpoto01","Todd Van Poppel","Todd","Van Poppel","R","R",143,131,32,2,12,0.244,0.308,0,0,0.21,0.15
"vanroma01","Maurice Van Robays","Maurice","Van Robays","R","R",1385,1305,316,11,75,0.242,0.286,5,0,-1.44,-1.11
"vanslan01","Andy Van Slyke","Andy","Van Slyke","L","R",6685,5901,1637,167,696,0.277,0.353,27,61,41.4,42.68
"vanslsc01","Scott Van Slyke","Scott","Van Slyke","R","R",1153,997,267,36,134,0.268,0.36,14,8,7.38,7.24
"vargace01","César Vargas","Cesar","Vargas","R","R",57,52,13,1,5,0.25,0.316,0,0,0.17,0.18
"vargacl01","Claudio Vargas","Claudio","Vargas","R","R",373,345,69,5,28,0.2,0.26,0,0,1.21,1.12
"vargaed01","Eddie Vargas","Eddie","Vargas","R","R",7,5,1,0,1,0.2,0.286,0,1,0.01,0.01
"vargail01","Ildemaro Vargas","Ildemaro","Vargas","B","R",1411,1288,354,18,102,0.275,0.33,10,11,6.7,4.01
"vargaja01","Jason Vargas","Jason","Vargas","L","L",528,480,126,9,48,0.262,0.33,0,0,2.3,2.25
"vargake01","Kennys Vargas","Kennys","Vargas","B","R",1011,901,243,36,99,0.27,0.343,5,6,4.88,4.07
"vargami01","Miguel Vargas","Miguel","Vargas","R","R",475,391,85,6,62,0.217,0.333,11,11,0.45,-0.99
"varitja01","Jason Varitek","Jason","Varitek","B","R",5850,5117,1307,162,629,0.255,0.341,61,43,28,26.62
"varnepe01","Pete Varney","Pete","Varney","R","R",204,186,51,6,16,0.274,0.333,1,1,0.63,0.77
"varshda01","Daulton Varsho","Daulton","Varsho","L","R",2285,2020,520,73,220,0.257,0.336,28,17,18.36,15.33
"varshga01","Gary Varsho","Gary","Varsho","L","R",388,355,89,9,29,0.251,0.309,2,2,-0.03,0.18
"varvaan01","Anthony Varvaro","Anthony","Varvaro","R","R",45,39,11,1,6,0.282,0.378,0,0,0.97,0.9
"vasquan02","Andrew Vasquez","Andrew","Vasquez","L","L",1,0,0,0,1,NA,1,0,0,0.01,0.01
"vasques01","Esmerling Vasquez","Esmerling","Vasquez","R","R",41,36,10,1,5,0.278,0.366,0,0,0.83,0.87
"vasqujo01","Jorge Vasquez","Jorge","Vasquez","R","R",13,11,4,0,2,0.364,0.462,0,0,0.02,0.02
"vasquvi01","Virgil Vasquez","Virgil","Vasquez","R","R",55,50,9,1,5,0.18,0.255,0,0,0.25,0.26
"vastoje01","Jerry Vasto","Jerry","Vasto","L","L",1,0,0,0,1,NA,1,0,0,0.01,0.01
"vatchji01","Jim Vatcher","Jim","Vatcher","R","R",84,78,20,1,6,0.256,0.31,0,0,0.14,0.12
"vaughan01","Andrew Vaughn","Andrew","Vaughn","R","R",2360,2110,582,53,174,0.276,0.342,52,24,4.48,3.3
"vaughar01","Arky Vaughan","Arky","Vaughan","L","R",7668,6767,1983,150,855,0.293,0.376,46,0,69.7,64.12
"vaughch01","Charlie Vaughan","Charlie","Vaughan","R","L",4,3,1,0,1,0.333,0.5,0,0,0,0
"vaughgr01","Greg Vaughn","Greg","Vaughn","R","R",7129,6213,1428,296,826,0.23,0.321,37,53,26.91,21.52
"vaughmo01","Mo Vaughn","Mo","Vaughn","L","R",5794,5040,1415,249,616,0.281,0.368,101,37,26.51,30.27
"vazquch01","Christian Vázquez","Christian","Vazquez","R","R",3771,3428,929,66,299,0.271,0.331,20,24,15.57,21.61
"vazquja01","Javier Vazquez","Javier","Vazquez","R","R",1031,961,222,8,68,0.231,0.282,1,1,4.09,4.52
"vazqura01","Ramón Vázquez","Ramon","Vazquez","L","R",2315,2046,543,23,245,0.265,0.343,7,17,4.19,5.51
"veachbo01","Bobby Veach","Bobby","Veach","L","R",5584,5316,1505,115,224,0.283,0.318,44,0,25.79,21.88
"vealco01","Coot Veal","Coot","Veal","R","R",439,412,89,0,22,0.216,0.257,2,3,-0.9,-1.07
"vealdo01","Donnie Veal","Donnie","Veal","L","L",26,21,6,0,5,0.286,0.423,0,0,0.12,0.11
"vealebo01","Bob Veale","Bob","Veale","B","L",585,559,106,0,26,0.19,0.226,0,0,-2.79,-2.34
"velanjo01","Jorge Velandia","Jorge","Velandia","R","R",296,258,69,4,36,0.267,0.358,1,1,2.16,1.77
"velarra01","Randy Velarde","Randy","Velarde","R","R",4771,4262,1163,62,443,0.273,0.346,47,19,24.31,21.68
"velasvi01","Vince Velasquez","Vince","Velasquez","R","R",458,419,113,6,39,0.27,0.332,0,0,3.39,3
"velazan01","Andrew Velazquez","Andrew","Velazquez","B","R",857,778,187,14,66,0.24,0.303,7,6,4.71,3.31
"velazgi01","Gil Velazquez","Gil","Velazquez","R","R",237,214,59,4,21,0.276,0.342,1,1,0.52,0.75
"velazhe01","Hector Velázquez","Hector","Velazquez","R","R",15,13,4,0,2,0.308,0.4,0,0,0.01,0.01
"velazne01","Nelson Velázquez","Nelson","Velazquez","R","R",543,474,117,23,53,0.247,0.333,11,5,1.6,1.86
"velezeu01","Eugenio Velez","Eugenio","Velez","B","R",861,783,205,14,71,0.262,0.325,4,3,2.62,3.34
"velezot01","Otto Velez","Otto","Velez","R","R",2248,1863,488,82,358,0.262,0.381,11,16,12.45,11.86
"venabma01","Max Venable","Max","Venable","L","R",1292,1170,302,21,106,0.258,0.32,6,10,4.25,3.84
"venabwi01","Will Venable","Will","Venable","L","L",3334,2963,820,93,330,0.277,0.353,26,15,19.54,19.33
"venafmi01","Mike Venafro","Mike","Venafro","L","L",4,3,1,0,1,0.333,0.5,0,0,0.01,0.01
"vendipa01","Pat Venditte","Pat","Venditte","L","S",27,23,8,0,4,0.348,0.444,0,0,0.06,0.06
"ventejo01","Jonny Venters","Jonny","Venters","L","L",60,52,15,0,8,0.288,0.383,0,0,0.38,0.37
"ventomi01","Mike Vento","Mike","Vento","R","R",90,78,22,1,12,0.282,0.378,0,0,0.51,0.72
"venturo01","Robin Ventura","Robin","Ventura","L","R",8438,7298,1933,243,1041,0.265,0.355,23,76,55.05,55.92
"ventuyo01","Yordano Ventura","Yordano","Ventura","R","R",41,37,10,1,4,0.27,0.341,0,0,0.11,0.09
"verasjo01","Jose Veras","Jose","Veras","R","R",57,48,13,0,9,0.271,0.386,0,0,0.37,0.36
"verasqu01","Quilvio Veras","Quilvio","Veras","B","R",3302,2840,749,7,405,0.264,0.361,38,19,11.29,11.11
"verbaem01","Emil Verban","Emil","Verban","R","R",1020,979,268,2,38,0.274,0.303,3,0,1.73,0.34
"verdual01","Alex Verdugo","Alex","Verdugo","L","L",3740,3345,953,59,324,0.285,0.349,27,44,17.66,16.2
"veresda01","Dave Veres","Dave","Veres","R","R",40,35,10,0,5,0.286,0.375,0,0,-0.25,-0.23
"vergejo01","Johnny Vergez","Johnny","Vergez","R","R",818,752,172,23,61,0.229,0.291,5,0,0.76,1.7
"verhadr01","Drew VerHagen","Drew","VerHagen","R","R",1,0,0,0,1,NA,1,0,0,0,0
"verlaju01","Justin Verlander","Justin","Verlander","R","R",261,233,63,7,28,0.27,0.349,0,0,0.38,0.34
"vernomi01","Mickey Vernon","Mickey","Vernon","L","L",9627,8769,2428,227,790,0.277,0.339,49,19,30.7,30.87
"verrelo01","Logan Verrett","Logan","Verrett","R","R",132,121,26,2,11,0.215,0.28,0,0,0.82,0.79
"versazo01","Zoilo Versalles","Zoilo","Versalles","R","R",3920,3702,876,40,160,0.237,0.273,35,23,8.82,10.46
"veryzto01","Tom Veryzer","Tom","Veryzer","R","R",2939,2699,700,30,186,0.259,0.311,29,25,4.2,3.25
"vesiaal01","Alex Vesia","Alex","Vesia","L","L",64,56,16,1,8,0.286,0.375,0,0,0.6,0.53
"vestwi01","Will Vest","Will","Vest","R","R",1,0,0,0,1,NA,1,0,0,0.01,0.01
"vicieda01","Dayán Viciedo","Dayan","Viciedo","R","R",1960,1782,493,63,150,0.277,0.336,16,12,6.53,5.85
"victosh01","Shane Victorino","Shane","Victorino","R","R",5179,4615,1311,108,465,0.284,0.358,80,19,37.11,34.3
"vidrojo01","Jose Vidro","Jose","Vidro","B","R",5139,4635,1374,91,435,0.296,0.358,31,38,23.16,20.69
"vieirth01","Thyago Vieira","Thyago","Vieira","R","R",1,0,0,0,1,NA,1,0,0,0,0
"vielmen01","Engelb Vielma","Engelb","Vielma","B","R",64,57,15,1,7,0.263,0.344,0,0,0.23,0.15
"vientma01","Mark Vientos","Mark","Vientos","R","R",465,416,125,25,41,0.3,0.363,3,5,3.81,3.47
"vierlma01","Matt Vierling","Matt","Vierling","R","R",1742,1557,439,24,145,0.282,0.347,20,20,6.41,6.27
"villabr01","Brandon Villafuerte","Brandon","Villafuerte","R","R",6,5,1,0,1,0.2,0.333,0,0,0,0.01
"villabr02","Brayan Villarreal","Brayan","Villarreal","R","R",1,0,0,0,1,NA,1,0,0,0.01,0.01
"villaca01","Carlos Villanueva","Carlos","Villanueva","R","R",609,554,135,11,55,0.244,0.312,0,0,5.18,5.09
"villach01","Christian Villanueva","Christian","Villanueva","R","R",454,409,114,23,35,0.279,0.348,9,1,3.46,2.69
"villada01","David Villar","David","Villar","R","R",309,253,58,13,32,0.229,0.356,20,4,1.57,1.32
"villael01","Elih Villanueva","Elih","Villanueva","R","R",14,12,3,0,2,0.25,0.357,0,0,0.01,0.01
"villahe01","Hector Villanueva","Hector","Villanueva","R","R",452,412,102,18,37,0.248,0.312,2,1,1.5,1.73
"villahe02","Henry Villar","Henry","Villar","R","R",6,5,1,0,1,0.2,0.333,0,0,0.03,0.03
"villajo01","Jonathan Villar","Jonathan","Villar","B","R",4380,3892,1080,86,453,0.277,0.354,16,19,19.63,17.4
"villaos01","Oscar Villarreal","Oscar","Villarreal","L","R",148,133,32,2,15,0.241,0.318,0,0,1.04,1.25
"villape01","Pedro Villarreal","Pedro","Villarreal","R","R",98,88,26,2,10,0.295,0.367,0,0,0.93,0.92
"villoro01","Ron Villone","Ron","Villone","L","L",199,182,43,3,16,0.236,0.302,1,0,0.6,0.76
"vilorme01","Meibrys Viloria","Meibrys","Viloria","L","R",397,350,89,4,40,0.254,0.327,1,6,1.35,0.3
"vinafe01","Fernando Vina","Fernando","Vina","L","R",4796,4369,1180,13,246,0.27,0.33,157,24,10.24,10.22
"vinceni01","Nick Vincent","Nick","Vincent","R","R",117,103,29,2,14,0.282,0.368,0,0,1.58,1.53
"vinceza01","Zach Vincej","Zach","Vincej","R","R",110,96,28,2,12,0.292,0.382,2,0,0.34,0.39
"violafr01","Frank Viola","Frank","Viola","L","L",27,25,5,0,2,0.2,0.259,0,0,-0.01,0.03
"violape01","Pedro Viola","Pedro","Viola","R","L",7,5,1,0,2,0.2,0.429,0,0,0.04,0.04
"vioxji01","Jim Viox","Jim","Viox","R","R",1168,1076,259,2,85,0.241,0.301,7,0,0.35,0.29
"virdobi01","Bill Virdon","Bill","Virdon","L","R",6623,6158,1614,84,418,0.262,0.308,8,39,19.37,15.47
"virgioz01","Ozzie Virgil","Ozzie","Virgil","R","R",311,293,69,3,17,0.235,0.277,0,1,-0.48,-0.82
"virgioz02","Ozzie Virgil","Ozzie","Virgil","R","R",2571,2265,563,85,265,0.249,0.333,29,12,11.19,11.96
"virtuja01","Jake Virtue","Jake","Virtue","B","L",1941,1752,362,3,175,0.207,0.284,14,0,-0.63,-1.22
"vitiejo01","Joe Vitiello","Joe","Vitiello","R","R",149,132,42,4,14,0.318,0.389,2,1,1.13,0.92
"vizcaar01","Arodys Vizcaíno","Arodys","Vizcaino","R","R",61,50,14,0,11,0.28,0.41,0,0,0.37,0.37
"vizcajo01","Jose Vizcaino","Jose","Vizcaino","B","R",5625,5234,1391,20,340,0.266,0.311,16,35,5.65,3.49
"vizcalu01","Luis Vizcaino","Luis","Vizcaino","R","R",76,67,19,2,9,0.284,0.368,0,0,0.85,0.93
"vizquom01","Omar Vizquel","Omar","Vizquel","B","R",11904,10721,2855,63,1040,0.266,0.331,49,94,50.1,46.45
"vodnivi01","Victor Vodnik","Victor","Vodnik","R","R",6,5,1,0,1,0.2,0.333,0,0,0.02,0.02
"vogelda01","Daniel Vogelbach","Dan","Vogelbach","L","R",2391,1996,522,78,380,0.262,0.382,11,4,6.92,8.12
"vogelry01","Ryan Vogelsong","Ryan","Vogelsong","R","R",824,746,175,13,72,0.235,0.306,5,1,4.62,4.52
"vogtst01","Stephen Vogt","Stephen","Vogt","L","R",2820,2497,667,83,281,0.267,0.34,12,30,13.23,10.91
"voigtja01","Jack Voigt","Jack","Voigt","R","R",462,403,96,10,55,0.238,0.329,1,3,1.34,1.23
"voisebi01","Bill Voiselle","Bill","Voiselle","R","R",192,189,36,0,3,0.19,0.203,0,0,-1.53,-1.5
"voitlu01","Luke Voit","Luke","Voit","R","R",2555,2224,628,114,276,0.282,0.37,41,14,11.85,12.36
"vollmcl01","Clyde Vollmer","Clyde","Vollmer","R","R",2043,1838,434,70,196,0.236,0.313,9,0,1.58,4.43
"volpean01","Anthony Volpe","Anthony","Volpe","R","R",1313,1182,298,22,110,0.252,0.321,14,7,7.73,6.37
"volqued01","Edinson Volquez","Edinson","Volquez","R","R",793,726,156,11,66,0.215,0.28,0,1,3.3,2.64
"volstch01","Chris Volstad","Chris","Volstad","R","R",448,413,91,5,35,0.22,0.281,0,0,1.95,1.77
"vonohda01","Dave Von Ohlen","Dave","Von Ohlen","L","L",7,6,2,0,1,0.333,0.429,0,0,0.01,0.02
"vosbeed01","Ed Vosberg","Ed","Vosberg","L","L",2,1,0,0,1,0,0.5,0,0,0,0
"vosleja01","Jason Vosler","Jason","Vosler","L","R",323,286,73,10,29,0.255,0.331,5,3,0.13,0.89
"vosmijo01","Joe Vosmik","Joe","Vosmik","R","R",5328,4881,1325,81,427,0.271,0.333,20,0,10.42,13.94
"vothau01","Austin Voth","Austin","Voth","R","R",148,133,38,3,14,0.286,0.358,1,0,1.09,1.1
"vottojo01","Joey Votto","Joey","Votto","L","R",9076,7337,2240,273,1607,0.305,0.433,84,48,71.91,66.45
"voylebr01","Brad Voyles","Brad","Voyles","R","R",2,1,0,0,1,0,0.5,0,0,0.01,0.01
"vuckope01","Pete Vuckovich","Pete","Vuckovich","R","R",203,190,38,3,11,0.2,0.241,0,2,0.37,0.41
"vukovge01","George Vukovich","George","Vukovich","L","R",1739,1581,426,32,143,0.269,0.329,4,11,5.33,4.77
"vukovjo01","John Vukovich","John","Vukovich","R","R",87,80,18,3,5,0.225,0.264,0,2,-0.18,-0.17
"wachami01","Michael Wacha","Michael","Wacha","R","R",709,648,148,9,60,0.228,0.293,0,1,3.08,2.86
"wadats01","Tsuyoshi Wada","Tsuyoshi","Wada","L","L",134,120,31,2,14,0.258,0.336,0,0,0.56,0.51
"waddebr01","Brandon Waddell","Brandon","Waddell","L","L",20,18,6,0,2,0.333,0.4,0,0,0.02,0.02
"waddeja01","Jason Waddell","Jason","Waddell","R","L",2,1,0,0,1,0,0.5,0,0,0.01,0.01
"wadeco01","Cory Wade","Cory","Wade","R","R",40,34,9,1,6,0.265,0.375,0,0,0.5,0.5
"wadela01","LaMonte Wade Jr","LaMonte","Wade","L","L",1857,1546,419,51,261,0.271,0.384,34,16,8.91,8.02
"wadety01","Tyler Wade","Tyler","Wade","L","R",1090,966,258,11,114,0.267,0.35,9,1,3.64,5.35
"waechdo01","Doug Waechter","Doug","Waechter","R","R",72,64,16,1,8,0.25,0.333,0,0,0.57,0.62
"wagnebi02","Billy Wagner","Billy","Wagner","L","L",114,100,27,1,14,0.27,0.36,0,0,1.11,1.03
"wagneho01","Honus Wagner","Honus","Wagner","R","R",10815,10175,2927,251,523,0.288,0.33,117,0,86.56,89.65
"wagnele01","Leon Wagner","Leon","Wagner","L","R",4925,4453,1193,183,395,0.268,0.331,42,35,6.11,6.72
"wagnema01","Mark Wagner","Mark","Wagner","R","R",942,853,222,11,82,0.26,0.326,3,4,3.35,2.63
"wagnene01","Neil Wagner","Neil","Wagner","R","R",5,4,1,0,1,0.25,0.4,0,0,0.03,0.02
"wagnepa01","Paul Wagner","Paul","Wagner","R","R",52,49,10,0,3,0.204,0.25,0,0,-0.39,-0.22
"wagnery01","Ryan Wagner","Ryan","Wagner","R","R",68,60,18,1,8,0.3,0.382,0,0,0.97,0.8
"wagnety01","Tyler Wagner","Tyler","Wagner","R","R",39,35,9,1,4,0.257,0.333,0,0,0.12,0.15
"wagueja01","Jacob Waguespack","Jacob","Waguespack","R","R",40,35,9,1,5,0.257,0.35,0,0,0.09,0.08
"wahlbo01","Bobby Wahl","Bobby","Wahl","R","R",6,5,1,0,1,0.2,0.333,0,0,0.03,0.03
"wainwad01","Adam Wainwright","Adam","Wainwright","R","R",1664,1529,380,29,132,0.249,0.308,0,3,11.17,11.8
"waitked01","Eddie Waitkus","Eddie","Waitkus","L","L",4829,4507,1272,24,309,0.282,0.329,10,3,11.38,6
"waitsri01","Rick Waits","Rick","Waits","L","L",1,0,0,0,1,NA,1,0,0,0.01,0
"wakefdi01","Dick Wakefield","Dick","Wakefield","L","R",2697,2359,658,62,335,0.279,0.369,3,0,10.68,14.54
"wakefti01","Tim Wakefield","Tim","Wakefield","R","R",192,173,45,3,18,0.26,0.333,1,0,0.38,0.16
"wakelch01","Chris Wakeland","Chris","Wakeland","L","L",57,54,14,2,3,0.259,0.298,0,0,0.5,0.49
"waldejo01","Jordan Walden","Jordan","Walden","R","R",38,31,10,0,7,0.323,0.447,0,0,0.25,0.24
"waldema01","Marcus Walden","Marcus","Walden","R","R",23,19,6,0,4,0.316,0.435,0,0,0.04,0.04
"waldimi01","Mitch Walding","Mitch","Walding","L","R",78,69,17,2,9,0.246,0.333,0,0,0.21,0.2
"waldrky02","Kyle Waldrop","Kyle","Waldrop","L","L",79,72,20,1,7,0.278,0.342,0,0,0.28,0.29
"walewji01","Jim Walewander","Jim","Walewander","B","R",67,59,15,1,8,0.254,0.343,0,0,0.13,0.06
"walkbo01","Bob Walk","Bob","Walk","R","R",504,464,98,3,34,0.211,0.272,5,1,0.88,1.13
"walkech02","Christian Walker","Christian","Walker","R","R",4003,3469,941,151,432,0.271,0.357,58,44,21.97,20.85
"walkecu01","Curt Walker","Curt","Walker","L","R",5126,4714,1153,94,403,0.245,0.305,9,0,7.34,13.35
"walkedi02","Dixie Walker","Dixie","Walker","L","R",7731,6999,2046,149,716,0.292,0.359,16,0,39.9,35.48
"walkedu01","Duane Walker","Duane","Walker","L","L",966,844,209,25,111,0.248,0.334,3,8,2.03,2.17
"walkege02","Gee Walker","Gee","Walker","R","R",5966,5687,1554,156,240,0.273,0.307,39,0,7.68,11.15
"walkegr01","Greg Walker","Greg","Walker","L","R",2877,2583,699,103,259,0.271,0.339,16,19,7.24,9.16
"walkeha01","Harry Walker","Harry","Walker","L","R",3057,2864,815,9,186,0.285,0.33,7,0,9.23,6.84
"walkehu01","Hub Walker","Hub","Walker","L","R",618,540,124,10,76,0.23,0.327,2,0,1.08,0.67
"walkeja01","Jamie Walker","Jamie","Walker","L","L",7,4,1,0,3,0.25,0.571,0,0,0.02,0.02
"walkeje01","Jerry Walker","Jerry","Walker","B","R",246,237,60,3,7,0.253,0.276,1,1,-0.55,-0.52
"walkeje02","Jeremy Walker","Jeremy","Walker","R","R",21,19,5,1,2,0.263,0.333,0,0,0.24,0.25
"walkela01","Larry Walker","Larry","Walker","L","R",8145,7057,1991,279,886,0.282,0.37,137,65,72.51,66.77
"walkene01","Neil Walker","Neil","Walker","B","R",5255,4593,1312,147,563,0.286,0.367,55,44,26.98,29.89
"walkepe01","Pete Walker","Pete","Walker","R","R",3,2,0,0,1,0,0.333,0,0,0,0
"walkeru01","Rube Walker","Rube","Walker","L","R",1373,1289,301,28,80,0.234,0.28,4,0,-2.82,0.2
"walketa01","Taijuan Walker","Taijuan","Walker","B","R",349,321,78,5,27,0.243,0.304,1,0,1.58,1.52
"walketi01","Tillie Walker","Tillie","Walker","R","R",5112,4807,1014,140,278,0.211,0.258,27,0,-0.73,-3.88
"walketo02","Tom Walker","Tom","Walker","R","R",33,29,7,0,4,0.241,0.333,0,0,0.26,0.2
"walketo03","Tony Walker","Tony","Walker","R","R",98,87,21,2,11,0.241,0.327,0,0,0.9,0.8
"walketo04","Todd Walker","Todd","Walker","L","R",4737,4277,1187,64,404,0.278,0.339,15,41,10.94,9.41
"walkety01","Tyler Walker","Tyler","Walker","R","R",141,124,32,2,17,0.258,0.348,0,0,0.66,0.82
"wallabo01","Bobby Wallace","Bobby","Wallace","R","R",7715,7330,1490,50,347,0.203,0.243,38,0,30.42,17.44
"wallabr01","Brett Wallace","Brett","Wallace","L","R",1668,1460,393,45,173,0.269,0.358,31,4,6.28,5.76
"wallach01","Chad Wallach","Chad","Wallach","R","R",695,626,156,13,64,0.249,0.321,3,2,0.77,2.51
"wallaja02","Jack Wallaesa","Jack","Wallaesa","B","R",331,304,59,12,26,0.194,0.26,1,0,-0.47,-0.17
"wallami01","Mike Wallace","Mike","Wallace","L","L",10,8,2,0,2,0.25,0.4,0,0,0.06,0.05
"wallati01","Tim Wallach","Tim","Wallach","R","R",9202,8362,2182,267,686,0.261,0.32,77,77,36.9,38.02
"walldo01","Donne Wall","Donne","Wall","R","R",52,50,9,0,2,0.18,0.212,0,0,0.32,0.1
"wallety01","Ty Waller","Ty","Waller","R","R",116,105,31,4,10,0.295,0.353,0,1,0.69,0.72
"wallfo01","Forrest Wall","Forrest","Wall","L","R",43,37,13,1,6,0.351,0.442,0,0,0.33,0.23
"wallide01","Denny Walling","Denny","Walling","L","R",3315,2956,838,67,333,0.283,0.354,2,24,16.32,15.76
"wallijo01","Joe Wallis","Joe","Wallis","B","R",994,885,224,21,104,0.253,0.332,2,3,1.35,1.39
"walljo02","Josh Wall","Josh","Wall","R","R",10,8,2,0,2,0.25,0.4,0,0,0.06,0.06
"wallmu01","Murray Wall","Murray","Wall","R","R",0,0,0,0,0,NA,NA,0,0,0,0
"wallnma01","Matt Wallner","Matt","Wallner","L","R",516,409,112,21,60,0.274,0.422,46,1,4.79,4.91
"wallsle01","Lee Walls","Lee","Walls","R","R",3072,2778,721,63,263,0.26,0.326,16,15,7.93,5.67
"wallst01","Stan Wall","Stan","Wall","L","L",5,4,1,0,1,0.25,0.4,0,0,0.03,0.02
"wallsta01","Taylor Walls","Taylor","Walls","B","R",1324,1133,267,14,178,0.236,0.341,6,7,9.14,3.11
"walrole01","Les Walrond","Les","Walrond","L","L",38,32,10,1,6,0.312,0.421,0,0,0.22,0.27
"walshco02","Colin Walsh","Colin","Walsh","B","R",136,104,20,2,31,0.192,0.382,1,0,0.51,0.43
"walshja01","Jared Walsh","Jared","Walsh","L","L",1450,1313,353,43,116,0.269,0.334,15,6,4.88,5.21
"waltege01","Gene Walter","Gene","Walter","L","L",17,13,4,0,4,0.308,0.471,0,0,0.04,0.04
"waltepj01","P J  Walters","P. J.","Walters","R","R",38,34,10,1,4,0.294,0.368,0,0,0.23,0.19
"walteza01","Zach Walters","Zach","Walters","B","R",347,315,82,17,31,0.26,0.329,1,0,1.6,0.68
"waltodo01","Donovan Walton","Donovan","Walton","L","R",316,287,72,5,27,0.251,0.32,2,0,0.88,-0.27
"waltoje01","Jerome Walton","Jerome","Walton","R","R",1824,1655,434,22,136,0.262,0.323,19,14,3.38,4.09
"waltore01","Reggie Walton","Reggie","Walton","R","R",92,83,24,2,7,0.289,0.348,1,1,0.35,0.3
"wanerll01","Lloyd Waner","Lloyd","Waner","L","R",7414,7113,1969,23,276,0.277,0.306,25,0,19.23,15.63
"wanerpa01","Paul Waner","Paul","Waner","L","L",10651,9591,2802,176,1022,0.292,0.363,38,0,62.05,60.78
"wangch01","Chien Ming Wang","Chien-Ming","Wang","R","R",238,212,57,5,26,0.269,0.349,0,0,0.6,0.65
"wangwe01","Wei Chung Wang","Wei-Chung","Wang","L","L",22,19,7,0,3,0.368,0.455,0,0,0.11,0.1
"wantzan01","Andrew Wantz","Andrew","Wantz","R","R",2,1,0,0,1,0,0.5,0,0,0.01,0.01
"wardaa01","Aaron Ward","Aaron","Ward","R","R",2266,2141,440,21,106,0.206,0.249,19,0,0.7,1.2
"wardda01","Daryle Ward","Daryle","Ward","L","L",1035,897,248,28,122,0.276,0.36,3,13,3.82,3.68
"warddu01","Duane Ward","Duane","Ward","R","R",1,0,0,0,1,NA,1,0,0,0,0.01
"wardga01","Gary Ward","Gary","Ward","R","R",4319,3940,1096,109,338,0.278,0.335,12,29,20.51,20.02
"wardpe01","Pete Ward","Pete","Ward","L","R",3543,3110,785,99,366,0.252,0.336,40,27,15.42,16.11
"wardpr01","Preston Ward","Preston","Ward","L","R",1921,1732,410,42,181,0.237,0.308,1,7,-1.24,-1.38
"wardta01","Taylor Ward","Taylor","Ward","R","R",2477,2141,590,68,265,0.276,0.361,40,31,11.25,13.28
"wardtu01","Turner Ward","Turner","Ward","B","R",1900,1675,403,32,192,0.241,0.319,12,21,2.68,3.33
"warnelo01","Lon Warneke","Lon","Warneke","R","R",1282,1227,268,8,51,0.218,0.252,4,0,0.08,0.0699999999999999
"warread01","Adam Warren","Adam","Warren","R","R",109,96,26,2,13,0.271,0.358,0,0,0.74,0.71
"warrear01","Art Warren","Art","Warren","R","R",10,9,2,0,1,0.222,0.3,0,0,0.04,0.04
"warreau01","Austin Warren","Austin","Warren","R","R",6,5,1,0,1,0.2,0.333,0,0,0.02,0.02
"warthda01","Dan Warthen","Dan","Warthen","B","L",53,50,9,1,3,0.18,0.226,0,0,0.05,0.11
"wasdeji01","Jimmy Wasdell","Jimmy","Wasdell","L","L",788,729,198,12,55,0.272,0.326,4,0,-0.33,-0.4
"wasdijo01","John Wasdin","John","Wasdin","R","R",1,0,0,0,1,NA,1,0,0,0.01,0
"washbja01","Jarrod Washburn","Jarrod","Washburn","L","L",179,159,44,4,20,0.277,0.358,0,0,0.41,0.4
"washbra01","Ray Washburn","Ray","Washburn","R","R",71,66,14,0,5,0.212,0.268,0,0,0.05,0.07
"washicl01","Claudell Washington","Claudell","Washington","L","L",7484,6846,1927,174,551,0.281,0.336,36,51,26.4,23.53
"washida01","David Washington","David","Washington","L","L",48,43,12,1,5,0.279,0.354,0,0,0.09,0.07
"washila01","LaRue Washington","LaRue","Washington","R","R",3,2,0,0,1,0,0.333,0,0,0.01,0.01
"washiri01","Rico Washington","Rico","Washington","L","R",74,65,16,1,9,0.246,0.338,0,0,0.12,0.17
"washiro01","Ron Washington","Ron","Washington","R","R",1339,1241,331,21,82,0.267,0.311,4,12,3.4,2.37
"washiu_01","U L Washington",NA,NA,NA,NA,3212,2889,754,49,301,0.261,0.329,1,21,12.52,10.93
"wasinma01","Mark Wasinger","Mark","Wasinger","R","R",93,83,23,1,10,0.277,0.355,0,0,0.47,0.31
"wasseeh01","Ehren Wassermann","Ehren","Wassermann","B","R",2,1,0,0,1,0,0.5,0,0,0.01,0.01
"waterdr01","Drew Waters","Drew","Waters","B","R",493,429,106,9,47,0.247,0.333,11,6,1.89,1.97
"wathadu01","Dusty Wathan","Dusty","Wathan","R","R",38,34,12,1,3,0.353,0.421,1,0,0.23,0.26
"wathajo01","John Wathan","John","Wathan","R","R",2834,2556,690,43,246,0.27,0.335,14,18,8.8,9.38
"watkige01","George Watkins","George","Watkins","L","R",2094,1955,516,58,110,0.264,0.313,29,0,5.46,7.47
"watkilo01","Logan Watkins","Logan","Watkins","L","R",223,204,56,4,18,0.275,0.336,1,0,0.74,0.79
"watkist01","Steve Watkins","Steve","Watkins","R","R",5,4,1,0,1,0.25,0.4,0,0,0.02,0.02
"watkito01","Tommy Watkins","Tommy","Watkins","R","R",85,75,24,1,10,0.32,0.4,0,0,0.85,0.68
"watsoal01","Allen Watson","Allen","Watson","L","L",228,213,53,0,15,0.249,0.298,0,0,1.29,1.54
"watsobo01","Bob Watson","Bob","Watson","R","R",7181,6363,1927,229,705,0.303,0.373,48,65,32.31,34.34
"watsobr01","Brandon Watson","Brandon","Watson","L","R",246,224,58,4,22,0.259,0.325,0,0,0.07,0.08
"watsoma02","Matt Watson","Matt","Watson","L","R",79,71,19,2,8,0.268,0.342,0,0,0.38,0.25
"watsoma03","Mark Watson",NA,NA,NA,NA,1,0,0,0,1,NA,1,0,0,0,0.01
"watsoto01","Tony Watson","Tony","Watson","L","L",214,188,53,5,26,0.282,0.369,0,0,4.58,4.32
"watted01","Eddie Watt","Eddie","Watt","R","R",121,115,30,3,5,0.261,0.298,1,0,0.16,0
"watwojo01","Johnny Watwood","Johnny","Watwood","L","L",1650,1495,355,4,149,0.237,0.309,6,0,0.51,-1.56
"weathda01","David Weathers","David","Weathers","R","R",131,114,27,0,17,0.237,0.336,0,0,0.36,0.77
"weathro01","Roy Weatherly","Roy","Weatherly","L","R",3105,2957,806,69,141,0.273,0.307,7,0,3.71,2.06
"weathry01","Ryan Weathers","Ryan","Weathers","R","L",93,86,21,2,7,0.244,0.301,0,0,0.62,0.55
"weavebu01","Buck Weaver","Buck","Weaver","B","R",3587,3413,831,18,135,0.243,0.28,39,0,-1.37,1.02
"weaveje01","Jeff Weaver","Jeff","Weaver","R","R",554,509,126,7,44,0.248,0.309,1,0,3.02,3.15
"weaveje02","Jered Weaver","Jered","Weaver","R","R",220,198,51,6,22,0.258,0.332,0,0,0.74,0.57
"weavelu01","Luke Weaver","Luke","Weaver","R","R",402,367,96,6,34,0.262,0.323,0,1,2.18,2.29
"weavemo01","Monte Weaver","Monte","Weaver","L","R",183,165,36,0,16,0.218,0.295,2,0,-0.12,-0.17
"webbbr01","Brandon Webb","Brandon","Webb","R","R",433,403,78,3,29,0.194,0.247,0,1,0.83,-0.3
"webbda01","Daniel Webb","Daniel","Webb","R","R",4,3,1,0,1,0.333,0.5,0,0,0.02,0.02
"webbea01","Earl Webb","Earl","Webb","L","R",2347,2107,562,82,238,0.267,0.342,2,0,5.76,5.88
"webbha01","Hank Webb","Hank","Webb","R","R",44,38,11,0,6,0.289,0.386,0,0,0.33,0.32
"webbja01","Jacob Webb","Jacob","Webb","R","R",69,61,17,2,8,0.279,0.362,0,0,1.1,1.01
"webblo01","Logan Webb","Logan","Webb","R","R",193,177,43,3,16,0.243,0.306,0,0,0.91,1.02
"webbre01","Red Webb","Red","Webb","L","R",7,6,2,0,1,0.333,0.429,0,0,0,0
"webbry01","Ryan Webb","Ryan","Webb","R","R",91,80,24,1,11,0.3,0.385,0,0,1.17,1.08
"webbty01","Tyler Webb","Tyler","Webb","L","L",62,54,15,1,8,0.278,0.371,0,0,0.81,0.82
"weberbe01","Ben Weber","Ben","Weber","R","R",2,1,0,0,1,0,0.5,0,0,0.01,0.01
"weberry01","Ryan Weber","Ryan","Weber","R","R",129,116,32,2,13,0.276,0.349,0,0,0.45,0.43
"weberth01","Thad Weber","Thad","Weber","R","R",31,28,7,1,3,0.25,0.323,0,0,0.13,0.15
"webstal01","Allen Webster","Allen","Webster","R","R",77,69,18,1,8,0.261,0.338,0,0,0.35,0.29
"webstle01","Lenny Webster","Lenny","Webster","R","R",1648,1500,370,24,132,0.247,0.312,12,4,1.33,2.43
"webstmi01","Mitch Webster","Mitch","Webster","B","L",3682,3306,878,63,320,0.266,0.332,26,30,14.46,13.81
"webstra02","Ramon Webster","Ramon","Webster","L","L",698,649,157,22,46,0.242,0.294,2,1,1.79,0.69
"wedgeer01","Eric Wedge","Eric","Wedge","R","R",95,82,19,5,13,0.232,0.337,0,0,0.35,0.38
"weekljo01","John Weekly","John","Weekly","R","R",45,38,7,2,7,0.184,0.311,0,0,0.1,0.16
"weeksje01","Jemile Weeks","Jemile","Weeks","B","R",1299,1156,324,16,124,0.28,0.353,11,8,5.17,5.17
"weeksri01","Rickie Weeks","Rickie","Weeks","R","R",5333,4551,1209,143,629,0.266,0.37,134,19,23.59,26.66
"weemsjo01","Jordan Weems","Jordan","Weems","L","R",4,3,1,0,1,0.333,0.5,0,0,0.02,0.02
"wegmabi01","Bill Wegman","Bill","Wegman","R","R",0,0,0,0,0,NA,NA,0,0,0,0
"wehmehe01","Herm Wehmeier","Herm","Wehmeier","R","R",689,660,151,3,25,0.229,0.258,2,2,-0.22,-0.14
"wehnejo01","John Wehner","John","Wehner","R","R",601,556,139,0,43,0.25,0.303,0,2,-2.44,-1.94
"wehrmda01","Dave Wehrmeister","Dave","Wehrmeister","R","R",7,6,2,0,1,0.333,0.429,0,0,0,0
"weigepa01","Patrick Weigel","Patrick","Weigel","R","R",3,2,1,0,1,0.5,0.667,0,0,0.02,0.02
"weikdi01","Dick Weik","Dick","Weik","R","R",3,2,1,0,1,0.5,0.667,0,0,0.01,0.01
"weilabo01","Bob Weiland","Bob","Weiland","L","L",174,163,33,0,10,0.202,0.253,1,0,-2.98,-2.49
"weilaky01","Kyle Weiland","Kyle","Weiland","L","R",47,43,12,1,4,0.279,0.34,0,0,0.13,0.12
"weintph01","Phil Weintraub","Phil","Weintraub","L","L",1792,1556,414,32,231,0.266,0.363,5,0,6.07,8.24
"weirro01","Bill Weir","Bill","Weir","L","L",15,13,4,0,2,0.308,0.4,0,0,0.03,0.02
"weisswa01","Walt Weiss","Walt","Weiss","B","R",5683,4936,1147,16,665,0.232,0.326,40,42,11.58,11.26
"weissza01","Zack Weiss","Zack","Weiss","R","R",1,0,0,0,1,NA,1,0,0,0.01,0.01
"welchbo01","Bob Welch","Bob","Welch","R","R",623,575,124,5,43,0.216,0.273,3,2,1.8,1.02
"welchjo01","Johnny Welch","Johnny","Welch","L","R",10,8,2,0,2,0.25,0.4,0,0,0.02,0.02
"welkeco01","Colton Welker","Colton","Welker","R","R",111,101,26,1,10,0.257,0.324,0,0,0.14,0.09
"welleto01","Todd Wellemeyer","Todd","Wellemeyer","R","R",425,390,88,5,34,0.226,0.287,0,1,1.63,1.61
"wellmbo01","Bob Wellman","Bob","Wellman","R","R",12,10,2,0,2,0.2,0.333,0,0,0.01,0
"wellmbr01","Brad Wellman","Brad","Wellman","R","R",1030,940,231,11,76,0.246,0.305,7,7,0.65,-0.14
"wellsau01","Austin Wells","Austin","Wells","L","R",472,399,104,11,59,0.261,0.356,5,9,3.21,4.69
"wellsbo01","Bob Wells","Bob","Wells","R","R",2,1,0,0,1,0,0.5,0,0,0.01,0
"wellsca01","Casper Wells","Casper","Wells","R","R",941,843,221,31,87,0.262,0.339,11,0,6.8,4.39
"wellsda01","David Wells","David","Wells","L","L",386,355,78,5,30,0.22,0.282,1,0,0.95,0.66
"wellsja02","Jared Wells","Jared","Wells","R","R",1,0,0,0,1,NA,1,0,0,0.01,0.01
"wellski01","Kip Wells","Kip","Wells","R","R",784,729,175,12,53,0.24,0.293,2,0,3.69,3.93
"wellsra01","Randy Wells","Randy","Wells","R","R",326,299,76,4,27,0.254,0.316,0,0,1.73,1.76
"wellsty01","Tyler Wells","Tyler","Wells","R","R",7,6,2,0,1,0.333,0.429,0,0,0.03,0.03
"wellsve01","Vernon Wells","Vernon","Wells","R","R",7148,6498,1802,226,554,0.277,0.334,31,65,37.92,33.68
"welshch01","Chris Welsh","Chris","Welsh","L","L",110,99,25,2,11,0.253,0.327,0,0,0.79,0.81
"welshji01","Jimmy Welsh","Jimmy","Welsh","L","R",889,837,198,14,33,0.237,0.281,19,0,-1.67,-0.63
"wendejb01","J B  Wendelken","J. B.","Wendelken","R","R",12,10,2,0,2,0.2,0.333,0,0,0.05,0.05
"wendetu01","Turk Wendell","Turk","Wendell","B","R",56,49,12,0,7,0.245,0.339,0,0,-0.26,-0.23
"wendljo01","Joey Wendle","Joey","Wendle","L","R",2827,2549,731,37,201,0.287,0.346,46,31,18.67,14.07
"werbebi01","Billy Werber","Billy","Werber","R","R",5213,4568,1111,101,613,0.243,0.337,32,0,23.56,22.61
"wernean01","Andrew Werner","Andrew","Werner","L","L",61,56,14,1,5,0.25,0.311,0,0,0.26,0.19
"wernedo01","Don Werner","Don","Werner","R","R",6,5,1,0,1,0.2,0.333,0,0,0.01,0.01
"wertdo01","Don Wert","Don","Wert","R","R",3423,3091,775,29,285,0.251,0.317,25,22,5.98,7.4
"werthde01","Dennis Werth","Dennis","Werth","R","R",182,152,38,4,30,0.25,0.374,0,0,0.94,1.11
"werthja01","Jayson Werth","Jayson","Werth","R","R",6485,5513,1542,213,858,0.28,0.38,64,50,39.35,42.71
"wertzvi01","Vic Wertz","Vic","Wertz","L","R",6681,5914,1599,219,707,0.27,0.349,24,36,21.01,27.15
"wesneha01","Hayden Wesneski","Hayden","Wesneski","R","R",8,7,3,0,1,0.429,0.5,0,0,0.02,0.01
"westbja01","Jake Westbrook","Jake","Westbrook","R","R",456,409,96,7,47,0.235,0.314,0,0,2.1,2.16
"westbjo01","Jordan Westburg","Jordan","Westburg","R","R",681,615,178,17,50,0.289,0.348,9,7,4.58,4.75
"westda01","David West","David","West","L","L",1,0,0,0,1,NA,1,0,0,0.01,0.01
"westdi01","Dick West","Dick","West","R","R",267,259,52,3,7,0.201,0.225,1,0,-1.55,-0.71
"westlwa01","Wally Westlake","Wally","Westlake","R","R",3666,3362,869,120,269,0.258,0.319,33,2,12.04,11.37
"westma02","Max West","Max","West","L","R",2451,2168,553,90,272,0.255,0.341,11,0,9.69,9.25
"westma03","Matt West","Matt","West","R","R",2,1,0,0,1,0,0.5,0,0,0.01,0.01
"westrwe01","Wes Westrum","Wes","Westrum","R","R",2824,2367,503,79,433,0.213,0.337,17,7,12.28,14.98
"westsa01","Sam West","Sam","West","L","L",5696,5132,1370,91,560,0.267,0.34,4,0,26.85,21.01
"westse01","Sean West","Sean","West","R","L",114,105,21,2,9,0.2,0.263,0,0,0.34,0.33
"wetzebu01","Buzz Wetzel","Buzz","Wetzel","R","R",1,0,0,0,1,NA,1,0,0,0,0.01
"whalero01","Rob Whalen","Robert","Whalen","R","R",60,55,15,1,5,0.273,0.333,0,0,0.26,0.24
"wheatza01","Zack Wheat","Zack","Wheat","L","R",7323,7000,1956,191,271,0.279,0.311,52,0,21.12,23.71
"wheelda01","Dan Wheeler","Dan","Wheeler","R","R",105,92,23,1,13,0.25,0.343,0,0,0.63,0.51
"wheelry01","Ryan Wheeler","Ryan","Wheeler","L","R",396,356,93,8,36,0.261,0.326,0,4,-0.0300000000000001,-0.0499999999999999
"wheelza01","Zack Wheeler","Zack","Wheeler","L","R",682,629,150,7,50,0.238,0.296,2,1,3.61,3.54
"wheelze01","Zelous Wheeler","Zelous","Wheeler","R","R",111,101,26,3,8,0.257,0.315,1,1,0.54,0.41
"whelake01","Kevin Whelan","Kevin","Whelan","R","R",0,0,0,0,0,NA,NA,0,0,0,0
"whisela01","Larry Whisenton","Larry","Whisenton","L","L",237,203,50,4,32,0.246,0.346,0,2,1.05,0.89
"whisepe01","Pete Whisenant","Pete","Whisenant","R","R",895,821,187,30,64,0.228,0.282,1,9,3.15,2.94
"whitalo01","Lou Whitaker","Lou","Whitaker","L","R",10131,8783,2501,238,1237,0.285,0.371,20,91,78.46,71.31
"whiteab01","Abe White","Abe","White","R","L",1,0,0,0,1,NA,1,0,0,0.01,0.01
"whiteal01","Alex White","Alex","White","R","R",135,123,32,4,11,0.26,0.319,0,1,0.74,0.72
"whitebi03","Bill White","Bill","White","L","L",6773,6083,1712,173,617,0.281,0.348,28,45,38.23,34.29
"whitebu01","Burgess Whitehead","Burgess","Whitehead","R","R",2579,2458,601,6,98,0.245,0.28,23,0,3.83,4.99
"whitech02","Charlie White","Charlie","White","L","R",208,187,46,2,20,0.246,0.322,1,0,0.19,0.24
"whitede01","Deacon White","Deacon","White","L","R",7266,6921,1816,54,345,0.262,0.297,0,0,13.24,8.92
"whitede03","Devon White","Devon","White","B","R",8169,7553,1972,163,482,0.261,0.311,87,47,45.47,40.72
"whiteea01","Earl Whitehill","Earl","Whitehill","L","L",905,876,167,8,29,0.191,0.217,0,0,-4.49,-3.78
"whiteed01","Ed White","Ed","White","R","R",5,4,1,0,1,0.25,0.4,0,0,0.01,0.01
"whiteel03","Eli Whiteside","Eli","Whiteside","R","R",862,778,201,19,71,0.258,0.326,9,4,2.34,4.04
"whiteel04","Eli White","Eli","White","R","R",471,415,105,9,45,0.253,0.335,8,3,2.91,2.8
"whiteer01","Ernie White","Ernie","White","R","L",142,137,28,0,5,0.204,0.232,0,0,-0.24,-0.34
"whiteev01","Evan White","Evan","White","R","L",667,601,157,19,63,0.261,0.333,2,1,2.45,0.91
"whitefr01","Frank White","Frank","White","R","R",8143,7555,1977,200,495,0.262,0.307,30,63,39.89,36.69
"whitega01","Gabe White","Gabe","White","L","L",153,138,35,1,15,0.254,0.327,0,0,-1.75,-1.08
"whiteha01","Hal White","Hal","White","R","R",16,13,3,0,3,0.231,0.375,0,0,-0.01,-0.02
"whiteje01","Jerry White","Jerry","White","B","R",1398,1217,321,31,165,0.264,0.353,7,9,5.79,6.49
"whitejo01","Jo Jo White","Jo-Jo","White","L","R",896,764,184,2,131,0.241,0.353,1,0,3.14,1.01
"whitejo03","Josh Whitesell","Josh","Whitesell","L","L",252,210,44,5,40,0.21,0.341,2,0,0.71,0.78
"whitela01","Larry White","Larry","White","R","R",1,0,0,0,1,NA,1,0,0,0.01,0.01
"whitema01","Mark Whiten","Mark","Whiten","B","R",3711,3302,823,93,375,0.249,0.327,17,17,12.27,11.4
"whitema03","Matt White","Matt","White","R","L",1,0,0,0,1,NA,1,0,0,0,0
"whitemi02","Mike White","Mike","White","R","R",319,294,85,0,24,0.289,0.342,0,1,0.74,0.8
"whitemi03","Mitch White","Mitch","White","R","R",87,79,15,1,8,0.19,0.264,0,0,0.29,0.27
"whitemy01","Myron White","Myron","White","L","L",5,4,1,0,1,0.25,0.4,0,0,0.01,0.01
"whiteow01","Owen White","Owen","White","R","R",4,3,1,0,1,0.333,0.5,0,0,0.01,0.01
"whiteri01","Rick White","Rick","White","R","R",57,50,14,1,7,0.28,0.368,0,0,0.64,0.6
"whitero01","Roy White","Roy","White","B","R",7787,6757,1889,174,932,0.28,0.366,29,69,43.04,38.18
"whitero02","Rondell White","Rondell","White","R","R",5860,5377,1489,154,353,0.277,0.329,88,42,30.23,22.46
"whitesa02","Sammy White","Sammy","White","R","R",3777,3571,850,40,174,0.238,0.274,11,21,-2.5,2.77
"whitese02","Sean White","Sean","White","R","R",2,1,0,0,1,0,0.5,0,0,0.01,0.01
"whitety01","Tyler White","Tyler","White","R","R",1005,878,239,25,115,0.272,0.357,5,7,4.05,4.23
"whitewa02","Wally Whitehurst","Wally","Whitehurst","R","R",3,2,0,0,1,0,0.333,0,0,0.01,0
"whitffr01","Fred Whitfield","Fred","Whitfield","L","L",1739,1620,399,62,101,0.246,0.293,9,9,-1.5,-0.87
"whitfte01","Terry Whitfield","Terry","Whitfield","L","R",2047,1864,541,45,160,0.29,0.347,10,13,8.09,8.04
"whitlch01","Chase Whitley","Chase","Whitley","R","R",44,40,11,1,4,0.275,0.341,0,0,0.16,0.14
"whitlga01","Garrett Whitlock","Garrett","Whitlock","R","R",38,33,9,1,5,0.273,0.368,0,0,0.25,0.3
"whitlko01","Kodi Whitley","Kodi","Whitley","R","R",11,9,2,0,2,0.222,0.364,0,0,0.04,0.04
"whitmda01","Dan Whitmer","Dan","Whitmer","R","R",86,78,20,1,6,0.256,0.302,0,2,0.24,0.18
"whitnpi01","Pinky Whitney","Pinky","Whitney","R","R",5401,5114,1185,91,271,0.232,0.273,16,0,4.63,4.69
"whitsed01","Ed Whitson","Ed","Whitson","R","R",518,482,98,4,36,0.203,0.259,0,0,0.0900000000000001,0.39
"whitter01","Ernie Whitt","Ernie","Whitt","L","R",4258,3756,969,130,461,0.258,0.337,4,37,22.5,24.81
"wicklal01","Al Wickland","Al","Wickland","L","L",542,486,92,19,54,0.189,0.273,2,0,0.12,0.86
"wickmbo01","Bob Wickman","Bob","Wickman","R","R",22,18,5,0,4,0.278,0.409,0,0,0.14,0.13
"wickro01","Rowan Wick","Rowan","Wick","L","R",32,27,8,0,5,0.296,0.406,0,0,0.14,0.14
"widenta01","Taylor Widener","Taylor","Widener","L","R",83,76,19,1,7,0.25,0.313,0,0,0.31,0.25
"widgech01","Chris Widger","Chris","Widger","R","R",1401,1286,304,24,97,0.236,0.295,12,6,-0.72,0.0200000000000002
"wieckbr01","Brad Wieck","Brad","Wieck","L","L",52,46,13,1,6,0.283,0.365,0,0,0.7,0.67
"wiedeto01","Tom Wiedenbauer","Tom","Wiedenbauer","R","R",6,5,2,0,1,0.4,0.5,0,0,0.02,0.01
"wielajo01","Joe Wieland","Joe","Wieland","R","R",85,77,23,2,8,0.299,0.365,0,0,0.41,0.45
"wiemejo01","Joey Wiemer","Joey","Wiemer","R","R",498,437,102,9,47,0.233,0.319,10,4,1.66,1.62
"wietema01","Matt Wieters","Matt","Wieters","B","R",4577,4056,1090,127,459,0.269,0.343,21,41,27.59,25.64
"wiggial01","Alan Wiggins","Alan","Wiggins","B","R",1897,1685,462,11,201,0.274,0.353,7,4,8.94,7.6
"wiggity01","Ty Wigginton","Ty","Wigginton","R","R",5092,4551,1210,144,448,0.266,0.336,54,39,12.7,14.24
"wilbede01","Del Wilber","Del","Wilber","R","R",718,695,173,20,21,0.249,0.273,2,0,0.9,1.99
"wilcomi01","Milt Wilcox","Milt","Wilcox","R","R",77,71,17,0,6,0.239,0.299,0,0,0.26,0.2
"wileyma01","Mark Wiley","Mark","Wiley","R","R",2,1,0,0,1,0,0.5,0,0,0,0.01
"wilforo01","Rob Wilfong","Rob","Wilfong","L","R",3107,2826,733,53,248,0.259,0.32,14,19,11.31,9.61
"wilheho01","Hoyt Wilhelm","Hoyt","Wilhelm","R","R",414,387,77,0,26,0.199,0.249,0,1,-10.23,-8.94
"wilheto01","Tom Wilhelmsen","Tom","Wilhelmsen","R","R",41,34,10,0,7,0.294,0.415,0,0,0.19,0.17
"wilkad01","Adam Wilk","Adam","Wilk","L","L",13,11,4,0,2,0.364,0.462,0,0,0,0
"wilkeaa01","Aaron Wilkerson","Aaron","Wilkerson","R","R",113,102,27,4,11,0.265,0.336,0,0,0.73,0.68
"wilkebr01","Brad Wilkerson","Brad","Wilkerson","L","L",3517,2988,763,95,480,0.255,0.361,25,24,15.36,16.78
"wilkecu01","Curt Wilkerson","Curt","Wilkerson","B","R",1890,1757,452,8,113,0.257,0.305,11,9,2.77,1.6
"wilkest01","Stevie Wilkerson","Stevie","Wilkerson","B","R",632,573,147,8,49,0.257,0.323,8,2,1.41,-0.0799999999999998
"wilkian01","Andy Wilkins","Andy","Wilkins","L","R",179,161,40,3,18,0.248,0.324,0,0,0.6,-0.34
"wilkiri01","Rick Wilkins","Rick","Wilkins","L","R",2453,2153,501,63,267,0.233,0.318,13,20,13.25,13.65
"wilkiro01","Roy Wilkinson","Roy","Wilkinson","R","R",10,9,2,0,1,0.222,0.3,0,0,0,0.01
"willaje01","Jerry Willard","Jerry","Willard","L","R",814,720,190,20,83,0.264,0.339,3,8,3.53,3.44
"willeca01","Carl Willey","Carl","Willey","R","R",73,69,13,1,4,0.188,0.233,0,0,0.08,0.17
"willhni01","Nick Willhite","Nick","Willhite","L","L",12,11,4,0,1,0.364,0.417,0,0,0.01,0.01
"williau01","Austen Williams","Austen","Williams","R","R",11,9,4,0,2,0.444,0.545,0,0,0.04,0.05
"willibe01","Bernie Williams","Bernie","Williams","R","R",237,210,49,5,27,0.233,0.321,0,0,-0.6,0.09
"willibe02","Bernie Williams","Bernie","Williams","B","R",9129,7971,2345,211,1055,0.294,0.377,39,64,50.43,46.47
"willibi01","Billy Williams","Billy","Williams","L","R",10508,9335,2695,362,1057,0.289,0.361,43,73,64.27,60.86
"willibr01","Brian Williams","Brian","Williams","R","R",45,42,10,0,3,0.238,0.289,0,0,0.19,0.19
"willica01","Carl Willis","Carl","Willis","L","R",1,0,0,0,1,NA,1,0,0,0.01,0
"willich01","Charlie Williams","Charlie","Williams","R","R",78,68,17,0,9,0.25,0.346,1,0,0.21,0.23
"willicy01","Cy Williams","Cy","Williams","L","L",6784,6185,1301,257,528,0.21,0.28,71,0,6.98,4.64
"willida03","Davey Williams","Davey","Williams","R","R",2007,1852,468,25,132,0.253,0.308,18,5,4.82,3.68
"willida07","David Williams","David","Williams","L","L",290,264,58,5,25,0.22,0.286,0,1,0.68,0.73
"willide03","Devin Williams","Devin","Williams","R","R",36,32,8,1,4,0.25,0.333,0,0,0.41,0.37
"willidi02","Dick Williams","Dick","Williams","R","R",2783,2598,684,44,155,0.263,0.305,9,21,0.74,2.68
"willido03","Dontrelle Willis","Dontrelle","Willis","L","L",811,743,201,16,65,0.271,0.33,2,1,6.89,7.24
"williea02","Earl Williams","Earl","Williams","R","R",3512,3126,810,140,323,0.259,0.332,32,31,10.88,13.58
"willifr01","Frank Williams","Frank","Williams","R","R",23,19,4,0,4,0.211,0.348,0,0,0.06,0.06
"willige01","George Williams","George","Williams","R","R",54,49,13,0,5,0.265,0.333,0,0,-0.08,0.1
"willige02","Gerald Williams","Gerald","Williams","R","R",2809,2638,648,48,123,0.246,0.284,26,22,4.01,3.25
"willige03","George Williams","George","Williams","B","R",605,514,126,8,79,0.245,0.352,8,4,0.58,0.71
"willigl01","Glenn Williams","Glenn","Williams","B","R",91,84,31,1,7,0.369,0.418,0,0,0.31,0.6
"willija01","Jackson Williams","Jackson","Williams","R","R",135,115,31,3,20,0.27,0.378,0,0,0.79,0.73
"willije01","Jerome Williams","Jeff","Williams","R","L",395,360,82,8,34,0.228,0.296,1,0,1.58,1.47
"willije02","Jeff Williams","Jerome","Williams","R","R",16,14,3,0,2,0.214,0.312,0,0,0.01,0.01
"williji04","Jim Williams","Jim","Williams","R","R",37,32,9,0,4,0.281,0.351,0,1,0.13,0.15
"willijo03","Josh Willingham","Josh","Willingham","R","R",4703,3928,1061,188,627,0.27,0.383,112,36,25.22,25.58
"williju02","Justin Williams","Justin","Williams","L","R",16,14,5,0,2,0.357,0.438,0,0,0.01,0.01
"willike01","Ken Williams","Ken","Williams","L","R",5391,4872,1297,217,493,0.266,0.337,26,0,28.31,25.41
"willike02","Ken Williams","Ken","Williams","R","R",1235,1133,265,25,67,0.234,0.291,27,8,0.37,0.73
"willilu01","Luke Williams","Luke","Williams","R","R",372,337,87,2,34,0.258,0.328,1,0,1.12,0.95
"willima02","Mark Williams","Mark","Williams","L","L",3,2,0,0,1,0,0.333,0,0,0,0
"willima04","Matt Williams","Matt","Williams","R","R",7580,7054,1877,330,411,0.266,0.309,54,61,47.13,44.82
"willima10","Mason Williams",NA,NA,NA,NA,644,584,169,10,59,0.289,0.354,0,1,1.77,2.2
"willima11","Mac Williamson",NA,NA,NA,NA,817,724,174,25,87,0.24,0.326,5,1,2.87,2.48
"willimi03","Mike Williams","Mike","Williams","R","R",121,114,25,0,7,0.219,0.264,0,0,-0.72,-0.54
"willine01","Ed Williamson","Ed","Williamson","R","R",6011,5323,1076,65,673,0.202,0.293,15,0,12.22,14.94
"willini01","Nick Williams","Nick","Williams","L","L",1033,926,245,24,84,0.265,0.337,19,4,2.32,3.24
"willira01","Randy Williams","Randy","Williams","L","L",16,13,4,0,3,0.308,0.438,0,0,0.05,0.05
"willire01","Reggie Williams","Reggie","Williams","R","R",381,347,97,5,30,0.28,0.339,2,2,-0.72,0.04
"willire02","Reggie Williams","Reggie","Williams","B","R",182,161,42,2,18,0.261,0.341,2,1,0.15,0.23
"willire03","Reggie Willits","Reggie","Willits","B","R",1252,1072,283,13,168,0.264,0.363,4,8,4.66,5.67
"williri03","Rick Williams","Rick","Williams","R","R",37,33,8,0,4,0.242,0.324,0,0,0.45,0.45
"williro01","Ron Willis","Ron","Willis","R","R",26,23,6,0,3,0.261,0.346,0,0,0.05,0.04
"willisc01","Scott Williamson","Scott","Williamson","R","R",26,21,7,0,5,0.333,0.462,0,0,0.12,0.12
"willist02","Stan Williams","Stan","Williams","R","R",463,437,86,4,25,0.197,0.242,1,0,-2.18,-2.02
"willita01","Taylor Williams","Taylor","Williams","B","R",88,78,21,2,10,0.269,0.352,0,0,1.03,1.05
"willite01","Ted Williams","Ted","Williams","L","R",10184,8258,2593,500,1867,0.314,0.442,39,20,107.95,107.45
"willitr01","Trevor Williams","Trevor","Williams","R","R",433,394,95,5,39,0.241,0.309,0,0,2.18,2.21
"williwa02","Walt Williams","Walt","Williams","R","R",2293,2166,602,28,101,0.278,0.313,14,12,1.53,1.33
"williwo01","Woody Williams","Woody","Williams","R","R",1404,1349,277,2,51,0.205,0.236,4,0,1.07,-0.1
"williwo02","Woody Williams","Woody","Williams","R","R",973,902,202,9,56,0.224,0.27,5,10,4.59,4.33
"willoji01","Jim Willoughby","Jim","Willoughby","R","R",0,0,0,0,0,NA,NA,0,0,0,0
"willsbu01","Bump Wills","Bump","Wills","B","R",3572,3173,854,57,353,0.269,0.343,17,29,19.54,16.93
"willsma01","Maury Wills","Maury","Wills","B","R",8020,7434,2154,21,541,0.29,0.338,16,29,40.2,35.9
"willste01","Ted Wills","Ted","Wills","L","L",22,20,4,0,2,0.2,0.273,0,0,0.13,0.15
"wilsoal01","Alex Wilson","Alex","Wilson","R","R",28,22,7,0,6,0.318,0.464,0,0,0.14,0.14
"wilsobi02","Bill Wilson","Bill","Wilson","R","R",764,687,140,28,66,0.204,0.281,9,2,0.18,0.13
"wilsobo02","Bobby Wilson","Bobby","Wilson","R","R",1514,1360,343,30,141,0.252,0.322,3,10,5.62,6.62
"wilsobr01","Brian Wilson","Brian","Wilson","R","R",140,122,32,2,18,0.262,0.357,0,0,2.33,2.35
"wilsobr02","Bryse Wilson","Bryse","Wilson","R","R",181,166,38,3,14,0.229,0.293,1,0,0.62,0.53
"wilsocj01","C J  Wilson","C. J.","Wilson","L","L",275,240,66,6,35,0.275,0.367,0,0,1.19,1.04
"wilsocr01","Craig Wilson","Craig","Wilson","R","R",183,164,48,1,18,0.293,0.361,0,1,0.5,0.8
"wilsocr02","Craig Wilson","Craig","Wilson","R","R",353,328,82,4,23,0.25,0.297,0,2,0.39,0.23
"wilsocr03","Craig Wilson","Craig","Wilson","R","R",2356,2036,526,82,219,0.258,0.354,90,11,6.33,8.71
"wilsoda01","Dan Wilson","Dan","Wilson","R","R",4609,4297,1106,54,249,0.257,0.299,24,39,10.32,12.84
"wilsodo01","Don Wilson","Don","Wilson","R","R",769,720,148,5,33,0.206,0.252,13,3,0.05,-0.16
"wilsoea01","Earl Wilson","Earl","Wilson","R","R",1097,1006,202,36,83,0.201,0.264,5,3,5.45,5.56
"wilsoed01","Eddie Wilson","Eddie","Wilson","L","L",330,293,81,7,35,0.276,0.358,2,0,0.5,1.05
"wilsofr01","Frank Wilson","Frank","Wilson","L","R",343,328,67,0,14,0.204,0.239,1,0,-1.64,-1.66
"wilsogl01","Glenn Wilson","Glenn","Wilson","R","R",4448,4117,1117,95,276,0.271,0.316,12,43,15.15,15.58
"wilsoha01","Hack Wilson","Hack","Wilson","R","R",5568,4894,1276,273,654,0.261,0.35,20,0,27.17,30.06
"wilsoja01","Jack Wilson","Jack","Wilson","R","R",507,493,102,4,14,0.207,0.229,0,0,-4.78,-3.67
"wilsoja02","Jack Wilson","Jack","Wilson","R","R",4870,4473,1189,59,324,0.266,0.318,35,38,28.57,19.16
"wilsoja04","Jacob Wilson","Jacob","Wilson","R","R",88,81,21,1,7,0.259,0.318,0,0,0.25,0.31
"wilsoja05","Jacob Wilson","James","Wilson",NA,NA,59,51,15,1,6,0.294,0.373,1,1,0.24,0.33
"wilsoji01","Jimmie Wilson","Jimmie","Wilson","R","R",2610,2484,553,9,115,0.223,0.26,11,0,-3.42,-4.14
"wilsoji02","Jim Wilson","Jim","Wilson","R","R",418,396,86,1,21,0.217,0.256,0,1,-0.14,-0.03
"wilsojo03","Josh Wilson","Josh","Wilson","R","R",1502,1360,353,21,113,0.26,0.327,25,4,5.88,4.75
"wilsoju10","Justin Wilson","Justin","Wilson","L","L",141,123,35,3,18,0.285,0.376,0,0,2.66,2.62
"wilsokr01","Kris Wilson","Kris","Wilson","R","R",7,6,2,0,1,0.333,0.429,0,0,0,0
"wilsoma02","Marcus Wilson","Marcus","Wilson","R","R",12,10,3,0,2,0.3,0.417,0,0,0.01,0.02
"wilsomi02","Mike Wilson","Mike","Wilson","R","R",73,67,18,1,6,0.269,0.329,0,0,0.14,0.12
"wilsomo01","Mookie Wilson","Mookie","Wilson","B","R",5566,5184,1454,80,339,0.28,0.326,23,20,25.76,21.43
"wilsopr01","Preston Wilson","Preston","Wilson","R","R",3870,3490,900,129,318,0.258,0.325,41,21,9.51,12.17
"wilsore01","Red Wilson","Red","Wilson","R","R",1852,1663,418,13,169,0.251,0.321,7,13,3.92,5.03
"wilsota01","Tack Wilson","Tack","Wilson","R","R",3,2,1,0,1,0.5,0.667,0,0,0,0
"wilsoto02","Tom Wilson","Tom","Wilson","R","R",674,596,152,10,66,0.255,0.332,6,6,0.21,1.53
"wilsotr01","Trevor Wilson","Trevor","Wilson","L","L",159,142,33,1,15,0.232,0.314,2,0,0.43,0.44
"wilsoty01","Tyler Wilson","Tyler","Wilson","R","R",37,33,10,1,4,0.303,0.378,0,0,0.12,0.15
"wilsova01","Vance Wilson","Vance","Wilson","R","R",1269,1153,296,25,78,0.257,0.318,29,9,5.7,4.23
"wilsowe01","Weston Wilson","Weston","Wilson","R","R",82,68,21,2,12,0.309,0.415,1,1,1.39,0.99
"wilsowi02","Willie Wilson","Willie","Wilson","B","R",8499,7896,2263,71,506,0.287,0.333,62,35,48.95,40.75
"wimmeal01","Alex Wimmers","Alex","Wimmers","L","R",1,0,0,0,1,NA,1,0,0,0.01,0
"winckjo01","Josh Winckowski","Josh","Winckowski","R","R",5,4,1,0,1,0.25,0.4,0,0,0.01,0.01
"winebo01","Bobby Wine","Bobby","Wine","R","R",1783,1652,366,15,122,0.222,0.275,2,7,1.04,1.14
"winegra01","Ralph Winegarner","Ralph","Winegarner","R","R",218,200,50,6,18,0.25,0.312,0,0,0.12,-0.64
"winfida01","Dave Winfield","Dave","Winfield","R","R",12095,10743,3110,490,1235,0.289,0.361,24,93,66.88,63.48
"winfoji01","Jim Winford","Jim","Winford","R","R",3,2,1,0,1,0.5,0.667,0,0,0.01,0.01
"wingetr01","Trey Wingenter","Trey","Wingenter","R","R",22,19,6,0,3,0.316,0.409,0,0,0.12,0.12
"winkeje01","Jesse Winker","Jesse","Winker","L","L",3180,2662,753,75,455,0.283,0.396,50,13,13.04,14.3
"winkejo01","Joe Winkelsas","Joe","Winkelsas","R","R",5,4,1,0,1,0.25,0.4,0,0,0.02,0.02
"winklda01","Dan Winkler","Dan","Winkler","R","R",90,77,23,3,13,0.299,0.4,0,0,1.89,1.84
"winnihe01","Herm Winningham","Herm","Winningham","L","R",1618,1463,363,18,144,0.248,0.313,0,11,0.35,0.14
"winnji01","Jim Winn","Jim","Winn","R","R",1,0,0,0,1,NA,1,0,0,0.01,0.01
"winnra01","Randy Winn","Randy","Winn","B","R",5876,5278,1517,96,497,0.287,0.351,49,52,30.59,31.44
"wisdopa01","Patrick Wisdom","Patrick","Wisdom","R","R",1645,1437,359,84,169,0.25,0.34,32,7,5.92,6.44
"wisede01","Dewayne Wise","Dewayne","Wise","L","L",1520,1397,363,34,107,0.26,0.315,9,7,5.01,7.11
"wisema01","Matt Wise","Matt","Wise","R","R",88,78,23,1,10,0.295,0.375,0,0,0.3,0.31
"wiseri01","Rick Wise","Rick","Wise","R","R",855,802,188,18,47,0.234,0.278,3,3,4.96,4.43
"wislema01","Matt Wisler","Matt","Wisler","R","R",349,314,80,8,34,0.255,0.327,0,1,2.22,2.17
"witasja01","Jay Witasick","Jay","Witasick","R","R",53,48,14,1,5,0.292,0.358,0,0,0.2,0.21
"witekmi01","Mickey Witek","Mickey","Witek","R","R",2234,2140,591,14,94,0.276,0.307,0,0,5.1,3.22
"withrch01","Chris Withrow","Chris","Withrow","R","R",48,42,11,1,6,0.262,0.354,0,0,0.55,0.54
"wittbo01","Bobby Witt","Bobby","Witt","R","R",0,0,0,0,0,NA,NA,0,0,0,0
"wittbo02","Bobby Witt","Bobby","Witt","R","R",2071,1858,548,71,151,0.295,0.351,28,34,14.98,17.82
"wittgni01","Nick Wittgren","Nick","Wittgren","R","R",70,61,16,1,9,0.262,0.357,0,0,0.75,0.74
"wockejo01","John Wockenfuss","John","Wockenfuss","R","R",2429,2109,578,80,302,0.274,0.365,7,11,10.73,10.22
"wohlfji01","Jim Wohlford","Jim","Wohlford","R","R",3235,2924,779,40,269,0.266,0.326,8,34,8.12,7.09
"wojcias01","Asher Wojciechowski","Asher","Wojciechowski","R","R",84,77,22,1,7,0.286,0.345,0,0,0.37,0.37
"wojcijo01","John Wojcik","John","Wojcik","L","R",164,139,33,0,24,0.237,0.354,1,0,-0.09,-0.14
"wojeype01","Pete Wojey","Pete","Wojey","R","R",5,3,1,0,1,0.333,0.6,1,0,0.01,0.01
"wojnaed01","Ed Wojna","Ed","Wojna","R","R",12,11,4,0,1,0.364,0.417,0,0,0,0
"wolfebr01","Brian Wolfe","Brian","Wolfe","R","R",2,1,0,0,1,0,0.5,0,0,0.01,0.01
"wolfela01","Larry Wolfe","Larry","Wolfe","R","R",429,364,90,9,58,0.247,0.347,1,6,1.43,1.08
"wolfra02","Randy Wolf","Randy","Wolf","L","L",1425,1308,297,18,107,0.227,0.285,2,8,7.75,6.96
"wolfro01","Ross Wolf","Ross","Wolf","R","R",16,13,4,0,3,0.308,0.438,0,0,0.04,0.04
"wolteha01","Harry Wolter","Harry","Wolter","L","L",1069,933,182,2,127,0.195,0.297,9,0,0.0899999999999999,0.36
"woltery01","Rynie Wolters","Rynie","Wolters",NA,"R",597,538,141,1,59,0.262,0.335,0,0,1.11,1.44
"wolteto01","Tony Wolters","Tony","Wolters","L","R",1462,1268,328,18,169,0.259,0.352,17,8,7.65,7.28
"womacto01","Tony Womack","Tony","Womack","L","R",5256,4914,1301,15,281,0.265,0.306,28,33,-0.87,-0.6
"wongco01","Connor Wong","Connor","Wong","R","R",1092,986,264,19,77,0.268,0.333,23,6,5.64,3.62
"wongke01","Kean Wong","Kean","Wong","L","R",223,207,53,2,16,0.256,0.309,0,0,0.46,-0.32
"wongko01","Kolten Wong","Kolten","Wong","L","R",4735,4126,1153,88,445,0.279,0.363,122,42,30.75,28.07
"woodabr01","Brad Woodall","Brad","Woodall","B","L",2,1,0,0,1,0,0.5,0,0,0,0
"woodal02","Alex Wood","Alex","Wood","R","L",778,708,157,9,70,0.222,0.292,0,0,3.51,3.28
"woodala01","Larry Woodall","Larry","Woodall","R","R",841,753,143,1,88,0.19,0.275,0,0,-2.64,-2.71
"woodami01","Mike Woodard","Mike","Woodard","L","R",112,100,27,1,12,0.27,0.348,0,0,0.55,0.36
"woodbl01","Blake Wood","Blake","Wood","R","R",69,61,17,2,8,0.279,0.362,0,0,1.64,1.6
"woodbr01","Brandon Wood","Brandon","Wood","R","R",975,893,205,24,75,0.23,0.291,4,3,1.25,-0.31
"woodfja01","Jake Woodford","Jake","Woodford","R","R",86,79,20,1,7,0.253,0.314,0,0,0.38,0.31
"woodhu01","Hunter Wood","Hunter","Wood","R","R",5,4,1,0,1,0.25,0.4,0,0,0.02,0.03
"woodja01","Jake Wood","Jake","Wood","R","R",612,587,143,7,17,0.244,0.273,7,1,-1.01,-0.12
"woodja02","Jason Wood","Jason","Wood","R","R",372,342,90,7,29,0.263,0.32,0,1,0.83,0.77
"woodji01","Jimmy Wood","Jimmy","Wood",NA,"R",734,655,162,18,79,0.247,0.328,0,0,2.55,1.6
"woodke02","Kerry Wood","Kerry","Wood","R","R",632,589,133,8,42,0.226,0.277,0,1,2.17,2.22
"woodlge01","Gene Woodling","Gene","Woodling","L","R",7100,6135,1736,137,906,0.283,0.376,28,31,26.48,27.54
"woodmi01","Mike Wood","Mike","Wood","R","R",16,14,3,0,2,0.214,0.312,0,0,0,0
"woodrbr01","Brandon Woodruff","Brandon","Woodruff","L","R",367,336,83,6,31,0.247,0.311,0,0,2.17,2.3
"woodsal01","Al Woods","Al","Woods","L","L",2271,2052,552,45,200,0.269,0.332,3,16,5.93,5.18
"woodsga01","Gary Woods","Gary","Woods","R","R",1154,1045,266,18,103,0.255,0.321,2,4,2.76,3.09
"woodsja01","Jake Woods","Jake","Woods","L","L",4,3,1,0,1,0.333,0.5,0,0,0.02,0.01
"woodsro01","Ron Woods","Ron","Woods","R","R",1433,1258,314,28,167,0.25,0.336,1,7,4.57,5.01
"woodstr01","Tracy Woodson","Tracy","Woodson","R","R",210,205,54,1,3,0.263,0.276,1,1,-0.4,-0.41
"woodti01","Tim Wood","Tim","Wood","R","R",35,30,8,1,5,0.267,0.371,0,0,0.49,0.46
"woodtr01","Travis Wood","Travis","Wood","R","L",722,661,176,22,59,0.266,0.328,2,0,6.51,6.5
"woodwch01","Chris Woodward","Chris","Woodward","R","R",2016,1813,457,29,168,0.252,0.316,12,23,5.89,4.92
"woodwwo01","Woody Woodward","Woody","Woodward","R","R",2549,2336,579,6,190,0.248,0.306,11,12,1.13,0.43
"wootero01","Rob Wooten","Rob","Wooten","R","R",49,43,12,1,6,0.279,0.367,0,0,0.15,0.14
"wootesh01","Shawn Wooten","Shawn","Wooten","R","R",451,422,123,9,21,0.291,0.328,4,4,1.83,2.02
"workmbr01","Brandon Workman","Brandon","Workman","R","R",60,51,13,1,9,0.255,0.367,0,0,0.2,0.2
"worleva01","Vance Worley","Vance","Worley","R","R",447,410,95,6,37,0.232,0.295,0,0,2.31,2.25
"worrema01","Mark Worrell","Mark","Worrell","R","R",21,19,5,1,2,0.263,0.333,0,0,0.31,0.26
"worreti01","Tim Worrell","Tim","Worrell","R","R",181,161,42,0,20,0.261,0.343,0,0,-1.62,-0.72
"worreto01","Todd Worrell","Todd","Worrell","R","R",21,18,6,0,3,0.333,0.429,0,0,0.02,-0.01
"worthal01","Al Worthington","Al","Worthington","R","R",252,234,51,1,14,0.218,0.262,1,3,-2.26,-1.88
"worthcr01","Craig Worthington","Craig","Worthington","R","R",1449,1267,301,34,168,0.238,0.329,8,6,2.53,2.68
"worthda01","Danny Worth","Danny","Worth","R","R",618,553,146,8,62,0.264,0.338,1,2,2.41,2.63
"worthre01","Red Worthington","Red","Worthington","R","R",505,485,134,12,18,0.276,0.305,2,0,1.36,1.24
"wrighal01","Al Wright","Al","Wright","R","R",1,0,0,0,1,NA,1,0,0,0,0
"wrighcl01","Clyde Wright","Clyde","Wright","R","L",532,512,109,5,19,0.213,0.241,0,1,0.61,0.3
"wrighda03","David Wright","David","Wright","R","R",7010,6030,1858,232,870,0.308,0.396,45,65,54.78,56.56
"wrighda04","Daniel Wright","Daniel","Wright","R","R",49,44,11,1,5,0.25,0.327,0,0,0.13,0.12
"wrighed01","Ed Wright","Ed","Wright","R","R",119,115,32,0,3,0.278,0.303,1,0,0.27,0.53
"wrighge01","George Wright","George","Wright","R","R",5585,5332,1205,70,253,0.226,0.261,0,0,21.13,21.73
"wrighge03","George Wright","George","Wright","B","R",1691,1573,419,47,104,0.266,0.313,7,7,5.25,5.14
"wrighgl01","Glenn Wright","Glenn","Wright","R","R",4505,4342,962,139,158,0.222,0.25,5,0,14.47,17.7
"wrighja01","Jamey Wright","Jamey","Wright","R","R",550,511,115,5,39,0.225,0.28,0,0,2.65,2.55
"wrighja02","Jaret Wright","Jaret","Wright","R","R",21,18,6,0,3,0.333,0.429,0,0,0.01,0.01
"wrighky01","Kyle Wright","Kyle","Wright","R","R",62,56,14,1,6,0.25,0.323,0,0,0.23,0.17
"wrighme01","Mel Wright","Mel","Wright","R","R",1,0,0,0,1,NA,1,0,0,0,0
"wrighmi01","Mike Wright Jr","Mike","Wright","R","R",38,34,10,1,4,0.294,0.368,0,0,0.22,0.24
"wrighri01","Ricky Wright","Ricky","Wright","L","L",6,5,1,0,1,0.2,0.333,0,0,0.01,0.01
"wrighst01","Steven Wright","Steven","Wright","R","R",0,0,0,0,0,NA,NA,0,0,0,0
"wrighta01","Taffy Wright","Taffy","Wright","L","R",3957,3647,1117,50,286,0.306,0.361,24,0,13.12,14.32
"wrighto01","Tom Wright","Tom","Wright","L","R",243,219,53,2,21,0.242,0.313,2,1,0.35,0.23
"wrighwe01","Wesley Wright","Wesley","Wright","R","L",171,153,43,3,18,0.281,0.357,0,0,2.15,2.05
"wronari01","Rick Wrona","Rick","Wrona","R","R",139,129,33,2,7,0.256,0.295,1,2,0.17,0.19
"wuertmi01","Michael Wuertz","Michael","Wuertz","R","R",90,77,21,2,13,0.273,0.378,0,0,1.33,1.21
"wunscke01","Kelly Wunsch","Kelly","Wunsch","L","L",20,16,5,0,4,0.312,0.45,0,0,0.06,0.05
"wyattwh01","Whit Wyatt","Whit","Wyatt","R","R",788,757,167,12,29,0.221,0.251,2,0,-2.51,-1.8
"wynegbu01","Butch Wynegar","Butch","Wynegar","B","R",5049,4341,1133,86,655,0.261,0.357,17,36,29.71,30.16
"wynnea01","Early Wynn","Early","Wynn","B","R",2632,2462,541,22,164,0.22,0.269,2,4,5.71,5.84
"wynnebi02","Billy Wynne","Billy","Wynne","L","R",1,0,0,0,1,NA,1,0,0,0,0
"wynnema01","Marvell Wynne","Marvell","Wynne","L","L",2694,2488,651,39,189,0.262,0.314,7,10,1.8,2.15
"wynnji01","Jim Wynn","Jim","Wynn","R","R",7582,6305,1671,331,1184,0.265,0.38,26,67,54.21,52.38
"wynnsau01","Austin Wynns","Austin","Wynns","R","R",871,793,207,13,63,0.261,0.323,11,4,2.9,0.4
"wyrosjo01","Johnny Wyrostek","Johnny","Wyrostek","L","R",4459,4049,1074,59,386,0.265,0.333,24,0,10.84,8.88
"yabuke01","Keiichi Yabu","Keiichi","Yabu","R","R",35,30,8,1,5,0.267,0.371,0,0,0.69,0.7
"yabutya01","Yasuhiko Yabuta","Yasuhiko","Yabuta","R","R",2,1,0,0,1,0,0.5,0,0,0.01,0.01
"yacabji01","Jimmy Yacabonis","Jimmy","Yacabonis","R","R",26,23,7,1,3,0.304,0.385,0,0,0.12,0.12
"yajurmi01","Miguel Yajure","Miguel","Yajure","R","R",46,42,12,1,4,0.286,0.348,0,0,0.16,0.18
"yamamjo01","Jordan Yamamoto","Jordan","Yamamoto","R","R",115,104,24,2,11,0.231,0.304,0,0,0.39,0.41
"yanes01","Esteban Yan","Esteban","Yan","R","R",28,21,5,0,7,0.238,0.429,0,0,0.11,0.12
"yanghy01","Hyeon jong Yang","Hyeon-jong","Yang","L","L",2,1,0,0,1,0,0.5,0,0,0.01,0.01
"yarbrry01","Ryan Yarbrough","Ryan","Yarbrough","R","L",42,38,10,1,4,0.263,0.333,0,0,0.14,0.19
"yardler01","Eric Yardley","Eric","Yardley","R","R",18,16,5,0,2,0.312,0.389,0,0,0.07,0.06
"yastrca01","Carl Yastrzemski","Carl","Yastrzemski","L","R",13556,11606,3201,395,1813,0.276,0.373,37,100,95.16,92.66
"yastrmi01","Mike Yastrzemski","Mike","Yastrzemski","L","L",3097,2685,720,111,353,0.268,0.359,38,21,21.11,18.89
"yateski01","Kirby Yates","Kirby","Yates","L","R",80,68,20,1,12,0.294,0.4,0,0,0.97,1
"yatesty01","Tyler Yates","Tyler","Yates","R","R",96,87,19,1,9,0.218,0.292,0,0,0.3,0.33
"yeagest01","Steve Yeager","Steve","Yeager","R","R",3893,3470,867,115,369,0.25,0.324,27,27,20.85,21.95
"yelicch01","Christian Yelich","Christian","Yelich","L","R",6886,5848,1800,186,956,0.308,0.408,53,29,48.07,50.93
"yepezju01","Juan Yepez","Juan","Yepez","R","R",537,479,137,17,42,0.286,0.343,5,11,1.29,0.23
"yinglea01","Earl Yingling","Earl","Yingling","L","L",19,17,5,0,1,0.294,0.368,1,0,0.04,0.04
"ynoaga01","Gabriel Ynoa","Gabriel","Ynoa","R","R",53,47,14,1,6,0.298,0.377,0,0,0.27,0.29
"ynoahu01","Huascar Ynoa","Huascar","Ynoa","R","R",98,91,24,3,7,0.264,0.316,0,0,0.67,0.82
"ynoami01","Michael Ynoa","Michael","Ynoa","R","R",1,0,0,0,1,NA,1,0,0,0.01,0
"ynoara01","Rafael Ynoa","Rafael","Ynoa","B","R",384,354,100,5,30,0.282,0.339,0,0,1.54,1.62
"yorkmi01","Mike York","Mike","York","R","R",3,2,1,0,1,0.5,0.667,0,0,0.01,0
"yorkru01","Rudy York","Rudy","York","R","R",6771,6052,1476,287,707,0.244,0.324,12,0,22.22,30.9
"yoshima02","Masataka Yoshida","Masataka","Yoshida","L","R",1024,919,270,18,71,0.294,0.36,28,6,3.92,2.5
"yosted01","Eddie Yost","Eddie","Yost","R","R",8052,6581,1566,134,1362,0.238,0.375,92,17,28.91,32.28
"yostne01","Ned Yost","Ned","Yost","R","R",357,334,87,12,22,0.26,0.305,0,1,-0.81,-0.46
"youklke01","Kevin Youkilis","Kevin","Youkilis","R","R",4583,3843,1073,141,592,0.279,0.386,104,44,35.78,33.13
"youmafl01","Floyd Youmans","Floyd","Youmans","R","R",147,136,28,2,11,0.206,0.265,0,0,0.49,0.56
"youmash01","Shane Youman","Shane","Youman","L","L",113,103,24,2,10,0.233,0.301,0,0,0.63,0.48
"youngal01","Alex Young","Alex","Young","L","L",148,136,31,2,12,0.228,0.291,0,0,0.64,0.64
"youngan02","Andrew Young","Andrew","Young","R","R",214,187,48,9,17,0.257,0.346,9,1,0.65,1.05
"youngba01","Babe Young","Babe","Young","L","L",2850,2580,680,75,253,0.264,0.333,17,0,7.82,6.56
"youngbo01","Bobby Young","Bobby","Young","L","R",1350,1261,289,5,84,0.229,0.278,2,3,-3.5,-2.86
"youngch03","Chris Young","Chris","Young","R","R",659,596,141,10,61,0.237,0.308,1,1,3.1,3.03
"youngch04","Chris Young","Chris","Young","R","R",5492,4805,1240,175,618,0.258,0.345,37,32,27.82,26.26
"youngcu01","Curt Young","Curt","Young","R","L",0,0,0,0,0,NA,NA,0,0,0,0
"youngcy01","Cy Young","Cy","Young","R","R",1818,1812,359,17,0,0.198,0.201,6,0,-16.78,-13.66
"youngde03","Delmon Young","Delmon","Young","R","R",4483,4094,1190,110,306,0.291,0.343,40,43,14.84,12.04
"youngde04","Delwyn Young","Delwyn","Young","B","R",926,837,228,22,83,0.272,0.34,4,2,3.89,4.23
"youngdm01","Dmitri Young","Dmitri","Young","B","R",4874,4432,1272,132,368,0.287,0.345,42,32,14.26,14.75
"younger01","Eric Young Sr","Eric","Young","R","R",6847,6083,1608,36,631,0.264,0.34,89,44,19.95,20.51
"younger03","Eric Young Jr","Eric","Young","B","R",2349,2093,558,33,228,0.267,0.344,23,5,9.79,9.85
"youngge02","Gerald Young","Gerald","Young","B","R",2077,1823,459,6,233,0.252,0.336,6,15,5.56,3.97
"youngja01","Jason Young","Jason","Young","R","R",78,69,19,2,8,0.275,0.346,0,1,0.3,0.27
"youngja03","Jacob Young","Jacob","Young","R","R",628,562,158,5,50,0.281,0.354,14,2,4.19,4.25
"youngjo01","John Young","John","Young","L","L",4,3,1,0,1,0.333,0.5,0,0,0,0
"youngjo02","Joel Youngblood","Joel","Youngblood","R","R",3868,3458,961,88,348,0.278,0.347,33,29,15.91,15.9
"youngke01","Kevin Young","Kevin","Young","R","R",4347,3938,966,104,300,0.245,0.305,62,47,1.35,4.2
"youngma02","Matt Young","Matt","Young","L","R",148,133,33,2,14,0.248,0.324,1,0,0.35,0.48
"youngma03","Madison Younginer","Madison","Younginer","R","R",7,6,2,0,1,0.333,0.429,0,0,0.03,0.03
"youngmi01","Mike Young","Mike","Young","B","R",2061,1792,470,66,241,0.262,0.354,19,9,8.21,7.8
"youngmi02","Michael Young","Michael","Young","R","R",8484,7727,2265,152,663,0.293,0.348,22,72,34.78,33.69
"youngpe01","Pep Young","Pep","Young","R","R",1600,1512,359,28,79,0.237,0.279,9,0,6.4,5.45
"youngro01","Ross Youngs","Ross","Youngs","L","R",4932,4455,1262,23,442,0.283,0.353,35,0,17.32,23.23
"youngwa01","Walter Young","Walter","Young","L","R",86,76,22,2,10,0.289,0.372,0,0,0.36,0.22
"yountro01","Robin Yount","Robin","Yount","R","R",12370,11128,3241,290,1071,0.291,0.352,48,123,80.41,69.25
"yurakje01","Jeff Yurak","Jeff","Yurak","B","R",7,6,2,0,1,0.333,0.429,0,0,0,0
"yvarssa01","Sal Yvars","Sal","Yvars","R","R",618,571,143,10,41,0.25,0.307,6,0,0.38,0.68
"zachach02","Chris Zachary","Chris","Zachary","L","R",24,20,5,0,3,0.25,0.333,0,1,0.06,0.09
"zachato01","Tom Zachary","Tom","Zachary","L","L",776,762,159,5,13,0.209,0.223,1,0,-6.67,-5.43
"zachrpa01","Pat Zachry","Pat","Zachry","R","R",330,299,60,4,29,0.201,0.27,0,2,0.68,-0.0399999999999999
"zagunma01","Mark Zagunis","Mark","Zagunis","R","R",223,195,48,3,28,0.246,0.341,0,0,1.16,0.95
"zagurmi01","Mike Zagurski","Mike","Zagurski","L","L",32,26,9,0,6,0.346,0.469,0,0,0.21,0.19
"zahnge01","Geoff Zahn","Geoff","Zahn","L","L",2,1,0,0,1,0,0.5,0,0,0,0.01
"zambrca01","Carlos Zambrano","Carlos","Zambrano","B","R",1343,1254,327,34,85,0.261,0.307,0,4,9.88,10.61
"zambrvi01","Victor Zambrano","Victor","Zambrano","B","R",9,8,2,0,1,0.25,0.333,0,0,0.01,0.01
"zamorda01","Daniel Zamora","Daniel","Zamora","L","L",18,16,4,0,2,0.25,0.333,0,0,0.08,0.08
"zamoros01","Oscar Zamora","Oscar","Zamora","R","R",27,24,5,0,3,0.208,0.296,0,0,0.09,0.1
"zannido01","Dom Zanni","Dom","Zanni","R","R",2,1,0,0,1,0,0.5,0,0,0,0
"zaratma01","Mauro Zarate","Mauro","Zarate","R","R",3,2,1,0,1,0.5,0.667,0,0,0.02,0.02
"zarilal01","Al Zarilla","Al","Zarilla","L","R",3862,3513,892,57,320,0.254,0.321,29,0,0.0200000000000005,1.14
"zastrro01","Rob Zastryzny","Rob","Zastryzny","R","L",78,69,18,2,9,0.261,0.346,0,0,0.47,0.47
"zauchno01","Norm Zauchin","Norm","Zauchin","R","R",698,611,124,21,77,0.203,0.294,4,6,0.75,1.37
"zaungr01","Gregg Zaun","Gregg","Zaun","B","R",4265,3701,926,63,504,0.25,0.342,29,31,14.78,17.39
"zavadcl01","Clay Zavada","Clay","Zavada","L","L",14,12,3,0,2,0.25,0.357,0,0,0.08,0.07
"zavalse01","Seby Zavala","Seby","Zavala","R","R",690,612,154,14,59,0.252,0.325,11,8,1.78,3.97
"zawadla01","Lance Zawadzki","Lance","Zawadzki","B","R",88,77,21,1,11,0.273,0.364,0,0,0.27,0.33
"zdebjo01","Joe Zdeb","Joe","Zdeb","R","R",356,323,88,4,28,0.272,0.326,0,5,0.66,0.54
"zeidjo01","Josh Zeid","Josh","Zeid","R","R",16,14,5,0,2,0.357,0.438,0,0,0.02,0.02
"zeileto01","Todd Zeile","Todd","Zeile","R","R",8690,7661,1978,202,907,0.258,0.337,42,80,17.22,21.35
"zernigu01","Gus Zernial","Gus","Zernial","R","R",3900,3587,904,172,277,0.252,0.309,23,13,5.69,11.6
"zeuchtj01","T J  Zeuch","T. J.","Zeuch","R","R",17,15,5,0,2,0.333,0.412,0,0,0.01,0.01
"zickbo01","Bob Zick","Bob","Zick","L","R",4,3,1,0,1,0.333,0.5,0,0,0,0
"zieglbr01","Brad Ziegler","Brad","Ziegler","R","R",159,137,38,3,22,0.277,0.377,0,0,3.31,3.13
"zientbe01","Benny Zientara","Benny","Zientara","R","R",803,773,205,2,30,0.265,0.293,0,0,0.74,0.23
"zimmebr01","Bradley Zimmer","Bradley","Zimmer","L","R",1113,966,245,19,102,0.254,0.345,37,8,5.85,5.16
"zimmebr02","Bruce Zimmermann","Bruce","Zimmermann","L","L",51,46,13,1,5,0.283,0.353,0,0,0.08,0.11
"zimmedo01","Don Zimmer","Don","Zimmer","R","R",3683,3443,805,75,218,0.234,0.281,11,11,-0.18,0.48
"zimmehe01","Heinie Zimmerman","Heinie","Zimmerman","R","R",4070,3893,1032,77,150,0.265,0.297,27,0,6.91,7.98
"zimmejo02","Jordan Zimmermann","Jordan","Zimmermann","R","R",756,694,163,12,60,0.235,0.295,0,2,4.09,3.88
"zimmeky01","Kyle Zimmer","Kyle","Zimmer","R","R",1,0,0,0,1,NA,1,0,0,0,0
"zimmery01","Ryan Zimmerman","Ryan","Zimmerman","R","R",7584,6714,1922,256,770,0.286,0.359,31,69,48.81,48.67
"zinnji01","Jimmy Zinn","Jimmy","Zinn","L","R",51,46,14,1,4,0.304,0.373,1,0,0.85,0.76
"ziskri01","Richie Zisk","Richie","Zisk","R","R",5875,5238,1530,227,584,0.292,0.362,12,41,29.63,31.2
"zitoba01","Barry Zito","Barry","Zito","L","L",794,723,150,11,71,0.207,0.278,0,0,3.07,2.67
"zobribe01","Ben Zobrist","Ben","Zobrist","B","R",6785,5756,1638,163,934,0.285,0.384,31,64,50.44,49.77
"zuberbi01","Bill Zuber","Bill","Zuber","R","R",94,89,18,0,5,0.202,0.245,0,0,-1.67,-1.35
"zuberty01","Tyler Zuber","Tyler","Zuber","R","R",18,16,4,0,2,0.25,0.333,0,0,0.01,0.01
"zumayjo01","Joel Zumaya","Joel","Zumaya","R","R",3,2,1,0,1,0.5,0.667,0,0,0.02,0.02
"zuniggu01","Guillo Zuñiga","Guillermo","Zuñiga","R","R",1,0,0,0,1,NA,1,0,0,0.01,0.01
"zuninmi01","Mike Zunino","Mike","Zunino","R","R",3075,2722,681,131,279,0.25,0.332,60,14,17.16,24.28
"zuvelpa01","Paul Zuvella","Paul","Zuvella","R","R",34,28,6,0,5,0.214,0.353,1,0,0.02,0.03
"zychto01","Tony Zych","Tony","Zych","R","R",5,4,1,0,1,0.25,0.4,0,0,0.03,0.02
