playerID,name,bats,PA,HR,hr_per_600,pred_pow_linear,pred_pow_poly,pow,pow_poly
ruthba01,Babe Ruth,L,10829,703,38.950965001385164,77.35917173816469,77.65180378377326,77,78
mcgwima01,Mark McGwire,R,7668,484,37.8716744913928,73.89031332117861,71.15327461559653,74,71
schimry01,Ryan Schimpf,L,633,38,36.018957345971565,73.35077307214395,73.82251329643904,73,74
kingmda01,Dave Kingman,R,7697,462,36.0140314408211,71.35069719428827,69.01479758043966,71,69
jacksbo01,Bo Jackson,R,2154,129,35.93314763231198,71.2401195327559,68.92109223210545,71,69
stargwi01,Willie Stargell,L,9210,527,34.33224755700326,71.04484278046094,71.59012015969307,71,72
kittlro01,Ron Kittle,R,2983,173,34.79718404290983,69.68712395036019,67.59982377013345,70,68
stantmi03,Giancarlo Stanton,R,7243,419,34.709374568548945,69.56707809057457,67.49728340898983,70,67
kinerra01,Ralph Kiner,R,6347,359,33.93729320939026,68.51155223463182,66.59316400666609,69,67
balbost01,Steve Balboni,R,3180,179,33.77358490566038,68.28774376500665,66.40087891719664,68,66
seerepa01,Pat Seerey,R,1278,71,33.33333333333333,67.6858681825978,65.88277056080973,68,66
seyboso01,Socks Seybold,R,1243,69,33.306516492357204,67.6492064128384,65.851163837185,68,66
thomago01,Gorman Thomas,R,5480,304,33.284671532846716,67.6193417887132,65.8254130210511,68,66
judgeaa01,Aaron Judge,R,4579,253,33.151343088010485,67.4370661526188,65.6681672443613,67,66
schmimi01,Mike Schmidt,R,10310,560,32.58971871968962,66.6692597096085,65.00431709099496,67,65
daviskh01,Khris Davis,R,4004,217,32.51748251748251,66.57050434107092,64.91875921496586,67,65
strawda01,Darryl Strawberry,L,6463,334,31.00727216462943,66.4992110858319,67.12635186475171,66,67
ortizda01,David Ortiz,L,10093,521,30.971960764886553,66.45093625702532,67.07849712505154,66,67
mccovwi01,Willie McCovey,L,10023,514,30.769230769230766,66.17378055361212,66.80357050531865,66,67
bondsba01,Barry Bonds,L,12740,651,30.659340659340657,66.02354787291667,66.65441601866551,66,67
alvaryo01,Yordan Alvarez,L,2804,143,30.599144079885875,65.94125208206493,66.5726720809143,66,67
foxxji01,Jimmie Foxx,R,9322,495,31.860115854966747,65.67180694229383,64.13834602943032,66,64
olsonma02,Matt Olson,L,5043,254,30.220107079119572,65.42306400522315,66.05732841714618,65,66
schwaky01,Kyle Schwarber,L,5150,259,30.1747572815534,65.36106550814117,65.99559736292156,65,66
jacksre01,Reggie Jackson,L,11481,575,30.049647243271494,65.19002539860084,65.82521431505948,65,66
gehrilo01,Lou Gehrig,L,9569,479,30.034486362211307,65.16929869439011,65.80455918113279,65,66
howarry01,Ryan Howard,L,6554,327,29.935916997253585,65.03454280100848,65.6702261572214,65,66
rookebr01,Brent Rooker,R,1510,79,31.39072847682119,65.03009929295271,63.57909559978558,65,64
branyru01,Russell Branyan,L,3634,181,29.884424876169508,64.96414702660356,65.60002202863708,65,66
sauerha01,Hank Sauer,R,5680,296,31.267605633802816,64.86177591262309,63.43212495513866,65,63
mantlmi01,Mickey Mantle,S,10128,500,29.620853080568722,64.85288960922956,66.97552297410539,65,67
greenha01,Hank Greenberg,R,6185,322,31.236863379143088,64.81974764153689,63.39541028746298,65,63
cansejo01,Jose Canseco,R,8394,434,31.02215868477484,64.52622111922204,63.1387945590947,65,63
alonspe01,Pete Alonso,R,4062,210,31.0192023633678,64.52217948080326,63.135258717833715,65,63
cartech02,Chris Carter,R,2928,151,30.942622950819672,64.41748643386124,63.04364458249901,64,63
willite01,Ted Williams,L,10184,500,29.45797329143755,64.38113764727747,65.01782805328736,64,65
matheed01,Eddie Mathews,L,10144,498,29.45583596214511,64.37821566722437,65.01490669129251,64,65
ohtansh01,Shohei Ohtani,L,3877,189,29.249419654371938,64.09602034239457,64.73260804775816,64,65
bergewa01,Wally Berger,R,5535,283,30.67750677506775,64.05504149847289,62.72613551592842,64,63
wisdopa01,Patrick Wisdom,R,1645,84,30.638297872340424,64.00143832554183,62.67913287371157,64,63
killeha01,Harmon Killebrew,R,10073,511,30.43780403057679,63.727339707010984,62.4386039406428,64,62
alvarpe01,Pedro Álvarez,L,3520,170,28.977272727272727,63.72396354454415,64.35992186604832,64,64
roberbo01,Bob Robertson,R,2735,138,30.274223034734916,63.50370528221394,62.24213318555415,64,62
cruzne02,Nelson Cruz,R,8877,447,30.212909766813112,63.419882847134915,62.16843999702614,63,62
thomeji01,Jim Thome,L,10130,485,28.72655478775913,63.381202688364866,64.01608479285815,63,64
gallojo01,Joey Gallo,L,3980,190,28.64321608040201,63.267268891916075,63.90168784329073,63,64
nichobi01,Bill Nicholson,L,6782,323,28.575641403715718,63.17488637600211,63.80889116709589,63,64
pujolal01,Albert Pujols,R,13253,663,30.015845468950424,63.15047281772567,61.931393134604974,63,62
phelpke01,Ken Phelps,L,2146,102,28.518173345759553,63.09632079435195,63.72994615754497,63,64
stuardi01,Dick Stuart,R,4593,229,29.91508817766166,63.01272577219936,61.81007947269354,63,62
howarfr01,Frank Howard,R,7512,374,29.87220447284345,62.954098713409124,61.758423365672044,63,62
troutmi01,Mike Trout,R,7273,362,29.86388010449608,62.942718324644645,61.74839452875144,63,62
sosasa01,Sammy Sosa,R,9221,458,29.801539963127645,62.85749203301495,61.6732731570299,63,62
troskha01,Hal Trosky,L,5341,252,28.309305373525557,62.81077375639269,63.442809441901964,63,63
davisgl01,Glenn Davis,R,4219,209,29.722683100260728,62.749685444127394,61.57820657680666,63,62
saiervi01,Vic Saier,L,2442,115,28.255528255528255,62.737254122961716,63.368827032035426,63,63
raleica01,Cal Raleigh,S,1928,90,28.008298755186722,62.6483385416999,64.63230823003849,63,65
jonesch01,Charley Jones,R,1926,95,29.595015576323988,62.57514895146261,61.424196038369296,63,61
belleal01,Albert Belle,R,6599,324,29.4590089407486,62.38921191422337,61.25998989679381,62,61
gonzaju03,Juan Gonzalez,R,7258,356,29.42959492973271,62.34899950812657,61.224458784094054,62,61
wilsoha01,Hack Wilson,R,5568,273,29.41810344827586,62.333289303940305,61.21057569015426,62,61
aaronha01,Henry Aaron,R,14113,690,29.334655990930347,62.21920683349076,61.10973111005685,62,61
gormano01,Nolan Gorman,L,1293,60,27.842227378190255,62.17222330446164,62.799508593459784,62,63
colbena01,Nate Colbert,R,3792,185,29.27215189873418,62.133756401832656,61.03416162358408,62,61
gattiev01,Evan Gattis,R,2667,130,29.246344206974126,62.09847425752001,61.002950652225,62,61
eastelu01,Luke Easter,L,1966,91,27.772126144455747,62.076386688459294,62.702816424265976,62,63
hornsa01,Sam Horn,L,1255,58,27.729083665338646,62.01754256656328,62.643428548108034,62,63
dunnad01,Adam Dunn,L,8279,382,27.6845029592946,61.956595507879015,62.58190351119062,62,63
piazzmi01,Mike Piazza,R,7765,376,29.053444945267223,61.83475832148734,60.7695048957852,62,61
ramirma02,Manny Ramirez,R,9699,469,29.013300340241262,61.779875933667896,60.7208866630025,62,61
deerro01,Rob Deer,R,4606,222,28.918801563178466,61.650685011802565,60.6063931295282,62,61
griffke02,Ken Griffey Jr,L,11499,526,27.445864857813724,61.63034920839493,62.252307401557964,62,62
allendi01,Dick Allen,R,7412,357,28.89908256880734,61.62372683159913,60.58249331478171,62,61
mizejo01,Johnny Mize,L,7462,341,27.418922540873762,61.593515898262794,62.215068802364684,62,62
heathje01,Jeff Heath,L,5739,262,27.39153162571877,61.55606930170782,62.17720453320118,62,62
blancjo01,Johnny Blanchard,L,815,37,27.239263803680984,61.34790131360343,61.96661108967419,61,62
gamblos01,Oscar Gamble,L,4343,197,27.216209993092335,61.316384048142126,61.93471129810686,61,62
mossbr01,Brandon Moss,L,3742,169,27.097808658471408,61.154515524070135,61.770814750591256,61,62
maybejo01,John Mayberry,L,6716,303,27.069684335914232,61.116066273498504,61.73186817152023,61,62
delgaca01,Carlos Delgado,L,8274,373,27.048585931834662,61.08722227828875,61.702647156191176,61,62
northro01,Ron Northey,L,3262,147,27.038626609442062,61.073606715410094,61.68885245292105,61,62
dimagjo01,Joe DiMaggio,R,7798,370,28.4688381636317,61.035532221470916,60.06029544503672,61,60
kellech01,Charlie Keller,L,4846,218,26.991333058192325,61.00895087885701,61.62333568454209,61,62
sanomi01,Miguel Sanó,R,3246,153,28.280961182994453,60.77868233324779,59.8318249436469,61,60
penaca01,Carlos Pena,L,5951,266,26.81902201310704,60.77338145188597,61.384486221254384,61,61
gentiji01,Jim Gentile,L,3302,147,26.711084191399152,60.62581777832317,61.23475334888113,61,61
armasto01,Tony Armas,R,5731,269,28.16262432385273,60.61690195472492,59.68778249342386,61,60
hausejo01,Joe Hauser,L,2024,90,26.679841897233203,60.58310589453016,61.19139713140291,61,61
hosteda01,Dave Hostetler,R,796,37,27.889447236180903,60.24343680643672,59.354859833627046,60,59
cespeyo01,Yoenis Céspedes,R,3572,166,27.88353863381859,60.23535905337103,59.347652738103584,60,59
langesh01,Shea Langeliers,R,1229,57,27.827502034174124,60.15875044327805,59.27928821388326,60,59
thamema01,Marcus Thames,R,2287,106,27.809357236554437,60.13394437483561,59.2571465052373,60,59
kleinch01,Chuck Klein,L,6863,301,26.31502258487542,60.084355066818816,60.6845752274886,60,61
tatisfe02,Fernando Tatis Jr,R,2744,127,27.769679300291546,60.07969997799954,59.208719680287565,60,59
davisch02,Chris Davis,L,5714,250,26.25131256562828,59.997255991313025,60.59596328382431,60,61
aikenwi01,Willie Aikens,L,2904,127,26.2396694214876,59.98133844643364,60.57976593684612,60,61
hendegu01,Gunnar Henderson,L,1488,65,26.20967741935484,59.94033585862719,60.538037868143014,60,61
hundlto01,Todd Hundley,S,3467,150,25.959042399769253,59.84676453277011,61.626103915101304,60,62
cravaga01,Gavvy Cravath,R,3893,179,27.587978422810174,59.83129354782997,58.986801885280336,60,59
napolmi01,Mike Napoli,R,5419,249,27.56966229931722,59.80625325680609,58.964417874752314,60,59
encared01,Edwin Encarnación,R,8387,385,27.5426254918326,59.76929076700674,58.931371732233295,60,59
rodrial01,Alex Rodriguez,R,11917,547,27.54048837794747,59.766369081440715,58.928759376721274,60,59
lukoned01,Eddie Lukon,L,714,31,26.050420168067227,59.72261250021893,60.316348087483355,60,60
dimagvi01,Vince DiMaggio,R,4342,199,27.49884845693229,59.709442421122404,58.87785285773079,60,59
bourju01,Justin Bour,L,2098,91,26.024785510009533,59.68756691329058,60.28064610290157,60,60
benchjo01,Johnny Bench,R,8643,395,27.42103436306838,59.60306141987712,58.782686724864845,60,59
lowebr01,Brandon Lowe,L,2985,129,25.929648241206028,59.5575030982604,60.14810270791619,60,60
lewisro02,Royce Lewis,R,570,26,27.368421052631582,59.53113284800577,58.71831500247123,60,59
mayle01,Lee May,R,8310,378,27.292418772563177,59.4272288089156,58.62529015614527,59,59
teixema01,Mark Teixeira,S,8005,342,25.633978763272953,59.402364381052294,61.14632173105929,59,61
hornsro01,Rogers Hornsby,R,9421,428,27.258252839401337,59.38051996739658,58.58345767531936,59,59
vaughmo01,Mo Vaughn,L,5794,249,25.7852951328961,59.36015545296448,59.94686185412944,59,60
casastr01,Triston Casas,L,792,34,25.757575757575758,59.32225981280412,59.90820056033279,59,60
mitchke01,Kevin Mitchell,R,4806,217,27.091136079900124,59.15205173859863,58.378713949924126,59,58
jacobmi02,Mike Jacobs,L,2257,96,25.5206025697829,58.99828964578299,59.57744729902675,59,60
trumbma01,Mark Trumbo,R,4524,203,26.923076923076923,58.92229514202943,58.17260234620414,59,58
powelbo01,Boog Powell,L,7475,317,25.444816053511705,58.89468058113306,59.47157917592237,59,59
robinfr02,Frank Robinson,R,11945,535,26.87316868982838,58.85406472823513,58.111352552493635,59,58
mayswi01,Willie Mays,R,12814,573,26.83002965506477,58.79508860343525,58.05839504673424,59,58
acunaro01,Ronald Acuna Jr,R,3536,158,26.809954751131222,58.767643853078226,58.033746277003594,59,58
voitlu01,Luke Voit,R,2555,114,26.77103718199609,58.714438967368594,57.98595303609135,59,58
adcocjo01,Joe Adcock,R,7671,342,26.75009777082519,58.68581233412985,57.9602333663387,59,58
johnscl01,Cliff Johnson,R,4757,212,26.73954172797982,58.67138098434067,57.94726622534756,59,58
fostege01,George Foster,R,8171,364,26.728674580834657,58.65652431845179,57.93391603939366,59,58
sexsori01,Richie Sexson,R,5551,247,26.697892271662763,58.61444128814529,57.89609541338607,59,58
sanchga02,Gary Sanchez,R,3533,157,26.662892725728845,58.566592800105425,57.853084569381764,59,58
tartada01,Danny Tartabull,R,5539,246,26.647409279653367,58.5454251116515,57.83405404605445,59,58
suwinja01,Jack Suwinski,L,1216,51,25.164473684210524,58.51141965169411,59.07958370303638,59,59
hamiljo03,Josh Hamilton,L,4374,183,25.102880658436213,58.42721475478871,58.993380021716675,58,59
zernigu01,Gus Zernial,R,3900,172,26.46153846153846,58.291317883108505,57.605460670489066,58,58
oneilty01,Tyler O Neill,R,2541,112,26.446280991735538,58.27045913074748,57.58668463898107,58,58
pederjo01,Joc Pederson,L,4685,195,24.973319103521877,58.25008889942906,58.81195592309655,58,59
bautijo02,José Bautista,R,7112,313,26.40607424071991,58.215491782064575,57.537197268431434,58,58
harreke01,Ken Harrelson,R,1297,57,26.36854279105628,58.16418188439506,57.490991670882686,58,57
carpeke01,Kerry Carpenter,L,844,35,24.881516587677723,58.12458408317538,58.68332858057532,58,59
fieldce01,Cecil Fielder,R,6105,268,26.33906633906634,58.12388411415651,57.45469523703411,58,57
burgeja01,Jake Burger,R,1482,65,26.31578947368421,58.09206190660716,57.42602814165169,58,57
duvalad01,Adam Duvall,R,4333,190,26.309716132010156,58.083758935562855,57.418547719631086,58,57
buhneja01,Jay Buhner,R,6122,268,26.26592616791898,58.023892913956786,57.36460416694714,58,57
wynnji01,Jim Wynn,R,7582,331,26.193616460036928,57.92503705453241,57.27549620222226,58,57
willima04,Matt Williams,R,7580,330,26.121372031662272,57.82627043985808,57.1864291377627,58,57
thomafr04,Frank Thomas,R,10297,448,26.10469068660775,57.803465082873245,57.16585780418219,58,57
stubbfr01,Franklin Stubbs,L,2461,101,24.624136529865908,57.772715329187534,58.32236511458366,58,58
camparo01,Roy Campanella,R,4980,216,26.02409638554217,57.693283212002726,57.06643971435369,58,57
austity01,Tyler Austin,R,784,34,26.020408163265305,57.688240979173884,57.061888885396314,58,57
snidedu01,Duke Snider,L,8505,348,24.55026455026455,57.67172366092102,58.218670467087975,58,58
toglimi01,Michael Toglia,S,617,25,24.311183144246353,57.59394748113927,59.18566923170421,58,59
clemeja01,Jack Clements,L,2672,109,24.476047904191617,57.57026079312598,58.114450391565015,58,58
hafnetr01,Travis Hafner,L,4734,193,24.46134347275032,57.55015810912887,58.09379647508082,58,58
barfije01,Jesse Barfield,R,5442,235,25.909592061742007,57.53674235920968,56.925106908329944,58,57
clarkja01,Jack Clark,R,8455,365,25.901833234772322,57.52613513189985,56.91552658809003,58,57
berrayo01,Yogi Berra,L,8813,359,24.441166458640648,57.52257376217392,58.06545307713341,58,58
wallnma01,Matt Wallner,L,516,21,24.41860465116279,57.491729122723456,58.03375602045855,57,58
soriaal01,Alfonso Soriano,R,7677,331,25.8694802657288,57.481904825162275,56.87557339255432,57,57
santaan02,Anthony Santander,S,3518,142,24.218305855599773,57.46697332429244,59.04750829866001,57,59
maaske01,Kevin Maas,L,910,37,24.395604395604398,57.46028507327557,58.001439020469505,57,58
brownto02,Tommy Brown,R,557,24,25.85278276481149,57.45907738121639,56.854950282060805,57,57
renfrhu01,Hunter Renfroe,R,3954,170,25.796661608497725,57.38235317223001,56.785619476212986,57,57
muncyma01,Max Muncy,L,4224,171,24.289772727272727,57.31560075862852,57.85268634765582,57,58
ramoshe02,Heliot Ramos,R,537,23,25.69832402234637,57.2479141476862,56.66407793377285,57,57
bondsbo01,Bobby Bonds,R,8210,351,25.651644336175394,57.18409753676005,56.60635797183186,57,57
ozunama01,Marcell Ozuna,R,6789,290,25.62969509500663,57.15409034736592,56.57921178196766,57,57
willike01,Ken Williams,L,5391,217,24.151363383416808,57.12637893710547,57.65801581715354,57,58
dudalu01,Lucas Duda,L,3830,154,24.125326370757183,57.090783284202146,57.62137896184646,57,58
fieldpr01,Prince Fielder,L,6942,279,24.11408815903198,57.07541932947147,57.60556401245092,57,58
nokesma01,Matt Nokes,L,3012,121,24.103585657370516,57.06106117676612,57.590783524866865,57,58
zuninmi01,Mike Zunino,R,3075,131,25.5609756097561,57.0601427437506,56.49419790690254,57,56
luzingr01,Greg Luzinski,R,7854,334,25.515660809778456,56.99819209248065,56.43811874150489,57,56
rodrihe02,Henry Rodriguez,L,2447,98,24.029423784225582,56.95967318999368,57.48638950682075,57,57
salkebi01,Bill Salkeld,L,1224,49,24.01960784313725,56.946253646190115,57.47256896838878,57,57
giambja01,Jason Giambi,L,8993,360,24.018681196486156,56.944986811435015,57.47126424115569,57,57
camildo01,Dolph Camilli,L,5701,228,23.995790212243467,56.91369214870352,57.43903145474391,57,57
yorkru01,Rudy York,R,6771,287,25.431989366415596,56.8838034068507,56.3345305852926,57,56
velazne01,Nelson Velázquez,R,543,23,25.41436464088398,56.85970833800616,56.3127038019795,57,56
arletbu01,Buzz Arlett,S,505,20,23.762376237623762,56.84366401296781,58.36833623191423,57,58
averiea01,Earl Averill,L,7174,286,23.919710064120434,56.80968165484143,57.33187451433348,57,57
bankser01,Ernie Banks,R,10122,428,25.370480142264377,56.799713076601904,56.25834621293517,57,56
johnsho01,Howard Johnson,S,5593,221,23.70820668693009,56.769607877971524,58.287538344544814,57,58
colliri02,Ripper Collins,S,4153,164,23.693715386467616,56.74979656904283,58.26591973155579,57,58
arencjp01,J P  Arencibia,R,1919,81,25.325690463783218,56.73848032806393,56.20285238254025,57,56
marisro01,Roger Maris,L,6110,243,23.862520458265138,56.73149674990185,57.25129555886575,57,57
gosligo01,Goose Goslin,L,8491,337,23.813449534801553,56.66441103687902,57.18213591218603,57,57
brownse01,Seth Brown,L,1941,77,23.802163833075735,56.64898215774244,57.166227474812864,57,57
epstemi01,Mike Epstein,L,2725,108,23.779816513761467,56.61843074879128,57.13472362525821,57,57
kurowwh01,Whitey Kurowski,R,3716,156,25.18837459634015,56.55075341716517,56.03262511715966,57,56
arciaos01,Oswaldo Arcia,L,1189,47,23.717409587888984,56.53311315490444,57.04672622591365,57,57
sotoju01,Juan Soto,L,4405,174,23.700340522133942,56.509777738205784,57.02265271246601,57,57
koscoan01,Andy Kosco,R,811,34,25.154130702836003,56.50393799470612,55.99015151847758,57,56
schrobi01,Bill Schroeder,R,1360,57,25.14705882352941,56.494269905495486,55.981378974843416,56,56
edmonji01,Jim Edmonds,L,7880,311,23.680203045685282,56.482247443874925,56.99424880076003,56,57
ayalabe01,Benny Ayala,R,764,32,25.130890052356023,56.472165297179416,55.96132047171314,56,56
pasquda01,Dan Pasqua,L,2789,110,23.664395840803152,56.460637139124856,56.97195058586357,56,57
duncach01,Chris Duncan,L,1371,54,23.63238512035011,56.416874726388514,56.926789309786905,56,57
longda02,Dale Long,L,2770,109,23.610108303249095,56.386419702239436,56.895356212974626,56,57
berkmla01,Lance Berkman,S,7842,306,23.4123947972456,56.36519829813463,57.845921032540346,56,58
hrbekke01,Kent Hrbek,L,7239,284,23.53916286779942,56.28942896338796,56.79522554269477,56,57
jonesga02,Garrett Jones,L,3391,133,23.53288115600118,56.280841125922436,56.78635784976935,56,57
bruceja01,Jay Bruce,L,6683,262,23.522370193027083,56.266471405609394,56.77151918899433,56,57
reyesfr01,Franmil Reyes,R,2572,107,24.96111975116641,56.240069365382695,55.75058888579966,56,56
vaughgr01,Greg Vaughn,R,7129,296,24.91232992004489,56.173367938590104,55.689986922589576,56,56
ugglada01,Dan Uggla,R,5598,232,24.866023579849948,56.11006173544189,55.63245303476721,56,56
donaljo02,Josh Donaldson,R,6105,253,24.864864864864863,56.10847763603071,55.631013166677604,56,56
dawsoan01,Andre Dawson,R,10281,426,24.86139480595273,56.1037336581326,55.626701064361754,56,56
solaito01,Tony Solaita,L,1564,61,23.40153452685422,56.10127486452919,56.60087153693665,56,57
jonesan01,Andruw Jones,R,8501,352,24.84413598400188,56.08013882243796,55.60525286742876,56,56
gonzaad01,Adrián González,L,8142,317,23.360353721444366,56.04497586914091,56.54268953839747,56,57
charbjo01,Joe Charboneau,R,774,32,24.8062015503876,56.02827799839987,55.55810237044945,56,56
smithre06,Reggie Smith,S,8119,313,23.130927454119966,55.9803993974121,57.42510341529841,56,57
mcgrifr01,Fred McGriff,L,10373,403,23.31051769015714,55.976844163903834,56.47226189183511,56,56
diazvi01,Victor Diaz,R,630,26,24.761904761904763,55.967719088352084,55.503030009498076,56,56
harpebr03,Bryce Harper,L,7650,297,23.294117647058826,55.95442337971639,56.44908144590336,56,56
evansda01,Darrell Evans,L,11002,427,23.28667514997273,55.94424861249274,56.43856126495902,56,56
dahlgba01,Babe Dahlgren,R,705,29,24.680851063829785,55.85690916783912,55.40222083419192,56,55
adamsma01,Matt Adams,L,2792,108,23.20916905444126,55.83828868112518,56.328979267225236,56,56
guerrvl01,Vladimir Guerrero,R,8874,364,24.61122379986477,55.761720524153034,55.31558336724839,56,55
glaustr01,Troy Glaus,R,6154,252,24.569385765355864,55.70452301943139,55.263506484484715,56,55
hermaba01,Babe Herman,L,6051,233,23.103619236489838,55.69398968903556,56.17967448807901,56,56
murraed02,Eddie Murray,S,13043,497,22.86283830407115,55.613890057149575,57.023729454602524,56,57
minchdo01,Don Mincher,L,4846,186,23.02930251754024,55.59239000987013,56.07449966150812,56,56
rileyau01,Austin Riley,R,3386,138,24.45363260484347,55.546274860246385,55.11935646031428,56,55
rasmuco01,Colby Rasmus,L,4289,164,22.94241081837258,55.47359885651525,55.95147537593411,55,56
custja01,Jack Cust,L,2720,104,22.941176470588236,55.47191135818862,55.94972733157085,55,56
solerjo01,Jorge Soler,R,4576,186,24.388111888111887,55.45670034871375,55.03771705833622,55,55
hornebo01,Bob Horner,R,4309,175,24.367602692039917,55.428661870020065,55.01215573459498,55,55
adamsbu01,Buster Adams,R,1627,66,24.339274738783033,55.389934232376845,54.976844383486025,55,55
guerrpe01,Pedro Guerrero,R,5623,228,24.328650186733064,55.37540922246238,54.96359910321502,55,55
bagweje01,Jeff Bagwell,R,9621,390,24.321796071094482,55.36603884175014,54.955053848609374,55,55
gordojo01,Joe Gordon,R,6615,268,24.308390022675738,55.34771119976766,54.938339052374836,55,55
winfida01,Dave Winfield,R,12095,490,24.3075651095494,55.34658344668384,54.93731049792588,55,55
pegueca01,Carlos Peguero,L,578,22,22.837370242214533,55.32999605773928,55.80267893960451,55,56
musiast01,Stan Musial,L,13036,496,22.829088677508437,55.31867418657731,55.79094404020205,55,56
blombro01,Ron Blomberg,L,1446,55,22.821576763485474,55.30840451825182,55.78029927934939,55,56
buxtoby01,Byron Buxton,R,3289,133,24.262693827911217,55.28523913705045,54.88135434970825,55,55
moraan01,Andres Mora,R,742,30,24.25876010781671,55.27986127988483,54.87644812825149,55,55
grievto01,Tom Grieve,R,1682,68,24.256837098692035,55.27723230066104,54.87404966670299,55,55
hernate01,Teoscar Hernández,R,4428,179,24.254742547425476,55.27436880319121,54.87143721838703,55,55
harrida01,Dave Harris,R,1163,47,24.24763542562339,55.26465253335196,54.8625725477719,55,55
thornan01,Andre Thornton,R,6337,256,24.238598706012308,55.25229827678399,54.85130054890685,55,55
marshmi02,Mike Marshall,R,3888,157,24.228395061728392,55.23834869719791,54.83857223713433,55,55
reynoma01,Mark Reynolds,R,6366,257,24.222431668237512,55.23019603822729,54.831132967939894,55,55
felscha01,Happy Felsch,R,2752,111,24.200581395348838,55.20032415009035,54.80387268643852,55,55
willicy01,Cy Williams,L,6784,257,22.72995283018868,55.18314384530497,55.6504291525399,55,56
alvarfr01,Francisco Álvarez,R,819,33,24.17582417582418,55.16647812464298,54.77298134489097,55,55
tuckeky01,Kyle Tucker,L,3117,118,22.71414821944177,55.16153708704228,55.62802086039622,55,56
bottoji01,Jim Bottomley,L,6925,262,22.700361010830324,55.14268835433033,55.60847136185289,55,56
tettlmi01,Mickey Tettleton,S,5891,221,22.508911899507723,55.13003111315871,56.493009263945424,55,56
fournja01,Jack Fournier,L,5289,200,22.688598979013047,55.12660827604027,55.59179231397458,55,56
cashno01,Norm Cash,L,8020,303,22.66832917705736,55.098897077207056,55.56304643739528,55,56
incavpe01,Pete Incaviglia,R,4230,170,24.113475177304966,55.08123972424839,54.69516350522444,55,55
cartejo01,Joe Carter,R,7565,304,24.111037673496362,55.07790737039291,54.69212065661633,55,55
robined01,Eddie Robinson,L,5034,190,22.646007151370682,55.06838024761416,55.531386573664065,55,56
riceji01,Jim Rice,R,9290,373,24.090419806243272,55.04972032543725,54.66638062048467,55,55
ennisde01,Del Ennis,R,6977,280,24.0791170990397,55.034268197816246,54.65226857603362,55,55
perezsa02,Salvador Perez,R,6692,268,24.028690974297668,54.96532976555282,54.58929703100163,55,55
quentca01,Carlos Quentin,R,3372,135,24.021352313167263,54.955296954270366,54.580130993035574,55,55
palmede01,Dean Palmer,R,5171,207,24.018565074453686,54.95148647174288,54.57664960594059,55,55
willijo03,Josh Willingham,R,4703,188,23.984690623006593,54.90517611994622,54.534334182906456,55,55
ottme01,Mel Ott,L,11061,415,22.511526986710063,54.88453007531443,55.34057028763113,55,55
tenacge01,Gene Tenace,R,5719,228,23.920265780730894,54.81709979744424,54.453831719998114,55,54
williea02,Earl Williams,R,3512,140,23.917995444191344,54.81399598087003,54.45099423346677,55,54
johnsbo01,Bob Johnson,R,7982,318,23.903783512904035,54.79456660240015,54.433231150030586,55,54
spencst01,Stan Spence,L,4277,160,22.445639466916063,54.794454100934885,55.24703132989933,55,55
covinwe01,Wes Covington,L,3691,138,22.432945001354646,54.77709927625416,55.22900551922767,55,55
palmera01,Rafael Palmeiro,L,12121,453,22.423892418117315,54.7647233322468,55.21615034120528,55,55
bellge02,George Bell,R,6231,248,23.88059701492537,54.76286793769995,54.40424773076062,55,54
sheetla01,Larry Sheets,L,1767,66,22.410865874363328,54.746914517692744,55.19765082636163,55,55
nettlgr01,Graig Nettles,L,10444,390,22.405208732286482,54.739180540357296,55.189616492819034,55,55
oglivbe01,Ben Oglivie,L,6892,257,22.373766686012768,54.696195571983225,55.144957746226545,55,55
burnije01,Jeromy Burnitz,L,6490,242,22.372881355932204,54.69498522183035,55.14370015825428,55,55
ramirjo01,José Ramírez,S,6598,244,22.188541982418915,54.69204782688696,56.01178974485367,55,56
gyorkje01,Jedd Gyorko,R,3199,127,23.819943732416384,54.679947780158784,54.32841109579053,55,54
cabremi01,Miguel Cabrera,R,11916,473,23.816717019133936,54.67553648430385,54.32437585800484,55,54
garliky01,Kyle Garlick,R,504,20,23.809523809523807,54.66570252232478,54.31537994654011,55,54
hafeych01,Chick Hafey,R,4411,175,23.804126048515073,54.65832314935932,54.308629186595994,55,54
martijd02,J D  Martinez,R,7490,297,23.791722296395193,54.641365764081286,54.2931154826899,55,54
bayja01,Jason Bay,R,5347,212,23.789040583504768,54.63769954774219,54.28976123960062,55,54
hodgegi01,Gil Hodges,R,7674,304,23.768569194683344,54.60971275599836,54.264154162963116,55,54
longoev01,Evan Longoria,R,8687,344,23.759640842638426,54.59750665061506,54.2529849479887,55,54
wagnele01,Leon Wagner,L,4925,183,22.294416243654823,54.58771420198799,55.03221896452724,55,55
brainda01,Dave Brain,R,632,25,23.734177215189874,54.56269488260743,54.22112707155084,55,54
parrila02,Lance Parrish,R,7662,303,23.727486296006266,54.55354761060748,54.21275516062488,55,54
niemabu01,Butch Nieman,L,1267,47,22.257300710339386,54.536972910792684,54.97946993482235,55,55
milnejo01,John Milner,L,4073,151,22.244046157623373,54.51885238122057,54.96062988154333,55,55
cruzon01,Oneil Cruz,L,1134,42,22.22222222222222,54.48901649952096,54.92960638816322,54,55
kangju01,Jung Ho Kang,R,1141,45,23.66345311130587,54.4660067299893,54.13261746325266,54,54
francju02,Juan Francisco,L,1325,49,22.18867924528302,54.44315931228981,54.881916831827276,54,55
deverra01,Rafael Devers,L,4737,175,22.165927802406586,54.41205541898735,54.849565234193676,54,55
larocad01,Adam LaRoche,L,6337,234,22.155594129714377,54.39792807530253,54.83486989039012,54,55
paschbe01,Ben Paschal,R,661,26,23.600605143721637,54.380086180306705,54.05393287301455,54,54
morneju01,Justin Morneau,L,6371,235,22.13153351122273,54.3650343852443,54.800650552029275,54,55
simmoal01,Al Simmons,R,8598,338,23.58688066992324,54.3613232134489,54.03674608503003,54,54
moralke01,Kendrys Morales,S,5584,204,21.91977077363897,54.32460603226916,55.60747574987672,54,56
sirijo01,Jose Siri,R,1376,54,23.546511627906977,54.30613399391609,53.98618475484862,54,54
valenel01,Ellis Valentine,R,3415,134,23.543191800878475,54.30159540063926,53.9820261958867,54,54
joycebi01,Bill Joyce,L,3288,121,22.080291970802918,54.29498118402418,54.727759526426,54,55
sudakbi01,Bill Sudakis,S,1781,65,21.8978102189781,54.29458337600319,55.574416191721326,54,56
sheffga01,Gary Sheffield,R,10895,427,23.51537402478201,54.26356523506624,53.94717716619399,54,54
braunry02,Ryan Braun,R,7484,293,23.490112239444144,54.22902940891905,53.91552510508107,54,54
westma02,Max West,L,2451,90,22.031823745410037,54.228719430017335,54.65879523819529,54,55
rosenal01,Al Rosen,R,4319,169,23.47765686501505,54.212001449884156,53.89991721336449,54,54
bellico01,Cody Bellinger,L,4690,172,22.004264392324092,54.191042559037086,54.619573754457534,54,55
thomafr03,Frank Thomas,R,6907,270,23.454466483277834,54.180297475630084,53.87085410038874,54,54
kellyge01,George Kelly,R,3889,152,23.45075854975572,54.17522829521499,53.86620679228207,54,54
selkige01,George Selkirk,L,3192,117,21.992481203007518,54.17493355596173,54.60280258627294,54,55
castrra01,Ramon Castro,R,1868,73,23.447537473233403,54.17082470547287,53.86216959789546,54,54
seminan01,Andy Seminick,R,4556,178,23.441615452151012,54.16272860744155,53.85474692087571,54,54
lynnfr01,Fred Lynn,L,8027,294,21.97583156845646,54.15217155095776,54.57910315008064,54,55
pepitjo01,Joe Pepitone,L,5441,199,21.94449549715126,54.10933146280651,54.534493040437305,54,55
fordmi01,Mike Ford,L,903,33,21.926910299003325,54.08529043253574,54.509455450709616,54,55
ankieri01,Rick Ankiel,L,2217,81,21.921515561569688,54.07791519315238,54.50177402020274,54,55
neeltr01,Troy Neel,L,878,32,21.867881548974943,54.00459120160646,54.42539391483674,54,54
conigto01,Tony Conigliaro,R,3631,141,23.299366565684387,53.96825768042914,53.67637197650089,54,54
garvemi01,Mitch Garver,R,2220,86,23.243243243243242,53.89153051009234,53.60595320835188,54,54
sievero01,Roy Sievers,R,7564,293,23.24167107350608,53.889381169497824,53.60398024010716,54,54
cartega01,Gary Carter,R,9192,356,23.23759791122715,53.883812678496376,53.59886860582793,54,54
baylodo01,Don Baylor,R,9613,372,23.218558202434203,53.85778316142259,53.57497296682885,54,54
colavro01,Rocky Colavito,R,7420,287,23.20754716981132,53.84272978719432,53.561152402703904,54,54
henrito01,Tommy Henrich,L,5573,202,21.747712183743044,53.84030557213251,54.25418184159378,54,54
ziskri01,Richie Zisk,R,5875,227,23.182978723404254,53.80914183675959,53.53031185876604,54,54
justida01,David Justice,L,6769,245,21.71664943123061,53.79783914285703,54.20990719763361,54,54
lynchje01,Jerry Lynch,L,2459,89,21.716144774298495,53.79714921758696,54.20918783511779,54,54
smoakju01,Justin Smoak,S,4962,178,21.5235792019347,53.78296564310584,55.01048501893759,54,55
ludwiry01,Ryan Ludwick,R,4095,158,23.15018315018315,53.76430643815204,53.48913675482554,54,53
jonesch06,Chipper Jones,S,10518,377,21.505989731888192,53.758918772648244,54.983953234311684,54,55
gibsoki01,Kirk Gibson,L,6863,248,21.68148040215649,53.74975895146815,54.159770938195535,54,54
chishja01,Jazz Chisholm Jr,L,1938,70,21.671826625386995,53.736561105325606,54.14600706999276,54,54
duncash01,Shelley Duncan,R,1323,51,23.12925170068027,53.73569068944814,53.46285289455912,54,53
raleylu01,Luke Raley,L,1164,42,21.649484536082472,53.70601684641174,54.11415013861875,54,54
hoskirh01,Rhys Hoskins,R,3772,145,23.064687168610813,53.64742339459929,53.38175757198987,54,53
fernafr01,Frank Fernandez,R,1146,44,23.036649214659686,53.60909222005132,53.346531084462924,54,53
hartnga01,Gabby Hartnett,R,7111,273,23.03473491773309,53.60647515142506,53.34412577185135,54,53
murphda05,Dale Murphy,R,9118,350,23.031366527747313,53.60187016688462,53.339893325053325,54,53
postwa01,Wally Post,R,4014,154,23.019431988041852,53.585554250059985,53.32489665482896,54,53
stairma01,Matt Stairs,L,5956,214,21.558092679650773,53.581073449783986,53.98379780555878,54,54
birdgr01,Greg Bird,L,863,31,21.552723059096177,53.57373254812285,53.976137140815965,54,54
vargake01,Kennys Vargas,S,1011,36,21.36498516320475,53.56614897412129,54.771178643941376,54,55
cepedor01,Orlando Cepeda,R,8877,340,22.980736735383577,53.53265329707291,53.276265664992856,54,53
snydeco02,Cory Snyder,R,3813,146,22.974036191974825,53.523492867627354,53.26784347867851,54,53
hartji01,Jim Ray Hart,R,4440,170,22.972972972972972,53.522039322435944,53.2665070440914,54,53
yastrmi01,Mike Yastrzemski,L,3097,111,21.50468195027446,53.50805471260985,53.90758872171812,54,54
sandbja01,Jared Sandberg,R,601,23,22.96173044925125,53.50666947269982,53.25237500308476,54,53
mccanbr01,Brian McCann,L,6893,247,21.50007253735674,53.50175310403239,53.9010107695398,54,54
clarkto02,Tony Clark,S,5321,189,21.31178349934223,53.493416054047614,54.69085870160639,53,55
walkegr01,Greg Walker,L,2877,103,21.480709071949946,53.475280973660276,53.87337600263248,53,54
alexaga01,Gary Alexander,R,1439,55,22.932592077831828,53.46683389828992,53.21574312573013,53,53
fiskca01,Carlton Fisk,R,10050,384,22.925373134328357,53.45696475505765,53.20666669493043,53,53
jahajo01,John Jaha,R,2227,85,22.900763358778626,53.42332030283309,53.175721676966205,53,53
lombaer01,Ernie Lombardi,R,6288,240,22.900763358778626,53.42332030283309,53.175721676966205,53,53
dobyla01,Larry Doby,L,6439,230,21.431899363255162,53.40855237189152,53.80370412970116,53,54
scottlu01,Luke Scott,L,3360,120,21.428571428571427,53.4040026944982,53.79895311771346,53,54
kluszte01,Ted Kluszewski,L,6194,221,21.40781401356151,53.37562487137684,53.76931761189434,53,54
chartmi01,Mike Chartak,L,841,30,21.40309155766944,53.36916871978285,53.76257487313099,53,54
whitffr01,Fred Whitfield,L,1739,62,21.391604370327773,53.35346438615613,53.74617272246317,53,54
davisha01,Harry Davis,R,4079,155,22.799705810247612,53.28516277040812,53.04860100928579,53,53
mcpheda01,Dallas McPherson,L,647,23,21.32921174652241,53.26816634487402,53.65706703547102,53,54
jollesm01,Smead Jolley,L,1803,64,21.297836938435942,53.22527329899529,53.61224813369408,53,54
grandcu01,Curtis Granderson,L,8345,296,21.28220491312163,53.203902485279514,53.58991500886199,53,54
arenano01,Nolan Arenado,R,7469,283,22.733967063863968,53.19529018674568,52.9658664747536,53,53
ferraal01,Al Ferrara,R,1610,61,22.732919254658384,53.19385770855479,52.96454750487025,53,53
tellero01,Rowdy Tellez,L,2603,92,21.206300422589322,53.100132135965126,53.48144565204139,53,53
harshja01,Jack Harshman,L,623,22,21.187800963081862,53.074841203086805,53.455002862998896,53,53
dalbebo01,Bobby Dalbec,R,1007,38,22.641509433962263,53.06888975266866,52.84944989694736,53,53
walkech02,Christian Walker,R,4003,151,22.63302523107669,53.05729085132678,52.83876390277079,53,53
burrepa01,Pat Burrell,R,6425,242,22.59922178988327,53.01107757888309,52.796182495409994,53,53
thurmbo01,Bob Thurman,L,738,26,21.13821138211382,53.00704642436793,53.38410763754298,53,53
morelmi01,Mitch Moreland,L,4939,174,21.137882162381047,53.00659634234469,53.38363690976754,53,53
sorrepa01,Paul Sorrento,L,3437,121,21.123072446901364,52.98634972270736,53.3624607066857,53,53
morelch01,Christopher Morel,R,1595,60,22.570532915360502,52.9718565194993,52.76003699978954,53,53
penawi01,Wily Mo Peña,R,1970,74,22.53807106598985,52.92747736057261,52.71913036619519,53,53
booneik01,Ike Boone,L,1140,40,21.052631578947366,52.89004878685584,53.26171556508493,53,53
wicklal01,Al Wickland,L,542,19,21.03321033210332,52.863497662475794,53.23393252054413,53,53
croncj01,C J  Cron,R,4189,157,22.487467175936978,52.85829590226063,52.65534621597425,53,53
thompja01,Jason Thompson,L,5796,203,21.01449275362319,52.83790853535589,53.20715340492685,53,53
simmsmi01,Mike Simms,R,801,30,22.471910112359552,52.837027570039254,52.63573327111165,53,53
machama01,Manny Machado,R,8117,304,22.47135641246766,52.83627059728581,52.63503518236954,53,53
laabsch01,Chet Laabs,R,2644,99,22.46596066565809,52.828893977967056,52.6282322599492,53,53
roeniga01,Gary Roenicke,R,3207,120,22.45088868101029,52.80828880558799,52.60922843178504,53,53
webbea01,Earl Webb,L,2347,82,20.96293140178952,52.76741811438899,53.133371198799594,53,53
reverda01,Dave Revering,L,2061,72,20.96069868995633,52.76436573520532,53.13017582380044,53,53
plantph01,Phil Plantier,L,1632,57,20.955882352941178,52.757781237094946,53.123282730975745,53,53
morrilo01,Logan Morrison,L,3923,137,20.953352026510323,52.75432198381799,53.119661282988275,53,53
moustmi01,Mike Moustakas,L,5616,196,20.94017094017094,52.73630189140728,53.100795494667494,53,53
springe01,George Springer,R,6244,233,22.38949391415759,52.72435495190291,52.53179977470296,53,53
heilmha01,Harry Heilmann,R,7512,280,22.364217252396166,52.68979878793831,52.49991355085993,53,52
confomi01,Michael Conforto,L,4514,157,20.86840939299956,52.63819543202534,52.99806174687591,53,53
burroje01,Jeff Burroughs,R,6639,247,22.322638951649342,52.63295636976069,52.447452467556275,53,52
rosarwi01,Wilin Rosario,R,1721,64,22.31260894828588,52.61924417769733,52.43479523220549,53,52
kirklwi01,Willie Kirkland,L,2735,95,20.840950639853748,52.600656092973125,52.958741511228915,53,53
shawtr01,Travis Shaw,L,3025,105,20.826446280991735,52.58082693167928,52.9379693337864,53,53
connojo04,Joe Connolly,L,837,29,20.78853046594982,52.52899156141534,52.88366130085757,53,53
thameer01,Eric Thames,L,2339,81,20.778110303548523,52.514745976144795,52.86873426223572,53,53
crowege01,George Crowe,L,2283,79,20.76215505913272,52.49293328397319,52.84587654227308,52,53
daviser01,Eric Davis,R,6269,232,22.20449832509172,52.471444264216885,52.29831804100945,52,52
rizzoan01,Anthony Rizzo,L,8014,277,20.738707262290994,52.46087739305217,52.812281382005814,52,53
litwhda01,Danny Litwhiler,R,4163,154,22.195532068220032,52.45918633848558,52.28699520102056,52,52
rizzojo01,Johnny Rizzo,R,1866,69,22.186495176848872,52.44683184710141,52.275582545758866,52,52
freemfr01,Freddie Freeman,L,9303,321,20.70299903257014,52.41206005108012,52.761111915677716,52,53
lewisky01,Kyle Lewis,R,1083,40,22.1606648199446,52.41151871687586,52.242958077303136,52,52
hendrge01,George Hendrick,R,7663,283,22.15842359389273,52.40845469775573,52.24012710742753,52,52
rhodedu01,Dusty Rhodes,L,1306,45,20.673813169984687,52.37215955067106,52.71928175170684,52,53
grosswa01,Wayne Gross,L,3744,129,20.673076923076923,52.371153014716924,52.718226454353896,52,53
munsoer01,Eric Munson,L,1190,41,20.672268907563026,52.370048362652994,52.717068282954294,52,53
willibi01,Billy Williams,L,10508,362,20.669965740388275,52.366899662746334,52.71376700441641,52,53
murcebo01,Bobby Murcer,L,7846,270,20.647463675758345,52.336136698782454,52.681511225626224,52,53
beltbr01,Brandon Belt,L,5987,206,20.644730248872555,52.33239978334076,52.67759271006368,52,53
goldspa01,Paul Goldschmidt,R,8825,325,22.096317280453256,52.323548076354996,52.16166334955666,52,52
sawatca01,Carl Sawatski,L,1746,60,20.61855670103093,52.29661747081519,52.640068645980826,52,53
leibeha01,Hank Leiber,R,2827,104,22.072868765475768,52.29149120365809,52.13203141223147,52,52
reimeke01,Kevin Reimer,L,1136,39,20.598591549295776,52.269322764597646,52.61144184562339,52,53
kleskry01,Ryan Klesko,L,6438,221,20.596458527493013,52.2664066733886,52.60838325866203,52,53
davisik02,Ike Davis,L,2537,87,20.57548285376429,52.23773046497631,52.578303942489235,52,53
kempma01,Matt Kemp,R,7222,265,22.01606203267793,52.213829731135185,52.06022736216799,52,52
walkela01,Larry Walker,L,8145,279,20.552486187845304,52.2062913229869,52.5453226751686,52,53
chapmma01,Matt Chapman,R,4501,165,21.995112197289494,52.18518884676733,52.033740476599554,52,52
wilsobi02,Bill Wilson,R,764,28,21.989528795811516,52.17755568148727,52.02668081882757,52,52
hamelbo01,Bob Hamelin,L,1667,57,20.515896820635874,52.15626936262741,52.492838825705,52,52
gomesjo01,Jonny Gomes,R,4042,148,21.969322117763486,52.14993078044621,52.001129503897204,52,52
murphdw01,Dwayne Murphy,L,5386,184,20.497586334942444,52.13123677913731,52.46657042798004,52,52
danieka01,Kal Daniels,L,2752,94,20.494186046511626,52.126588185677804,52.461692062171224,52,52
ohopplo01,Logan O Hoppe,R,766,28,21.93211488250653,52.09906412193155,51.95407292018385,52,52
naylobo01,Bo Naylor,L,616,21,20.454545454545453,52.07239484287936,52.40481357077108,52,52
hillgl01,Glenallen Hill,R,3834,140,21.90923317683881,52.0677821441013,51.92512885583315,52,52
ramirar01,Aramis Ramirez,R,8298,303,21.908893709327547,52.06731805216184,51.924699418769656,52,52
morsemi01,Mike Morse,R,3152,115,21.890862944162436,52.04266787947156,51.901888680306286,52,52
velezot01,Otto Velez,R,2248,82,21.88612099644128,52.036185080258974,51.895889228750875,52,52
esaskni01,Nick Esasky,R,3071,112,21.882123086942364,52.03071946864205,51.89083099252174,52,52
parrila01,Larry Parrish,R,7570,276,21.875825627476882,52.02211010226671,51.88286307350647,52,52
martiti02,Tino Martinez,L,7266,247,20.396366639141206,51.99285757235879,52.32131387195027,52,52
swishni01,Nick Swisher,S,6323,213,20.211924719278823,51.989779984517824,53.025570980005845,52,53
happia01,Ian Happ,S,4276,144,20.205799812909262,51.981406518481364,53.01627165577986,52,53
hairssc01,Scott Hairston,R,2967,108,21.840242669362993,51.97346402128754,51.83783576272302,52,52
kottage01,George Kottaras,L,1207,41,20.381110190555095,51.97200021612103,52.29941319094631,52,52
gonzaca01,Carlos González,L,5658,192,20.360551431601273,51.94389397914945,52.26989823822612,52,52
uptonju01,Justin Upton,R,7952,289,21.805835010060363,51.92642471175678,51.794286577113645,52,52
coopewa01,Walker Cooper,R,5589,203,21.792807300053678,51.90861430279838,51.777795287463285,52,52
lindad01,Adam Lind,L,5171,175,20.305550183716882,51.86870081645692,52.19092057417785,52,52
nevinph01,Phil Nevin,R,4467,162,21.75957018132975,51.86317525965353,51.73571584234021,52,52
laneja01,Jason Lane,R,1572,57,21.755725190839694,51.857918706273544,51.73084739955475,52,52
coopece01,Cecil Cooper,L,7863,266,20.29759633727585,51.85782697463556,52.17949755155226,52,52
evansdw01,Dwight Evans,R,10787,391,21.748400852878465,51.84790547644481,51.721573173396074,52,52
matusle01,Len Matuszek,L,947,32,20.27455121436114,51.82632158624442,52.14639828593583,52,52
ceyro01,Ron Cey,R,8479,307,21.724259936313242,51.81490200949345,51.691002576014924,52,52
brettge01,George Brett,L,10487,354,20.253647372937923,51.79774358102645,52.116371022875384,52,52
seageky01,Kyle Seager,L,6727,227,20.24676676081463,51.78833697650907,52.10648666342518,52,52
davidma02,Matt Davidson,R,1217,44,21.69268693508628,51.77173801032491,51.6510137750637,52,52
parkeja03,Jarrett Parker,L,623,21,20.224719101123593,51.758195237441214,52.07481163119751,52,52
seageco01,Corey Seager,L,5135,173,20.214216163583252,51.74383648883827,52.05972116665202,52,52
anthoer01,Eric Anthony,L,1367,46,20.190197512801756,51.711000173566575,52.02520838651226,52,52
frobedo01,Doug Frobel,L,565,19,20.17699115044248,51.692945525869405,52.00623009352451,52,52
lemonji01,Jim Lemon,R,3579,129,21.62615255658005,51.6807777041482,51.566719906660936,52,52
darwibo01,Bobby Darwin,R,2477,89,21.55833669761809,51.588065463749956,51.4807680024841,52,51
hicksbr01,Brandon Hicks,R,501,18,21.556886227544908,51.586082500882966,51.47892925169401,52,51
brunato01,Tom Brunansky,R,6991,251,21.54198254899156,51.565707422693194,51.460035039459086,52,51
meadoau01,Austin Meadows,L,1913,64,20.073183481442758,51.55102825591517,51.85700658004207,52,52
hislela01,Larry Hisle,R,4822,173,21.52633761924513,51.544318967103806,51.44019929262437,52,51
motleda01,Darryl Motley,R,1227,44,21.515892420537895,51.53003915426392,51.42695510011454,52,51
rodriju01,Julio Rodríguez,R,1927,69,21.484172288531397,51.48667401004744,51.386729878307605,51,51
dickeal01,Alex Dickerson,L,1349,45,20.014825796886583,51.47124645026568,51.77308157968518,51,52
gantro01,Ron Gant,R,7332,262,21.440261865793783,51.42664330733052,51.33103321915955,51,51
fergujo01,Joe Ferguson,R,3641,130,21.422686075254052,51.40261513836458,51.308735722622195,51,51
decindo01,Doug DeCinces,R,6615,236,21.405895691609977,51.37966071282731,51.287432446249234,51,51
triangu01,Gus Triandos,R,4767,170,21.397105097545627,51.367642938775454,51.27627827873209,51,51
luplojo01,Jordan Luplow,R,1318,47,21.396054628224583,51.366206823894444,51.27494532503191,51,51
greensh01,Shawn Green,L,6922,230,19.936434556486567,51.36407642195182,51.660305451148304,51,52
stephve01,Vern Stephens,R,7411,264,21.37363378761301,51.335554902698895,51.24649324641422,51,51
parkeda01,Dave Parker,L,10304,342,19.914596273291924,51.33422092513415,51.628879914992304,51,52
ruggiju01,Justin Ruggiano,R,1911,68,21.350078492935637,51.30335204961692,51.21659744315896,51,51
chaveer01,Eric Chavez,L,6486,215,19.88899167437558,51.299216432580806,51.59203000818433,51,52
snydebr03,Brandon Snyder,R,506,18,21.343873517786562,51.29486912015925,51.208721541388314,51,51
kubelja01,Jason Kubel,L,4013,133,19.885372539247445,51.294268649994706,51.58682098120556,51,52
jonesma01,Mack Jones,L,3712,123,19.881465517241377,51.28892729225018,51.58119748683853,51,52
perezto01,Tony Perez,R,11079,394,21.33766585431898,51.28638251545458,51.20084193559615,51,51
hillisa01,Sam Hilliard,L,996,33,19.87951807228916,51.286264906381504,51.57839442753258,51,52
ibanera01,Raul Ibanez,L,7731,256,19.868063639891346,51.2706053526083,51.561906883014736,51,52
sandere02,Reggie Sanders,R,7159,254,21.28788937002375,51.218332217946035,51.13764833951386,51,51
murphto04,Tom Murphy,R,1353,48,21.286031042128602,51.21579166555621,51.13528874120389,51,51
lahoujo01,Joe Lahoud,L,1937,64,19.824470831182243,51.21100886555443,51.499150176205596,51,51
beltrca01,Carlos Beltrán,S,10980,359,19.617486338797814,51.177112934705676,52.12172270723615,51,52
duncada01,Dave Duncan,R,2768,98,21.24277456647399,51.156654985271445,51.080356756720825,51,51
hollima01,Matt Holliday,R,8052,285,21.236959761549926,51.14870546431513,51.07297137669987,51,51
gordosi01,Sid Gordon,R,5909,209,21.221864951768488,51.12806908729884,51.053798273284215,51,51
parenma01,Mark Parent,R,1188,42,21.21212121212121,51.11474825134124,51.04142106787319,51,51
jenkige01,Geoff Jenkins,L,4892,161,19.74652493867539,51.10444768009185,51.38690250430274,51,51
allisbo01,Bob Allison,R,5976,211,21.184738955823295,51.07731349246039,51.00663428877834,51,51
colvity01,Tyler Colvin,L,1552,51,19.716494845360824,51.063393017168195,51.34364473940066,51,51
ashlebi01,Billy Ashley,R,652,23,21.16564417177914,51.05120868105267,50.98237266311351,51,51
nunnajo01,Jon Nunnally,L,1006,33,19.681908548707757,51.016109489408365,51.293815389827046,51,51
saltaja01,Jarrod Saltalamacchia,S,3447,112,19.49521322889469,51.00995123929846,51.93547363696736,51,52
conrabr01,Brooks Conrad,S,831,27,19.494584837545123,51.00909215455401,51.93451616510585,51,52
wertzvi01,Vic Wertz,L,6681,219,19.66771441400988,50.99670444096546,51.273362920281855,51,51
bettsmo01,Mookie Betts,R,6847,241,21.11873813348912,50.987082620207346,50.92276263652161,51,51
spencji01,Jim Spencer,L,4492,147,19.634906500445236,50.95185217165961,51.22608383296728,51,51
shoppke01,Kelly Shoppach,R,2105,74,21.09263657957245,50.95139873182885,50.88958454594605,51,51
hortowi01,Willie Horton,R,8308,292,21.088107847857486,50.94520742392708,50.8838274794629,51,51
delanbi02,Bill DeLancey,L,642,21,19.626168224299064,50.939905922343726,51.21348983423793,51,51
ensbemo01,Morgan Ensberg,R,2419,85,21.08309218685407,50.938350426525254,50.877451231852376,51,51
demetdo01,Don Demeter,R,3986,140,21.07375815353738,50.92558970721876,50.865584670011586,51,51
chapmsa01,Sam Chapman,R,5183,182,21.0688790275902,50.91891936926726,50.85938146729514,51,51
frazito01,Todd Frazier,R,5357,188,21.05656150830689,50.90207987440006,50.843720469128485,51,51
galaran01,Andres Galarraga,R,9152,321,21.044580419580416,50.8857003195991,50.82848612017311,51,51
meltobi01,Bill Melton,R,4705,165,21.04144527098831,50.881414203425024,50.82449949601789,51,51
hoilech01,Chris Hoiles,R,3423,120,21.034180543383,50.87148246795075,50.81526145366558,51,51
vogelda01,Daniel Vogelbach,L,2391,78,19.573400250941027,50.867765908102484,51.13742595522018,51,51
guerrvl02,Vladimir Guerrero Jr,R,4025,141,21.018633540372672,50.85022788970565,50.79549008217019,51,51
lopatst01,Stan Lopata,R,3398,119,21.012360211889348,50.841651513215766,50.78751167202948,51,51
putnapa01,Pat Putnam,L,2271,74,19.550858652575958,50.83694889688162,51.10492630627223,51,51
clemeje01,Jeff Clement,L,614,20,19.54397394136808,50.82753668843441,51.09499941527963,51,51
summech01,Champ Summers,L,1566,51,19.54022988505747,50.82241812392682,51.08960080447714,51,51
mondari01,Rick Monday,L,7318,238,19.513528286417053,50.78591390396913,51.05109629165629,51,51
stewadj01,DJ Stewart,L,1109,36,19.47700631199279,50.73598407745848,50.998421756498665,51,51
lindofr01,Francisco Lindor,S,6593,212,19.293189746701046,50.733761422728676,51.62749897770511,51,52
blankky01,Kyle Blanks,R,1262,44,20.919175911251983,50.71425763493607,50.668964918758135,51,51
nichoda01,Dave Nicholson,R,1406,49,20.910384068278805,50.70223815347923,50.65777675954577,51,51
dickebi01,Bill Dickey,L,7038,228,19.437340153452684,50.68175578215211,50.94120101658532,51,51
o'doule01,Lefty O Doul,R,3160,110,20.886075949367086,50.669006101291615,50.626840141208575,51,51
wilsocr03,Craig Wilson,R,2356,82,20.882852292020374,50.664598983259566,50.622737099479004,51,51
alyeabr01,Brant Alyea,R,1150,40,20.869565217391305,50.646433992414416,50.60582460112716,51,51
gibboja01,Jay Gibbons,L,3246,105,19.408502772643253,50.642331697240664,50.89959393785915,51,51
pagemi02,Mitchell Page,L,2381,77,19.403611927761443,50.63564533812978,50.892536716462146,51,51
diazmi01,Mike Diaz,R,748,26,20.855614973262032,50.627362371010165,50.58806654642743,51,51
youngmi01,Mike Young,S,2061,66,19.213973799126638,50.62546392289147,51.50665388111469,51,52
carroco02,Corbin Carroll,L,1423,46,19.395643007730147,50.62475088894098,50.881037613100446,51,51
johnsda06,Dan Johnson,L,1950,63,19.384615384615383,50.60967483356268,50.865124026464635,51,51
doziebr01,Brian Dozier,R,4985,173,20.82246740220662,50.582045750040564,50.545865217036564,51,51
suareeu01,Eugenio Suárez,R,6455,224,20.821068938807123,50.58013388640178,50.54408460154776,51,51
souchst01,Bud Souchock,R,634,22,20.820189274447948,50.57893128195518,50.54296454749743,51,51
speakbo01,Bob Speake,L,961,31,19.35483870967742,50.56896662330972,50.82214972211404,51,51
oltmi01,Mike Olt,R,548,19,20.802919708029197,50.55532175731159,50.52097446500082,51,51
johnsde01,Deron Johnson,R,6843,237,20.780359491451115,50.52447929280787,50.49224416733932,51,50
hiurake01,Keston Hiura,R,1590,55,20.754716981132074,50.48942297091646,50.45958390709146,50,50
hunteto01,Torii Hunter,R,8789,304,20.75321424507908,50.487368554319325,50.457669753180866,50,50
hebneri01,Richie Hebner,L,7190,231,19.276773296244784,50.4622420387105,50.70945224749718,50,51
garciad02,Adolis García,R,2692,93,20.72808320950966,50.45301147845488,50.425655828579494,50,50
leede02,Derrek Lee,R,7909,273,20.71058288026299,50.42908647393528,50.40335968341515,50,50
baineha01,Harold Baines,L,11241,360,19.215372297838268,50.37829966575981,50.62077957532363,50,51
fieldjo02,Josh Fields,R,929,32,20.66738428417653,50.37002892181491,50.348312951771106,50,50
jeffery01,Ryan Jeffers,R,1511,52,20.648577101257448,50.3443172949079,50.32434308239107,50,50
singlke01,Ken Singleton,S,8902,282,19.006964727027633,50.34245821964109,51.19063412753796,50,51
ramirha01,Hanley Ramirez,R,7208,248,20.643729189789124,50.33768963081339,50.31816395540706,50,50
repozro01,Roger Repoz,L,2033,65,19.183472700442692,50.33468917128823,50.574700283507084,50,51
rogerja03,Jake Rogers,R,1105,38,20.63348416289593,50.32368347634234,50.30510510293969,50,50
porteda02,Darrell Porter,L,6635,212,19.171062547098717,50.3177230347854,50.556771608979915,50,51
varshda01,Daulton Varsho,L,2285,73,19.168490153172865,50.31420627030431,50.55305518233287,50,51
hartco01,Corey Hart,R,4247,146,20.62632446432776,50.31389532789164,50.295978501078864,50,50
lezcasi01,Sixto Lezcano,R,4829,166,20.62538827914682,50.31261545284647,50.29478509959508,50,50
schebsc01,Scott Schebler,L,1534,49,19.165580182529336,50.31022799882055,50.54885098649403,50,51
castica01,Carmelo Castillo,R,1251,43,20.623501199040767,50.310035592808994,50.292379525216234,50,50
bonilbo01,Bobby Bonilla,S,7875,249,18.971428571428568,50.29387612319404,51.136352046035626,50,51
rosared01,Eddie Rosario,L,4859,155,19.139740687384236,50.274902375547015,50.51151642305835,50,51
konerpa01,Paul Konerko,R,9157,314,20.57442393797095,50.24294121553443,50.22980832117824,50,50
wittbo02,Bobby Witt,R,2071,71,20.569773056494448,50.23658291456895,50.22387771941406,50,50
monrocr01,Craig Monroe,R,3035,104,20.56013179571664,50.223402179256354,50.211583081254815,50,50
vollmcl01,Clyde Vollmer,R,2043,70,20.558002936857562,50.22049177928004,50.20886824294318,50,50
healyry01,Ryon Healy,R,1693,58,20.555227406969877,50.2166973040921,50.20532868250103,50,50
thormsc01,Scott Thorman,L,503,16,19.08548707753479,50.20073132181672,50.43311086630786,50,50
calhoko01,Kole Calhoun,L,5413,172,19.065213375207833,50.173014790718085,50.40380624812575,50,50
brousbe01,Ben Broussard,L,2268,72,19.047619047619047,50.14896127942994,50.3783720086503,50,50
roberlu01,Luis Robert,R,2430,83,20.493827160493826,50.132755959118626,50.12701163843168,50,50
hallji02,Jimmie Hall,L,2902,92,19.021364576154376,50.113068334811686,50.340414365259335,50,50
aloumo01,Moises Alou,R,7983,272,20.443442314919203,50.063873960322994,50.062723595783666,50,50
grandya01,Yasmani Grandal,S,5365,168,18.788443616029824,50.04371420776795,50.85668800623053,50,51
floydcl01,Cliff Floyd,L,6111,193,18.949435444280805,50.014732767468374,50.23639541990295,50,50
webstra02,Ramon Webster,L,698,22,18.911174785100286,49.962425954784194,50.18104953162542,50,50
pafkoan01,Andy Pafko,R,7336,249,20.365321701199562,49.95707391045124,49.96300836222381,50,50
aguilje01,Jesús Aguilar,R,3124,106,20.35851472471191,49.94776797449218,49.954317566970914,50,50
phelpba01,Babe Phelps,L,2320,73,18.879310344827587,49.91886352422685,50.1349476212563,50,50
romanjo01,John Romano,R,3454,117,20.32426172553561,49.90094010351034,49.91057978497054,50,50
murphse01,Sean Murphy,R,2216,75,20.306859205776174,49.877148816042066,49.88835503887769,50,50
hendeda01,Dave Henderson,R,5083,172,20.302970686602404,49.871832753841424,49.88338870020333,50,50
lockdo01,Don Lock,R,3282,111,20.292504570383915,49.85752434430806,49.87002101765997,50,50
grichra01,Randal Grichuk,R,5058,171,20.284697508896798,49.846851174750434,49.860049030809755,50,50
daubabr01,Brian Daubach,L,2327,73,18.822518263859045,49.84122208247463,50.05276099206179,50,50
keltnke01,Ken Keltner,R,6392,216,20.275344180225282,49.83406407642873,49.84810138372059,50,50
blaloha01,Hank Blalock,L,3795,119,18.814229249011856,49.829890026095185,50.040763506006954,50,50
murphdo01,Donnie Murphy,R,1451,49,20.261888352860097,49.815668380782704,49.83091217200416,50,50
durazer01,Erubiel Durazo,L,2394,75,18.796992481203006,49.80632534100171,50.01581341302041,50,50
zimmery01,Ryan Zimmerman,R,7584,256,20.253164556962023,49.80374192766587,49.81976718409048,50,50
robinbi02,Bill Robinson,R,4948,167,20.25060630557801,49.80024449769972,49.81649880934725,50,50
lopezja01,Javy Lopez,R,5660,191,20.247349823321553,49.7957925041626,49.81233831602923,50,50
colemgo01,Gordy Coleman,L,2748,86,18.777292576419214,49.779393258505166,49.98729519229965,50,50
soderer01,Eric Soderholm,R,3174,107,20.226843100189036,49.76775740626745,49.786137008358594,50,50
gastoci01,Cito Gaston,R,2879,97,20.215352552969783,49.752048479293656,49.77145421820302,50,50
huffau01,Aubrey Huff,L,6623,207,18.75283104333384,49.7459514711322,49.9518797936087,50,50
nelsoro01,Rocky Nelson,L,768,24,18.75,49.74208110254641,49.94778071752414,50,50
briggjo02,John Briggs,L,5185,162,18.74638379942141,49.737137331834035,49.94254472164102,50,50
maybejo02,John Mayberry,R,1812,61,20.19867549668874,49.72924898556565,49.75014225175858,50,50
reynobr01,Bryan Reynolds,S,3752,116,18.5501066098081,49.71787954085002,50.49204672979855,50,50
mitchbo02,Bobby Mitchell,R,743,25,20.18842530282638,49.71523576724117,49.73704226494007,50,50
shamsar01,Art Shamsky,L,2243,70,18.724921979491754,49.707796504494254,49.91146752659848,50,50
hobsobu01,Butch Hobson,R,2855,96,20.175131348511385,49.69706137105773,49.720051096088824,50,50
sanchje02,Jesús Sánchez,L,1700,53,18.705882352941178,49.68176709985545,49.88389480174936,50,50
bonurze01,Zeke Bonura,R,3959,133,20.156605203334173,49.6717339557361,49.69637036661165,50,50
valdejo02,Jordany Valdespin,L,674,21,18.694362017804153,49.66601744930112,49.86720999902806,50,50
dejonpa01,Paul DeJong,R,3663,123,20.14742014742015,49.659176906028165,49.684628761559665,50,50
mottocu01,Curt Motton,R,775,26,20.129032258064516,49.63403850264508,49.66112090593214,50,50
brockgr01,Greg Brock,L,3729,116,18.664521319388577,49.62522171143827,49.82398729748368,50,50
whisepe01,Pete Whisenant,R,895,30,20.11173184357542,49.61038680506795,49.639000986247765,50,50
judniwa01,Wally Judnich,L,3217,100,18.650917003419334,49.60662301443878,49.804279914465035,50,50
anderha02,Harry Anderson,L,1963,61,18.644931227712686,49.59843975635167,49.79560840055585,50,50
tulowtr01,Troy Tulowitzki,R,5641,189,20.10281864917568,49.59820142196503,49.627603892234546,50,50
haaseer01,Eric Haase,R,1373,46,20.101966496722504,49.59703642952367,49.62651423323628,50,50
hanigmi01,Mitch Haniger,R,3224,108,20.09925558312655,49.593330292392125,49.62304771436385,50,50
morynwa01,Walt Moryn,L,3059,95,18.633540372670808,49.582867120287645,49.7791058703731,50,50
giambje01,Jeremy Giambi,L,1031,32,18.622696411251212,49.56804215200748,49.76339474071534,50,50
joycema01,Matt Joyce,L,4866,151,18.618988902589397,49.562973552426286,49.758022961684915,50,50
storytr01,Trevor Story,R,4304,144,20.07434944237918,49.5592806741508,49.59119695092257,50,50
thompsa01,Sam Thompson,L,7066,219,18.596093971129353,49.5316734933853,49.72484837614728,50,50
rudijo01,Joe Rudi,R,5807,194,20.044773549164802,49.51884695608461,49.553368258231245,50,50
odorro01,Rougned Odor,L,4714,146,18.582944420873993,49.51369651450361,49.705792980821734,50,50
naylojo01,Josh Naylor,L,2454,76,18.581907090464547,49.51227836205719,49.704289699461135,50,50
moorety01,Tyler Moore,R,1108,37,20.03610108303249,49.5069906767834,49.5422745880446,50,50
brognri01,Rico Brogna,L,970,30,18.556701030927837,49.477818719622064,49.66775900736744,49,50
taborji01,Jim Tabor,R,3779,126,20.00529240539825,49.46487159769337,49.5028600492476,49,50
simmote01,Ted Simmons,S,9672,296,18.36228287841191,49.46110245059057,50.204384632950884,49,50
diazya02,Yainer Diaz,R,1050,35,20.0,49.45763625821558,49.49608858019493,49,49
wilsopr01,Preston Wilson,R,3870,129,20.0,49.45763625821558,49.49608858019493,49,49
bissode01,Del Bissonette,L,2397,74,18.523153942428035,49.4319559114049,49.61913234753342,49,50
andresh01,Shane Andrews,R,1442,48,19.972260748959776,49.41971344561284,49.46059359669708,49,49
brownan02,Andrew Brown,R,571,19,19.964973730297725,49.40975123564715,49.4512682037289,49,49
hollibu01,Bug Holliday,R,1683,56,19.964349376114082,49.40889767018247,49.45046918225256,49,49
mcreyke01,Kevin McReynolds,R,6137,204,19.94459833795014,49.38189568235249,49.42519113412741,49,49
rossda01,David Ross,R,3280,109,19.939024390243905,49.37427544148822,49.41805687240125,49,49
bryankr01,Kris Bryant,R,4576,152,19.93006993006993,49.36203364322756,49.40659529944287,49,49
dyeje01,Jermaine Dye,R,6533,217,19.929588244298177,49.3613751222304,49.40597873176325,49,49
hidalri01,Richard Hidalgo,R,3884,129,19.92790937178167,49.359079906410216,49.40382972673008,49,49
paredis01,Isaac Paredes,R,2018,67,19.920713577799802,49.3492424112916,49.39461866197916,49,49
abreujo02,José Abreu,R,6629,220,19.912505656961834,49.338021219942746,49.38411153302606,49,49
maxwech01,Charlie Maxwell,L,3349,103,18.453269632726187,49.33641585602085,49.5178073472115,49,50
davisch01,Chili Davis,S,10248,312,18.26697892271663,49.330810755011214,50.05831934971317,49,50
nunezre01,Renato Núñez,R,1719,57,19.895287958115183,49.31448260435917,49.36206914353639,49,49
santaca01,Carlos Santana,S,9374,285,18.241945807552806,49.29658754783652,50.01994154952238,49,50
clenddo01,Donn Clendenon,R,5161,171,19.879868242588643,49.29340204304724,49.342326657083916,49,49
janseda01,Danny Jansen,R,1992,66,19.87951807228916,49.29292331913984,49.341878298953695,49,49
smithea02,Earl Smith,L,2184,67,18.406593406593405,49.2726039753731,49.45011105942186,49,49
wrighda03,David Wright,R,7010,232,19.85734664764622,49.26261237885343,49.313488111069745,49,49
thomptr01,Trayce Thompson,R,1390,46,19.85611510791367,49.26092871946325,49.31191103315708,49,49
sandopa01,Pablo Sandoval,S,5370,163,18.212290502793294,49.256045264865676,49.97447141588769,49,50
souzast01,Steven Souza Jr,R,2025,67,19.85185185185185,49.25510034794466,49.3064515290618,49,49
lisjo01,Joe Lis,R,1028,34,19.844357976653697,49.24485534081034,49.29685457685811,49,49
virgioz02,Ozzie Virgil,R,2571,85,19.83663943990665,49.23430319496469,49.286969469599185,49,49
greenwi01,Willie Greene,L,1763,54,18.37776517300057,49.23319239578056,49.40829214492689,49,49
hurstdo01,Don Hurst,L,3396,104,18.374558303886925,49.22880822923398,49.403639796069314,49,49
serenbi01,Bill Serena,R,1483,49,19.82467970330411,49.217952831023766,49.27165177902344,49,49
sotoge01,Geovany Soto,R,3270,108,19.816513761467892,49.206789029898395,49.26119245060228,49,49
stevele01,Lee Stevens,L,2484,76,18.357487922705314,49.20547101419277,49.37887371775443,49,49
beltrad01,Adrián Beltré,R,11768,388,19.782460910944934,49.16023478562198,49.21757048894272,49,49
buchabr01,Brian Buchanan,R,910,30,19.78021978021978,49.15717089682467,49.214699275362975,49,49
whitter01,Ernie Whitt,L,4258,130,18.318459370596525,49.15211440172938,49.32224195941582,49,49
wellsca01,Casper Wells,R,941,31,19.766206163655685,49.13801263786244,49.196744937048315,49,49
wockejo01,John Wockenfuss,R,2429,80,19.761218608480853,49.131194064427746,49.19035448948621,49,49
lecroma01,Matt LeCroy,R,1519,50,19.749835418038185,49.11563190677062,49.17576874587658,49,49
gilesbr02,Brian Giles,L,7711,235,18.285566074439114,49.10714540439578,49.274503708285486,49,49
bondwa01,Walt Bond,L,1444,44,18.282548476454295,49.10301999370165,49.270123838693365,49,49
mondera01,Raul Mondesí,R,6388,210,19.724483406386977,49.08097273066103,49.14328065858425,49,49
meusebo01,Bob Meusel,R,5419,178,19.708433290274957,49.059030337743295,49.12271024500454,49,49
werthja01,Jayson Werth,R,6485,213,19.707016191210485,49.057092996962766,49.12089394548407,49,49
durhale01,Leon Durham,L,4179,127,18.23402727925341,49.03668582101466,49.19968864765404,49,49
wilsoea01,Earl Wilson,R,1097,36,19.69006381039198,49.03391710227051,49.09916485615977,49,49
ferrewe01,Wes Ferrell,R,1798,59,19.688542825361516,49.03183773717885,49.09721519353799,49,49
olivomi01,Miguel Olivo,R,4117,135,19.674520281758564,49.012667273906516,49.07923968169144,49,49
josepto01,Tommy Joseph,R,885,29,19.661016949152543,48.994206633019424,49.061928339466164,49,49
gaettga01,Gary Gaetti,R,9923,325,19.651315126473847,48.98094310247868,49.04948970013948,49,49
westlwa01,Wally Westlake,R,3666,120,19.639934533551557,48.965384495936846,49.03489781264874,49,49
guielaa01,Aaron Guiel,L,990,30,18.181818181818183,48.965309855768766,49.12388004835357,49,49
mooresc02,Scott Moore,L,693,21,18.181818181818183,48.965309855768766,49.12388004835357,49,49
burksel01,Ellis Burks,R,8251,270,19.6339837595443,48.95724908928181,49.02726750112953,49,49
grayga01,Gary Gray,R,703,23,19.630156472261735,48.95201673826472,49.0223598643291,49,49
flemile01,Les Fleming,L,1717,52,18.17122888759464,48.95083304744209,49.10850167432809,49,49
haguejo01,Joe Hague,L,1585,48,18.170347003154575,48.94962740788429,49.10722091339013,49,49
gelofza01,Zack Gelof,R,887,29,19.616685456595267,48.93360027842782,49.005085428300674,49,49
belljo02,Josh Bell,S,5143,154,17.966167606455375,48.919566372139556,49.5968370269494,49,50
keplema01,Max Kepler,L,4763,144,18.139827839596894,48.90790412852422,49.062894297598504,49,49
jimenel02,Eloy Jiménez,R,2635,86,19.582542694497153,48.88692311447306,48.961296608035845,49,49
newmaje01,Jeff Newman,R,2145,70,19.58041958041958,48.88402056828747,48.95857337741454,49,49
harpege02,George Harper,L,3578,108,18.11067635550587,48.86805062755289,49.02054753883359,49,49
drewj.01,J D  Drew,R,6102,199,19.567354965585054,48.86615970609698,48.94181518493818,49,49
kentje01,Jeff Kent,R,9601,313,19.560462451827934,48.85673683064897,48.93297352534496,49,49
millebr02,Brad Miller,L,3812,115,18.100734522560337,48.854458974801545,49.006104112823536,49,49
batisto01,Tony Batista,R,5032,164,19.554848966613672,48.84906253736975,48.925772327151414,49,49
hawpebr01,Brad Hawpe,L,3283,99,18.09320743222662,48.84416855867764,48.99516831024631,49,49
ettenni01,Nick Etten,L,3617,109,18.081282831075477,48.82786622902347,48.97784266522585,49,49
hyzduad01,Adam Hyzdu,R,645,21,19.53488372093023,48.82176770271387,48.9001581960367,49,49
vottojo01,Joey Votto,L,9076,273,18.047598060819745,48.7818151936829,48.928895137666,49,49
iviemi01,Mike Ivie,R,2984,97,19.50402144772118,48.779575352181254,48.86055793688067,49,49
gerenbo01,Bob Geren,R,523,17,19.502868068833653,48.77799854784186,48.85907786385279,49,49
rossco01,Cody Ross,R,4062,132,19.49778434268833,48.77104849740059,48.852554054105696,49,49
lahaibr01,Bryan LaHair,L,765,23,18.03921568627451,48.77035550363634,48.91671332721576,49,49
simsdu01,Duke Sims,L,3028,91,18.031704095112286,48.76008627669937,48.905796543587044,49,49
easlemi01,Mike Easler,L,4093,123,18.030784265819694,48.75882876207365,48.90445970326422,49,49
hofmabo01,Bobby Hofman,R,893,29,19.48488241881299,48.75341005285031,48.835996481709635,49,49
carbobe01,Bernie Carbo,L,3462,104,18.02426343154246,48.74991401610771,48.8949824195286,49,49
colabch01,Chris Colabello,R,924,30,19.48051948051948,48.74744540401887,48.83039705736521,49,49
macfami01,Mike Macfarlane,R,3758,122,19.47844598190527,48.74461068799627,48.827735864764804,49,49
fredejo01,Johnny Frederick,L,3330,100,18.01801801801802,48.741375802643674,48.88590512631909,49,49
lazzeto01,Tony Lazzeri,R,7247,235,19.456326755898992,48.714371109374,48.799345335973115,49,49
middlwi01,Will Middlebrooks,R,1450,47,19.448275862068964,48.703364592379074,48.789010911197266,49,49
kusiccr01,Craig Kusick,R,1482,48,19.4331983805668,48.682751905154795,48.76965557842132,49,49
greenge01,Gene Green,R,1297,42,19.429452582883577,48.67763095998642,48.76484673908441,49,49
contrwi01,Willson Contreras,R,4232,137,19.423440453686197,48.66941167358374,48.757128170721856,49,49
parmech01,Chris Parmelee,L,1271,38,17.93863099921322,48.63284442835173,48.77049563239935,49,49
roccomi01,Mickey Rocco,L,1539,46,17.93372319688109,48.62613488641556,48.763359310194176,49,49
goodmiv01,Ival Goodman,L,4484,134,17.93041926851026,48.62161802847018,48.758555041399326,49,49
munozpe01,Pedro Munoz,R,1703,55,19.377568995889607,48.60670000572681,48.69822787888836,49,49
brouhma01,Mark Brouhard,R,929,30,19.3756727664155,48.60410763742912,48.69579272186557,49,49
buckjo01,John Buck,R,4155,134,19.35018050541516,48.56925672399478,48.66305265930104,49,49
sierrru01,Ruben Sierra,S,9046,267,17.709484855184613,48.568650918053166,49.20251160398375,49,49
kokosdi01,Dick Kokos,L,1811,54,17.890668139149643,48.56727356807707,48.700746124037096,49,49
karroer01,Eric Karros,R,5801,187,19.341492846061023,48.55737967377574,48.65189385410793,49,49
tuckepr01,Preston Tucker,L,772,23,17.875647668393782,48.54673882123572,48.67889917276847,49,49
adamewi01,Willy Adames,R,4004,129,19.33066933066933,48.542582657615974,48.63799086344734,49,49
maxweju01,Justin Maxwell,R,1521,49,19.329388560157792,48.540831693971505,48.636345633114345,49,49
clarkwi02,Will Clark,L,8462,252,17.868116284566295,48.536442535401804,48.667944294028665,49,49
collijo01,Joe Collins,L,2654,79,17.85983421250942,48.52511997063176,48.6558969953956,49,49
harrimi04,Michael Harris,L,1579,47,17.85940468651045,48.524532758167254,48.655272182511496,49,49
howelja02,Jack Howell,L,2419,72,17.858619264158744,48.523458993608344,48.654129658990186,49,49
smithwi05,Will Smith,R,2796,90,19.313304721030043,48.51884319773238,48.61568387189017,49,49
breedha01,Hal Breeden,R,653,21,19.295558958652375,48.49458265731025,48.592884883158895,48,49
marteje01,Jefry Marte,R,933,30,19.292604501607716,48.49054356769369,48.5890888928258,48,49
lowenjo01,John Lowenstein,L,4173,124,17.828900071890725,48.48282936891334,48.61089486646813,48,49
vicieda01,Dayán Viciedo,R,1960,63,19.285714285714285,48.4811238336951,48.58023584423252,48,49
pencehu01,Hunter Pence,R,7064,227,19.280860702151756,48.47448841518194,48.57399939258286,48,49
olivebo01,Bob Oliver,R,3206,103,19.276356830941985,48.468331094509246,48.56821213266766,48,49
kaaihki01,Kila Ka aihue,L,674,20,17.804154302670625,48.44899899737649,48.574890191105474,48,49
dietrde01,Derek Dietrich,L,2629,78,17.801445416508177,48.445295631984564,48.570948525975254,48,49
walshja01,Jared Walsh,L,1450,43,17.79310344827586,48.433891182111225,48.55880988709569,48,49
mccutan01,Andrew McCutchen,R,9727,312,19.2453994037216,48.42600865727259,48.52842915678139,48,49
choihe01,Hee Seop Choi,L,1012,30,17.786561264822133,48.42494724931474,48.54928979830339,48,49
ramoswi01,Wilson Ramos,R,4214,135,19.221642145230184,48.39352969594742,48.4978940993896,48,48
doumiry01,Ryan Doumit,S,3618,106,17.5787728026534,48.389952197389334,49.001515229426616,48,49
outmaja01,James Outman,L,710,21,17.746478873239436,48.37014991457575,48.49095541724449,48,48
canoro01,Robinson Canó,L,9744,288,17.73399014778325,48.353076360771595,48.47277731736514,48,48
crandde01,Del Crandall,R,5973,191,19.186338523355097,48.34526550039918,48.452510677264485,48,48
bledajj01,JJ Bleday,L,982,29,17.718940936863543,48.33250232275235,48.45087070582237,48,48
higasky01,Kyle Higashioka,R,1408,45,19.176136363636363,48.331317950387984,48.43939386491772,48,48
cullero01,Roy Cullenbine,S,4758,139,17.528373266078184,48.32105011427126,48.923981124156185,48,49
baileed01,Ed Bailey,L,4610,136,17.700650759219087,48.30749750274924,48.42424402303252,48,48
bailema01,Mark Bailey,S,994,29,17.505030181086518,48.28913737674186,48.88806385496943,48,49
watsobo01,Bob Watson,R,7181,229,19.133825372510792,48.27347385844893,48.3849866432375,48,48
laudnti01,Tim Laudner,R,2259,72,19.12350597609562,48.259366032110776,48.371714992343755,48,48
reichri01,Rick Reichardt,R,3546,113,19.120135363790187,48.25475800939848,48.36737991390504,48,48
youngch04,Chris Young,R,5492,175,19.118718135469774,48.25282049190991,48.36555713454577,48,48
vogtst01,Stephen Vogt,L,2820,83,17.659574468085108,48.25134139064548,48.36443627902048,48,48
leeca01,Carlos Lee,R,8663,276,19.11577975297241,48.24880337808657,48.36177786230625,48,48
brownle01,Lew Brown,R,628,20,19.10828025477707,48.238550683654985,48.35213190357451,48,48
nordhwa01,Wayne Nordhagen,R,1476,47,19.10569105691057,48.23501094621433,48.348801542407784,48,48
blefacu01,Curt Blefary,L,3298,97,17.647058823529413,48.234231035272146,48.34621075838109,48,48
thomsbo01,Bobby Thomson,R,7319,233,19.10097007787949,48.228556813662685,48.34272904258309,48,48
posadjo01,Jorge Posada,S,7128,207,17.424242424242426,48.178691029111505,48.763726424910246,48,49
colemed01,Ed Coleman,L,1500,44,17.6,48.16989609906845,48.27767218503378,48,48
matsuhi01,Hideki Matsui,L,5115,150,17.595307917888565,48.16348147199828,48.270837507527666,48,48
gerhake01,Ken Gerhart,R,567,18,19.047619047619047,48.15561969218828,48.2740929599803,48,48
garciar01,Aramis Garcia,R,504,16,19.047619047619047,48.15561969218828,48.2740929599803,48,48
myerswi01,Wil Myers,R,4726,150,19.04358865848498,48.15010967709718,48.268906989981716,48,48
albieoz01,Ozzie Albies,S,3966,115,17.39788199697428,48.14265323047128,48.72314537716083,48,49
doerrbo01,Bobby Doerr,R,7879,250,19.03794897829674,48.142399572213385,48.2616501114061,48,48
darnatr01,Travis d Arnaud,R,3845,122,19.037711313394016,48.142074656390854,48.26134428995648,48,48
olivege01,Gene Oliver,R,2396,76,19.031719532554256,48.133883188581805,48.25363406992855,48,48
florewi01,Wilmer Flores,R,4698,149,19.029374201787995,48.130676846095795,48.250616025650274,48,48
morriji01,Jim Morrison,R,3784,120,19.027484143763214,48.12809291489383,48.24818381012592,48,48
yepezju01,Juan Yepez,R,537,17,18.99441340782123,48.0828813365443,48.20562245436232,48,48
cervbo01,Bob Cerv,R,2717,86,18.991534781008465,48.07894591575678,48.201917329110586,48,48
fordte01,Ted Ford,R,569,18,18.98066783831283,48.06408952937441,48.18792975288135,48,48
wellsve01,Vernon Wells,R,7148,226,18.970341354224956,48.049972013355614,48.17463700873479,48,48
salmoti01,Tim Salmon,R,7117,225,18.968666572994238,48.0476823908034,48.17248107413525,48,48
scottge02,George Scott,R,8417,266,18.961625282167045,48.03805611963503,48.16341663548019,48,48
phelpjo01,Josh Phelps,R,1710,54,18.947368421052634,48.01856531681699,48.1450622538622,48,48
lefebjo01,Joe Lefebvre,L,1304,38,17.484662576687114,48.01221630144035,48.10961868367056,48,48
yastrca01,Carl Yastrzemski,L,13556,395,17.483033343169076,48.00998894795842,48.10724407171471,48,48
valenjo03,Jose Valentin,S,6313,182,17.297639790907652,48.005610366911725,48.56877760188453,48,49
caminke01,Ken Caminiti,S,7007,202,17.296988725560155,48.00472028415031,48.567774746431844,48,49
mesorde01,Devin Mesoraco,R,1870,59,18.93048128342246,47.99547861722235,48.1233196445667,48,48
ohearry01,Ryan O Hearn,L,2198,64,17.470427661510463,47.99275550129556,48.08887057947902,48,48
tomasya01,Yasmany Tomás,R,1268,40,18.92744479495268,47.99132738101764,48.11940986113282,48,48
howerbi01,Bill Howerton,L,825,24,17.454545454545453,47.97104265989337,48.065719653498036,48,48
pasquvi01,Vinnie Pasquantino,L,1204,35,17.441860465116278,47.95370079019787,48.04722782518804,48,48
kouzmke01,Kevin Kouzmanoff,R,2826,89,18.89596602972399,47.94829221352151,48.07887367977038,48,48
monteje01,Jesus Montero,R,1112,35,18.884892086330936,47.93315283288506,48.06461163538986,48,48
valbulu01,Luis Valbuena,L,3686,107,17.41725447639718,47.920061515015334,48.01135441784508,48,48
guilljo01,Jose Guillen,R,4959,156,18.874773139745916,47.919319044996385,48.05157871183366,48,48
sizemgr01,Grady Sizemore,L,4791,139,17.407639323731996,47.906916472557626,47.99733510937763,48,48
trammbu01,Bubba Trammell,R,1845,58,18.86178861788618,47.901567679304904,48.034853870584186,48,48
betemwi01,Wilson Betemit,S,2586,74,17.16937354988399,47.83025535770312,48.37114328779852,48,48
daultda01,Darren Daulton,L,4466,129,17.330944917151815,47.80206621527415,47.88548628210758,48,48
grubeke01,Kelly Gruber,R,3418,107,18.782913984786422,47.793736796422934,47.93323118743152,48,48
dukesel01,Elijah Dukes,R,991,31,18.768920282542886,47.77460576267474,47.91519667301414,48,48
thompry01,Ryan Thompson,R,1535,48,18.762214983713356,47.765438832010716,47.906554630990925,48,48
davismi02,Mike Davis,L,3298,95,17.28320194057004,47.73679596153218,47.815836857678974,48,48
jethrsa01,Sam Jethroe,S,1965,56,17.099236641221374,47.73436996988602,48.26302272291314,48,48
venturo01,Robin Ventura,L,8438,243,17.278976060677884,47.731018687625266,47.80967113811411,48,48
vanslsc01,Scott Van Slyke,R,1153,36,18.733738074588032,47.726507554208766,47.86984872277921,48,48
skowrbi01,Bill Skowron,R,6215,194,18.728881737731296,47.71986837161921,47.86358843275024,48,48
bandosa01,Sal Bando,R,8368,261,18.71414913957935,47.69972718042203,47.84459558958042,48,48
raburry01,Ryan Raburn,R,3079,96,18.707372523546606,47.69046275076897,47.83585881853598,48,48
mahtomi01,Mikie Mahtook,R,1156,36,18.685121107266436,47.66004245252391,47.80716867246671,48,48
hollida02,Damon Hollins,R,739,23,18.673883626522326,47.6446794971302,47.792678058992614,48,48
craigal01,Allen Craig,R,2218,69,18.66546438232642,47.63316940194288,47.781820905305906,48,48
stewaia01,Ian Stewart,L,1918,55,17.205422314911367,47.63046208236983,47.702331761130395,48,48
caldeiv01,Ivan Calderon,R,3412,106,18.640093786635404,47.59848481926921,47.74910065392762,48,48
milleha01,Hack Miller,R,998,31,18.637274549098198,47.594630590593354,47.745464405218776,48,48
mayda01,Dave May,L,3321,95,17.163504968383016,47.57315614880683,47.641142083964795,48,48
jacksro01,Ron Jackson,R,709,22,18.61777150916784,47.567967645462275,47.720307762561575,48,48
bradlmi01,Milton Bradley,S,3782,107,16.97514542570069,47.5647227106643,48.07163685216738,48,48
turneje01,Jerry Turner,L,1924,55,17.151767151767153,47.557109175539836,47.62400518880267,48,48
teagata01,Taylor Teagarden,R,935,29,18.609625668449198,47.55683132492439,47.70979972701342,48,48
estalbo02,Bobby Estalella,R,1290,40,18.6046511627907,47.55003059171047,47.70338242801766,48,48
cruzjo02,José Cruz,S,5415,153,16.952908587257618,47.5343223420339,48.03732865709007,48,48
gedmari01,Rich Gedman,L,3153,90,17.12654614652712,47.52262910057374,47.587179672863485,48,48
hendrel01,Elrod Hendricks,L,2489,71,17.115307352350342,47.507264349563386,47.57076821252035,48,48
shealry01,Ryan Shealy,R,840,26,18.571428571428573,47.50461140917463,47.66051923307873,48,48
correca01,Carlos Correa,R,5171,160,18.56507445368401,47.495924584280424,47.65232031143856,47,48
choiji01,Ji Man Choi,L,2245,64,17.104677060133632,47.492731492167124,47.55524443747944,47,48
thompha02,Hank Thompson,L,3649,104,17.100575500137023,47.48712417815187,47.549254561978884,47,48
santado01,Domingo Santana,R,2039,63,18.53849926434527,47.45959318067786,47.618026179803664,47,48
brownik01,Ike Brown,R,615,19,18.53658536585366,47.456976656759,47.61555617017103,47,48
hayesbr01,Brett Hayes,R,842,26,18.52731591448931,47.44430422856291,47.603592951888565,47,48
russejo02,John Russell,R,842,26,18.52731591448931,47.44430422856291,47.603592951888565,47,48
baezja01,Javier Báez,R,5282,163,18.51571374479364,47.428442700560005,47.588618194185486,47,48
wrighgl01,Glenn Wright,R,4505,139,18.51276359600444,47.42440950083443,47.58481031595545,47,48
martivi01,Victor Martinez,S,8215,231,16.871576384662205,47.423131673146656,47.911813046814544,47,48
fordda01,Dan Ford,R,4573,141,18.499890662584736,47.406810689640324,47.56819392069916,47,48
maldoca01,Candy Maldonado,R,4347,134,18.49551414768806,47.40082747999854,47.56254442505984,47,48
callijo01,Johnny Callison,L,7714,219,17.033964220897072,47.39605873964446,47.45195830763784,47,47
rayfofl01,Floyd Rayford,R,1071,33,18.487394957983195,47.38972759452516,47.55206325242868,47,48
aquinar01,Aristides Aquino,R,909,28,18.48184818481848,47.382144504449286,47.54490256033217,47,48
bilkost01,Steve Bilko,R,2274,70,18.469656992084435,47.36547771280496,47.529163333796944,47,48
torkesp01,Spencer Torkelson,R,1040,32,18.461538461538463,47.354378728479176,47.51868142232212,47,48
youklke01,Kevin Youkilis,R,4583,141,18.45952432904211,47.351625172908925,47.51608087955188,47,48
puigya01,Yasiel Puig,R,3413,105,18.458833870495166,47.35068123501934,47.51518938843705,47,48
staubru01,Rusty Staub,L,10450,296,16.995215311004785,47.34308443091943,47.395343968623166,47,47
espinda01,Danny Espinosa,S,3356,94,16.805721096543504,47.33309976325104,47.81014542177803,47,48
chiriro01,Robinson Chirinos,R,2734,84,18.43452816386247,47.317452480700325,47.483804578979985,47,47
stantle01,Leroy Stanton,R,2898,89,18.426501035196686,47.30647845347482,47.473438544597165,47,47
walkene01,Neil Walker,S,5255,147,16.784015223596576,47.30342528678621,47.7766286221312,47,48
mccorch01,Chas McCormick,R,1531,47,18.419333768778575,47.29667995888483,47.46418250257337,47,47
greenji02,Jim Greengrass,R,2085,64,18.41726618705036,47.293853331939985,47.46151228767624,47,47
carpema01,Matt Carpenter,L,6051,171,16.955875061973227,47.289301692171165,47.33785401722621,47,47
paulsbe01,Ben Paulsen,L,637,18,16.95447409733124,47.287386409040266,47.33580649862441,47,47
cedence01,Cesar Cedeno,R,8312,255,18.407122232916265,47.279985355796,47.448411230102025,47,47
martije01,Jerry Martin,R,2903,89,18.394764037202894,47.26309025147373,47.43244939579218,47,47
bregmal01,Alex Bregman,R,5154,158,18.39348079161816,47.26133590411365,47.430791890679956,47,47
koenele01,Len Koenecke,L,886,25,16.93002257336343,47.25395830530603,47.300068049515616,47,47
marteke01,Ketel Marte,S,4980,139,16.746987951807228,47.25280465945846,47.719445278386694,47,48
huntebr01,Brian Hunter,R,1176,36,18.36734693877551,47.22560785931163,47.397033367101685,47,47
willima11,Mac Williamson,R,817,25,18.35985312117503,47.215362930920094,47.3873522398237,47,47
sheltch01,Chris Shelton,R,1046,32,18.35564053537285,47.209603831594826,47.38190988976412,47,47
castrro01,Rodolfo Castro,S,791,22,16.687737041719345,47.17180170964751,47.62791909193635,47,48
raderdo02,Doug Rader,R,5959,182,18.32522235274375,47.168018605018716,47.342607853183836,47,47
bostoda01,Daryl Boston,L,2419,68,16.86647374948326,47.167079602790324,47.207163648414834,47,47
wrighge03,George Wright,S,1691,47,16.67652276759314,47.156470480424815,47.61059316334912,47,48
kempst01,Steve Kemp,L,4845,136,16.842105263157894,47.13376502126145,47.17153033490443,47,47
ageeto01,Tommie Agee,R,4396,134,18.289353958143767,47.118982298854434,47.29625482715374,47,47
wietema01,Matt Wieters,S,4577,127,16.648459689753114,47.11810495857131,47.567231846983574,47,48
woodtr01,Travis Wood,R,722,22,18.282548476454295,47.10967840645998,47.287458946615466,47,47
plouftr01,Trevor Plouffe,R,3414,104,18.27768014059754,47.103022819828766,47.28116655364302,47,47
rolensc01,Scott Rolen,R,8339,254,18.275572610624774,47.10014157894393,47.27844248566575,47,47
varitja01,Jason Varitek,S,5850,162,16.615384615384617,47.072887449083424,47.51611864933366,47,48
johnske05,Kelly Johnson,L,5108,143,16.797180892717307,47.07234813300286,47.10582697537072,47,47
barajro01,Rod Barajas,R,3977,121,18.25496605481519,47.071969998059444,47.251805904069286,47,47
davisal01,Alvin Davis,L,4930,138,16.795131845841784,47.069546845377545,47.10282981290622,47,47
bakerdu01,Dusty Baker,R,8318,253,18.249579225775427,47.064605570378916,47.2448422155071,47,47
lankfra01,Ray Lankford,L,6863,192,16.78566224683083,47.05660079185235,47.08897811758018,47,47
lenhado01,Don Lenhardt,R,1810,55,18.23204419889503,47.040633130120696,47.22217272594244,47,47
wardpe01,Pete Ward,L,3543,99,16.76545300592718,47.028972387086796,47.05941469527083,47,47
jonesru01,Ruppert Jones,L,5190,145,16.76300578034682,47.02562674242803,47.05583452090465,47,47
jonesad01,Adam Jones,R,7674,233,18.21735731039875,47.02055442938887,47.20318355130436,47,47
mountry01,Ryan Mountcastle,R,2571,78,18.203033838973163,47.000972562455786,47.18466267744117,47,47
venabwi01,Will Venable,L,3334,93,16.736652669466107,46.989598946148334,47.017278301978195,47,47
greenkh01,Khalil Greene,R,2870,87,18.18815331010453,46.98062913260266,47.16541985843963,47,47
crowlte01,Terry Crowley,L,1652,46,16.707021791767556,46.949090057837424,46.973920227573316,47,47
heisech01,Chris Heisey,R,2114,64,18.164616840113528,46.94845201507687,47.13498014862988,47,47
paglimi01,Mike Pagliarulo,L,4387,122,16.68566218372464,46.91988896614592,46.94266115770753,47,47
gerutjo01,Jody Gerut,L,2050,57,16.682926829268293,46.91614941548899,46.938657808649666,47,47
hurdlcl01,Clint Hurdle,L,1296,36,16.666666666666664,46.89391986436169,46.91485895301629,47,47
robinaa01,Aaron Robinson,L,2523,70,16.646848989298455,46.86682677291641,46.885850506054,47,47
halleto01,Tom Haller,L,4726,131,16.631400761743546,46.84570723231455,46.86323584926612,47,47
olivato01,Tony Oliva,L,6927,192,16.630576006929406,46.84457969566209,46.86202844006138,47,47
nettlji01,Jim Nettles,L,758,21,16.622691292875988,46.833800365930344,46.850485263078085,47,47
dickeco01,Corey Dickerson,L,4440,123,16.62162162162162,46.83233799975228,46.848919234114966,47,47
watkige01,George Watkins,L,2094,58,16.6189111747851,46.82863250073568,46.84495102450717,47,47
spikech01,Charlie Spikes,R,2027,61,18.056240749876665,46.80028917698472,46.994763248739275,47,47
zauchno01,Norm Zauchin,R,698,21,18.05157593123209,46.79391182227434,46.98872591333284,47,47
evereca01,Carl Everett,S,5376,147,16.40625,46.78697587863488,47.19273667066915,47,47
berroge01,Geronimo Berroa,R,2661,80,18.038331454340472,46.77580506753702,46.971583652248675,47,47
cartyri01,Rico Carty,R,6553,197,18.037540057988707,46.77472313581872,46.97055930979454,47,47
santoro01,Ron Santo,R,9456,284,18.02030456852792,46.75116019837711,46.948249408296725,47,47
karkoro01,Ron Karkovice,R,3000,90,18.0,46.72340146955824,46.92196395401791,47,47
saundmi01,Michael Saunders,L,2975,82,16.537815126050422,46.71776468189917,46.7261972201025,47,47
ethiean01,Andre Ethier,L,5517,152,16.53072321914084,46.70806921260413,46.7158097475663,47,47
petrori01,Rico Petrocelli,R,6272,188,17.98469387755102,46.702476203318525,46.90214721728437,47,47
lowelmi01,Mike Lowell,R,6439,193,17.98415903090542,46.701745005166025,46.90145472274478,47,47
hallme01,Mel Hall,L,4648,128,16.523235800344235,46.69783303212867,46.7048425578452,47,47
grichbo01,Bobby Grich,R,8448,253,17.96875,46.680679050985475,46.88150289652913,47,47
blakeca01,Casey Blake,R,5044,151,17.96193497224425,46.67136210799776,46.872678130877816,47,47
garcino01,Nomar Garciaparra,R,6147,184,17.959980478282088,46.66869008530497,46.87014719569876,47,47
guzmaro01,Ronald Guzmán,L,910,25,16.483516483516482,46.643532063202585,46.64665662550601,47,47
wadela01,LaMonte Wade Jr,L,1857,51,16.478190630048466,46.63625099628682,46.63885372615863,47,47
kingji01,Jim King,L,3607,99,16.46797892985861,46.622290403331604,46.62389197983984,47,47
riverju01,Juan Rivera,R,3786,113,17.9080824088748,46.597739331886196,46.80293218432331,47,47
hermije01,Jeremy Hermida,L,2372,65,16.441821247892076,46.58652978131984,46.58556326076471,47,47
youngdm01,Dmitri Young,S,4874,132,16.249487074271645,46.57266255608579,46.950119119135884,47,47
browndo01,Domonic Brown,L,1972,54,16.430020283975658,46.57039647827986,46.56826967182828,47,47
rossch01,Chet Ross,R,738,22,17.88617886178862,46.56779461166718,46.77455801055034,47,47
soltemo01,Moose Solters,R,3187,95,17.885158456228428,46.566399597476575,46.77323607375726,47,47
mckenmi01,Michael McKenry,R,1242,37,17.8743961352657,46.55168624128508,46.75929299211477,47,47
lambja01,Jake Lamb,L,2778,76,16.414686825053995,46.54943383987282,46.54579785261953,47,47
treshto01,Tom Tresh,S,4887,132,16.206261510128915,46.5135681354666,46.883187400971686,47,47
stanlmi02,Mike Stanley,R,5015,149,17.82652043868395,46.48623454372257,46.69725719568904,46,47
collipa01,Pat Collins,R,1515,45,17.82178217821782,46.47975678542046,46.691116565326844,46,47
garvest01,Steve Garvey,R,9766,290,17.816915830432112,46.47310391671577,46.68480976101081,46,47
downibr01,Brian Downing,R,9332,277,17.809687098156882,46.46322139108335,46.67544096678912,46,47
mccorfr01,Frank McCormick,R,6334,188,17.808651720871488,46.4618059087868,46.67409903426629,46,47
ordonma01,Magglio Ordonez,R,7648,227,17.80857740585774,46.461704311438844,46.67400271569855,46,47
roberda06,Dave Roberts,R,1752,52,17.80821917808219,46.46121457201576,46.673538421498385,46,47
brenlbo01,Bob Brenly,R,2864,85,17.807262569832403,46.459906776237915,46.67229856965368,46,47
castiwe01,Welington Castillo,R,2898,86,17.805383022774325,46.45733721476136,46.66986248445684,46,47
bowkejo01,John Bowker,L,771,21,16.342412451361866,46.4506262864341,46.43985278816285,46,46
bushra01,Randy Bush,L,3489,95,16.337059329320724,46.44330794017769,46.43200421672891,46,46
polangr01,Gregory Polanco,L,3529,96,16.32190422215925,46.42258912956433,46.40978312027825,46,46
downsma01,Matt Downs,R,778,23,17.737789203084834,46.36492852811474,46.582236199990646,46,47
gutiefr01,Franklin Gutierrez,R,3654,108,17.73399014778325,46.35973477352992,46.57731020938361,46,47
cuddymi01,Michael Cuddyer,R,6328,187,17.7307206068268,46.35526492721689,46.57307071845065,46,47
merrija01,Jackson Merrill,L,590,16,16.271186440677965,46.3532519682995,46.335405788237345,46,46
otisam01,Amos Otis,R,8124,240,17.725258493353028,46.347797576877106,46.5659880205065,46,47
yeagest01,Steve Yeager,R,3893,115,17.724120215771897,46.346241417796364,46.564511992644,46,47
camermi01,Mike Cameron,R,7723,228,17.713323837886833,46.331481501793945,46.55051162031805,46,47
mullipa01,Pat Mullin,L,3064,83,16.2532637075718,46.32874948811616,46.309117545839044,46,46
congeha01,Hank Conger,S,1419,38,16.067653276955603,46.3240744088982,46.668466953420605,46,47
salazos01,Oscar Salazar,R,644,19,17.70186335403727,46.315813674975786,46.5356490923043,46,47
allenbr01,Brandon Allen,L,591,16,16.243654822335024,46.31561301396886,46.29502267221354,46,46
utleych01,Chase Utley,L,7980,216,16.240601503759397,46.311438769033686,46.29054373994323,46,46
wardda01,Daryle Ward,L,1035,28,16.231884057971016,46.29952099726228,46.27775567520464,46,46
schoojo01,Jonathan Schoop,R,4986,147,17.689530685920577,46.298953469874974,46.51965436104632,46,47
grantge01,George Grantham,L,5767,156,16.230275706606555,46.297322192135724,46.275396239875136,46,46
oliveal01,Al Oliver,L,9760,264,16.229508196721312,46.296272916021294,46.27427030366218,46,46
pearcst01,Steve Pearce,R,3054,90,17.68172888015717,46.28828748550865,46.50953529183657,46,47
carpmi01,Mike Carp,L,1258,34,16.216216216216218,46.27810121826769,46.254770274286486,46,46
smallro02,Roy Smalley,S,6587,176,16.031577349324426,46.27475438071707,46.612557237808716,46,47
medwijo01,Joe Medwick,R,8217,242,17.670682730923694,46.27318610275121,46.49520746791832,46,46
wilkebr01,Brad Wilkerson,L,3517,95,16.20699459766847,46.26549418314721,46.241240892273495,46,46
yelicch01,Christian Yelich,L,6886,186,16.20679639848969,46.265223221602355,46.24095009976419,46,46
wallabr01,Brett Wallace,L,1668,45,16.18705035971223,46.2382280685206,46.2119777510283,46,46
herrmed01,Ed Herrmann,L,3300,89,16.181818181818183,46.23107506711143,46.2043003502053,46,46
smithse01,Seth Smith,L,4228,114,16.17786187322611,46.22566632881788,46.1984949499156,46,46
mathejo02,Joe Mather,R,749,22,17.62349799732977,46.2086790327082,46.433994327901075,46,46
reimono01,Nolan Reimold,R,1875,55,17.6,46.17655451182678,46.40350389500247,46,46
mattido01,Don Mattingly,L,7882,212,16.138036031464097,46.171219727801244,46.14004878232835,46,46
bryanbi01,Billy Bryan,L,595,16,16.134453781512605,46.16632237158173,46.13479108477257,46,46
fishede01,Derek Fisher,L,707,19,16.124469589816126,46.152672809445164,46.1201366920568,46,46
triplco01,Coaker Triplett,R,922,27,17.570498915401302,46.13622306592033,46.36521808082287,46,46
aguaylu01,Luis Aguayo,R,1127,33,17.568766637089617,46.13385483810862,46.36296976587316,46,46
boescbr01,Brennan Boesch,L,1938,52,16.099071207430338,46.11795023909774,46.082854570880315,46,46
credejo01,Joe Crede,R,3418,100,17.554125219426567,46.113838301343826,46.34396583878093,46,46
abreuwi02,Wilyer Abreu,L,522,14,16.091954022988507,46.10822021244867,46.07240642559462,46,46
pindech01,Chad Pinder,R,1915,56,17.54569190600522,46.10230897187368,46.333019025723225,46,46
bartjo01,Joey Bart,R,855,25,17.543859649122805,46.099804061618855,46.330640604193405,46,46
poseybu01,Buster Posey,R,5781,169,17.540217955371045,46.094825438746,46.32591330792127,46,46
niekrla01,Lance Niekro,R,650,19,17.538461538461537,46.09242421063732,46.3236332606634,46,46
clarkda05,Dave Clark,L,1717,46,16.074548631333723,46.0844249987623,46.04685340457232,46,46
bakerfr01,Home Run Baker,L,6980,187,16.074498567335244,46.084356555399154,46.04677990183094,46,46
jungjo01,Josh Jung,R,753,22,17.529880478087648,46.08069289373839,46.31249364281847,46,46
churcry01,Ryan Church,L,2056,55,16.05058365758755,46.051662066299286,46.01166644451338,46,46
morgajo02,Joe Morgan,L,11522,308,16.038882138517618,46.03566471603871,45.99448391965764,46,46
hayesfr01,Frankie Hayes,R,4425,129,17.491525423728813,46.02825703176401,46.2626957012459,46,46
fullmbr01,Brad Fullmer,L,3070,82,16.026058631921824,46.01813347711531,45.97565267607928,46,46
fanzoca01,Carmen Fanzone,R,515,15,17.475728155339805,46.00666031136652,46.24218221993068,46,46
conigbi01,Billy Conigliaro,R,1305,38,17.471264367816094,46.000557789798265,46.23638544357028,46,46
foxja02,Jake Fox,R,687,20,17.46724890829694,45.99506818524341,46.23117074726294,46,46
mejiaro01,Roman Mejias,R,1787,52,17.459429210968104,45.98437774100677,46.22101530832337,46,46
laporma01,Matt LaPorta,R,1170,34,17.435897435897438,45.95220704198823,46.1904518044173,46,46
heltoto01,Todd Helton,L,9250,246,15.956756756756757,45.92338967811756,45.87386173115046,46,46
wallati01,Tim Wallach,R,9202,267,17.40925885677027,45.915788977103276,46.155848065382074,46,46
jorgemi01,Mike Jorgensen,L,3912,104,15.950920245398773,45.91541048191786,45.86528737313608,46,46
reddijo01,Josh Reddick,L,5456,145,15.94574780058651,45.90833914264381,45.85768837274278,46,46
semiema01,Marcus Semien,R,7002,203,17.39502999143102,45.89633644779643,46.13736244736123,46,46
nixontr01,Trot Nixon,L,4217,112,15.935499170026084,45.8943280615366,45.842631190704395,46,46
singljo02,Jon Singleton,L,979,26,15.934627170582226,45.89313593592907,45.84135002141949,46,46
escobed01,Eduardo Escobar,S,5756,151,15.740097289784574,45.87626692122018,46.16046602871454,46,46
ransoco01,Cody Ransom,R,1312,38,17.378048780487806,45.8731211389392,46.11529907641826,46,46
pagliji01,Jim Pagliaroni,R,3212,93,17.372353673723538,45.86533525941921,46.10789904130807,46,46
choosh01,Shin Soo Choo,L,7435,197,15.897780766644251,45.842762576187,45.78720885163771,46,46
niemabo01,Bob Nieman,R,4287,124,17.35479356193142,45.84132852514185,46.08508046115037,46,46
powella01,Landon Powell,S,573,15,15.706806282722512,45.83075420639092,46.10879009244053,46,46
polloaj01,AJ Pollock,R,4706,136,17.33956651083723,45.82051135872665,46.065291698592276,46,46
hallbi03,Bill Hall,R,3496,101,17.334096109839816,45.81303267836913,46.058182049187444,46,46
freesge02,Gene Freese,R,3777,109,17.31532962668785,45.7873766928217,46.03379032040782,46,46
castivi02,Vinny Castilla,R,6965,201,17.315147164393395,45.78712724544515,46.03355315202339,46,46
hicksjo02,John Hicks,R,1005,29,17.313432835820894,45.78478355703409,46.031324818844894,46,46
moniami01,Mickey Moniak,L,984,26,15.853658536585368,45.78244230799692,45.722363240128914,46,46
orsinjo01,John Orsino,R,1248,36,17.30769230769231,45.776935581176865,46.023862954592275,46,46
melhuad01,Adam Melhuse,S,1034,27,15.667311411992262,45.77676008162884,46.04747332905906,46,46
martyjo01,Joe Marty,R,2014,58,17.27904667328699,45.73777363610977,45.986624003422484,46,46
gomezle02,Leo Gomez,R,2292,66,17.277486910994764,45.735641257949055,45.984596154383986,46,46
dropowa01,Walt Dropo,R,4485,129,17.25752508361204,45.70835109651155,45.958642129192356,46,46
heldwo01,Woodie Held,R,4905,141,17.247706422018346,45.69492783345778,45.945874966769466,46,46
youngba01,Babe Young,L,2850,75,15.789473684210526,45.694694079862856,45.62800564681888,46,46
schneda03,Davis Schneider,R,592,17,17.22972972972973,45.67035158473752,45.92249806092326,46,46
nixla01,Laynce Nix,L,2436,64,15.763546798029557,45.65924898278408,45.58988191021864,46,46
sanchhe01,Héctor Sánchez,S,1233,32,15.571776155717762,45.64615217100432,45.89910363380163,46,46
polanjo01,Jorge Polanco,S,4625,120,15.567567567567567,45.64039853693862,45.89256595522245,46,46
driesda01,Dan Driessen,L,6440,169,15.745341614906833,45.634360360270065,45.563109374634934,46,46
nadyxa01,Xavier Nady,R,3418,98,17.203042715038034,45.63386730274979,45.887789731060984,46,46
krausma01,Marc Krauss,L,610,16,15.737704918032787,45.623920099138346,45.55187810375722,46,46
upshawi01,Willie Upshaw,L,4499,118,15.736830406757056,45.622724539561744,45.55059193404019,46,46
tsutsyo01,Yoshi Tsutsugo,L,954,25,15.723270440251572,45.60418647348558,45.53064814724692,46,46
garkory01,Ryan Garko,R,1783,51,17.162086371284353,45.57787517279603,45.834512649863655,46,46
bumgama01,Madison Bumgarner,R,1434,41,17.15481171548117,45.56792986430975,45.82504825909575,46,46
contrwi02,William Contreras,R,1994,57,17.151454363089268,45.56333996945588,45.82068017913231,46,46
mantoje01,Jeff Manto,R,945,27,17.142857142857142,45.55158656013367,45.80949438519704,46,46
avilaal01,Alex Avila,L,3980,104,15.678391959798995,45.54283232222784,45.464631648810524,46,45
cliftha01,Harlond Clift,R,6303,180,17.134697762970013,45.540431729963046,45.79887774510668,46,46
felizpe01,Pedro Feliz,R,4553,130,17.131561607731165,45.53614423758469,45.79479697838346,46,46
marshwi01,Willard Marshall,L,4900,128,15.673469387755103,45.536102588361786,45.45738958922581,46,45
burleal01,Alec Burleson,L,996,26,15.662650602409638,45.5213120387305,45.44147240979006,46,45
repulri01,Rip Repulski,R,2874,82,17.118997912317326,45.51896819104739,45.77844834489659,46,46
wheatza01,Zack Wheat,L,7323,191,15.649324047521507,45.50309307373645,45.42186444636647,46,45
joneswi01,Willie Jones,R,6807,194,17.10004407227854,45.493056066641046,45.753782210194316,45,46
nilssda01,Dave Nilsson,L,3299,86,15.641103364655956,45.49185443519771,45.4097683128318,45,45
essegch01,Chuck Essegian,R,1369,39,17.092768444119795,45.48310942883056,45.744313135841175,45,46
whiteev01,Evan White,R,667,19,17.09145427286357,45.48131280244704,45.742602727329036,45,46
sandera01,Ray Sanders,L,2653,69,15.604975499434602,45.44246340223363,45.35660273477553,45,45
snidetr01,Travis Snider,L,2159,56,15.56276053728578,45.38475059317905,45.29446689343902,45,45
dietzdi01,Dick Dietz,R,2469,70,17.01093560145808,45.371234326200366,45.63778183043789,45,46
mckinbi01,Billy McKinney,L,1042,27,15.547024952015356,45.36323820084591,45.27130236726515,45,45
hinsker01,Eric Hinske,L,4478,116,15.542652970075926,45.35726118828883,45.264865992234874,45,45
gonzalu01,Luis Gonzalez,L,10617,275,15.541113308844308,45.35515629063771,45.26259928850064,45,45
walkedu01,Duane Walker,L,966,25,15.527950310559007,45.33716092672036,45.243219865900706,45,45
jonesja05,Jacque Jones,S,4967,127,15.341252264948661,45.33099895012556,45.540807107921864,45,46
lemonbo01,Bob Lemon,L,1701,44,15.520282186948853,45.32667770155105,45.23192975049784,45,45
mcraeha01,Hal McRae,R,8133,230,16.967908520841018,45.3124112558616,45.58174814470989,45,46
wiggity01,Ty Wigginton,R,5092,144,16.967792615868028,45.312252800156934,45.58159718402541,45,46
footeba01,Barry Foote,R,2299,65,16.963897346672468,45.30692750988409,45.57652372301459,45,46
moorege03,Gene Moore,L,2751,71,15.485278080697928,45.27882297902248,45.18038601039176,45,45
adelljo01,Jo Adell,R,1064,30,16.917293233082706,45.243214215548264,45.51581447424269,45,46
hosmeer01,Eric Hosmer,L,7259,187,15.456674473067917,45.23971848949094,45.138260150540106,45,45
gurrilo01,Lourdes Gurriel Jr,R,3512,99,16.91343963553531,45.237945895310474,45.51079381602541,45,46
bowensa01,Sam Bowens,R,816,23,16.91176470588235,45.235656069847636,45.50861159944917,45,46
nootbla01,Lars Nootbaar,L,1554,40,15.444015444015443,45.22241211067799,45.11961463330381,45,45
fairlro01,Ron Fairly,L,8743,225,15.440924167905752,45.218185973337754,45.11506130021526,45,45
johnsni01,Nick Johnson,L,3381,87,15.43921916592724,45.21585503547557,45.11254986565804,45,45
martied01,Edgar Martinez,R,8772,247,16.89466484268126,45.21227854942478,45.48633147500898,45,45
julieed01,Edouard Julien,L,700,18,15.428571428571429,45.20129832852619,45.09686545880182,45,45
sanchga01,Gaby Sanchez,R,2417,68,16.880430285477864,45.19281823867145,45.467782988229075,45,45
edwarha01,Hank Edwards,L,2763,71,15.418023887079261,45.18687860108486,45.08132779665462,45,45
nahorbi01,Bill Nahorodny,R,889,25,16.87289088863892,45.18251099811019,45.457958077693135,45,45
montemi01,Miguel Montero,L,4632,119,15.414507772020725,45.18207165902787,45.07614799405641,45,45
vergejo01,Johnny Vergez,R,818,23,16.87041564792176,45.17912705347061,45.45473239176586,45,45
ripkeca01,Cal Ripken Jr,R,13088,368,16.87041564792176,45.17912705347061,45.45473239176586,45,45
martife02,Fernando Martinez,L,584,15,15.410958904109588,45.17721993997638,45.07091984630203,45,45
roberle01,Leon Roberts,R,3059,86,16.868257600523048,45.17617674933404,45.4519200281873,45,45
wilkiri01,Rick Wilkins,L,2453,63,15.4097024052181,45.17550215848587,45.069068765010456,45,45
melenmj01,MJ Melendez,L,1675,43,15.402985074626866,45.16631877899114,45.05917255267374,45,45
northji01,Jim Northrup,L,5103,131,15.40270429159318,45.16593491562175,45.05875888559805,45,45
chiselo01,Lonnie Chisenhall,L,2533,65,15.396762731938411,45.15781210606828,45.05000526938937,45,45
frankni01,Nick Franklin,S,1223,31,15.208503679476697,45.14951604985431,45.33429726835875,45,45
piscost01,Stephen Piscotty,R,3063,86,16.846229187071497,45.14606132213496,45.42321062101975,45,45
borchjo01,Joe Borchard,S,592,15,15.202702702702704,45.141585433602486,45.32526995720244,45,45
boyerke01,Ken Boyer,R,8412,236,16.83309557774608,45.12810613637586,45.40609197292048,45,45
zambrca01,Carlos Zambrano,S,1343,34,15.189873417721518,45.1240462949479,45.30530449240223,45,45
shubage01,George Shuba,L,976,25,15.368852459016393,45.11965548647612,45.008881879515585,45,45
mirabdo01,Doug Mirabelli,R,1997,56,16.82523785678518,45.11736370937044,45.3958494143363,45,45
jacksra01,Randy Jackson,R,3282,92,16.819012797074954,45.108853321959856,45.38773470174846,45,45
brownga01,Gates Brown,L,2891,74,15.35800760982359,45.10482930450577,44.992901334236514,45,45
torrejo01,Joe Torre,R,8967,251,16.79491468718635,45.0759083767607,45.35631870424739,45,45
lemonch01,Chet Lemon,R,7932,222,16.792738275340394,45.07293296626887,45.353481163565675,45,45
garnedu01,Dustin Garneau,R,929,26,16.792249730893435,45.07226506865753,45.352844208995116,45,45
westrwe01,Wes Westrum,R,2824,79,16.784702549575073,45.06194718579904,45.34300411387622,45,45
moneydo01,Don Money,R,7078,198,16.78440237355185,45.06153680993634,45.342612732271,45,45
whitebi03,Bill White,L,6773,173,15.325557360106304,45.06046600366696,44.94507859649754,45,45
dominma01,Matt Dominguez,R,1538,43,16.775032509752926,45.04872710615434,45.330395582869954,45,45
thomaga01,Gary Thomasson,L,2666,68,15.303825956489122,45.03075662377874,44.91304802956755,45,45
sledgte01,Terrmel Sledge,L,941,24,15.302869287991497,45.02944874563502,44.91163788501625,45,45
suzukse01,Seiya Suzuki,R,1721,48,16.73445671121441,44.99325522618356,45.277482060699434,45,45
hendeke01,Ken Henderson,S,5128,129,15.093603744149766,44.99243434966162,45.155445867636345,45,45
kingha01,Hal King,L,1022,26,15.264187866927593,44.976566702061206,44.85461505052375,45,45
steveed01,Ed Stevens,L,1573,40,15.25746980292435,44.967382319906164,44.84471035430559,45,45
wilbede01,Del Wilber,R,718,20,16.71309192200557,44.96404705122999,45.249615952997,45,45
massemi02,Michael Massey,L,1062,27,15.254237288135593,44.962963092711036,44.8399444135181,45,45
thomala02,Lane Thomas,R,2263,63,16.70349094122846,44.950921383406985,45.23709226210354,45,45
whitema01,Mark Whiten,S,3711,93,15.036378334680679,44.91420049697885,45.066332413194516,45,45
mosebll01,Lloyd Moseby,L,6310,160,15.213946117274169,44.90788033218851,44.78053345584111,45,45
desmoia01,Ian Desmond,R,5984,166,16.644385026737968,44.87011665959933,45.15997807371795,45,45
laurera01,Ramón Laureano,R,2884,80,16.643550624133148,44.8689759332844,45.158889257582686,45,45
gordoal01,Alex Gordon,L,7547,191,15.184841658937325,44.8680911209437,44.73761010942697,45,45
valenda01,Danny Valencia,R,3389,94,16.642077308940692,44.866961738457476,45.15696670833961,45,45
mclouna01,Nate McLouth,L,3873,98,15.182029434546862,44.86424648006275,44.73346229220482,45,45
castrja01,Jason Castro,L,3597,91,15.17931609674729,44.86053702876025,44.7294602684166,45,45
adamsgl01,Glenn Adams,L,1423,36,15.1791988756149,44.86037677371118,44.72928737244714,45,45
preslji01,Jim Presley,R,2490,69,16.626506024096386,44.84567396409477,45.136646519756056,45,45
uptonbj01,B J  Upton,R,5956,165,16.621893888515782,44.839368633317534,45.13062743048886,45,45
fasansa01,Sal Fasano,R,1300,36,16.615384615384617,44.830469692795475,45.12213219880343,45,45
iannech01,Chris Iannetta,R,4478,124,16.614560071460474,44.8293424444544,45.12105606624961,45,45
cabreas01,Asdrúbal Cabrera,S,7814,195,14.973125159969285,44.82772598158439,44.96780345077178,45,45
crawfwi01,Willie Crawford,L,4197,106,15.153681200857754,44.82549111668787,44.691647457360354,45,45
bochybr01,Bruce Bochy,R,867,24,16.60899653979239,44.82173644353706,45.11379482966616,45,45
hickmji02,Jim Hickman,R,4877,135,16.608570842731186,44.82115446567997,45.11323922201069,45,45
brownol02,Ollie Brown,R,3794,105,16.605166051660518,44.81649971658321,45.10879533648844,45,45
torgeea01,Earl Torgeson,L,6302,159,15.13805141225008,44.80412336081264,44.66859026019057,45,45
pikeli01,Lip Pike,L,2618,66,15.126050420168067,44.78771659578811,44.65088503891434,45,45
cruzjo01,Jose Cruz,L,9286,234,15.119534783545122,44.77880895562576,44.64127197776425,45,45
goodwda01,Danny Goodwin,L,635,16,15.118110236220472,44.77686143219918,44.63917018166883,45,45
brossmi01,Mike Brosseau,R,761,21,16.557161629434955,44.75087203595394,45.046131293469436,45,45
corpoca01,Carlos Corporán,S,1046,26,14.91395793499044,44.74683743914166,44.87561171207397,45,45
mcmahry01,Ryan McMahon,L,3896,98,15.09240246406571,44.74171588971697,44.60123795105106,45,45
houstty01,Tyler Houston,L,1392,35,15.086206896551724,44.73324582160086,44.59209554324241,45,45
stengca01,Casey Stengel,L,3943,99,15.064671569870658,44.703804501902624,44.56031496000979,45,45
tejadmi01,Miguel Tejada,R,8608,237,16.519516728624534,44.699407037248235,44.996978160085064,45,45
phillbr02,Brett Phillips,L,1235,31,15.06072874493927,44.69841419735614,44.55449598779278,45,45
smithpa04,Pavin Smith,L,1276,32,15.047021943573666,44.67967539078862,44.53426604871184,45,45
nieuwki01,Kirk Nieuwenhuis,L,1396,35,15.042979942693409,44.67414950107732,44.52830016703848,45,45
chourja01,Jackson Chourio,R,582,16,16.49484536082474,44.66567838118726,44.96475881137052,45,45
casteni01,Nick Castellanos,R,6948,191,16.493955094991364,44.66446128328087,44.963596090620484,45,45
moorejo01,Johnny Moore,L,2993,75,15.03508185766789,44.663351891657044,44.51664245456765,45,45
cantujo01,Jorge Cantu,R,3493,96,16.490123103349557,44.65922250085244,44.9585912965121,45,45
haleod01,Odell Hale,R,3786,104,16.48177496038035,44.64780960938889,44.94768777268588,45,45
wardta01,Taylor Ward,R,2477,68,16.4715381509891,44.63381468920769,44.93431673800943,45,45
clarkal01,Allie Clark,R,510,14,16.470588235294116,44.63251604293793,44.93307594440651,45,45
reisepe01,Pete Reiser,L,3280,82,15.0,44.61539087381391,44.464855305862855,45,44
vanslan01,Andy Van Slyke,L,6685,167,14.988780852655196,44.6000529823293,44.44829185410329,45,44
lawribr01,Brett Lawrie,R,2518,69,16.441620333598095,44.5929135206521,44.89523437107283,45,45
solarya01,Yangervis Solarte,S,2758,68,14.793328498912254,44.58192283881111,44.68757016272151,45,45
walketi01,Tillie Walker,R,5112,140,16.431924882629108,44.579658700986535,44.882567515155486,45,45
norride01,Derek Norris,R,2337,64,16.43132220795892,44.5788347739618,44.881780112785904,45,45
neemaca01,Cal Neeman,R,950,26,16.42105263157895,44.56479505746035,44.86836235362166,45,45
quinolu01,Luis Quinones,S,609,15,14.77832512315271,44.56141146283659,44.66417464973817,45,45
brownbr01,Brant Brown,L,1003,25,14.955134596211366,44.55405459989089,44.39861229666519,45,44
dwyerji01,Jim Dwyer,L,3250,81,14.953846153846154,44.552293147921816,44.39670970814815,45,44
connoro01,Roger Connor,S,9872,243,14.76904376012966,44.5487227500047,44.64970090344933,45,45
estalbo01,Bobby Estalella,R,2706,74,16.4079822616408,44.5469263273676,44.851284050448406,45,45
jonesno01,Nolan Jones,L,804,20,14.925373134328359,44.513367187669985,44.35466159195576,45,44
johnsla02,Lamar Johnson,R,2895,79,16.373056994818654,44.49917938759347,44.80564285896804,44,45
gregodi01,Didi Gregorius,L,4829,120,14.90991923793746,44.49223989710383,44.331837162653315,44,44
garciad01,Adonis García,R,1027,28,16.358325219084712,44.47903932073825,44.7863882446877,44,45
hargrbu01,Bubbles Hargrave,R,2311,63,16.356555603634792,44.47662004867539,44.784075224691804,44,45
larnatr01,Trevor Larnach,L,1128,28,14.893617021276597,44.469952853140654,44.307757857567196,44,44
moranco01,Colin Moran,L,2136,53,14.887640449438203,44.46178217782193,44.29892961543001,44,44
mullice01,Cedric Mullins,L,3105,77,14.879227053140097,44.45028007739741,44.286501380379846,44,44
kampoal01,Alex Kampouris,R,1544,42,16.321243523316063,44.428344289441725,44.737914731378545,44,45
bailebo01,Bob Bailey,R,7060,192,16.31728045325779,44.42292630743012,44.73273355599411,44,45
alonsyo01,Yonder Alonso,L,3917,97,14.858309931069698,44.42168391597566,44.25560036897555,44,44
earlyja01,Jake Early,L,2383,59,14.855224506924046,44.417465778957265,44.251041969778115,44,44
ortajo01,Jorge Orta,L,6466,160,14.846891432106403,44.40607348742583,44.238730342123716,44,44
schiena01,Nate Schierholtz,L,2506,62,14.844373503591381,44.40263118355526,44.235010147461395,44,44
padgedo01,Don Padgett,L,1781,44,14.823133071308254,44.37359301911793,44.20362587513434,44,44
jacksjo01,Shoeless Joe Jackson,L,5749,142,14.819968690206991,44.36926693867211,44.19894998115427,44,44
heywaja01,Jason Heyward,L,7168,177,14.815848214285714,44.36363376436722,44.192861186027976,44,44
marshji01,Jim Marshall,L,648,16,14.814814814814813,44.36222098597527,44.19133411952359,44,44
mcquige02,George McQuinn,L,6406,158,14.798626287855136,44.340089369180134,44.167411087892944,44,44
dahlda01,David Dahl,L,1420,35,14.788732394366196,44.32656325529376,44.15278914321533,44,44
torregl01,Gleyber Torres,R,3952,107,16.24493927125506,44.32402741918789,44.63813639237497,44,45
martica01,Carmelo Martinez,R,3398,92,16.24484991171277,44.32390525420328,44.638019516593246,44,45
rowesc01,Schoolboy Rowe,R,1330,36,16.240601503759397,44.31809718179201,44.63246283821806,44,45
candeje01,Jeimer Candelario,S,4069,99,14.59818137134431,44.31513380625971,44.38313438636678,44,44
cronijo01,Joe Cronin,R,8352,226,16.235632183908045,44.31130353818525,44.62596307422658,44,45
ashbyal01,Alan Ashby,S,4728,115,14.593908629441623,44.30929246648306,44.37646554554918,44,44
bransje01,Jeff Branson,L,894,22,14.76510067114094,44.29425591541457,44.117861393921444,44,44
drurybr01,Brandon Drury,R,3477,94,16.22088006902502,44.291135665325534,44.606666522100085,44,45
goodsed01,Ed Goodson,L,1464,36,14.754098360655737,44.27921446537243,44.101598507088205,44,44
hardyjj01,J J  Hardy,R,6329,171,16.211091799652394,44.27775395200584,44.59386203475941,44,45
kelenja01,Jarred Kelenic,L,1546,38,14.747736093143597,44.27051649878922,44.092193806197855,44,44
elliobo01,Bob Elliott,R,8331,225,16.204537270435722,44.268793141102094,44.58528734668321,44,45
willaje01,Jerry Willard,L,814,20,14.74201474201474,44.262694740141896,44.083736245823474,44,44
bakerje03,Jeff Baker,R,2408,65,16.196013289036546,44.25713985786234,44.57413571866299,44,45
montawi01,Willie Montanez,L,6434,158,14.734224432701273,44.252044472772255,44.07221985917448,44,44
rodriro03,Ronny Rodríguez,R,556,15,16.18705035971223,44.24488648127894,44.562409236870096,44,45
kirkped01,Ed Kirkpatrick,L,3504,86,14.726027397260273,44.24083816303893,44.06010171450341,44,44
leyriji01,Jim Leyritz,R,2486,67,16.170555108608205,44.2223355365708,44.54082639190319,44,45
reckean01,Anthony Recker,R,1002,27,16.167664670658684,44.21838396857279,44.537044250386444,44,45
leonaje01,Jeffrey Leonard,R,5531,149,16.163442415476403,44.212611650069796,44.531519310708866,44,45
broxtke01,Keon Broxton,R,1188,32,16.161616161616163,44.210114946651004,44.52912956433324,44,45
jenseja01,Jackie Jensen,R,6089,164,16.16028904582033,44.20830062356223,44.527392949741,44,45
susacan01,Andrew Susac,R,521,14,16.122840690978887,44.157104326269504,44.4783839207359,44,44
matthga01,Gary Matthews,R,8376,225,16.11747851002865,44.149773595420896,44.47136551272944,44,44
sweenmi01,Mike Sweeney,R,5957,160,16.11549437636394,44.1470610517752,44.46876848072209,44,44
sisledi01,Dick Sisler,L,2620,64,14.65648854961832,44.14577039484605,43.95727800369053,44,44
tuiasma01,Matt Tuiasosopo,R,596,16,16.10738255033557,44.13597123331204,44.458150603757645,44,44
dickech01,Chris Dickerson,L,1147,28,14.646904969485615,44.13266851574669,43.9431043587208,44,44
howelro02,Roy Howell,L,4265,104,14.63071512309496,44.11053509513451,43.91915878994825,44,44
weeksri01,Rickie Weeks,R,5333,143,16.088505531595725,44.11016413263973,44.43343982831762,44,44
beckhti01,Tim Beckham,R,1902,51,16.08832807570978,44.10992152961133,44.43320751863435,44,44
peraljh01,Jhonny Peralta,R,7423,199,16.085140778660918,44.105564120374936,44.42903494824996,44,44
realmjt01,J T  Realmuto,R,5486,147,16.077287641268686,44.09482795964597,44.4187538811222,44,44
sharodi01,Dick Sharon,R,560,15,16.07142857142857,44.08681792335295,44.4110830769084,44,44
robincl01,Clint Robinson,L,657,16,14.61187214611872,44.084774533549364,43.891286612620306,44,44
ruary01,Ryan Rua,R,1046,28,16.061185468451242,44.07281439910075,44.3976719896727,44,44
zobribe01,Ben Zobrist,S,6785,163,14.414148857774503,44.06353975583639,44.09577353021531,44,44
snydech02,Chris Snyder,R,2694,72,16.035634743875278,44.03788355909525,44.364215480497315,44,44
tayloty01,Tyrone Taylor,R,1460,39,16.027397260273972,44.02662195197841,44.35342813967782,44,44
riosar01,Armando Rios,L,1112,27,14.568345323741008,44.02526825755693,43.8268922754872,44,44
irvinmo01,Monte Irvin,R,2958,79,16.024340770791074,44.022443372040755,44.34942540387823,44,44
escobal01,Alex Escobar,R,562,15,16.014234875444842,44.00862742672766,44.33619036125109,44,44
clintlo01,Lou Clinton,R,1612,43,16.004962779156326,43.99595138260973,44.32404661138849,44,44
francje02,Jeff Francoeur,R,5701,152,15.997193474828977,43.98532983152198,44.31387058064637,44,44
arozara01,Randy Arozarena,R,2778,74,15.982721382289416,43.965544782078815,44.29491419512864,44,44
bauerha01,Hank Bauer,R,5557,148,15.979845240237537,43.961612758251135,44.29114666865036,44,44
grishtr01,Trent Grisham,L,2728,66,14.516129032258064,43.953882457203264,43.74962365628599,44,44
clemero01,Roberto Clemente,R,10031,267,15.970491476423089,43.94882506503796,44.2788935190958,44,44
menchke01,Kevin Mench,R,2705,72,15.970425138632164,43.94873437349008,44.278806616216585,44,44
mondera02,Adalberto Mondesí,S,1969,47,14.321990858303709,43.93754895173333,43.951775394594065,44,44
lefebji01,Jim Lefebvre,S,3731,89,14.312516751541141,43.92459673558251,43.93696832708278,44,44
rendoan01,Anthony Rendon,R,5383,143,15.939067434516067,43.905864710746755,44.23772411620217,44,44
o'neipa01,Paul O Neill,R,8471,225,15.936725298075789,43.902662735279364,44.23465532672668,44,44
murphda07,David Murphy,L,4022,97,14.470412729985082,43.89138290516148,43.6819566375068,44,44
fostero01,Roy Foster,R,1056,28,15.90909090909091,43.86488328141649,44.19844417039805,44,44
youngde04,Delwyn Young,S,926,22,14.254859611231103,43.84577265615741,43.84684141098715,44,44
kauffbe01,Benny Kauff,L,2245,54,14.43207126948775,43.83896562759162,43.62519329244596,44,44
kratzer01,Erik Kratz,R,1435,38,15.88850174216028,43.83673547317089,44.17146107197017,44,44
johnsch04,Charles Johnson,R,4426,117,15.86082241301401,43.79889458083167,44.13518091421545,44,44
richach01,Chris Richard,L,1000,24,14.4,43.79512043721671,43.577704220032544,44,44
mancitr01,Trey Mancini,R,3558,94,15.85160202360877,43.78628922609329,44.123094174682805,44,44
buechst01,Steve Buechele,R,4771,126,15.845734646824566,43.77826783323252,44.115402466384126,44,44
landrke01,Ken Landreaux,L,4674,112,14.377406931964057,43.764233060913526,43.54424518192678,44,44
kinslia01,Ian Kinsler,R,8262,218,15.831517792302106,43.75883172412223,44.09676411303331,44,44
rodrise01,Sean Rodríguez,R,3299,87,15.822976659593817,43.747154993029454,44.08556591773035,44,44
bicheda01,Dante Bichette,R,6978,184,15.82115219260533,43.74466073247412,44.08317380534929,44,44
basske01,Kevin Bass,S,5163,122,14.177803602556653,43.74042804636102,43.72635179429404,44,44
bellgu01,Gus Bell,L,6936,166,14.359861591695502,43.74024652104296,43.518258872488815,44,44
goodwbr01,Brian Goodwin,L,1755,42,14.35897435897436,43.73903356975707,43.51694473493468,44,44
flowety01,Tyler Flowers,R,2998,79,15.81054036024016,43.730153111861995,44.06925981979755,44,44
gomesya01,Yan Gomes,R,4327,114,15.80771897388491,43.72629594549961,44.06556034070951,44,44
bowmabo02,Bob Bowman,R,684,18,15.789473684210526,43.70135249262119,44.04163516156697,44,44
davisjd01,J D  Davis,R,2775,73,15.783783783783782,43.693573730775796,44.0341734386566,44,44
tracych01,Chad Tracy,L,3142,75,14.322087842138764,43.68860537097494,43.46230446195746,44,43
whitero02,Rondell White,R,5860,154,15.7679180887372,43.67188346310449,44.013365906057665,44,44
butlebi03,Billy Butler,R,5711,150,15.759061460339694,43.65977541236716,44.00174979104958,44,44
blackch02,Charlie Blackmon,L,7552,180,14.300847457627118,43.65956727184684,43.430836246611584,44,43
gehrich01,Charlie Gehringer,L,9532,227,14.28871170793118,43.6429762773443,43.41285526506023,44,43
collity01,Tyler Collins,L,758,18,14.248021108179419,43.587347450638006,43.35255773752067,44,43
bucktr01,Travis Buck,L,1180,28,14.237288135593221,43.572674217122554,43.33665094935606,44,43
altmage01,George Altman,L,3077,73,14.234644133896651,43.56905955641254,43.332732276128,44,43
walkege02,Gee Walker,R,5966,156,15.688903788132752,43.56386163834744,43.9097118889685,44,44
gennesc01,Scooter Gennett,L,2995,71,14.223706176961603,43.55410608522821,43.316520574598385,44,43
casalcu01,Curt Casali,R,1877,49,15.663292488012786,43.52884798446206,43.87610384785185,44,44
cowanbi01,Billy Cowan,R,1494,39,15.662650602409638,43.52797045148883,43.87526147937,44,44
breamsi01,Sid Bream,L,3593,85,14.194266629557472,43.513858767890866,43.272882224997964,44,43
federti01,Tim Federowicz,R,882,23,15.646258503401361,43.50556052780506,43.85374850859063,44,44
naquity01,Tyler Naquin,L,2157,51,14.186369958275383,43.50306309122384,43.2611758436481,44,43
johnslo01,Lou Johnson,R,2148,56,15.64245810055866,43.50036493097335,43.848760573945114,44,44
francma02,Maikel Franco,R,4182,109,15.63845050215208,43.49488607348223,43.84350058176379,43,44
hundlni01,Nick Hundley,R,3607,94,15.636262822289991,43.491895258289546,43.84062919010333,43,44
balenwl01,Wladimir Balentien,R,614,16,15.635179153094462,43.49041375528263,43.839206830227255,43,44
salasma01,Mark Salas,L,1397,33,14.173228346456693,43.48509696511698,43.24169307919128,43,43
boggsbr01,Brandon Boggs,S,515,12,13.980582524271846,43.470803679709604,43.41775969535726,43,43
foileha01,Hank Foiles,R,1268,33,15.615141955835963,43.463020554376946,43.81290559170692,43,44
elliola01,Larry Elliot,L,551,13,14.156079854809438,43.461652963899525,43.216268049444835,43,43
winkeje01,Jesse Winker,L,3180,75,14.150943396226417,43.45463082202542,43.20865210002381,43,43
vernomi01,Mickey Vernon,L,9627,227,14.147709566843252,43.450209797625405,43.203857121716,43,43
grubbjo01,Johnny Grubb,L,4835,114,14.146845915201654,43.44902908444354,43.20257652409331,43,43
drewst01,Stephen Drew,L,5094,120,14.13427561837456,43.43184401299935,43.1839370128488,43,43
nimmobr01,Brandon Nimmo,L,4288,101,14.132462686567163,43.429365522390725,43.18124865914896,43,43
davisjo02,Jody Davis,R,3964,103,15.590312815338041,43.42907620451601,43.7803101313834,43,44
ingebr01,Brandon Inge,R,5083,132,15.581349596694865,43.416822432399755,43.76854215598283,43,44
martiru01,Russell Martin,R,6625,172,15.577358490566038,43.41136612178842,43.76330196321403,43,44
hoffpmi01,Micah Hoffpauir,L,510,12,14.117647058823529,43.409110819994496,43.15927798229405,43,43
delmoni01,Nicky Delmonico,L,680,16,14.117647058823529,43.409110819994496,43.15927798229405,43,43
brownbo04,Bobby Brown,S,1421,33,13.933849401829699,43.406914015127654,43.34459314283671,43,43
mcmulke01,Ken McMullen,R,5896,153,15.569877883310719,43.40113925348953,43.75347984381066,43,44
chavimi01,Michael Chavis,R,1503,39,15.568862275449101,43.39975079831609,43.75214630687124,43,44
bennech01,Charlie Bennett,R,4048,105,15.563241106719367,43.39206600076922,43.744765328546386,43,44
gernedi01,Dick Gernert,R,2622,68,15.560640732265446,43.3885109836215,43.741350778395,43,44
gonzama01,Marwin Gonzalez,S,4311,100,13.917884481558803,43.385088094926246,43.31959427164026,43,43
craftha01,Harry Craft,R,2276,59,15.55360281195079,43.37888932033943,43.73210903255047,43,44
whitalo01,Lou Whitaker,L,10131,238,14.095350903168494,43.37862935777184,43.126211003283004,43,43
pavledo01,Don Pavletich,R,1698,44,15.547703180212014,43.37082383116922,43.72436172528353,43,44
smithdo02,Dominic Smith,L,2684,63,14.083457526080476,43.362369715077506,43.10857063572736,43,43
smithja05,Jason Smith,L,895,21,14.078212290502792,43.355198862281895,43.100790513115456,43,43
kryhodi01,Dick Kryhoski,L,1577,37,14.077362079898542,43.35403652457599,43.09952939803682,43,43
campbbr01,Bruce Campbell,L,5374,126,14.067733531819874,43.34087316901551,43.08524701678996,43,43
o'bripe03,Pete O Brien,R,4870,126,15.523613963039013,43.33789104335625,43.69272539376701,43,44
willibe02,Bernie Williams,S,9129,211,13.867893526125535,43.31674459019432,43.24130282018107,43,43
hicksaa01,Aaron Hicks,S,4155,96,13.862815884476534,43.30980285797379,43.23334960420779,43,43
mackape01,Pete Mackanin,R,1626,42,15.498154981549815,43.30308562692048,43.65928537630944,43,44
phegljo01,Josh Phegley,R,1510,39,15.496688741721854,43.301081104947414,43.65735934123457,43,44
rutscad01,Adley Rutschman,S,1864,43,13.841201716738198,43.28025375329479,43.19949269809939,43,43
batemjo01,John Bateman,R,3140,81,15.477707006369428,43.27513084437257,43.6324236913229,43,44
spilmha01,Harry Spilman,L,814,19,14.004914004914005,43.254991501079004,42.9920472572629,43,43
bichebo01,Bo Bichette,R,2795,72,15.456171735241504,43.245689600622,43.60413024571204,43,44
stonejo01,John Stone,L,5058,118,13.997627520759192,43.245030021847455,42.981235012792034,43,43
saboch01,Chris Sabo,R,3805,98,15.45335085413929,43.24183312499983,43.600423858724426,43,44
carrema01,Mark Carreon,R,2252,58,15.452930728241562,43.241258763577235,43.59987184548871,43,44
freesda01,David Freese,R,4431,114,15.436696005416385,43.21906399161083,43.57853963990328,43,44
kalinal01,Al Kaline,R,11894,306,15.43635446443585,43.218597064995464,43.57809083824978,43,44
quinnma01,Mark Quinn,R,1207,31,15.410107705053852,43.18271466369957,43.54359866248154,43,44
washicl01,Claudell Washington,L,7484,174,13.9497594869054,43.179588800133615,42.91019475285553,43,43
jamesch02,Chris James,R,3388,87,15.407319952774499,43.178903479067394,43.539934831659,43,44
maymi01,Milt May,L,4302,100,13.94700139470014,43.175818164304644,42.90610097919066,43,43
willini01,Nick Williams,L,1033,24,13.93998063891578,43.16621996695051,42.89567997074876,43,43
brookhu01,Hubie Brooks,R,6080,156,15.394736842105264,43.161700889596716,43.52339662245578,43,44
chambch01,Chris Chambliss,L,8613,200,13.932427725531173,43.15589424768456,42.88446865634851,43,43
atkinga01,Garrett Atkins,R,3236,83,15.389369592088999,43.15436322873977,43.51634198418138,43,44
cordefr02,Franchy Cordero,L,1034,24,13.926499032882012,43.14778902883826,42.87566798304216,43,43
colucbo01,Bob Coluccio,R,1249,32,15.372297838270615,43.13102413714296,43.493901659440596,43,43
myersbi01,Billy Myers,R,2616,67,15.36697247706422,43.12374374320662,43.48690117511104,43,43
skizalo01,Lou Skizas,R,859,22,15.366705471478463,43.12337871522595,43.48655017572213,43,43
francbe01,Ben Francisco,R,1992,51,15.36144578313253,43.11618810379947,43.47963580057977,43,43
boonebr01,Bret Boone,R,7268,186,15.354980737479362,43.1073496274319,43.47113657825055,43,43
hudlere01,Rex Hudler,R,1876,48,15.35181236673774,43.10301809267935,43.46697118855347,43,43
anderga01,Garret Anderson,L,9071,210,13.890420019843457,43.09846478254305,42.82210581508096,43,43
murreiv01,Ivan Murrell,R,1525,39,15.344262295081966,43.092696258390305,43.457044963330105,43,43
goliami01,Mike Goliat,R,744,19,15.322580645161292,43.06305489764601,43.42853727894366,43,43
mazzile01,Lee Mazzilli,S,4913,112,13.677997150417262,43.05713395184357,42.94373127198163,43,43
higgibo02,Bobby Higginson,L,5630,130,13.854351687388988,43.04915513786011,42.76854964968244,43,43
harrato01,Toby Harrah,R,8583,219,15.3093324012583,43.04494299296192,43.41111633774807,43,43
davisru01,Russ Davis,R,1294,33,15.301391035548686,43.03408621376558,43.4006731040886,43,43
garcipe01,Pedro Garcia,R,1804,46,15.299334811529933,43.031275114142915,43.39796900420926,43,43
ellisjo01,John Ellis,R,2314,59,15.298184961106308,43.02970313362789,43.39645684450929,43,43
lowrije01,Jed Lowrie,S,5448,124,13.656387665198238,43.02759124871815,42.90985145494406,43,43
gallayo01,Yovani Gallardo,R,981,25,15.29051987767584,43.019224064741124,43.38637629471664,43,43
jeffere01,Reggie Jefferson,S,2244,51,13.636363636363637,43.00021605059382,42.878454193848384,43,43
doziehu01,Hunter Dozier,R,2632,67,15.27355623100304,42.99603276830349,43.364065381499195,43,43
sconida01,Daryl Sconiers,L,695,16,13.812949640287771,42.99255367910722,42.70706155775828,43,43
perezro02,Roberto Perez,R,2083,53,15.266442630820931,42.98630764175823,43.35470878965245,43,43
turnetr01,Trea Turner,R,5542,141,15.265247203175749,42.984673351830835,43.35313639370294,43,43
heimjo01,Jonah Heim,S,1938,44,13.622291021671828,42.98097713426496,42.85638680953387,43,43
flahery01,Ryan Flaherty,L,1783,41,13.796971396522714,42.970709544125185,42.6833280584439,43,43
stubbdr01,Drew Stubbs,R,3422,87,15.254237288135593,42.96962150546936,43.33865408340398,43,43
edwarda01,Dave Edwards,R,708,18,15.254237288135593,42.96962150546936,43.33865408340398,43,43
wakefdi01,Dick Wakefield,L,2697,62,13.793103448275861,42.96542160479656,42.67758245880958,43,43
tayloda01,Danny Taylor,R,2243,57,15.247436469014712,42.96032398735352,43.32970790877322,43,43
roberry01,Ryan Roberts,R,1969,50,15.236160487557136,42.94490839696475,43.31487408558558,43,43
aybarwi01,Willy Aybar,S,1457,33,13.589567604667124,42.93624038167597,42.80506714824699,43,43
penage01,Geronimo Pena,S,1148,26,13.588850174216029,42.93525957002706,42.80394192160772,43,43
berryse01,Sean Berry,R,2561,65,15.228426395939087,42.934334985784375,43.30469914643248,43,43
headlch01,Chase Headley,S,5918,134,13.585670834741467,42.93091303972891,42.79895536002084,43,43
crawfbr01,Brandon Crawford,L,6845,157,13.761869978086194,42.92272178441502,42.631182905137244,43,43
calhowi01,Willie Calhoun,L,1439,33,13.759555246699096,42.91955727487252,42.62774391207191,43,43
alcanar01,Arismendy Alcántara,S,663,15,13.574660633484163,42.91586080207499,42.78168607250898,43,43
syndeno01,Noah Syndergaard,L,567,13,13.756613756613756,42.9155359126116,42.62337368597237,43,43
norwowi01,Willie Norwood,R,829,21,15.19903498190591,42.89415347241571,43.26602779107465,43,43
millira01,Randy Milligan,R,2645,67,15.198487712665406,42.89340529111763,43.265307666934234,43,43
abreubo01,Bobby Abreu,L,10007,229,13.730388727890476,42.87968321967723,42.584407780522625,43,43
koskico01,Corey Koskie,L,3846,88,13.728549141965678,42.87716828976109,42.58167427510898,43,43
rosalad01,Adam Rosales,R,2253,57,15.179760319573901,42.867802746271806,43.240663862978586,43,43
bragggl01,Glenn Braggs,R,2373,60,15.170670037926675,42.85537526411254,43.22870079638662,43,43
johjike01,Kenji Johjima,R,1701,43,15.167548500881836,42.85110775652149,43.22459262140245,43,43
cochrmi01,Mickey Cochrane,L,5691,130,13.705851344227726,42.84613773566058,42.54794471037015,43,43
perezmi03,Michael Perez,L,788,18,13.705583756345177,42.845771911611834,42.54754704399383,43,43
hollida01,Dave Hollins,S,3639,82,13.520197856553999,42.84140379239031,42.696248758904574,43,43
frazicl01,Jackson Frazier,R,1227,31,15.158924205378971,42.8393173321257,43.21324202331795,43,43
gondeje01,Jesse Gonder,L,1139,26,13.69622475856014,42.832977062946426,42.53363815548782,43,43
wardga01,Gary Ward,R,4319,109,15.142394072702015,42.81671870021247,43.19148482922532,43,43
kirilal01,Alex Kirilloff,L,877,20,13.683010262257698,42.814911295194065,42.51399828258221,43,43
millake01,Kevin Millar,R,5311,134,15.138392016569384,42.811247419660475,43.186216955272116,43,43
broutda01,Dan Brouthers,L,7413,169,13.67867260218535,42.808981204658465,42.5075512035385,43,43
osunajo01,José Osuna,R,833,21,15.126050420168067,42.794375008546446,43.16997104847608,43,43
overbly01,Lyle Overbay,L,5844,133,13.655030800821354,42.77666008678048,42.47240980830267,43,42
bandyje01,Jett Bandy,R,675,17,15.11111111111111,42.77395121927543,43.15030408960723,43,43
averiea02,Earl Averill,R,1390,35,15.107913669064748,42.76957994063649,43.14609457486427,43,43
mooread01,Adam Moore,R,715,18,15.104895104895107,42.76545320905427,43.14212048640009,43,43
thomale03,Lee Thomas,L,3299,75,13.640497120339496,42.75679083939012,42.450804708433644,43,42
mcanupa01,Paul McAnulty,L,528,12,13.636363636363637,42.751139881547545,42.44465976940033,43,42
davisdi02,Dick Davis,R,1034,26,15.087040618955513,42.74104403075946,43.11861276472972,43,43
alexada01,Dale Alexander,R,2706,68,15.077605321507761,42.728144871497975,43.106189009984696,43,43
phamth01,Tommy Pham,R,4736,119,15.076013513513514,42.725968683100604,43.104092959557,43,43
kavanma01,Marty Kavanagh,R,597,15,15.075376884422111,42.725098336396016,43.10325465793059,43,43
kingje01,Jeff King,R,4936,124,15.072933549432738,42.72175801063187,43.1000372902918,43,43
sheetga01,Gavin Sheets,L,1631,37,13.61128142244022,42.71684955060458,42.40736915793039,43,42
boteda01,David Bote,R,1394,35,15.064562410329986,42.710313680754155,43.089013885912905,43,43
garciav01,Avisaíl García,R,4661,117,15.06114567689337,42.70564260504117,43.08451446109878,43,43
herrepa01,Pancho Herrera,R,1196,30,15.050167224080267,42.69063377123756,43.07005656774156,43,43
hayesvo01,Von Hayes,L,6137,139,13.589701808701319,42.68734768529923,42.3752821727123,43,42
whitero01,Roy White,S,7787,174,13.406960318479518,42.68659478439774,42.51853789153102,43,43
harrine01,Ned Harris,L,884,20,13.574660633484163,42.66678463302871,42.35291518403494,43,42
bellle01,Les Bell,R,1876,47,15.031982942430703,42.66577372349107,43.04610706824685,43,43
navardi01,Dioner Navarro,S,3809,85,13.38934103439223,42.66250715464639,42.4908780985055,43,42
deanau01,Austin Dean,R,559,14,15.026833631484795,42.658734010928114,43.039324744065894,43,43
clarkbo04,Bobby Clark,R,759,19,15.019762845849801,42.649067416894944,43.03001125617124,43,43
heganmi01,Mike Hegan,L,2434,55,13.557929334428923,42.64391098306058,42.3280328827494,43,42
turneju01,Justin Turner,R,6834,171,15.013169446883232,42.64005346648,43.021326230657685,43,43
taubeed01,Ed Taubensee,L,3055,69,13.551554828150573,42.63519628464718,42.31855234470904,43,42
staplda01,Dave Stapleton,R,2159,54,15.006947660954145,42.631547554712554,43.01313040321356,43,43
ruppca01,Cameron Rupp,R,1240,31,15.0,42.62204928657225,43.00397804943918,43,43
narroje01,Jerry Narron,L,842,19,13.539192399049881,42.61829539278747,42.300165341017625,43,42
mazarno01,Nomar Mazara,L,2927,66,13.5292107960369,42.60464936968515,42.28531856533178,43,42
gillaco01,Conor Gillaspie,L,1863,42,13.526570048309178,42.60103915753254,42.28139055407457,43,42
westbjo01,Jordan Westburg,R,681,17,14.977973568281937,42.59193656863549,42.97495958028006,43,43
sandbry01,Ryne Sandberg,R,9217,230,14.972333731148964,42.584226249189825,42.967528850873194,43,43
langery01,Ryan Langerhans,L,1732,39,13.51039260969977,42.57892269981393,42.257326080048415,43,42
canhama01,Mark Canha,R,4693,117,14.958448753462605,42.56524385467493,42.94923376554266,43,43
netoza01,Zach Neto,R,963,24,14.953271028037383,42.558165296183056,42.94241113175666,43,43
whiteje01,Jerry White,S,1398,31,13.30472103004292,42.546821674792284,42.358003857013586,43,42
richaj.01,J R  Richard,R,522,13,14.942528735632184,42.54347932138094,42.92825547960322,43,43
delluda01,David Dellucci,L,3516,79,13.481228668941979,42.539052169116786,42.21393874818574,43,42
buehrma01,Mark Buehrle,L,579,13,13.471502590673575,42.52575547833746,42.19946778352036,43,42
whitety01,Tyler White,R,1005,25,14.925373134328359,42.52002560042831,42.90564687955069,43,43
ishiktr01,Travis Ishikawa,L,1426,32,13.464235624123422,42.51582068196274,42.188655145458696,43,42
eganto01,Tom Egan,R,563,14,14.920071047957371,42.51277702592431,42.89865904606116,43,43
marisja01,Jake Marisnick,R,2415,60,14.906832298136646,42.49467810076523,42.881210234234835,42,43
tiernmi01,Mike Tiernan,L,5984,134,13.435828877005347,42.476985323861314,42.14638444583821,42,42
martean01,Andy Marte,R,1129,28,14.880425155004428,42.45857643605464,42.84640137688226,42,43
wisede01,Dewayne Wise,L,1520,34,13.421052631578947,42.45678446171601,42.124394217086,42,42
bellhma01,Mark Bellhorn,S,2584,57,13.23529411764706,42.45190693522136,42.24894601297753,42,42
strinlo01,Lou Stringer,R,1291,32,14.872192099147949,42.44732088218477,42.83554780658173,42,43
jablora01,Ray Jablonski,R,2099,52,14.8642210576465,42.436423532697226,42.82503915857537,42,43
dixonbr01,Brandon Dixon,R,646,16,14.860681114551085,42.43158401491655,42.820372108999166,42,43
greenmi01,Mike Greenwell,L,5382,120,13.377926421404682,42.39782586963531,42.06020369254391,42,42
jennide01,Desmond Jennings,R,2548,63,14.835164835164834,42.396700265529056,42.78672872102552,42,43
hernake01,Keith Hernandez,L,8613,192,13.375130616509928,42.39400367613254,42.056041834868125,42,42
hortoto01,Tony Horton,R,2144,53,14.832089552238806,42.3924959927484,42.782673606619795,42,43
dendema01,Matt den Dekker,L,673,15,13.37295690936107,42.39103196327916,42.052805996001666,42,42
longsh01,Shed Long Jr,L,629,14,13.354531001589825,42.36584158425879,42.02537525734732,42,42
tannech01,Chuck Tanner,L,629,14,13.354531001589825,42.36584158425879,42.02537525734732,42,42
housepa02,Paul Householder,S,1458,32,13.16872427983539,42.36089815201139,42.1443418649271,42,42
mapescl01,Cliff Mapes,L,854,19,13.348946135831381,42.358206417135435,42.017060532716826,42,42
patteco01,Corey Patterson,L,3642,81,13.344316309719934,42.35187690132575,42.01016748801564,42,42
mittege01,George Mitterwald,R,2878,71,14.801945795691452,42.35128593884211,42.74292180332273,42,43
weathro01,Roy Weatherly,L,3105,69,13.333333333333334,42.33686188326614,41.9938150048897,42,42
rondojo02,José Rondon,R,568,14,14.788732394366196,42.333221668052104,42.725494581830205,42,43
camarjo01,Johan Camargo,S,1553,34,13.13586606567933,42.31597711589207,42.0926979201391,42,42
grossga01,Gabe Gross,L,1893,42,13.312202852614897,42.30797403552543,41.96235139814148,42,42
woodbr01,Brandon Wood,R,975,24,14.76923076923077,42.30656065711179,42.69977137447969,42,43
lummi01,Mike Lum,L,4239,94,13.305024769992924,42.298160753915,41.95166235464566,42,42
gonzaed02,Edgar Gonzalez,R,569,14,14.76274165202109,42.29768927210059,42.691211402642,42,43
bradlja02,Jackie Bradley Jr,L,4646,103,13.301764959104608,42.29370420974736,41.946807968448056,42,42
swansda01,Dansby Swanson,R,5205,128,14.755043227665706,42.287164622255425,42.68105578712331,42,43
altuvjo01,Jose Altuve,R,8540,210,14.754098360655737,42.28587287813077,42.67980930554546,42,43
correvi01,Vic Correll,R,1261,31,14.750198255352894,42.28054097633154,42.67466416134344,42,43
ackledu01,Dustin Ackley,L,2483,55,13.29037454691905,42.27813217911992,41.92984516864339,42,42
lowejo01,Josh Lowe,L,1174,26,13.287904599659285,42.27475547125802,41.926166750622,42,42
whitefr01,Frank White,R,8143,200,14.736583568709321,42.26192810140277,42.6567023264207,42,43
sveumda01,Dale Sveum,S,2338,51,13.088109495295125,42.25068827782634,42.01762333822587,42,42
jordabr01,Brian Jordan,R,5582,137,14.725904693658189,42.24732882556851,42.642612720818555,42,43
moorera01,Randy Moore,L,995,22,13.266331658291458,42.24526272786723,41.89403685513307,42,42
youngde03,Delmon Young,R,4483,110,14.722284184697745,42.24237916479237,42.63783565988913,42,43
bogusbr01,Brian Bogusevic,L,1086,24,13.259668508287293,42.23615341959551,41.88411230759422,42,42
leele02,Leron Lee,L,1584,35,13.257575757575758,42.23329238369578,41.880995153360075,42,42
woodji01,Jimmy Wood,R,734,18,14.713896457765669,42.230912157404646,42.62676813764618,42,43
phillad01,Adolfo Phillips,R,2245,55,14.699331848552337,42.2110006268075,42.60754901485423,42,43
otted01,Ed Ott,L,2041,45,13.228809407153355,42.193965405661956,41.838144284859695,42,42
ojedami01,Miguel Ojeda,R,613,15,14.68189233278956,42.18715876145954,42.5845341181709,42,43
palacjo01,Josh Palacios,L,500,11,13.2,42.15457956402231,41.79522299736683,42,42
kotchca01,Casey Kotchman,L,3457,76,13.190627711888922,42.141766545921,41.78125847154202,42,42
whitfte01,Terry Whitfield,L,2047,45,13.190034196384953,42.140955140551725,41.780374122661854,42,42
hamilje01,Jeff Hamilton,R,1149,28,14.621409921671018,42.10447220516844,42.504697746250976,42,43
riverre01,René Rivera,R,2175,53,14.620689655172413,42.10348751630964,42.50374683244269,42,43
edwarbr01,Bruce Edwards,R,1724,42,14.617169373549883,42.098674878070554,42.49909921225736,42,42
russeji01,Jim Russell,S,4300,93,12.97674418604651,42.09843882642777,41.842487048542104,42,42
alfonel01,Eliezer Alfonzo,R,904,22,14.601769911504425,42.0776220056449,42.478767107603346,42,42
fraleja01,Jake Fraley,L,1416,31,13.135593220338983,42.066527935235044,41.69924473446905,42,42
jasojo01,John Jaso,L,2787,61,13.132400430570506,42.062163016806124,41.69448605758971,42,42
grievbe01,Ben Grieve,L,3793,83,13.129448984972319,42.058128044190425,41.69008702220424,42,42
gonzaal02,Alex Gonzalez,R,4607,112,14.586498806164531,42.05674461190411,42.45860270039046,42,42
caveja01,Jake Cave,L,1692,37,13.120567375886525,42.0459858419196,41.676848869610495,42,42
wardpr01,Preston Ward,L,1921,42,13.118167621030713,42.042705095314105,41.67327190161521,42,42
evansni01,Nick Evans,R,700,17,14.571428571428571,42.03614183185996,42.438701797080924,42,42
lowena01,Nathaniel Lowe,L,2929,64,13.11027654489587,42.03191706787018,41.661509506542565,42,42
guzmaje01,Jesus Guzman,R,1277,31,14.56538762725137,42.02788315199714,42.430723983486985,42,42
kipnija01,Jason Kipnis,L,5127,112,13.107080163838503,42.02754723972777,41.65674486416578,42,42
maldoma01,Martín Maldonado,R,4244,103,14.561734213006599,42.02288850583442,42.42589906421386,42,42
santada01,Danny Santana,S,2137,46,12.915301824988301,42.01443990587647,41.74582081863494,42,42
hernaya01,Yadiel Hernández,L,733,16,13.096862210095498,42.01357809743125,41.641513090008445,42,42
cuyleki01,Kiki Cuyler,R,7588,184,14.549288350026359,42.00587355006671,42.40946154794747,42,42
freehbi01,Bill Freehan,R,7052,171,14.549064095292115,42.00556696751876,42.40916535918558,42,42
uribeju01,Juan Uribe,R,6684,162,14.542190305206462,41.996169689527704,42.40008648371434,42,42
skinnbo01,Bob Skinner,L,4265,93,13.083235638921453,41.994948974954156,41.62119890270449,42,42
bauerja01,Jake Bauers,L,1789,39,13.079932923420905,41.99043377514484,41.61627507664208,42,42
lakeju01,Junior Lake,R,867,21,14.53287197231834,41.9834304345502,42.38777829418912,42,42
taylosa02,Sammy Taylor,L,1056,23,13.068181818181818,41.9743686347699,41.59875536883259,42,42
kearnau01,Austin Kearns,R,4337,105,14.526170163707633,41.97426827542505,42.37892575373526,42,42
mackra01,Ray Mack,R,1281,31,14.519906323185012,41.96570487009127,42.370651425738856,42,42
mohrdu01,Dustan Mohr,R,1653,40,14.519056261343012,41.964542735760816,42.36952849901279,42,42
seedsbo01,Bob Seeds,R,827,20,14.510278113663846,41.952541977378644,42.35793229718737,42,42
madlobi01,Bill Madlock,R,7446,180,14.5044319097502,41.9445495303175,42.35020895909456,42,42
meyerda01,Dan Meyer,L,4048,88,13.043478260869565,41.940595971866514,41.56192145669348,42,42
ginteke01,Keith Ginter,R,1200,29,14.5,41.93849058940791,42.34435385272285,42,42
muellra01,Ray Mueller,R,3477,84,14.49525452976704,41.932002974508165,42.33808432887639,42,42
pramejo01,Johnny Pramesa,R,621,15,14.492753623188406,41.92858394162292,42.334780163364954,42,42
gomezca01,Carlos Gómez,R,5384,130,14.487369985141159,41.92122387640376,42.32766720949102,42,42
schmibo02,Bob Schmidt,R,1284,31,14.485981308411214,41.91932539229116,42.3258324306375,42,42
peralda01,David Peralta,L,5114,111,13.023073914743842,41.91270083535814,41.53149434131288,42,42
smolija01,Jake Smolinski,R,912,22,14.473684210526315,41.90251381587295,42.309584343786426,42,42
mcauldi01,Dick McAuliffe,L,6454,140,13.015184381778742,41.90191491760842,41.51972856477532,42,42
moonwa01,Wally Moon,L,5717,124,13.013818436242785,41.90004750970651,41.5176914622374,42,42
smithbi05,Billy Smith,S,982,21,12.830957230142566,41.89913094314525,41.613076329450806,42,42
ascheco01,Cody Asche,L,1522,33,13.009198423127463,41.89373140941453,41.51080130209902,42,42
tolanbo01,Bobby Tolan,L,4475,97,13.005586592178771,41.8887936124992,41.50541460445464,42,42
schulwe02,Wes Schulmerich,R,1577,38,14.457831325301205,41.8808410607314,42.28863632515311,42,42
mooredy01,Dylan Moore,R,1951,47,14.454126089185033,41.87577556798689,42.28373994798183,42,42
goodrni01,Niko Goodrum,S,1873,40,12.813667912439936,41.875494416177915,41.585859139567184,42,42
alcanse01,Sergio Alcántara,S,562,12,12.811387900355871,41.87237737199851,41.582269729970236,42,42
peckha01,Hal Peck,L,508,11,12.992125984251969,41.87039138126423,41.48533853528458,42,41
pinsova01,Vada Pinson,L,10578,229,12.989222915484968,41.86642254545593,41.48100852054767,42,41
dirksan01,Andy Dirks,L,1155,25,12.987012987012987,41.86340131380166,41.47771230270706,42,41
bogaexa01,Xander Bogaerts,R,7023,169,14.438274241777018,41.85410423166314,42.262790952847766,42,42
paredji01,Jimmy Paredes,S,1266,27,12.796208530805687,41.85162539185151,41.55837193434547,42,42
finlest01,Steve Finley,L,10222,221,12.972021130894149,41.842905686528326,41.45535022979236,42,41
burgesm01,Smoky Burgess,L,5277,114,12.961910176236497,41.82908282454258,41.44026762014017,42,41
delacbr01,Bryan De La Cruz,R,1956,47,14.417177914110429,41.8252630751537,42.23490816785391,42,42
ruizri01,Rio Ruiz,L,1482,32,12.955465587044534,41.82027231455895,41.43065375959692,42,41
stahlla01,Larry Stahl,L,1483,32,12.946729602157788,41.80832919766368,41.417621155938974,42,41
bensowi01,Will Benson,L,742,16,12.93800539083558,41.7964021766133,41.404605539637956,42,41
shelbjo01,John Shelby,S,2921,62,12.735364601163985,41.76844459729904,41.46256415660699,42,41
brownmi02,Mike Brown,R,960,23,14.375000000000002,41.76760091511683,42.17915197559943,42,42
valaipa01,Pat Valaika,R,1294,31,14.37403400309119,41.76628028393992,42.17787483881471,42,42
greenda03,David Green,R,1503,36,14.371257485029941,41.76248445780273,42.17420398715221,42,42
diazal02,Aledmys Díaz,R,2672,64,14.371257485029941,41.76248445780273,42.17420398715221,42,42
hillaa01,Aaron Hill,R,6265,150,14.365522745411015,41.754644395517744,42.166621867690054,42,42
felixju01,Junior Felix,S,2452,52,12.72430668841762,41.753327132438514,41.44514882473171,42,41
sizemsc01,Scott Sizemore,R,752,18,14.361702127659575,41.74942116253267,42.16157034401178,42,42
furilca01,Carl Furillo,R,7272,174,14.356435643564357,41.742221260519145,42.15460695138939,42,42
fletcda01,Darrin Fletcher,L,4187,90,12.897062335801289,41.74042821389895,41.34351505791481,42,41
youngke01,Kevin Young,R,4347,104,14.35472739820566,41.739885888575486,42.15234824890144,42,42
byrdma01,Marlon Byrd,R,6229,149,14.352223470862096,41.73646272594996,42.149037427587515,42,42
puckeki01,Kirby Puckett,R,8071,193,14.347664477759881,41.730230047179305,42.143009170869206,42,42
dusaker01,Erv Dusak,R,753,18,14.342629482071713,41.72334661699364,42.13635132344369,42,42
huntzst01,Steve Huntz,S,803,17,12.702366127023662,41.723331809315496,41.410591446462085,42,41
nixja01,Jayson Nix,R,1674,40,14.336917562724015,41.715537752698395,42.12879813765668,42,42
byrneer01,Eric Byrnes,R,3641,87,14.336720681131556,41.71526859244872,42.12853778587004,42,42
hernajo01,José Hernández,R,4900,117,14.326530612244897,41.701337572024364,42.11506226733507,42,42
wallijo01,Joe Wallis,S,994,21,12.676056338028168,41.687363239138634,41.36914752983964,42,41
martijo08,José Martínez,R,1467,35,14.314928425357873,41.68547602051886,42.099718382803616,42,42
murphda08,Daniel Murphy,L,5930,127,12.849915682967959,41.675973204726134,41.27315256025639,42,41
spiezed01,Ed Spiezio,R,2014,48,14.299900695134061,41.664931349132615,42.079842704113055,42,42
valenfr01,Fred Valentine,S,1422,30,12.658227848101266,41.66298960044496,41.34106061334529,42,41
andujmi01,Miguel Andújar,R,1553,37,14.294913071474566,41.65811268207135,42.07324569415358,42,42
riddljt01,JT Riddle,L,935,20,12.834224598930481,41.65452165080262,41.24973117565865,42,41
matonni01,Nick Maton,L,608,13,12.828947368421053,41.647307057179304,41.241853668934915,42,41
danksjo02,Jordan Danks,L,608,13,12.828947368421053,41.647307057179304,41.241853668934915,42,41
meuseir01,Irish Meusel,R,3528,84,14.285714285714285,41.64553686205177,42.06107818713714,42,42
olerujo01,John Olerud,L,9215,197,12.82691264243082,41.64452534788536,41.2388163058824,42,41
terrybi01,Bill Terry,L,6833,146,12.82013756768623,41.63526302535416,41.228702501037816,42,41
jacksda03,Darrin Jackson,R,2819,67,14.2603760198652,41.61089647806736,42.02755919697661,42,42
worthre01,Red Worthington,R,505,12,14.257425742574258,41.60686310266482,42.02365607575981,42,42
suhrgu01,Gus Suhr,L,4313,92,12.79851611407373,41.60570396002984,41.196423755528954,42,41
lamarry01,Ryan LaMarre,R,590,14,14.237288135593221,41.579332629880895,41.99701291400373,42,42
taylomi02,Michael A  Taylor,R,3709,88,14.235643030466433,41.577083578046555,41.99483621373565,42,42
hernara02,Ramon Hernandez,R,5695,135,14.223002633889378,41.559802672014854,41.97811054737466,42,42
kraneed01,Ed Kranepool,L,6115,130,12.755519215044972,41.54692215146544,41.13222301038766,42,41
lindejo01,Johnny Lindell,R,3420,81,14.210526315789474,41.5427460805233,41.961600801689784,42,42
paquecr01,Craig Paquette,R,1267,30,14.20678768745067,41.53763493669039,41.95665329501944,42,42
teahema01,Mark Teahen,L,3154,67,12.74571972098922,41.53352509268619,41.117588953748324,42,41
spraged02,Ed Sprague,R,4525,107,14.187845303867402,41.51173847460366,41.93158430104454,42,42
howear01,Art Howe,R,3089,73,14.179346066688248,41.500119019617514,41.92033523865309,42,42
ruffire01,Red Ruffing,R,2667,63,14.173228346456693,41.491755377875315,41.912237865556236,41,42
delacel01,Elly De La Cruz,S,1197,25,12.531328320802004,41.48950304934205,41.141074169648235,41,41
kellyca02,Carson Kelly,R,2117,50,14.170996693434105,41.48870444621003,41.90928399416292,41,42
jordari02,Ricky Jordan,R,2289,54,14.154652686762779,41.466360270396635,41.887649511199484,41,42
simonra01,Randall Simon,L,1796,38,12.694877505567929,41.46401781561754,41.04165214906333,41,41
jacobbr01,Brook Jacoby,R,5088,120,14.150943396226417,41.461289234783756,41.88273925950975,41,42
mcclell01,Lloyd McClendon,R,1060,25,14.150943396226417,41.461289234783756,41.88273925950975,41,42
ryanmi03,Mike Ryan,L,520,11,12.692307692307693,41.4605045792093,41.03781341326164,41,41
kuheljo01,Joe Kuhel,L,7991,169,12.689275434864221,41.45635912731424,41.03328382323831,41,41
bockmed01,Eddie Bockman,R,509,12,14.145383104125736,41.45368766273537,41.87537851023784,41,42
blowemi01,Mike Blowers,R,2291,54,14.142295940637275,41.44946714783116,41.871291602919996,41,42
olmolu01,Luis Olmo,R,764,18,14.136125654450263,41.4410316422569,41.86312292134477,41,42
diazbo01,Bo Diaz,R,3523,83,14.135679818336646,41.44042213195096,41.86253267932769,41,42
slaugen01,Enos Slaughter,L,9326,197,12.674244048895561,41.43580945809562,41.010828891629046,41,41
riverru01,Ruben Rivera,R,1953,46,14.1321044546851,41.43553419011188,41.85779920426652,41,42
daviswi02,Willie Davis,L,9903,209,12.662829445622538,41.42020435541171,40.993775818932775,41,41
greggto01,Tommy Gregg,L,616,13,12.662337662337663,41.41953202992872,40.99304108737964,41,41
lindeji01,Jim Lindeman,R,765,18,14.117647058823529,41.41576923275284,41.83865786397252,41,42
lewisjo01,Johnny Lewis,L,948,20,12.658227848101266,41.41391343139868,40.986900892080214,41,41
mageesh01,Sherry Magee,R,7056,166,14.115646258503402,41.41303390383261,41.83600871450868,41,42
johnsda02,Davey Johnson,R,5062,119,14.10509679968392,41.39861155517974,41.82204025599996,41,42
liebemi01,Mike Lieberthal,R,4641,109,14.091790562378797,41.38042036670684,41.8044203660035,41,42
crispco01,Coco Crisp,S,6655,138,12.441773102930128,41.367070553236516,40.999866833563644,41,41
worthcr01,Craig Worthington,R,1449,34,14.078674948240167,41.362489782480615,41.7870515837141,41,42
loneyja01,James Loney,L,5565,117,12.61455525606469,41.35420787117006,40.92164472626612,41,41
lewisbu01,Buddy Lewis,L,5946,125,12.613521695257315,41.3527948722122,40.920100191044426,41,41
yountro01,Robin Yount,R,12370,290,14.066289409862572,41.34555729752648,41.770648432222,41,42
lopesda01,Davey Lopes,R,7295,171,14.064427690198766,41.343012108190734,41.76818270867255,41,42
jensewo01,Woody Jensen,L,1333,28,12.603150787696924,41.338616624091415,40.9046016400324,41,41
baldero01,Rocco Baldelli,R,2219,52,14.060387561964848,41.337488778606826,41.76283173794654,41,42
torrean02,Andres Torres,S,2030,42,12.413793103448276,41.32881860925157,40.95573655849826,41,41
johnsjo09,Josh Johnson,L,667,14,12.593703148425787,41.325700592108504,40.89048213590275,41,41
pinama01,Manny Piña,R,1452,34,14.049586776859504,41.322722837416904,41.748525969962216,41,42
robinja02,Jackie Robinson,R,5770,135,14.038128249566725,41.30705768544155,41.733348048843325,41,42
brosisc01,Scott Brosius,R,4234,99,14.029286726499762,41.294970285464345,41.72163592181112,41,42
stewabu01,Bud Stewart,L,2148,45,12.569832402234637,41.29306647977498,40.8548042758173,41,41
griffke01,Ken Griffey,L,8268,173,12.554426705370101,41.27200508361972,40.83177621521705,41,41
murphjr01,John Ryan Murphy,R,1158,27,13.989637305699482,41.24076487261323,41.66910612369831,41,42
russead02,Addison Russell,R,2231,52,13.984760197220977,41.23409729277824,41.66264383188402,41,42
johnsja01,Jay Johnstone,L,4934,103,12.525334414268343,41.232232506413624,40.78828486483587,41,41
sakatle01,Lenn Sakata,R,1202,28,13.976705490848586,41.22308556359033,41.65197074824997,41,42
preslal01,Alex Presley,L,1822,38,12.513721185510429,41.21635585937436,40.77092194643624,41,41
vandejo02,John Vander Wal,L,3263,68,12.503830830524059,41.202834583036406,40.75613408833145,41,41
siscoch01,Chance Sisco,L,912,19,12.5,41.197597387992246,40.75040610922073,41,41
bejmaol01,Ollie Bejma,R,602,14,13.953488372093023,41.191345036693406,41.62120359387035,41,42
gabrile02,Len Gabrielson,L,2161,45,12.494215640906987,41.18968949006114,40.74175694172931,41,41
ellsbja01,Jacoby Ellsbury,L,5475,114,12.493150684931507,41.18823357022288,40.74016451943664,41,41
zeileto01,Todd Zeile,R,8690,202,13.947065592635212,41.18256434317669,41.612691453090996,41,42
joynewa01,Wally Joyner,L,7841,163,12.472898864940698,41.16054695484662,40.70988045959455,41,41
encarju01,Juan Encarnacion,R,4955,115,13.925327951564077,41.152846435956675,41.583880133974276,41,42
wagneho01,Honus Wagner,R,10815,251,13.9251040221914,41.15254029821619,41.58358331679018,41,42
rowanaa01,Aaron Rowand,R,4784,111,13.921404682274247,41.14748286626791,41.57867980658719,41,42
olivaed02,Edward Olivares,R,1036,24,13.899613899613898,41.11769230825691,41.54979381389931,41,42
retteme01,Merv Rettenmund,R,3282,76,13.893967093235831,41.109972461035056,41.54230778669188,41,42
aloufe01,Felipe Alou,R,8250,191,13.89090909090909,41.105791812862265,41.53825366188841,41,42
bucknbi01,Bill Buckner,L,9223,191,12.425458093895696,41.09568985155063,40.63892656918539,41,41
bonifjo01,Jorge Bonifacio,R,951,22,13.880126182965299,41.091050311850864,41.523957733353505,41,42
galvifr01,Freddy Galvis,S,4608,94,12.239583333333334,41.09065340226543,40.68083816306343,41,41
reeseri01,Rich Reese,L,1063,22,12.417685794920038,41.08506420642709,40.62730045252293,41,41
koyer01,Ernie Koy,R,1773,41,13.874788494077833,41.0837530645273,41.51688072475726,41,42
milleno01,Norm Miller,L,1450,30,12.413793103448276,41.079742440205294,40.62147743648703,41,41
bladera01,Ray Blades,R,2856,66,13.865546218487395,41.07111778880443,41.50462628491506,41,42
kieltbo01,Bobby Kielty,S,2160,44,12.222222222222223,41.06691872528056,40.65343019654028,41,41
toroab01,Abraham Toro,S,1473,30,12.219959266802444,41.06382499956359,40.649857503215586,41,41
mackoro01,Rob Mackowiak,L,2710,56,12.398523985239853,41.05886776310649,40.59863549447069,41,41
bellke01,Kevin Bell,R,780,18,13.846153846153847,41.04460613926994,41.47891161201592,41,41
smithch04,Charley Smith,R,1950,45,13.846153846153847,41.04460613926994,41.47891161201592,41,41
amorosa01,Sandy Amoros,L,1744,36,12.385321100917432,41.040817870294006,40.57888312576547,41,41
moraljo01,Jose Morales,R,1387,32,13.84282624369142,41.04005691606214,41.474498858434075,41,41
pacioto01,Tom Paciorek,R,4161,96,13.84282624369142,41.04005691606214,41.474498858434075,41,41
brantro01,Rob Brantly,L,630,13,12.380952380952381,41.03484531723883,40.57234694751659,41,41
luploal01,Al Luplow,L,727,15,12.379642365887207,41.0330543728564,40.57038696493422,41,41
santone01,Nelson Santovenia,R,868,20,13.824884792626728,41.0155288462321,41.45070514762116,41,41
suzukku01,Kurt Suzuki,R,6337,146,13.823575824522646,41.013739333168395,41.44896911633194,41,41
sofieri01,Rick Sofield,L,728,15,12.362637362637363,41.00980653712293,40.54494370401184,41,41
troutdi01,Dizzy Trout,R,1216,28,13.81578947368421,41.00309447749882,41.43864212695699,41,41
veachbo01,Bobby Veach,L,5584,115,12.3567335243553,41.00173529711421,40.53610973882229,41,41
coxst01,Steve Cox,L,1360,28,12.352941176470589,40.99655071235567,40.530435076062375,41,41
colbrgr01,Greg Colbrunn,R,3305,76,13.797276853252647,40.97778555209223,41.41408710843506,41,41
martest01,Starling Marte,R,6574,151,13.781563735929419,40.95630387608051,41.39324329609936,41,41
asselbr01,Brian Asselstine,L,633,13,12.322274881516588,40.954626287104446,40.48454370168547,41,40
thaisma01,Matt Thaiss,L,828,17,12.318840579710146,40.94993119336749,40.47940390800376,41,40
melesa01,Sam Mele,R,3702,85,13.776337115072932,40.94915847179405,41.38630964863259,41,41
rodriiv01,Ivan Rodriguez,R,10366,238,13.775805518039746,40.948431716243206,41.38560441917262,41,41
garagjo01,Joe Garagiola,L,2192,45,12.317518248175181,40.948123410924964,40.47742487603547,41,40
torrehe01,Hector Torres,R,610,14,13.770491803278688,40.94116724436486,41.37855499925465,41,41
uriaslu01,Luis Urías,R,1961,45,13.768485466598673,40.938424346590736,41.37589324455091,41,41
smithdw01,Dwight Smith,L,1706,35,12.3094958968347,40.93715591486398,40.46541815554929,41,40
anderbr06,Brian Anderson,R,3185,73,13.751962323390893,40.9158352701024,41.353971260774436,41,41
hernaen02,Enrique Hernández,R,4320,99,13.749999999999998,40.91315254366141,41.351367622316275,41,41
schuri01,Rick Schu,R,1702,39,13.748531139835487,40.911144439380664,41.349418698769284,41,41
hedgeau01,Austin Hedges,R,2444,56,13.747954173486088,40.91035565864846,41.348653159682215,41,41
travide01,Devon Travis,R,1310,30,13.740458015267176,40.90010753035675,41.33870676620497,41,41
cokerji01,Jimmie Coker,R,524,12,13.740458015267176,40.90010753035675,41.33870676620497,41,41
moncayo01,Yoán Moncada,S,3770,76,12.095490716180372,40.89366187896128,40.45329016359692,41,40
herrmch01,Chris Herrmann,L,1467,30,12.269938650306749,40.88307651506388,40.4062073386723,41,40
fickro01,Robert Fick,L,2838,58,12.26215644820296,40.872437331201596,40.394557242506394,41,40
garrewa01,Wayne Garrett,L,3622,74,12.25842076200994,40.86733020962737,40.38896469032862,41,40
kennete02,Terry Kennedy,L,5535,113,12.249322493224932,40.85489180811311,40.3753435797729,41,40
greenty02,Tyler Greene,R,1007,23,13.704071499503476,40.85036289173718,41.290420708763925,41,41
locklge01,Gene Locklear,L,686,14,12.244897959183673,40.848842950663496,40.36871933838563,41,40
molinbo01,Bob Molinaro,L,931,19,12.244897959183673,40.848842950663496,40.36871933838563,41,40
molinbe01,Bengie Molina,R,5037,115,13.698630136986301,40.84292391039111,41.28319898674373,41,41
walkeru01,Rube Walker,L,1373,28,12.235979606700655,40.83665051585521,40.35536667509193,41,40
quirkja01,Jamie Quirk,L,2305,47,12.234273318872017,40.83431782008495,40.35281193203696,41,40
fletcel01,Elbie Fletcher,L,5939,121,12.224280181848798,40.820656028636606,40.33784924381809,41,40
estrath01,Thairo Estrada,R,1930,44,13.678756476683938,40.81575428370276,41.25682095811257,41,41
bandoch01,Chris Bando,S,1396,28,12.034383954154729,40.81012176168491,40.356744182931706,41,40
brownem01,Emil Brown,R,2063,47,13.669413475521086,40.802981304297795,41.24441909099368,41,41
stassma01,Max Stassi,R,1756,40,13.66742596810934,40.80026414834384,41.24178079532331,41,41
mcbriba01,Bake McBride,L,4227,86,12.20723917672108,40.797358974109656,40.31233206352377,41,40
aurilri01,Rich Aurilia,R,6237,142,13.660413660413662,40.7906775005187,41.232472142747454,41,41
milleed03,Eddie Miller,R,5931,135,13.657056145675265,40.78608738371811,41.228014999099685,41,41
coopega03,Garrett Cooper,R,2285,52,13.654266958424508,40.78227423731157,41.22431225252346,41,41
bloodji01,Jimmy Bloodworth,R,3780,86,13.65079365079365,40.77752581803357,41.219701229127764,41,41
youngjo02,Joel Youngblood,R,3868,88,13.650465356773525,40.7770770015682,41.219265394476,41,41
montgbo01,Bob Montgomery,R,1011,23,13.649851632047477,40.77623796781989,41.21845062721083,41,41
phillbr01,Brandon Phillips,R,8095,184,13.638048177887585,40.76010126032474,41.20278006960536,41,41
biggica01,Cavan Biggio,L,2365,48,12.177589852008456,40.756824866564926,40.26792995893432,41,40
hassero01,Ron Hassey,L,3893,79,12.17569997431287,40.75424118189413,40.26509949855123,41,40
bouched01,Ed Bouchee,L,2809,57,12.175151299394802,40.753491078869814,40.26427774580119,41,40
dobbsgr01,Greg Dobbs,L,2664,54,12.162162162162163,40.73573340342175,40.244823194068275,41,40
bernaro01,Roger Bernadina,L,1727,35,12.159814707585408,40.73252415743747,40.241307144739594,41,40
whitede03,Devon White,S,8169,163,11.972089607051046,40.72495807619113,40.25829276207976,41,40
johnswa01,Walter Johnson,R,2735,62,13.60146252285192,40.710084374942575,41.15420134573746,41,41
altheaa01,Aaron Altherr,R,1368,31,13.596491228070175,40.703288031374115,41.14759963868953,41,41
hollato01,Todd Hollandsworth,L,2424,49,12.128712871287128,40.69000429603854,40.194718452837535,41,40
wallide01,Denny Walling,L,3315,67,12.126696832579187,40.68724813445327,40.19169829452677,41,40
lillibr01,Brent Lillibridge,R,1105,25,13.574660633484163,40.67344304578704,41.11860715069935,41,41
shannmi01,Mike Shannon,R,3183,72,13.572101790763432,40.669944807394174,41.11520860030747,41,41
howarel01,Elston Howard,R,5925,134,13.569620253164556,40.66655225417807,41.11191267605875,41,41
cubbami01,Mike Cubbage,L,2180,44,12.110091743119266,40.66454702781823,40.16682160977456,41,40
cozarza01,Zack Cozart,R,3582,81,13.5678391959799,40.66411733992064,41.10954708590847,41,41
marreel01,Eli Marrero,R,2389,54,13.562159899539557,40.656353074969495,41.10200371583474,41,41
alvisma01,Max Alvis,R,3894,88,13.559322033898304,40.65247337948857,41.09823430693535,41,41
salazlu01,Luis Salazar,R,4560,103,13.552631578947368,40.64332674214917,41.08934743607657,41,41
bollwdo01,Don Bollweg,L,546,11,12.08791208791209,40.63422483538427,40.13359020921632,41,40
anderbr03,Brian Anderson,R,1019,23,13.542688910696763,40.62973394743773,41.07614005345913,41,41
harriga01,Gail Harris,L,993,20,12.084592145015106,40.62968608370164,40.128615674617755,41,40
cromawa01,Warren Cromartie,L,4419,89,12.08418194161575,40.629125287499164,40.12800102843214,41,40
mcdonda02,Darnell McDonald,R,1152,26,13.541666666666666,40.62833641984294,41.07478210912336,41,41
lampkto01,Tom Lampkin,L,2036,41,12.082514734774067,40.62684602002595,40.12550288310419,41,40
rengilu01,Luis Rengifo,S,2118,42,11.898016997167138,40.62369212277551,40.141188454830186,41,40
leetr01,Travis Lee,L,4177,84,12.066076131194638,40.604372519134046,40.100870126879585,41,40
mossle01,Les Moss,R,3150,71,13.523809523809524,40.60392360922992,41.05105948491514,41,41
kellydo01,Don Kelly,L,1592,32,12.06030150753769,40.59647793068693,40.09221654017591,41,40
jacksro02,Ron Jackson,R,3199,72,13.504220068771492,40.577142524502015,41.02503276352702,41,41
martibu01,Buck Martinez,R,2711,61,13.50055330136481,40.572129622999384,41.020160741360414,41,41
bardjo01,Josh Bard,S,2277,45,11.857707509881424,40.568584321550745,40.07744413947836,41,40
fowlede01,Dexter Fowler,S,6074,120,11.853803095159698,40.56324652827,40.071269151665895,41,40
hendrha01,Harvey Hendrick,L,2693,54,12.031191979205346,40.556681788163075,40.04859048823781,41,40
profaju01,Jurickson Profar,S,4863,96,11.844540407156076,40.55058334638201,40.05661937884159,41,40
josefe01,Felix Jose,S,3040,60,11.842105263157894,40.54725421866439,40.05276787207912,41,40
vaughan01,Andrew Vaughn,R,2360,53,13.474576271186441,40.536615973189534,40.98564222825673,41,41
patteer01,Eric Patterson,L,849,17,12.014134275618375,40.53336190488203,40.02302335922314,41,40
larueja01,Jason LaRue,R,3297,74,13.466787989080983,40.525968477251226,40.975292092642036,41,41
bellbu01,Buddy Bell,R,10160,228,13.464566929133857,40.522932027563655,40.97234035990091,41,41
josepri01,Rick Joseph,R,847,19,13.45926800472255,40.51568777582973,40.965298071903014,41,41
devermi01,Mike Devereaux,R,4146,93,13.458755426917511,40.514987021796514,40.96461684303193,41,41
lopezca01,Carlos Lopez,R,535,12,13.457943925233645,40.51387760372897,40.96353833269446,41,41
santibe01,Benito Santiago,R,7765,174,13.444945267224726,40.49610691226205,40.94626204241773,40,41
mayca01,Carlos May,L,4758,95,11.97982345523329,40.4864549855199,39.97158953006169,40,40
teufeti01,Tim Teufel,R,3573,80,13.43408900083963,40.48126512164952,40.931832186950345,40,41
geigega01,Gary Geiger,L,3108,62,11.96911196911197,40.47181112652433,39.955530590160684,40,40
frymatr01,Travis Fryman,R,6972,156,13.42512908777969,40.4690158686536,40.919922240685125,40,41
smallro01,Roy Smalley,R,2816,63,13.423295454545455,40.46650907676426,40.91748481248483,40,41
villajo01,Jonathan Villar,S,4380,86,11.78082191780822,40.46347269125421,39.95582525768477,40,40
bochtbr01,Bruce Bochte,L,6119,122,11.9627390096421,40.46309854277972,39.94597567050904,40,40
swoboro01,Ron Swoboda,R,3219,72,13.420316868592732,40.46243700009779,40.91352535713456,40,41
herndla01,Larry Herndon,R,5457,122,13.413963716327652,40.45375149512738,40.90507984245236,40,41
mcdowod01,Oddibe McDowell,L,3162,63,11.954459203036054,40.451779075146916,39.93356137304646,40,40
tatisfe01,Fernando Tatís,R,3579,80,13.411567476948868,40.45047555459167,40.90189434045619,40,41
halejo01,John Hale,L,753,15,11.952191235059761,40.448678496676735,39.93016081305235,40,40
penara02,Ramiro Pena,S,1072,21,11.753731343283583,40.42643669559922,39.91296227968142,40,40
joosted01,Eddie Joost,R,6675,149,13.393258426966293,40.42544493388686,40.87755330193944,40,41
coghlch01,Chris Coghlan,L,3117,62,11.934552454282965,40.424564212662034,39.903712138136704,40,40
steinte01,Terry Steinbach,R,6093,136,13.392417528311176,40.42429532670858,40.87643530493857,40,41
bradlbi01,Bill Bradley,R,3451,77,13.387423935091277,40.417468498557454,40.86979608036641,40,41
lambmi01,Mike Lamb,L,2516,50,11.92368839427663,40.409711767254336,39.887420724502746,40,40
berryda01,Damon Berryhill,S,1942,38,11.740473738414005,40.40831199337488,39.891983939111604,40,40
rolliji01,Jimmy Rollins,S,10119,198,11.740290542543729,40.40806154311406,39.89169404746029,40,40
anderbr01,Brady Anderson,L,7759,154,11.908751127722644,40.38929077032466,39.865019794977286,40,40
woodsal01,Al Woods,L,2271,45,11.889035667107,40.36233742117982,39.83545057729841,40,40
haysau01,Austin Hays,R,2338,52,13.344739093242087,40.35911330879126,40.81303680494798,40,41
bowenro01,Rob Bowen,S,564,11,11.702127659574469,40.35588840198905,39.83129903807255,40,40
o'leatr01,Troy O Leary,R,3868,86,13.340227507755944,40.352945441797154,40.80703681225391,40,41
mcmilbi01,Billy McMillon,L,808,16,11.881188118811881,40.35160890140273,39.823680017318466,40,40
floreje02,Jesus Flores,R,1215,27,13.333333333333334,40.343520296024465,40.79786789821451,40,41
matthga02,Gary Matthews,S,4621,90,11.68578229820385,40.333542374142695,39.80542816756815,40,40
brantmi02,Michael Brantley,L,6627,131,11.860570393843368,40.323422050966784,39.79275321075738,40,40
francwa01,Wander Franco,S,1285,25,11.673151750972762,40.316274933323186,39.785435590089065,40,40
mejiafr01,Francisco Mejía,S,1337,26,11.667913238593867,40.30911327192959,39.777143325341456,40,40
willido03,Dontrelle Willis,L,811,16,11.837237977805179,40.29152389914927,39.75775045572654,40,40
bernato01,Tony Bernazard,S,4378,85,11.649154865235268,40.28346837342174,39.7474481913105,40,40
coninje01,Jeff Conine,R,7090,157,13.286318758815232,40.27924585341381,40.73533122157325,40,41
kiermke01,Kevin Kiermaier,L,4263,84,11.822660098522167,40.27159422680903,39.735878963137985,40,40
macksh01,Shane Mack,R,3300,73,13.272727272727273,40.26066469636818,40.7172493177509,40,41
towlejr01,J R  Towles,R,724,16,13.259668508287293,40.24281183235385,40.69987482079743,40,41
brinsle01,Lewis Brinson,R,1313,29,13.252094440213252,40.232457192144,40.6897970411738,40,41
lopezjo01,Jose Lopez,R,4166,92,13.250120019203072,40.22975792683725,40.68716987697012,40,41
lollash01,Sherm Lollar,R,6386,141,13.247729408080176,40.22648968078806,40.68398889077167,40,41
changyu01,Yu Chang,R,770,17,13.246753246753247,40.22515515365835,40.682689982124785,40,41
blairpa01,Paul Blair,R,6207,137,13.243112614789753,40.22017798237471,40.67784558772488,40,41
minosmi01,Minnie Minoso,R,7204,159,13.242642976124376,40.21953593118622,40.67722065734074,40,41
valenja01,Javier Valentin,S,1967,38,11.591255719369599,40.20431344399201,39.655775095481886,40,40
abbotku01,Kurt Abbott,R,1406,31,13.229018492176388,40.200909662192174,40.65909034546547,40,41
whiteel03,Eli Whiteside,R,862,19,13.22505800464037,40.19549521079166,40.65381979962318,40,41
murtoma01,Matt Murton,R,1225,27,13.224489795918368,40.1947184027642,40.65306362789421,40,41
martile01,Leonys Martín,L,2960,58,11.756756756756758,40.18149662193716,39.636982737853124,40,40
smithwi02,Willie Smith,L,1174,23,11.754684838160138,40.17866406598408,39.633873030983054,40,40
bethach01,Christian Bethancourt,R,1544,34,13.21243523316062,40.178238400337065,40.63702084889792,40,41
nolanjo01,Joe Nolan,L,1685,33,11.750741839762611,40.173273524289016,39.62795496291986,40,40
cabreme01,Melky Cabrera,S,7474,144,11.56007492641156,40.16168563957011,39.606395286201845,40,40
kommibr01,Brad Komminsk,R,1091,24,13.198900091659027,40.15973427295553,40.61900633455657,40,41
vaughar01,Arky Vaughan,L,7668,150,11.737089201877936,40.15460876555841,39.60746273370336,40,40
ricede01,Del Rice,R,4141,91,13.185220961120502,40.141033295657024,40.600798769253856,40,41
roushed01,Edd Roush,L,7114,139,11.723362384031487,40.13584259411175,39.58685773930266,40,40
johnsbr01,Brian Johnson,R,1457,32,13.177762525737817,40.13083673891088,40.59087064444195,40,41
liriafr01,Francisco Liriano,L,666,13,11.711711711711713,40.11991475732776,39.56936807719405,40,40
harrijo03,Joe Harris,R,3693,81,13.16003249390739,40.1065977039935,40.5672680290673,40,41
smithdw02,Dwight Smith Jr,L,718,14,11.6991643454039,40.10276103459533,39.55053117355879,40,40
manushe01,Heinie Manush,L,8310,162,11.696750902527075,40.09946157485821,39.54690782302474,40,40
elsteke01,Kevin Elster,R,2646,58,13.151927437641723,40.095517140590694,40.55647760378805,40,41
mcgehca01,Casey McGehee,R,3285,72,13.150684931506849,40.09381848884115,40.55482338626991,40,41
cotahu01,Humberto Cota,R,730,16,13.150684931506849,40.09381848884115,40.55482338626991,40,41
blashja01,Jabari Blash,R,502,11,13.147410358565738,40.08934176321436,40.55046370919169,40,41
hermage01,Gene Hermanski,L,2465,48,11.683569979716024,40.08144170600991,39.527118259072076,40,40
redusga01,Gary Redus,R,4064,89,13.13976377952756,40.078887992004155,40.54028294625445,40,41
galanau01,Augie Galan,S,7156,137,11.486864169927333,40.061597940928564,39.49042531871268,40,39
spangco01,Cory Spangenberg,L,1543,30,11.665586519766688,40.05685620510296,39.50011614335769,40,40
hillma01,Marc Hill,R,2012,44,13.12127236580517,40.05360805865855,40.51566138763533,40,41
greenri03,Riley Greene,R,1555,34,13.118971061093248,40.05046190495723,40.51259698919735,40,41
hendrcl01,Claude Hendrix,R,869,19,13.118527042577675,40.049854879521185,40.512005733176025,40,41
brandja01,Jackie Brandt,R,4391,96,13.117740833523115,40.04878003944712,40.51095881182606,40,41
dewitbl01,Blake DeWitt,L,1390,27,11.654676258992804,40.04194059782233,39.48373322309597,40,39
barnere01,Red Barnes,L,721,14,11.650485436893202,40.036211252033425,39.477440017073704,40,39
costech01,Chris Coste,R,1008,22,13.095238095238095,40.01801615451764,40.48099202731959,40,40
johnsch05,Chris Johnson,R,3162,69,13.092979127134724,40.01492787993028,40.47798355893963,40,40
riosal01,Alex Rios,R,6874,150,13.092813500145475,40.014701448392316,40.47776297725266,40,40
doylebr02,Brenton Doyle,R,1100,24,13.090909090909092,40.012097897399336,40.47522667398265,40,40
stahosc01,Scott Stahoviak,L,774,15,11.627906976744185,40.00534384642654,39.443532471167615,40,39
caratvi01,Victor Caratini,S,2097,40,11.444921316165951,40.00425713598359,39.42396718392388,40,39
markani01,Nick Markakis,L,9444,183,11.626429479034307,40.00332393360729,39.44131348192613,40,39
samplbi01,Billy Sample,R,2798,61,13.080771979985704,39.99823927672773,40.461725548625694,40,40
heathmi02,Mike Heath,R,4636,101,13.071613459879208,39.98571850458383,40.449527091651106,40,40
spiezsc01,Scott Spiezio,S,4411,84,11.425980503287237,39.978362821234384,39.393951242416655,40,39
keithco01,Colt Keith,L,569,11,11.599297012302284,39.96623066638689,39.40056147649291,40,39
lohrkja01,Jack Lohrke,R,1011,22,13.056379821958457,39.964892333203466,40.4292356296153,40,40
woodlge01,Gene Woodling,L,7100,137,11.577464788732396,39.93638345378763,39.3677662009312,40,39
hillesh02,Shea Hillenbrand,R,3268,71,13.035495716034271,39.93634130872951,40.40141479294199,40,40
morame01,Melvin Mora,R,5984,130,13.03475935828877,39.93533462124719,40.40043379104392,40,40
walkedi02,Dixie Walker,L,7731,149,11.56383391540551,39.917748449762556,39.3472887535702,40,39
swihabl01,Blake Swihart,S,949,18,11.380400421496313,39.91604949858309,39.32170830330086,40,39
josepca01,Caleb Joseph,R,1521,33,13.017751479289942,39.912082854027254,40.37777414881823,40,40
holmeto01,Tommy Holmes,L,5607,108,11.556982343499197,39.90838154663094,39.336995213081124,40,39
spahnwa01,Warren Spahn,L,2545,49,11.552062868369353,39.90165604660996,39.32960416187655,40,39
martial03,Al Martin,L,4727,91,11.550666384599111,39.89974688935677,39.327506042243485,40,39
mccanja02,James McCann,R,3367,73,13.00861300861301,39.89958949180726,40.365598035376635,40,40
millela02,Lastings Milledge,R,1755,38,12.991452991452991,39.87612973386082,40.34273229131103,40,40
schefbo01,Bob Scheffing,R,924,20,12.987012987012987,39.870059726559994,40.33681561675884,40,40
castijo01,John Castino,R,2680,58,12.985074626865673,39.86740976068613,40.334232544112375,40,40
mauerjo01,Joe Mauer,L,8016,154,11.526946107784433,39.86731848632513,39.29186572191385,40,39
booneaa01,Aaron Boone,R,4298,93,12.98278268962308,39.86427641341507,40.3311782553774,40,40
pedrodu01,Dustin Pedroia,R,6658,144,12.976869930910183,39.856192978130196,40.323298592262915,40,40
sandsje01,Jerry Sands,R,740,16,12.972972972972974,39.85086537914927,40.318105149894535,40,40
clarkph02,Phil Clark,R,510,11,12.941176470588236,39.80739582766029,40.27572592678301,40,40
pillake01,Kevin Pillar,R,4824,104,12.935323383084576,39.7993939699235,40.2679239418213,40,40
loughda01,David Lough,L,1046,20,11.47227533460803,39.79257712135427,39.209705263933046,40,39
vailmi01,Mike Vail,R,1717,37,12.929528246942342,39.791471338500955,40.26019894862859,40,40
falkbi01,Bibb Falk,L,3767,72,11.468011680382267,39.786748205498824,39.203296797732236,40,39
johnsel02,Elliot Johnson,S,1011,19,11.275964391691396,39.773273185642154,39.156121286286506,40,39
munsoth01,Thurman Munson,R,5995,129,12.910758965804837,39.76581152777882,40.23517750257217,40,40
repkoja01,Jason Repko,R,1069,23,12.909260991580918,39.76376362116105,40.23318042880638,40,40
brubabi01,Bill Brubaker,R,1255,27,12.908366533864543,39.7625407924585,40.231987944884004,40,40
stinsbo01,Bob Stinson,S,1917,36,11.267605633802818,39.7618457823377,39.14286461008008,40,39
moralje01,Jerry Morales,R,4929,106,12.903225806451614,39.755512814592784,40.22513425045219,40,40
fukudko01,Kosuke Fukudome,L,2308,44,11.43847487001733,39.746367918275936,39.15889784811954,40,39
almonab01,Abraham Almonte,S,1761,33,11.243611584327088,39.72904309993905,39.10480800895665,40,39
herreod01,Odúbel Herrera,L,3309,63,11.4233907524932,39.7257461588306,39.13622125426313,40,39
sheripa01,Pat Sheridan,L,2574,49,11.421911421911421,39.72372374026029,39.13399722105284,40,39
samueju01,Juan Samuel,R,6291,135,12.875536480686696,39.71765825570233,40.18821498633615,40,40
gimench01,Chris Gimenez,R,1631,35,12.875536480686696,39.71765825570233,40.18821498633615,40,40
kluttmi01,Mickey Klutts,R,513,11,12.865497076023392,39.703933210958425,40.17482762005274,40,40
graceea01,Earl Grace,L,1212,23,11.386138613861387,39.674818112131106,39.08021115124765,40,39
lansfca01,Carney Lansford,R,8036,172,12.84221005475361,39.672097119118405,40.143771855651224,40,40
murphda02,Danny Murphy,R,4813,103,12.840224392270933,39.66938248539907,40.14112356969846,40,40
linarru01,Rufino Linares,R,608,13,12.828947368421053,39.65396546993764,40.12608279178888,40,40
allenga01,Gary Allenson,R,1216,26,12.828947368421053,39.65396546993764,40.12608279178888,40,40
wilsogl01,Glenn Wilson,R,4448,95,12.814748201438848,39.63455354177129,40.107143223440666,40,40
cruzto02,Todd Cruz,R,1592,34,12.814070351758794,39.63362684168295,40.10623903500739,40,40
robindo01,Don Robinson,R,656,14,12.80487804878049,39.621059884387364,40.0939770141613,40,40
fioremi01,Mike Fiore,L,688,13,11.337209302325581,39.60792599923798,39.006627977310686,40,39
sweenma01,Mark Sweeney,L,1801,34,11.327040533037202,39.59402409786492,38.9913332257999,40,39
harpete01,Terry Harper,R,1502,32,12.78295605858855,39.59108995027766,40.0647317158782,40,40
cobbty01,Ty Cobb,L,12721,240,11.31986479050389,39.584214015430405,38.98053978677426,40,39
torrelu01,Luis Torrens,R,846,18,12.76595744680851,39.567850852433736,40.04205200539148,40,40
aultdo01,Doug Ault,R,753,16,12.749003984063744,39.54467347862126,40.01943035359419,40,40
greinza01,Zack Greinke,R,1318,28,12.746585735963581,39.541367449579724,40.01620341555783,40,40
o'deake01,Ken O Dea,R,3013,64,12.744772651842018,39.53888875073976,40.013783986234436,40,40
leppedo02,Don Leppert,R,565,12,12.743362831858407,39.53696136131729,40.01190266646388,40,40
stonege01,George Stone,L,3137,59,11.284666879183932,39.536094338620856,38.92759097577124,40,39
belisma01,Matt Belisle,R,518,11,12.741312741312742,39.534158646872356,40.00916691737115,40,40
boyercl02,Clete Boyer,R,6217,132,12.739263310278268,39.53135683405665,40.00643201655115,40,40
kazaked01,Eddie Kazak,R,707,15,12.72984441301273,39.51848009576955,39.99386238737647,40,40
antonjo02,Johnny Antonelli,L,905,17,11.2707182320442,39.51702490048878,38.906605195057345,40,39
myersgr01,Greg Myers,L,3567,67,11.269974768713205,39.516008498836925,38.90548661092447,40,39
alfarjo01,Jorge Alfaro,R,1933,41,12.72633212622866,39.51367838741317,39.98917502737601,40,40
guillca01,Carlos Guillen,S,5304,98,11.085972850678733,39.51353244514844,38.85467116437657,40,39
jonescl01,Cleon Jones,R,4762,101,12.725745485090298,39.512876380108686,39.98839211004724,40,40
gardnbr01,Brett Gardner,L,6926,130,11.26191163730869,39.50498525164106,38.89335488851413,40,39
snowj.01,J T  Snow,R,6515,138,12.709132770529546,39.490164849065664,39.96622009385952,39,40
deazaal01,Alejandro De Aza,L,3147,59,11.24880838894185,39.487071572876545,38.87363879660911,39,39
coangi01,Gil Coan,L,2507,47,11.248504188272838,39.48665569485057,38.8731810589135,39,39
croneja01,Jake Cronenworth,L,3041,57,11.246300559026636,39.48364307497744,38.869865186722635,39,39
bartoda02,Daric Barton,L,2401,45,11.245314452311538,39.48229495133456,38.868381348147864,39,39
friedtj01,TJ Friedl,L,1281,24,11.241217798594848,39.47669434477993,38.862216852490825,39,39
tovarez01,Ezequiel Tovar,R,1323,28,12.698412698412698,39.47550925200626,39.951911532570904,39,40
stewach02,Christin Stewart,L,694,13,11.239193083573486,39.47392632165567,38.859170087965445,39,39
echevan01,Angel Echevarria,R,709,15,12.693935119887165,39.469387876519534,39.94593484992069,39,40
higgipi01,Pinky Higgins,R,7374,156,12.693246541903987,39.46844650958138,39.945015720892535,39,40
flickel01,Elmer Flick,L,6198,116,11.229428848015488,39.460577465382,38.84447655888823,39,39
reynoca01,Carl Reynolds,R,4778,101,12.683131017161992,39.45461739975384,39.93151288227495,39,40
hammoje01,Jeffrey Hammonds,R,3549,75,12.679628064243449,39.449828451887385,39.92683673977014,39,40
thompro01,Robby Thompson,R,5256,111,12.671232876712327,39.438351244984936,39.91562950430534,39,40
tuckemi01,Michael Tucker,L,4445,83,11.203599550056243,39.425265782858624,38.805604336898554,39,39
guyerbr01,Brandon Guyer,R,1659,35,12.658227848101266,39.42057184415701,39.89826726378418,39,40
tayloch03,Chris Taylor,R,4410,93,12.653061224489795,39.41350846314782,39.891369256258756,39,40
newsowa01,Warren Newson,L,1019,19,11.187438665358195,39.40317195628019,38.78128018109076,39,39
myattgl01,Glenn Myatt,L,2897,54,11.183983431135657,39.39844824547308,38.77607936412879,39,39
hattogr01,Grady Hatton,L,5206,97,11.179408374951977,39.39219360658433,38.76919285255023,39,39
rileser01,Ernie Riles,L,2255,42,11.175166297117517,39.386394188188746,38.762807408324754,39,39
wiseri01,Rick Wise,R,855,18,12.631578947368421,39.384139668425405,39.86268589932621,39,40
krukjo01,John Kruk,L,4672,87,11.172945205479452,39.383357695175945,38.75946402616213,39,39
siebeno01,Norm Siebern,L,5048,94,11.172741679873218,39.38307945177948,38.75915765967993,39,39
narvaom01,Omar Narváez,L,2472,46,11.165048543689322,39.37256203148553,38.74757697491188,39,39
greenda01,Danny Green,L,1666,31,11.164465786314524,39.37176533374178,38.746699716302956,39,39
spilbry01,Ryan Spilborghs,R,1854,39,12.62135922330097,39.37016810588755,39.84903919204021,39,40
morgaed01,Ed Morgan,R,2710,57,12.619926199261993,39.368208993797374,39.847125568377834,39,40
baergca01,Carlos Baerga,S,6231,114,10.97737120847376,39.36506125103736,38.68223555329378,39,39
spencsh01,Shane Spencer,R,1950,41,12.615384615384615,39.36200011548081,39.84106075064004,39,40
crawfsa01,Sam Crawford,L,9631,179,11.151489980272038,39.354025883595654,38.72716581372677,39,39
wongko01,Kolten Wong,L,4735,88,11.151003167898628,39.35336035393219,38.72643293690526,39,39
fontemi01,Mike Fontenot,L,1722,32,11.149825783972126,39.35175073188647,38.72466042443687,39,39
smithal04,Al Smith,R,6141,129,12.6038104543234,39.34617687856926,39.825603943737605,39,40
cordoma01,Marty Cordova,R,3905,82,12.59923175416133,39.339917257934275,39.819489001559255,39,40
gloadro01,Ross Gload,L,1996,37,11.122244488977957,39.31404386374183,38.68313469567046,39,39
bocachi01,Hiram Bocachica,R,955,20,12.565445026178011,39.29372683441083,39.77436126780211,39,40
forscbo01,Bob Forsch,R,908,19,12.555066079295154,39.27953759559246,39.76049674096264,39,40
boonera01,Ray Boone,R,5592,117,12.553648068669528,39.27759900860083,39.75860245399564,39,40
bynumfr01,Freddie Bynum,L,595,11,11.092436974789916,39.27329349261366,38.638250747860894,39,39
kunkeje01,Jeff Kunkel,R,765,16,12.549019607843137,39.2712713592961,39.7524192963165,39,40
engleda01,Dave Engle,R,1674,35,12.544802867383511,39.26550658006637,39.746786014363906,39,40
kattra01,Ray Katt,R,1244,26,12.540192926045016,39.25920424907568,39.74062728837581,39,40
hernago01,Gorkys Hernández,R,1292,27,12.538699690402476,39.25716282065494,39.73863234146268,39,40
berrych02,Charlie Berry,R,1340,28,12.537313432835822,39.25526764382254,39.73678030100442,39,40
dempsri01,Rick Dempsey,R,5456,114,12.5366568914956,39.25437007473623,39.73590315652998,39,40
seguida01,David Segui,S,5067,92,10.894020130254589,39.25111054216788,38.54983172138744,39,39
leachfr01,Freddy Leach,L,3955,73,11.074589127686474,39.248893390387224,38.61137236299674,39,39
morelke01,Keith Moreland,R,4645,97,12.529601722282024,39.24472483018442,39.7264771880908,39,40
hernalu01,Luis Hernandez,S,551,10,10.88929219600726,39.24464690101912,38.542319784437446,39,39
derosma01,Mark DeRosa,R,4358,91,12.528682882055989,39.2434686677288,39.7252495556349,39,40
nuxhajo01,Joe Nuxhall,L,813,15,11.07011070110701,39.24277085551121,38.60462759261376,39,39
garneph01,Phil Garner,R,6945,145,12.526997840172786,39.241165017660094,39.722998209522046,39,40
blattbu01,Buddy Blattner,R,958,20,12.526096033402922,39.239932141938695,39.72179331718615,39,40
quinlro01,Robb Quinlan,R,1437,30,12.526096033402922,39.239932141938695,39.72179331718615,39,40
molinya01,Yadier Molina,R,8863,185,12.523976080333973,39.23703391722297,39.71896085111289,39,40
clarkje01,Jerald Clark,R,1773,37,12.521150592216582,39.23317114327022,39.71518566782256,39,40
victosh01,Shane Victorino,R,5179,108,12.512067966788956,39.22075412806194,39.70304980616197,39,40
rosebjo01,John Roseboro,L,5211,96,11.053540587219345,39.22011756458939,38.57967071859464,39,39
leecl02,Cliff Lee,L,760,14,11.052631578947368,39.21887484356917,38.57830156675875,39,39
cowenal01,Al Cowens,R,6093,127,12.506154603643527,39.212669866446845,39.6951482574913,39,40
mayfija01,Jack Mayfield,R,576,12,12.5,39.20425580075057,39.68692407741979,39,40
vukovge01,George Vukovich,L,1739,32,11.040828062104659,39.20273805037925,38.56052249505898,39,39
hendest01,Steve Henderson,R,3842,80,12.493492972410202,39.19535993014719,39.67822865366574,39,40
gimenan01,Andrés Giménez,L,2339,43,11.03035485250107,39.18841994335574,38.544746317947705,39,39
grababi01,Billy Grabarkewitz,R,1442,30,12.482662968099863,39.180554042873865,39.66375567014879,39,40
mantife01,Felix Mantilla,R,3221,67,12.480596088171374,39.17772837537164,39.66099343558041,39,40
avilemi01,Mike Aviles,R,3462,72,12.47833622183709,39.17463887279719,39.65797325170404,39,40
dejesda01,David DeJesus,L,5832,107,11.008230452674898,39.1581732915143,38.511416797707085,39,39
walkecu01,Curt Walker,L,5126,94,11.002731174404994,39.15065513253526,38.50313178051733,39,39
paganan01,Ángel Pagán,S,4603,83,10.819031066695633,39.14859168899201,38.43066605316838,39,38
ramiral03,Alexei Ramírez,R,5490,114,12.459016393442624,39.14822639934367,39.63215181219617,39,40
puhlte01,Terry Puhl,L,5566,102,10.995328781890047,39.14053519296843,38.49197923741289,39,38
saltzja01,Jack Saltzgaver,L,764,14,10.994764397905758,39.13976361380642,38.49112891196327,39,38
mullira01,Rance Mulliniks,L,4093,75,10.994380649890056,39.13923898521912,38.490550739140076,39,38
crawfca02,Carl Crawford,L,7315,134,10.991114149008887,39.134773295045875,38.485629230011014,39,38
barnaba01,Babe Barna,L,819,15,10.989010989010989,39.1318980284297,38.482460438331024,39,38
mayele01,Lee Maye,L,4696,86,10.988074957410563,39.13061836334711,38.48105012632151,39,38
helmswe01,Wes Helms,R,2700,56,12.444444444444445,39.12830483439899,39.612674163555084,39,40
buschbr01,Brian Buscher,L,656,12,10.97560975609756,39.1135769698083,38.46226826554969,39,38
henderi01,Rickey Henderson,R,13760,285,12.427325581395348,39.10490133895343,39.589790118712514,39,40
phillan01,Andy Phillips,R,821,17,12.423873325213156,39.10018169947708,39.58517496474339,39,40
lucrojo01,Jonathan Lucroy,R,4733,98,12.423410099302767,39.09954841527748,39.584555693607044,39,40
peterga01,Gary Peters,L,1204,22,10.963455149501662,39.096960195709826,38.44395325822501,39,38
maddoga01,Garry Maddox,R,6911,143,12.414990594704095,39.08803796408901,39.57329965795468,39,40
colesda01,Darnell Coles,R,2900,60,12.413793103448276,39.08640085296362,39.57169868829378,39,40
robinbr01,Brooks Robinson,R,11797,244,12.409934729168432,39.08112600237182,39.56654021336781,39,40
valenjo02,John Valentin,R,4642,96,12.408444635932787,39.0790888699902,39.56454799476113,39,40
lestejo01,Jon Lester,L,1096,20,10.94890510948905,39.077068582920404,38.42202725261288,39,38
forteni01,Nick Fortes,R,1016,21,12.401574803149607,39.06969700209618,39.5553629770606,39,40
rickema01,Marv Rickert,L,713,13,10.93969144460028,39.06447242138545,38.408142003430626,39,38
rivermi02,Mike Rivera,R,969,20,12.38390092879257,39.0455347410375,39.53173123258606,39,40
avenbr01,Bruce Aven,R,630,13,12.380952380952381,39.04150372999716,39.52778849784055,39,40
brignre01,Reid Brignac,S,1397,25,10.737294201861133,39.03684779931888,38.3007288972932,39,38
greerru01,Rusty Greer,L,4231,77,10.919404396123848,39.03673764453373,38.37756659106351,39,38
severpe01,Pedro Severino,R,1697,35,12.374779021803182,39.03306402332286,39.51953340154779,39,40
demarfr02,Frank Demaree,R,3492,72,12.371134020618557,39.028080878801006,39.51465912295508,39,40
paytoja01,Jay Payton,R,4414,91,12.36973266878115,39.02616506632852,39.512785138141126,39,40
tiptojo01,Joe Tipton,R,1698,35,12.36749116607774,39.02310066899325,39.509787614433385,39,40
reyesjo01,José Reyes,S,8334,149,10.727141828653709,39.0229683133133,38.28458612942971,39,38
delahed01,Ed Delahanty,R,6938,143,12.36667627558374,39.02198661802443,39.50869786570774,39,40
browndi01,Dick Brown,R,825,17,12.363636363636363,39.01783070152394,39.504632563248414,39,40
crosbbo01,Bobby Crosby,R,2767,57,12.359956631731116,39.01280007602981,39.49971152999228,39,39
jackstr01,Travis Jackson,R,6652,137,12.357185808779313,39.0090120357758,39.49600594456242,39,39
grossro01,Robbie Grossman,S,4983,89,10.716435881998795,39.008332027418604,38.26756230724556,39,38
kendrho01,Howie Kendrick,R,6507,134,12.355924389119409,39.00728752701719,39.494318954177274,39,39
norenir01,Irv Noren,L,3802,69,10.889005786428196,38.9951791764554,38.33174581095223,39,38
baddoak01,Akil Baddoo,L,1213,22,10.882110469909316,38.98575246930304,38.32135130984147,39,38
negrokr01,Kristopher Negrón,R,778,16,12.339331619537274,38.98460326310137,39.47212708681173,39,39
roberda05,Dave Roberts,L,607,11,10.87314662273476,38.9734978379106,38.30783801702855,39,38
lindsfr01,Freddie Lindstrom,R,5012,103,12.330407023144453,38.97240229213538,39.46019009420141,39,39
arciaor01,Orlando Arcia,R,3796,78,12.32876712328767,38.97016035651622,39.45799659915924,39,39
michaja01,Jason Michaels,R,2824,58,12.322946175637394,38.962202437732046,39.45021045939066,39,39
bourjpe01,Peter Bourjos,R,2678,55,12.322628827483197,38.96176858555039,39.449785964932225,39,39
centeju01,Juan Centeno,L,663,12,10.85972850678733,38.95515369819975,38.28760863114113,39,38
passecl01,Claude Passeau,R,1023,21,12.316715542521994,38.95368443082231,39.44187603718345,39,39
wallsle01,Lee Walls,R,3072,63,12.3046875,38.937240684670755,39.4257858639652,39,39
lobatjo01,Jose Lobatón,S,1801,32,10.660744031093838,38.93219472932408,38.17899115107724,39,38
barmecl01,Clint Barmes,R,4294,88,12.296227293898463,38.92567458974975,39.414467806518815,39,39
lasteto01,Tommy La Stella,L,2602,47,10.837817063797079,38.92519818335293,38.25457162582033,39,38
olivejo01,Joe Oliver,R,3808,78,12.289915966386555,38.91704626412691,39.40602416423859,39,39
muellhe02,Emmett Mueller,S,1016,18,10.62992125984252,38.890056382604996,38.12996116220802,39,38
schnebr01,Brian Schneider,L,3608,65,10.809312638580932,38.886229287824605,38.211588601752354,39,38
vidrojo01,Jose Vidro,S,5139,91,10.624635143023935,38.88282964035385,38.12155177797604,39,38
glavito01,Tommy Glaviano,R,1468,30,12.26158038147139,38.87830819311091,39.36811153738506,39,39
tobinji01,Jim Tobin,R,930,19,12.258064516129034,38.87350159244526,39.36340693337857,39,39
valleda01,Dave Valle,R,3183,65,12.252591894439208,38.86601987614051,39.356083793751935,39,39
pierza.01,A J  Pierzynski,R,7791,159,12.244897959183673,38.85550136342184,39.345787839709466,39,39
lopezfe01,Felipe Lopez,S,4925,87,10.598984771573603,38.84776257137311,38.08074304818767,39,38
bergmda01,Dave Bergman,L,3174,57,10.775047258979207,38.8393844913478,38.159910247445495,39,38
seymocy01,Cy Seymour,L,5012,90,10.77414205905826,38.83814697679054,38.15854492263295,39,38
beninan01,Andrew Benintendi,L,4512,81,10.771276595744682,38.83422955205174,38.15422286613976,39,38
abercre01,Reggie Abercrombie,R,540,11,12.222222222222223,38.824500968992616,39.31544076749823,39,39
zimmedo01,Don Zimmer,R,3683,75,12.218300298669563,38.81913923908455,39.31019163913397,39,39
housefr03,Frank House,L,1952,35,10.758196721311474,38.81634782819846,38.134493344934825,39,38
joshuvo01,Von Joshua,L,2456,44,10.749185667752444,38.80402866013668,38.12090042916235,39,38
diazma02,Matt Diaz,R,2360,48,12.203389830508474,38.79875487870394,39.29023430687489,39,39
kleinlo01,Lou Klein,R,1329,27,12.18961625282167,38.77992478106617,39.27179718138521,39,39
cowgico01,Collin Cowgill,R,1083,22,12.18836565096953,38.778215061520726,39.27012307145067,39,39
navada01,Daniel Nava,S,2219,39,10.545290671473637,38.77435643315363,37.99530171950209,39,38
zavalse01,Seby Zavala,R,690,14,12.17391304347826,38.75845665042601,39.250775324221266,39,39
weintph01,Phil Weintraub,L,1792,32,10.714285714285714,38.75631632669105,38.06824904768389,39,38
marshbr02,Brandon Marsh,L,1848,33,10.714285714285714,38.75631632669105,38.06824904768389,39,38
chitiha01,Harry Chiti,R,1923,39,12.168486739469579,38.75103825582883,39.24351070697654,39,39
ervinph01,Phil Ervin,R,789,16,12.167300380228136,38.74941636347393,39.24192240543963,39,39
cowarka01,Kaleb Cowart,S,741,13,10.526315789473683,38.748415541916145,37.965102508064305,39,38
unserde01,Del Unser,L,5211,93,10.708117443868739,38.74788357691108,38.05894240388422,39,38
blumge01,Geoff Blum,S,4277,75,10.521393500116904,38.741686194516575,37.95726806099364,39,38
berrada01,Dale Berra,R,2862,58,12.159329140461216,38.738518742934204,39.231250207799704,39,39
jonesja07,JaCoby Jones,R,1432,29,12.150837988826815,38.72691034183694,39.21988140315627,39,39
shielja02,James Shields,R,642,13,12.149532710280374,38.725125872831654,39.21813371702653,39,39
willike02,Ken Williams,R,1235,25,12.145748987854251,38.71995308008759,39.21306747703365,39,39
fermifr01,Freddy Fermin,R,593,12,12.141652613827993,38.71435285590262,39.20758248789666,39,39
lavarry01,Ryan Lavarnway,R,939,19,12.140575079872205,38.712879740488674,39.20613966346683,39,39
lacyle01,Lee Lacy,R,5144,104,12.130637636080872,38.69929408822638,39.192832952141906,39,39
bottsja01,Jason Botts,S,515,9,10.485436893203884,38.69252929176476,37.90003300028858,39,38
brownch02,Chris Brown,R,1683,34,12.121212121212123,38.68640830289881,39.180211046990806,39,39
knorrra01,Randy Knorr,R,891,18,12.121212121212123,38.68640830289881,39.180211046990806,39,39
jacksco01,Conor Jackson,R,2624,53,12.11890243902439,38.683250696204595,39.1771180003734,39,39
perezca02,Carlos Pérez,R,1040,21,12.115384615384617,38.67844141831648,39.172406974822636,39,39
reitzke01,Ken Reitz,R,5157,104,12.100058173356603,38.657488372826805,39.15188090115277,39,39
ellisaj01,A J  Ellis,R,2678,54,12.098581030619867,38.655468945297514,39.14990253062912,39,39
riverji01,Jim Rivera,L,3327,59,10.640216411181244,38.65505489403113,37.956474750524166,39,38
hodgero01,Ron Hodges,L,1692,30,10.638297872340427,38.65243202621015,37.95357902705835,39,38
beatyma01,Matt Beaty,L,677,12,10.635155096011818,38.64813548202483,37.94883545527028,39,38
denorch01,Chris Denorfia,R,2682,54,12.080536912751677,38.63080051789459,39.1257343035176,39,39
mercaos01,Oscar Mercado,R,994,20,12.072434607645874,38.619723715650295,39.11488130278211,39,39
blairbu01,Buddy Blair,L,509,9,10.609037328094303,38.61242942720375,37.90941152284444,39,38
beckhgo01,Gordon Beckham,R,3978,80,12.06636500754148,38.611425859770954,39.10675077541027,39,39
jeffegr01,Gregg Jefferies,S,6101,106,10.424520570398295,38.60924952725869,37.803045181008905,39,38
forsylo01,Logan Forsythe,R,3632,73,12.059471365638766,38.60200144201548,39.097516065201816,39,39
abramca01,Cal Abrams,L,1981,35,10.60070671378092,38.601040499470486,37.89683564124478,39,38
browebo01,Bob Brower,R,647,13,12.05564142194745,38.59676545937579,39.09238532405065,39,39
bigbila01,Larry Bigbie,L,1189,21,10.597140454163162,38.59616500391435,37.891451860964416,39,38
penabr01,Brayan Peña,S,2247,39,10.413885180240321,38.594709700378246,37.78610918121284,39,38
abramcj01,CJ Abrams,L,1586,28,10.592686002522068,38.590075245593624,37.88472709217458,39,38
davanje02,Jeff DaVanon,S,1442,25,10.402219140083217,38.57876085395654,37.767530969382946,39,38
blaylma01,Marv Blaylock,L,567,10,10.582010582010582,38.5754806925206,37.868610078271786,39,38
uriasra01,Ramón Urías,R,1545,31,12.03883495145631,38.57378904123007,39.06986941088758,39,39
torrefe01,Felix Torres,R,798,16,12.030075187969924,38.56181341619763,39.058132959359085,39,39
riggsle01,Lew Riggs,L,2725,48,10.568807339449542,38.55743030995386,37.84867553908929,39,38
ruizke01,Keibert Ruiz,S,1791,31,10.385259631490786,38.555575214760566,37.740521051313706,39,38
yoshima02,Masataka Yoshida,L,1024,18,10.546875,38.52744622719406,37.81555870397813,39,38
kressre01,Red Kress,R,5400,108,12.0,38.520697103586244,39.01783338648459,39,39
hundlra01,Randy Hundley,R,3954,79,11.987860394537178,38.504100837797736,39.001564850539026,39,39
lacocpe01,Pete LaCock,L,1938,34,10.526315789473683,38.49933937286987,37.78451192314853,38,38
thomacl02,Clete Thomas,L,912,16,10.526315789473683,38.49933937286987,37.78451192314853,38,38
agbaybe01,Benny Agbayani,R,752,15,11.96808510638298,38.47706569738426,38.97506118873215,38,39
hogansh01,Shanty Hogan,R,3660,73,11.967213114754099,38.475873582460714,38.973892441190884,38,39
lawtoma02,Matt Lawton,L,5539,97,10.507311789131611,38.4733586734404,37.75581084221021,38,38
suttodr01,Drew Sutton,S,523,9,10.325047801147228,38.47325857415352,37.64460936870056,38,38
hannaja01,Jack Hannahan,L,2057,36,10.500729217306759,38.464359524999225,37.74586877510294,38,38
duranja01,Jarren Duran,L,1600,28,10.500000000000002,38.463362599334914,37.7447673727191,38,38
edmanto01,Tommy Edman,S,2966,51,10.316925151719488,38.462153958832815,37.63166866383701,38,38
cuthbch01,Cheslor Cuthbert,R,1355,27,11.955719557195572,38.460160539999734,38.958486861631314,38,39
doylela01,Larry Doyle,L,6746,118,10.49510821227394,38.45667495124525,37.7373787623031,38,38
andujjo01,Joaquin Andujar,S,640,11,10.3125,38.456104256944556,37.62461846541222,38,38
pendlte01,Terry Pendleton,S,7331,126,10.31237211840131,38.45592942778658,37.62441472089472,38,38
lewisfr02,Fred Lewis,L,1944,34,10.493827160493828,38.454923603073624,37.7354438175482,38,38
mccrato01,Tommy McCraw,L,3207,56,10.477081384471468,38.43203016139192,37.71014927729678,38,38
parrage01,Gerardo Parra,L,5385,94,10.473537604456824,38.427185398092234,37.70479611567821,38,38
mumphje01,Jerry Mumphrey,S,5599,96,10.28755134845508,38.421996521452456,37.58486723549204,38,38
paulxa01,Xavier Paul,L,1032,18,10.465116279069766,38.41567245767229,37.69207465222225,38,38
drysddo01,Don Drysdale,R,1862,37,11.92266380236305,38.41496944258553,38.91417445891396,38,39
webstmi01,Mitch Webster,S,3682,63,10.26615969581749,38.39275162103817,37.55077969576894,38,38
leachto01,Tommy Leach,R,7661,152,11.904451116042292,38.39007056231897,38.88975617624092,38,39
essiaji01,Jim Essian,R,2118,42,11.898016997167138,38.381274366487574,38.88112916389137,38,39
manguan01,Angel Mangual,R,1413,28,11.8895966029724,38.36976269911683,38.869838434964365,38,39
wilsobo02,Bobby Wilson,R,1514,30,11.889035667107,38.36899583393814,38.86908626882007,38,39
rafaece01,Ceddanne Rafaela,R,657,13,11.87214611872146,38.34590583855792,38.846437739297784,38,39
anderbr04,Brett Anderson,L,519,9,10.404624277456646,38.332972790049226,37.600678145745576,38,38
wynegbu01,Butch Wynegar,S,5049,86,10.219845513963161,38.32943469742102,37.47696630040479,38,37
colliza01,Zack Collins,L,577,10,10.398613518197573,38.324755376513025,37.59159506128679,38,38
plummbi01,Bill Plummer,R,1013,20,11.846001974333662,38.31016372400552,38.811374730761,38,39
savagte01,Ted Savage,R,1925,38,11.844155844155845,38.30763984732723,38.80889861248444,38,39
smithma03,Mark Smith,R,507,10,11.834319526627219,38.29419244653771,38.79570523684954,38,39
harlola01,Larry Harlow,L,1273,22,10.369206598586016,38.28455266519845,37.54715321485164,38,38
mcnaier01,Eric McNair,R,4668,92,11.825192802056556,38.28171514262391,38.78346297734139,38,39
gourryu01,Yuli Gurriel,R,4263,84,11.822660098522167,38.27825263956737,38.78006558825454,38,39
tauchmi01,Mike Tauchman,L,1679,29,10.363311494937463,38.276493366459135,37.53824332330474,38,38
stinnke01,Kelly Stinnett,R,2741,54,11.820503465888363,38.275304269580516,38.77717262543294,38,39
wilsova01,Vance Wilson,R,1269,25,11.82033096926714,38.27506844644918,38.776941232480254,38,39
mercejo03,Jordy Mercer,R,3554,70,11.817670230725943,38.27143090450775,38.77337199693828,38,39
slateau01,Austin Slater,R,1879,37,11.814795103778605,38.26750026844714,38.76951511078114,38,39
lajoina01,Nap Lajoie,R,9548,188,11.81399245915375,38.26640295901903,38.768438378818665,38,39
hansoal01,Alen Hanson,S,767,13,10.169491525423728,38.26059488381493,37.396696016730594,38,37
gonzafe01,Fernando Gonzalez,R,1068,21,11.797752808988763,38.244201450800674,38.74665215985224,38,39
newhada01,David Newhan,L,1277,22,10.33672670321065,38.240148835264804,37.498059655647005,38,37
baderha01,Harrison Bader,R,2849,56,11.793611793611793,38.23854019664863,38.74109648244328,38,39
castrst01,Starlin Castro,R,6614,130,11.793166011490776,38.23793076015691,38.74049840359174,38,39
garcija02,Jaime García,L,814,14,10.31941031941032,38.216475305764504,37.47188257116917,38,37
miranjo01,Jose Miranda,R,1121,22,11.775200713648529,38.21337008898247,38.716394199951715,38,39
gilkebe01,Bernard Gilkey,R,4739,93,11.77463599915594,38.212598057976834,38.715636477753236,38,39
spehrti01,Tim Spehr,R,765,15,11.76470588235294,38.19902242256774,38.70231205827848,38,39
mangupe01,Pepe Mangual,R,1071,21,11.76470588235294,38.19902242256774,38.70231205827848,38,39
tillmbo01,Bob Tillman,R,1991,39,11.752887995981919,38.182865984545714,38.686453620501204,38,39
andermi01,Mike Anderson,R,1787,35,11.751538891997763,38.18102160102221,38.68464318876819,38,39
geronce01,Cesar Geronimo,L,4256,73,10.291353383458647,38.1781181805934,37.429464231157446,38,37
wardtu01,Turner Ward,S,1900,32,10.105263157894736,38.17278716535671,37.29428044534822,38,37
lepcite01,Ted Lepcio,R,2661,52,11.724915445321308,38.14462422397385,38.648913002130946,38,39
woodsro01,Ron Woods,R,1433,28,11.723656664340544,38.142903322599395,38.647223513230585,38,39
callaal01,Alberto Callaspo,S,4171,70,10.06952769120115,38.12393258724546,37.2372848034212,38,37
prattto02,Todd Pratt,R,2255,44,11.707317073170731,38.12056518329493,38.62529203432612,38,39
mckayda01,Dave McKay,S,2087,35,10.062290368950647,38.114038318108435,37.22574058838871,38,37
zimmebr01,Bradley Zimmer,L,1113,19,10.242587601078167,38.111449631253,37.35572269531115,38,37
wilforo01,Rob Wilfong,L,3107,53,10.23495333118764,38.101012688092666,37.344176847640746,38,37
molitpa01,Paul Molitor,R,11856,231,11.690283400809717,38.09727815352089,38.60242678670831,38,39
stearjo01,John Stearns,R,3132,61,11.685823754789272,38.09118129387379,38.59643999238445,38,39
vargaja01,Jason Vargas,L,528,9,10.227272727272727,38.090512400881636,37.33256048033196,38,37
garbeba01,Barbaro Garbey,R,617,12,11.66936790923825,38.0686842211826,38.574347751329654,38,39
castijo02,Jose Castillo,R,1646,32,11.66464155528554,38.0622227404821,38.56800216496549,38,39
nealch01,Charlie Neal,R,2984,58,11.662198391420912,38.058882648665566,38.564721915338446,38,39
kellypa01,Pat Kelly,L,5116,87,10.203283815480845,38.05771674229994,37.29627608018234,38,37
garrra01,Ralph Garr,L,5235,89,10.200573065902578,38.05401082939982,37.292175665055645,38,37
holtji01,Jim Holt,L,942,16,10.19108280254777,38.04103652529071,37.27781978051901,38,37
campulu01,Luis Campusano,R,567,11,11.64021164021164,38.028824178642594,38.53519994889197,38,39
tiptoer01,Eric Tipton,R,1856,36,11.63793103448276,38.025706322881035,38.53213753312845,38,39
garcilu04,Luis García,L,2064,35,10.174418604651162,38.018254610483716,37.252610262686886,38,37
werbebi01,Billy Werber,R,5213,101,11.624784193362748,38.00773304770539,38.51448308085042,38,39
carrobr01,Brett Carroll,R,568,11,11.619718309859154,38.00080739024999,38.5076799263292,38,39
bellbe01,Beau Bell,R,2789,54,11.617067049121548,37.99718280557871,38.50411937683425,38,39
culbech01,Charlie Culberson,R,1653,32,11.61524500907441,37.9946918629371,38.50167241056536,38,39
detwiro01,Ross Detwiler,R,517,10,11.605415860735011,37.98125426327087,38.488471611495996,38,38
solakni01,Nick Solak,R,1448,28,11.602209944751381,37.976871399764896,38.48416582562017,38,38
davisto02,Tommy Davis,R,8018,155,11.598902469443752,37.97234969274052,38.479723556372605,38,38
durhara01,Ray Durham,S,7717,128,9.952053906958664,37.963332133429944,37.04985394589594,38,37
byrneto01,Tommy Byrne,L,829,14,10.132689987937274,37.96120669273289,37.189474186898394,38,37
spencda01,Daryl Spencer,R,4401,85,11.588275391956374,37.95782123025665,38.46544977055931,38,38
parrian01,Andy Parrino,S,543,9,9.94475138121547,37.95334872346389,37.038199226602785,38,37
spiveju01,Junior Spivey,R,1813,35,11.583011583011583,37.950624985487806,38.45837935562094,38,38
bonneba01,Barry Bonnell,R,3317,64,11.576725957190233,37.94203179709319,38.44993614840406,38,38
leonsa01,Sandy Leon,S,1993,33,9.934771700953338,37.93970532898769,37.02227115660358,38,37
hayesch01,Charlie Hayes,R,5184,100,11.574074074074073,37.93840636155737,38.44637389964518,38,38
matzst01,Steven Matz,R,519,10,11.560693641618496,37.92011373960371,38.42839928276334,38,38
langfwy01,Wyatt Langford,R,571,11,11.558669001751314,37.91734581922403,38.42567936273643,38,38
schumha02,Hal Schumacher,R,936,18,11.538461538461538,37.88971984466532,38.39853076747597,38,38
healyfr02,Fran Healy,R,1614,31,11.524163568773234,37.870172841600855,38.37931967021667,38,38
blancan01,Andrés Blanco,S,1822,30,9.879253567508233,37.863805523054225,36.93364766312574,38,37
dyckji01,Jim Dyck,R,1198,23,11.519198664440735,37.86338523452672,38.37264834274737,38,38
gilesma01,Marcus Giles,R,3282,63,11.517367458866545,37.86088176153365,38.37018771003434,38,38
mathije01,Jeff Mathis,R,3597,69,11.509591326105088,37.85025087517485,38.359738460124255,38,38
castrwi01,Willi Castro,S,2494,41,9.863672814755413,37.842504804949115,36.90877194170082,38,37
morgabo01,Bobby Morgan,R,2713,52,11.500184297825285,37.837390363184596,38.3470970672881,38,38
duggast01,Steven Duggar,L,957,16,10.031347962382446,37.82266024682038,37.03608715180374,38,37
brackgi01,Gibby Brack,R,1097,21,11.485870556061986,37.81782179784206,38.32786062815112,38,38
greengr01,Grant Green,R,627,12,11.483253588516746,37.81424409599057,38.324343480838934,38,38
smithlo01,Lonnie Smith,R,6062,116,11.481359287363906,37.81165436393442,38.3217975490397,38,38
hairsje01,Jerry Hairston,S,2074,34,9.836065573770492,37.80476246558921,36.864690606838955,38,37
happja01,J A  Happ,L,599,10,10.016694490818029,37.80262723095736,37.01390183624207,38,37
rominau01,Austin Romine,R,1778,34,11.473565804274465,37.80099975764044,38.311322858695995,38,38
leakemi01,Mike Leake,R,994,19,11.468812877263582,37.79450194844989,38.30493454709179,38,38
doranbi02,Bill Doran,S,5924,97,9.824442943956786,37.788872966203044,36.846130668111314,38,37
pujollu01,Luis Pujols,R,576,11,11.458333333333334,37.780175181658215,38.290848602817896,38,38
shortza01,Zack Short,R,576,11,11.458333333333334,37.780175181658215,38.290848602817896,38,38
popeda01,Dave Pope,L,780,13,10.0,37.77980390217058,36.988624441484255,38,37
urshegi01,Gio Urshela,R,3301,63,11.451075431687368,37.77025277807169,38.28109250013684,38,38
fondyde01,Dee Fondy,L,3663,61,9.991809991809992,37.76860719951432,36.97622304776125,38,37
betanyu01,Yuniesky Betancourt,R,4299,82,11.444521981856246,37.761293442814704,38.272282981889646,38,38
winnra01,Randy Winn,S,5876,96,9.802586793737236,37.758993043064834,36.81122626020719,38,37
velazan01,Andrew Velazquez,S,857,14,9.801633605600934,37.75768992298363,36.80970393049549,38,37
szczuma01,Matt Szczur,R,944,18,11.440677966101696,37.756038222012585,38.2671154869637,38,38
singtfr01,Fred Sington,R,682,13,11.436950146627566,37.75094185516659,38.262104087348256,38,38
milneed01,Eddie Milner,L,2707,45,9.974141115626155,37.74445177154516,36.94946692560123,38,37
harribr01,Brendan Harris,R,1995,38,11.428571428571429,37.73948716396986,38.25083998601525,38,38
lopezhe01,Hector Lopez,R,3734,71,11.408677021960365,37.71228917464203,38.22409240289558,38,38
francty01,Ty France,R,3103,59,11.408314534321624,37.71179361148588,38.223605018597524,38,38
speaktr01,Tris Speaker,L,12003,199,9.94751312171957,37.70804817789939,36.909139472556205,38,37
adamsru01,Russ Adams,L,1086,18,9.94475138121547,37.704272554417614,36.90495657598119,38,37
boiscbr01,Bruce Boisclair,L,1026,17,9.941520467836257,37.699855516537326,36.90006300290094,38,37
bruckea01,Earle Brucker,R,895,17,11.396648044692737,37.69584415058347,38.207918258898246,38,38
velezeu01,Eugenio Velez,S,861,14,9.756097560975611,37.69543680430743,36.73697063495066,38,37
raineti01,Tim Raines,S,10773,175,9.746588693957115,37.68243706680608,36.72178043800862,38,37
brantmi01,Mickey Brantley,R,1107,21,11.38211382113821,37.67597416074902,38.18837410275405,38,38
gilleco01,Cole Gillespie,R,844,16,11.374407582938389,37.665438828461205,38.17801088282656,38,38
wanerpa01,Paul Waner,L,10651,176,9.91456201295653,37.66300014394702,36.859228381082055,38,37
cuccito01,Tony Cuccinello,R,6859,130,11.37192010497157,37.66203815406475,38.1746656681467,38,38
mccarti01,Tim McCarver,L,6418,106,9.909629167965099,37.65625636575571,36.851755886109956,38,37
fregoji01,Jim Fregosi,R,7290,138,11.358024691358024,37.64304149241228,38.15597795052739,38,38
roettwa01,Wally Roettger,R,634,12,11.35646687697161,37.64091177726748,38.15388277993274,38,38
arrieja01,Jake Arrieta,R,1004,19,11.354581673306773,37.63833448254543,38.151347265043476,38,38
zimmehe01,Heinie Zimmerman,R,4070,77,11.351351351351353,37.633918253210894,38.14700256344426,38,38
knighra01,Ray Knight,R,5501,104,11.34339211052536,37.62303703663203,38.136297247935985,38,38
pineijo01,Joel Pineiro,R,529,10,11.342155009451796,37.62134577423582,38.134633282681406,38,38
sundbji01,Jim Sundberg,R,6930,131,11.341991341991342,37.621122021603746,38.134413140570736,38,38
hargrmi01,Mike Hargrove,L,6801,112,9.88089986766652,37.61698003959063,36.808231790707126,38,37
hudsoor01,Orlando Hudson,S,5385,87,9.693593314763232,37.609986162091076,36.637108992522336,38,37
floripe01,Pedro Florimón,S,1300,21,9.692307692307692,37.60822856526957,36.635054671613624,38,37
pinielo01,Lou Piniella,R,6463,122,11.326009593068235,37.59927309465917,38.11291579562585,38,38
simpsha01,Harry Simpson,L,2984,49,9.85254691689008,37.57821822740362,36.765271726001856,38,37
grissma02,Marquis Grissom,R,9072,171,11.309523809523808,37.57673509321645,38.090738437638166,38,38
bellde01,Derek Bell,R,5204,98,11.299000768639509,37.56234886098229,38.0765813315286,38,38
trammal01,Alan Trammell,R,9507,179,11.296939097507101,37.55953031451579,38.073807577140975,38,38
quinore01,Rey Quinones,R,797,15,11.292346298619824,37.55325141926834,38.067628349785664,38,38
sierrmo01,Moisés Sierra,R,744,14,11.290322580645162,37.55048475922396,38.06490555555031,38,38
stillku01,Kurt Stillwell,S,2052,33,9.649122807017543,37.549189757417324,36.56604143881122,38,37
merceor01,Orlando Merced,S,4852,78,9.64550700741962,37.544246534892594,36.56026243327382,38,37
eatonad02,Adam Eaton,L,4276,70,9.822263797942002,37.53681764873517,36.71938036889962,38,37
montalu01,Luis Montanez,R,532,10,11.278195488721805,37.53390560091292,38.04858861246418,38,38
johnsro02,Roy Johnson,L,4829,79,9.815696831642162,37.52783983487869,36.70942780273805,38,37
vanmejo01,Josh VanMeter,L,917,15,9.814612868047982,37.52635792939427,36.7077849702457,38,37
trevijo01,Jose Trevino,R,1384,26,11.271676300578035,37.524993105404675,38.039816616291965,38,38
pradoma01,Martín Prado,R,6016,113,11.269946808510639,37.52262868671598,38.037489417011145,38,38
lombage01,George Lombard,L,551,9,9.800362976406532,37.50687665466395,36.68618730590424,38,37
nichore01,Reid Nichols,R,1226,23,11.256117455138662,37.50372233716884,38.01887986629684,38,38
anderti01,Tim Anderson,R,4324,81,11.239592969472712,37.48113142538258,37.99664169566976,37,38
nunezed02,Eduardo Núñez,R,3257,61,11.237334970832054,37.47804447616456,37.99360278639451,37,38
pennicl01,Cliff Pennington,S,3440,55,9.593023255813954,37.47249508515286,36.476368346985026,37,36
adriaeh01,Ehire Adrianza,S,1940,31,9.587628865979381,37.46512032097823,36.4677443549711,37,36
estrajo01,Johnny Estrada,S,1878,30,9.584664536741213,37.46106773491421,36.46300519844267,37,36
wallach01,Chad Wallach,R,695,13,11.223021582733812,37.45847639432368,37.97433833020858,37,38
piefe01,Felix Pie,L,1291,21,9.759876065065841,37.451526293927444,36.62481544972937,37,37
willsbu01,Bump Wills,S,3572,57,9.574468085106382,37.4471279885238,36.44670333629052,37,36
venabma01,Max Venable,L,1292,21,9.75232198142415,37.44119897478267,36.613363260474756,37,37
dalledo01,Dom Dallessandro,L,2277,37,9.749670619235836,37.437574251416365,36.609343623284154,37,37
harknti01,Tim Harkness,L,739,12,9.742895805142084,37.42831228522545,36.59907232351673,37,37
biggicr01,Craig Biggio,R,12542,234,11.194386860149898,37.41932936699744,37.93579406597137,37,38
richacl01,Clayton Richard,L,863,14,9.733487833140208,37.41545048305633,36.584808314944645,37,37
perezhe01,Hernán Pérez,R,1984,37,11.189516129032258,37.412670505763415,37.929237116040156,37,38
cavarph01,Phil Cavarretta,L,7905,128,9.715370018975333,37.39068130416432,36.55733688725046,37,37
baxtemi01,Mike Baxter,L,803,13,9.71357409713574,37.388226068178554,36.55461365639805,37,37
descada01,Daniel Descalso,L,3089,50,9.711880867594692,37.3859112246204,36.55204611977075,37,37
walkehu01,Hub Walker,L,618,10,9.70873786407767,37.38161436984184,36.54728015395693,37,37
sciosmi01,Mike Scioscia,L,5194,84,9.703504043126685,37.374459122180944,36.53934356292902,37,37
astudwi01,Willians Astudillo,R,699,13,11.158798283261802,37.370675604494316,37.88788079101185,37,38
maiermi01,Mitch Maier,L,1299,21,9.699769053117784,37.36935295237213,36.533679679438194,37,37
haltesh01,Shane Halter,R,1776,33,11.14864864864865,37.35679986246859,37.87421447346206,37,38
carreez01,Ezequiel Carrera,L,1548,25,9.689922480620154,37.35589153183611,36.51874744919548,37,37
easleda01,Damion Easley,R,6353,118,11.144341256099482,37.35091115119043,37.868414403813304,37,38
carlsdy01,Dylan Carlson,S,1831,29,9.503003823047516,37.349427952790265,36.33242575121331,37,36
kearnbo01,Bob Kearney,R,1455,27,11.1340206185567,37.33680162808513,37.85451669695941,37,38
telisto01,Tomás Telis,S,569,9,9.490333919156415,37.33210670679627,36.31216143395997,37,36
huletti01,Tim Hulett,R,2320,43,11.120689655172413,37.31857663615931,37.836564109987016,37,38
lindeto01,Todd Linden,S,634,10,9.46372239747634,37.29572563261789,36.26959485464449,37,36
bressed01,Eddie Bressoud,R,4215,78,11.103202846975089,37.294670116501464,37.81301287521596,37,38
abreuto01,Tony Abreu,S,888,14,9.459459459459458,37.28989769590406,36.26277555457021,37,36
davissp01,Virgil Davis,R,4595,85,11.099020674646354,37.288952595964766,37.80737998201266,37,38
gonzato01,Tony Gonzalez,L,5664,91,9.639830508474576,37.28740992539966,36.442772097613236,37,36
gotayru01,Ruben Gotay,S,952,15,9.453781512605042,37.282135275995316,36.2536924915816,37,36
harpeto01,Tommy Harper,R,7195,133,11.091035441278665,37.278035844530024,37.796624445925964,37,38
bakerjo01,John Baker,L,1495,24,9.63210702341137,37.27685101462491,36.431056064758955,37,36
riceha02,Hal Rice,L,1495,24,9.63210702341137,37.27685101462491,36.431056064758955,37,36
gonzalu02,Luis Gonzalez,R,974,18,11.08829568788501,37.27429028000939,37.792934083526795,37,38
ruizca01,Carlos Ruiz,R,4221,78,11.087420042643924,37.27309317016904,37.79175460470094,37,38
pauliro01,Ronny Paulino,R,2165,40,11.085450346420323,37.27040036420021,37.78910143711333,37,38
brilegr01,Greg Briley,L,1309,21,9.625668449197862,37.26804872782295,36.421288814206896,37,36
raderda01,Dave Rader,L,2744,44,9.620991253644315,37.26165445242502,36.41419336001407,37,36
moorete01,Terry Moore,R,5091,94,11.078373600471421,37.26072562171822,37.779568865421545,37,38
tayloha04,Hawk Taylor,R,921,17,11.074918566775246,37.256002185054186,37.774914702093305,37,38
perryge01,Gerald Perry,L,3621,58,9.610604805302403,37.24745495823149,36.39843619558459,37,36
rosenla01,Larry Rosenthal,L,1687,27,9.60284528749259,37.236846786462095,36.386663784870315,37,36
larocan01,Andy LaRoche,R,1519,28,11.059907834101383,37.235480751314135,37.75469318356629,37,38
rhoderi01,Rick Rhoden,R,760,14,11.052631578947368,37.22553325632751,37.74489045447625,37,38
westsa01,Sam West,L,5696,91,9.585674157303371,37.21337183570013,36.360610854764545,37,36
nelsoch01,Chris Nelson,R,1141,21,11.042944785276074,37.21229027220421,37.73183957329914,37,38
roberbr01,Brian Roberts,S,5808,91,9.400826446280991,37.209739483705874,36.168968035487104,37,36
penaje02,Jeremy Peña,R,1905,35,11.023622047244094,37.18587382093463,37.70580419695452,37,38
eversho01,Hoot Evers,R,3157,58,11.023123218245171,37.18519186313341,37.70513203940907,37,38
beniqju01,Juan Beniquez,R,4845,89,11.021671826625388,37.18320764040402,37.70317632076153,37,38
cordewi01,Wil Cordero,R,4956,91,11.016949152542374,37.176751190517386,37.696812509717915,37,38
caseyse01,Sean Casey,L,5524,88,9.558291093410572,37.17593597274227,36.31905922896072,37,36
sanchjo01,Jonathan Sánchez,L,565,9,9.557522123893806,37.17488470114019,36.31789229678695,37,36
diazya01,Yandy Díaz,R,3439,63,10.991567316080257,37.14205124039002,37.66260755024314,37,38
ariasga01,Gabriel Arias,R,546,10,10.989010989010989,37.13855644118803,37.65916233349987,37,38
ahmedni01,Nick Ahmed,R,3823,70,10.986136541982736,37.13462673465663,37.655288320563734,37,38
blausje01,Jeff Blauser,R,5243,96,10.986076673660119,37.13454488763141,37.655207632846725,37,38
clossjd01,JD Closser,S,642,10,9.345794392523365,37.134504205768195,36.08089803984425,37,36
cervefr01,Francisco Cervelli,R,2952,54,10.97560975609756,37.120235382566634,37.641100395104075,37,38
herreel01,Elian Herrera,S,836,13,9.330143540669857,37.1131076539632,36.055847167034585,37,36
navaref01,Efren Navarro,L,694,11,9.510086455331413,37.110034573536936,36.245898719992915,37,36
jamesch01,Charlie James,R,657,12,10.95890410958904,37.09739680264133,37.61858292357494,37,38
lawva01,Vance Law,R,4162,76,10.956271023546371,37.093797064911634,37.61503360502094,37,38
stanlmi01,Mickey Stanley,R,5314,97,10.952201731275876,37.08823386466603,37.60954822161291,37,38
davisbe01,Ben Davis,S,1805,28,9.307479224376731,37.0821228729283,36.01956720133482,37,36
cainma01,Matt Cain,R,1371,25,10.940919037199125,37.07280909733882,37.59433855669991,37,38
ellisma01,Mark Ellis,R,5707,104,10.933940774487471,37.06326899300352,37.58493100908926,37,38
fitzgmi02,Mike Fitzgerald,R,2415,44,10.93167701863354,37.0601741729991,37.58187911140549,37,38
fordle01,Lew Ford,R,1976,36,10.931174089068826,37.05948660924305,37.58120107826054,37,38
bostoly01,Lyman Bostock,L,2217,35,9.472259810554805,37.05832110949375,36.18847663982414,37,36
larsedo01,Don Larsen,R,714,13,10.92436974789916,37.050184276073054,37.57202750037831,37,38
verdual01,Alex Verdugo,L,3740,59,9.46524064171123,37.048725081673965,36.17782012070193,37,36
stephty01,Tyler Stephenson,R,1758,32,10.92150170648464,37.046263326767615,37.56816071660315,37,38
mcveyca01,Cal McVey,R,4560,83,10.921052631578949,37.045649388652684,37.567555254029294,37,38
hopkiga01,Gail Hopkins,L,1332,21,9.459459459459458,37.04082152685778,36.16904283560626,37,36
martini02,Nick Martini,L,698,11,9.455587392550143,37.03552795683405,36.16316392504174,37,36
motteta01,Taylor Motter,R,660,12,10.909090909090908,37.02929630977315,37.55142737060626,37,38
welshji01,Jimmy Welsh,L,889,14,9.448818897637794,37.02627462970596,36.15288713149941,37,36
steinbi02,Bill Stein,R,2971,54,10.905419050824639,37.02427644846782,37.546476419586725,37,38
rignebi01,Bill Rigney,R,1982,36,10.898082744702322,37.014246856757886,37.5365842035733,37,38
mayde01,Derrick May,L,1653,26,9.437386569872958,37.010645295560984,36.13552832328397,37,36
donalja01,Jason Donald,R,716,13,10.893854748603353,37.008466689747834,37.530883022587886,37,38
hammoro01,Robby Hammock,R,716,13,10.893854748603353,37.008466689747834,37.530883022587886,37,38
damonjo01,Johnny Damon,L,10748,169,9.434313360625232,37.006443857742006,36.13086180384687,37,36
dukeza01,Zach Duke,L,827,13,9.4316807738815,37.00284480261257,36.12686429146853,37,36
bellda01,David Bell,R,4298,78,10.888785481619356,37.001536406677516,37.5240472634231,37,38
mcneije01,Jeff McNeil,L,3629,57,9.424083769633507,36.99245880596035,36.115328149956746,37,36
cookedu01,Dusty Cooke,L,1783,28,9.422321929332586,36.99005016343893,36.11265271202111,37,36
borboju01,Julio Borbon,L,1083,17,9.418282548476453,36.98452785560819,36.1065186321581,37,36
morelbr01,Brent Morel,R,993,18,10.876132930513597,36.98423888397819,37.506984817011045,37,38
thondi01,Dickie Thon,R,4911,89,10.87354917532071,36.98070658731132,37.5035003757925,37,38
aybarer01,Erick Aybar,S,5659,87,9.22424456617777,36.9683313238935,35.88629571992257,37,36
brookto01,Tom Brookens,R,4089,74,10.858400586940574,36.959996688637304,37.48307003704313,37,37
toddal01,Al Todd,R,2267,41,10.851345390383766,36.95035140670409,37.47355436219631,37,37
burnea.01,A J  Burnett,R,1106,20,10.8499095840868,36.948388490940616,37.47161777666656,37,37
orlanpa01,Paulo Orlando,R,1106,20,10.8499095840868,36.948388490940616,37.47161777666656,37,37
clevest01,Steve Clevenger,L,895,14,9.385474860335195,36.93967589448257,36.05669330580555,37,36
sullibi04,Billy Sullivan,L,2111,33,9.379441023211747,36.93142693079656,36.047528776522185,37,36
villaca01,Carlos Villanueva,R,609,11,10.83743842364532,36.931338950573604,37.454796279336634,37,37
kalisry01,Ryan Kalish,L,640,10,9.375,36.92535553071516,36.040783325941646,37,36
suderpe01,Pete Suder,R,1997,36,10.816224336504758,36.90233680303894,37.426179338860464,37,37
kaplega01,Gabe Kapler,R,3495,63,10.815450643776824,36.90127907425271,37.4251355944307,37,37
gamelbe01,Ben Gamel,L,2565,40,9.35672514619883,36.90037166020477,36.01302415912984,37,36
parkewe01,Wes Parker,S,4907,75,9.17057265131445,36.89495551549693,35.80033091048737,37,36
mcdougi01,Gil McDougald,R,5497,99,10.805894124067674,36.88821418992909,37.4122430686603,37,37
petribe01,Ben Petrick,R,833,15,10.804321728691477,36.88606454085953,37.410121712585195,37,37
stulter01,Eric Stults,L,643,10,9.331259720062208,36.865557433179404,35.974338427431775,37,36
goossgr01,Greg Goossen,R,723,13,10.788381742738588,36.864272708797984,37.38861564063915,37,37
bucheje01,Jerry Buchek,R,1280,23,10.78125,36.854522779248185,37.37899294057243,37,37
hillko01,Koyie Hill,S,1313,20,9.139375476009139,36.85230531448312,35.750353239027476,37,36
martipe01,Pepper Martin,R,4624,83,10.769896193771627,36.83900079326153,37.363672710467355,37,37
terrelu01,Luis Terrero,R,836,15,10.76555023923445,36.8330593632188,37.357808249195074,37,37
munozya01,Yairo Munoz,R,669,12,10.762331838565022,36.8286594316817,37.353465224767234,37,37
maybica01,Cameron Maybin,R,4574,82,10.756449497157849,36.82061758042458,37.34552718116984,37,37
rivermi01,Mickey Rivers,L,6326,98,9.294973126778375,36.81594940032014,35.91920526468881,37,36
amarial01,Alexi Amarista,L,2066,32,9.293320425943854,36.81368996426165,35.9166939449066,37,36
youngmi02,Michael Young,R,8484,152,10.74964639321075,36.81131693868307,37.336346269309786,37,37
sweenry01,Ryan Sweeney,L,2583,40,9.291521486643438,36.81123060305271,35.913960388647524,37,36
barnebr02,Brandon Barnes,R,1509,27,10.73558648111332,36.79209538829194,37.31737105282795,37,37
harpebr01,Brian Harper,R,3466,62,10.732833237160992,36.78833138059389,37.31365510751172,37,37
mientdo01,Doug Mientkiewicz,L,3430,53,9.271137026239067,36.78336265265989,35.88298371833233,37,36
davisro01,Ron Davis,R,727,13,10.729023383768913,36.783122863751736,37.3085130032177,37,37
torreyo01,Yorvit Torrealba,R,3469,62,10.723551455750936,36.77564209577784,37.30112742840232,37,37
quinthu01,Humberto Quintero,R,1903,34,10.719915922228061,36.77067189466106,37.29622034797515,37,37
sardilu01,Luis Sardinas,S,793,12,9.079445145018916,36.77037351653851,35.65432455972418,37,36
diazel01,Elias Díaz,R,2743,49,10.718191760845789,36.768314763644725,37.29389311712084,37,37
colege01,Gerrit Cole,R,616,11,10.714285714285714,36.76297473944938,37.28862074775634,37,37
latosma01,Mat Latos,R,784,14,10.714285714285714,36.76297473944938,37.28862074775634,37,37
hattesc01,Scott Hatteberg,L,4863,75,9.253547193090684,36.759315285799396,35.856251295203556,37,36
leblawa01,Wade LeBlanc,L,519,8,9.248554913294798,36.752490253253086,35.84866377327419,37,36
rolfere01,Red Rolfe,L,5321,82,9.246382258973876,36.749519979739084,35.84536160327325,37,36
francti01,Tito Francona,L,6166,95,9.244242620823872,36.74659484320665,35.84210957889371,37,36
spande01,Denard Span,L,5972,92,9.243134628265238,36.74508008730695,35.840425533408414,37,36
pocorbi01,Biff Pocoroba,S,1723,26,9.053975623911782,36.73555369120773,35.61350552815233,37,36
panikjo01,Joe Panik,L,3314,51,9.233554616777308,36.731983086963936,35.82586442056146,37,36
meyerja02,Jake Meyers,R,1291,23,10.689388071262588,36.72893673859468,37.25501127195689,37,37
marrede01,Deven Marrero,R,730,13,10.684931506849315,36.72284409186635,37.24899483389811,37,37
anderji01,Jim Anderson,R,1067,19,10.684161199625118,36.72179099146118,37.24795489074561,37,37
mazerbi01,Bill Mazeroski,R,8593,153,10.683114162690563,36.72035956905544,37.246541345076366,37,37
cardwdo01,Don Cardwell,R,955,17,10.68062827225131,36.716961064995544,37.24318525097064,37,37
milleco01,Corky Miller,R,1124,20,10.676156583629894,36.71084774169918,37.237148098066164,37,37
fuentjo01,Joshua Fuentes,R,562,10,10.676156583629894,36.71084774169918,37.237148098066164,37,37
nicosst01,Steve Nicosia,R,1068,19,10.674157303370785,36.70811449088082,37.23444885384204,37,37
jacksed01,Edwin Jackson,R,900,16,10.666666666666666,36.69787391114802,37.224335416310055,37,37
roeniro01,Ron Roenicke,S,1263,19,9.026128266033254,36.6974830838659,35.56887000604641,37,36
kingesc01,Scott Kingery,R,1294,23,10.664605873261205,36.6950565646373,37.221552974109244,37,37
rodriau01,Aurelio Rodriguez,R,7208,128,10.654827968923419,36.681689021537025,37.20835060414066,37,37
bilarda01,Dann Bilardello,R,1014,18,10.650887573964498,36.67630203904816,37.20302998003986,37,37
burnsbi02,Billy Burns,S,999,15,9.00900900900901,36.67407904981007,35.54142725362968,37,36
martimi02,Michael Martinez,S,999,15,9.00900900900901,36.67407904981007,35.54142725362968,37,36
izturma01,Maicer Izturis,S,3331,50,9.006304413089163,36.67038154968341,35.537091491179915,37,36
alfoned01,Edgardo Alfonzo,R,6036,107,10.636182902584494,36.65619902702667,37.18317356448917,37,37
gordoni01,Nick Gordon,L,850,13,9.176470588235295,36.653942518605795,35.73908529428923,37,36
huttoto01,Tom Hutton,L,2027,31,9.176122348297978,36.65346643373009,35.73855582428868,37,36
lynnla01,Lance Lynn,S,668,10,8.982035928143713,36.637203681780484,35.49818398236336,37,35
cashnan01,Andrew Cashner,R,565,10,10.619469026548673,36.63334919637145,37.1606020361084,37,37
dalrycl01,Clay Dalrymple,L,3803,58,9.150670523271101,36.61867080101844,35.69985594450356,37,36
officro01,Rowland Office,L,2623,40,9.149828440716737,36.61751957531091,35.698575461571295,37,36
noviklo01,Lou Novikoff,R,792,14,10.606060606060606,36.61501831149174,37.142492885078745,37,37
hintoch01,Chuck Hinton,R,4752,84,10.606060606060606,36.61501831149174,37.142492885078745,37,37
saladty01,Tyler Saladino,R,1245,22,10.602409638554215,36.610027010307626,37.13756172377597,37,37
southbi01,Billy Southworth,L,4791,73,9.142141515341265,36.60701064592119,35.68688636322079,37,36
adducji02,Jim Adduci,L,722,11,9.141274238227147,36.60582497629278,35.685567512974174,37,36
wasdeji01,Jimmy Wasdell,L,788,12,9.137055837563452,36.60005792736919,35.679152597696536,37,36
kellyro01,Roberto Kelly,R,5498,97,10.585667515460166,36.587138562607755,37.11494776474239,37,37
cunniaa01,Aaron Cunningham,R,794,14,10.57934508816121,36.57849506227298,37.10640736901499,37,37
milleda02,Damian Miller,R,3461,61,10.57497832996244,36.572525191182606,37.10050853320839,37,37
cruzja01,Jacob Cruz,L,1119,17,9.115281501340482,36.57028985356881,35.64603825561181,37,36
martica02,Carlos Martinez,R,681,12,10.572687224669604,36.56939298128454,37.09741353560423,37,37
lunahe01,Hector Luna,R,1079,19,10.565338276181649,36.55934610597663,37.08748575417779,37,37
akiyash01,Shogo Akiyama,L,659,10,9.104704097116844,36.555829300267824,35.62995087675239,37,36
barrejo01,Johnny Barrett,L,2242,34,9.099018733273862,36.548056740465,35.6213035467086,37,36
bosleth01,Thad Bosley,L,1583,24,9.096651926721416,36.54482103805814,35.61770360688826,37,36
hansero02,Ron Hansen,R,5230,92,10.554493307839389,36.54451976111498,37.072834411040795,37,37
menesjo01,Joey Meneses,R,1194,21,10.552763819095476,36.54215534696988,37.07049782274411,37,37
thomaal01,Alek Thomas,L,990,15,9.090909090909092,36.53696990732634,35.60896851162281,37,36
mcculcl01,Clyde McCullough,R,3300,58,10.545454545454545,36.532162711835454,37.060622536784535,37,37
tollest01,Steven Tolleson,R,569,10,10.54481546572935,36.531289014826775,37.05975908086023,37,37
garlajo01,Jon Garland,R,569,10,10.54481546572935,36.531289014826775,37.05975908086023,37,37
adamsri03,Riley Adams,R,569,10,10.54481546572935,36.531289014826775,37.05975908086023,37,37
mortoca01,Carl Morton,R,683,12,10.54172767203514,36.52706763835732,37.055587141896446,37,37
blantjo01,Joe Blanton,R,683,12,10.54172767203514,36.52706763835732,37.055587141896446,37,37
fossera01,Ray Fosse,R,3188,56,10.539523212045168,36.52405388275993,37.05260863690382,37,37
roofph01,Phil Roof,R,1708,30,10.538641686182668,36.52284873341976,37.051417573376874,37,37
poqueto01,Tom Poquette,L,1191,18,9.06801007556675,36.50566426513882,35.57413566083874,37,36
dunstsh01,Shawon Dunston,R,6557,115,10.523105078542015,36.50160836686536,37.03042449882241,37,37
escobyu01,Yunel Escobar,R,5875,103,10.519148936170211,36.496199855814424,37.02507866461663,36,37
steersp01,Spencer Steer,R,1427,25,10.51156271899089,36.48582860635142,37.014827271416486,36,37
zaungr01,Gregg Zaun,S,4265,63,8.862837045720985,36.47424481623584,35.307018234308146,36,35
vazquch01,Christian Vázquez,R,3771,66,10.501193317422434,36.47165241709841,37.00081420552704,36,37
youngpe01,Pep Young,R,1600,28,10.500000000000002,36.47002101209325,36.99920152061635,36,37
longte01,Terrence Long,L,3319,50,9.038867128653209,36.46582243549132,35.529799106871224,36,36
cainlo01,Lorenzo Cain,R,4974,87,10.494571773220748,36.46259998884297,36.99186551624084,36,37
haggesa01,Sam Haggerty,S,610,9,8.852459016393443,36.4600568318233,35.29036933068834,36,35
barremi01,Michael Barrett,R,3947,69,10.488978971370662,36.454953972150676,36.98430686265839,36,37
haselbi01,Bill Haselman,R,1659,29,10.488245931283906,36.453951820297334,36.98331614379701,36,37
ortegra01,Rafael Ortega,L,1595,24,9.028213166144202,36.45125721802673,35.51358912048642,36,36
cardejo02,Jose Cardenal,R,7783,136,10.48438905306437,36.448679014995605,36.97810342595908,36,37
campber01,Eric Campbell,R,744,13,10.483870967741934,36.447970731539556,36.97740320532711,36,37
rortvbe01,Ben Rortvedt,L,533,8,9.00562851782364,36.4203813524629,35.479223772785815,36,35
cedenro02,Ronny Cedeno,R,2982,52,10.46277665995976,36.41913233644922,36.94889136903402,36,37
gosean01,Anthony Gose,L,1466,22,9.004092769440655,36.418281804135205,35.47688680059656,36,35
wainwad01,Adam Wainwright,R,1664,29,10.45673076923077,36.41086689406941,36.94071890113311,36,37
cottohe01,Henry Cotto,R,1779,31,10.45531197301855,36.408927233088676,36.93880101847816,36,37
loberha01,Hans Lobert,R,4706,82,10.454738631534212,36.408143407972545,36.938025989749626,36,37
adamecr01,Cristhian Adames,S,613,9,8.809135399673735,36.40082836182056,35.220858817289454,36,35
wongco01,Connor Wong,R,1092,19,10.43956043956044,36.387393037710744,36.91750758284249,36,37
coggiri01,Rich Coggins,L,1069,16,8.980355472404115,36.3858301324622,35.44076311504187,36,35
careyan01,Andy Carey,R,2587,45,10.436799381522999,36.383618347241004,36.91377490116655,36,37
martica04,Carlos Martinez,R,690,12,10.434782608695652,36.380861182028326,36.91104838415114,36,37
robinea01,Earl Robinson,R,575,10,10.434782608695652,36.380861182028326,36.91104838415114,36,37
krencwa01,Wayne Krenchicki,L,1204,18,8.970099667774086,36.37180924355966,35.42515439612127,36,35
iguchta01,Tadahito Iguchi,R,2015,35,10.421836228287841,36.36316196017921,36.893545170420765,36,37
gibsobo01,Bob Gibson,R,1843,32,10.417797069994574,36.357639956618044,36.88808405990282,36,37
perryhe01,Herbert Perry,R,1786,31,10.414333706606943,36.35290513228793,36.8834013497275,36,37
duceyro01,Rob Ducey,L,1608,24,8.955223880597014,36.35147229615555,35.4025129255054,36,35
bumbral01,Al Bumbry,L,5764,86,8.952116585704372,36.34722425925851,35.39778330194051,36,35
difowi01,Wilmer Difo,S,1506,22,8.764940239043824,36.34040838897826,35.1499353103347,36,35
quirogu01,Guillermo Quiroz,R,692,12,10.404624277456646,36.33963120280756,36.87027303631629,36,37
hoeslj01,L J  Hoes,R,519,9,10.404624277456646,36.33963120280756,36.87027303631629,36,37
stammcr01,Craig Stammen,R,519,9,10.404624277456646,36.33963120280756,36.87027303631629,36,37
speiech01,Chris Speier,R,8250,143,10.4,36.33330927266038,36.864020207261795,36,37
riverem01,Emmanuel Rivera,R,1154,20,10.398613518197573,36.33141378927136,36.86214541066787,36,37
diazis01,Isan Díaz,L,604,9,8.940397350993377,36.33120268963689,35.37994475909601,36,35
fuldsa01,Sam Fuld,L,1813,27,8.935466078323222,36.32446106099334,35.37243826531812,36,35
braunst01,Steve Braun,L,4432,66,8.935018050541517,36.32384855441983,35.37175625826164,36,35
lamanra01,Ray Lamanno,R,1619,28,10.376775787523162,36.301559047813704,36.832614575389776,36,37
sucreje01,Jesús Sucre,R,1099,19,10.37306642402184,36.29648791244916,36.82759809999523,36,37
fraziad01,Adam Frazier,L,4241,63,8.912992218816317,36.293736656743754,35.338225720531845,36,35
papist01,Stan Papi,R,579,10,10.362694300518134,36.28230800199112,36.813570476712954,36,37
rutlejo01,Josh Rutledge,R,1449,25,10.351966873706004,36.26764235019987,36.79906147171274,36,37
donovdi01,Dick Donovan,L,1012,15,8.893280632411066,36.266788604099325,35.30821510770074,36,35
refsnro01,Rob Refsnyder,R,1623,28,10.351201478743068,36.26659596543251,36.79802623028359,36,37
johnsbi03,Billy Johnson,R,3884,67,10.350154479917611,36.265164595126386,36.79661009598365,36,37
perkibr01,Broderick Perkins,L,1350,20,8.88888888888889,36.26078457513873,35.30152833917604,36,35
inciaen01,Ender Inciarte,L,3647,54,8.884014258294489,36.2541203828622,35.29410616676715,36,35
lannajo01,John Lannan,L,608,9,8.881578947368421,36.250791026934564,35.29039806503387,36,35
pireljo01,José Pirela,R,1219,21,10.336341263330599,36.24628030645865,36.7779260410246,36,37
bellja01,Jay Bell,R,8313,143,10.321183688199206,36.22555812184068,36.75742191487895,36,37
zarilal01,Al Zarilla,L,3862,57,8.855515277058519,36.21515892989385,35.25070966645241,36,35
manniri01,Rick Manning,L,5969,88,8.845702797788574,36.201744118802424,35.2357664014837,36,35
goryljo01,Johnny Goryl,R,875,15,10.285714285714286,36.1770672847371,36.70943454470913,36,37
gonzagi01,Gio Gonzalez,R,992,17,10.282258064516128,36.172342224618454,36.704758034149194,36,37
binksge01,George Binks,L,816,12,8.823529411764707,36.17143049707803,35.201996227222686,36,35
widgech01,Chris Widger,R,1401,24,10.278372591006425,36.16703032619813,36.69950060698089,36,37
masonji01,Jim Mason,L,1361,20,8.81704628949302,36.16256730785085,35.192121697128634,36,35
brocklo01,Lou Brock,L,10688,157,8.813622754491018,36.157886933599514,35.18690713683092,36,35
bettela01,Larry Bettencourt,R,526,9,10.26615969581749,36.15033386475023,36.68297461614748,36,37
wilsomo01,Mookie Wilson,S,5566,80,8.623787279913762,36.147435723290585,34.92331680729286,36,35
thomade01,Derrel Thomas,S,4245,61,8.62190812720848,36.1448667009406,34.92029884411785,36,35
etchean01,Andy Etchebarren,R,3277,56,10.253280439426305,36.13272640931182,36.66554570885005,36,37
kimhy01,Hyun Soo Kim,L,614,9,8.794788273615636,36.13213798718163,35.15821779359388,36,35
willige02,Gerald Williams,R,2809,48,10.252758988964045,36.13201352531458,36.66484002738241,36,37
harrijo05,Josh Harrison,R,4628,79,10.242005185825409,36.117311813988564,36.65028639372909,36,37
o'brich01,Charlie O Brien,R,2637,45,10.238907849829351,36.11307739207228,36.6460944590456,36,37
keougma01,Marty Keough,L,2256,33,8.77659574468085,36.10726666442806,35.130503743406365,36,35
samarje01,Jeff Samardzija,R,938,16,10.23454157782516,36.107108185666974,36.64018502291052,36,37
powelho01,Hosken Powell,L,2053,30,8.767657087189479,36.09504647028966,35.116885894583355,36,35
dunlafr01,Fred Dunlap,R,4519,77,10.223500774507635,36.092014111404225,36.62524144302213,36,37
millesh01,Shelby Miller,R,646,11,10.216718266253869,36.08274162639333,36.61606095090202,36,37
kinkami01,Mike Kinkade,R,646,11,10.216718266253869,36.08274162639333,36.61606095090202,36,37
iorgda01,Dane Iorg,L,1508,22,8.753315649867375,36.07544004186693,35.095035764843246,36,35
sogarer01,Eric Sogard,L,2881,42,8.746962860118014,36.06675503249807,35.0853563710408,36,35
johnsma01,Mark Johnson,L,686,10,8.746355685131196,36.06592495301219,35.084431236148475,36,35
jayjo02,Jon Jay,L,4460,65,8.74439461883408,36.06324394516597,35.08144319731856,36,35
buterdr01,Drew Butera,R,2059,35,10.199125789218067,36.05869064502835,36.592246957038775,36,37
bufordo01,Don Buford,S,5472,78,8.552631578947368,36.05015752679378,34.80902042234626,36,35
peterja01,Jace Peterson,L,3093,45,8.729388942774005,36.04272942441058,35.05857837455126,36,35
sassema01,Mackey Sasser,L,1031,15,8.729388942774005,36.04272942441058,35.05857837455126,36,35
rookeji01,Jim Rooker,R,589,10,10.186757215619695,36.04178135291898,36.575502878232356,36,37
arroych01,Christian Arroyo,R,1296,22,10.185185185185185,36.03963220276755,36.57337464350427,36,37
rowelba01,Bama Rowell,L,1788,26,8.724832214765101,36.036499842288386,35.051634745826206,36,35
aokino01,Nori Aoki,L,3028,44,8.718626155878468,36.02801543123424,35.0421775824459,36,35
pruitro01,Ron Pruitt,R,886,15,10.15801354401806,36.00248537949552,36.53658637390443,36,37
hernace02,César Hernández,S,5426,77,8.514559528197568,35.99810856397597,34.747850084992116,36,35
keppije01,Jeff Keppinger,R,3309,56,10.15412511332729,35.99716943826152,36.53132128660282,36,37
mankoph01,Phil Mankowski,L,759,11,8.695652173913043,35.99660730087231,35.00716591742929,36,35
edwarjo01,Johnny Edwards,L,5245,76,8.69399428026692,35.99434076563075,35.00463918220317,36,35
wynnema01,Marvell Wynne,L,2694,39,8.68596881959911,35.98336901875429,34.992407576098756,36,35
hallaro01,Roy Halladay,R,710,12,10.140845070422534,35.979014060609,36.513338725552025,36,37
hiattja01,Jack Hiatt,R,1716,29,10.13986013986014,35.977667544904946,36.51200497380007,36,37
lockeje01,Jeff Locke,L,553,8,8.679927667269439,35.975110054322606,34.98319993292394,36,35
phillto02,Tony Phillips,S,9325,132,8.493297587131368,35.969040994507175,34.713683762123765,36,35
tolbema01,Matt Tolbert,S,848,12,8.49056603773585,35.96530664581509,34.709294121738054,36,35
reynocr01,Craig Reynolds,L,4499,65,8.66859302067126,35.95961426179967,34.965923446423936,36,35
goinsry01,Ryan Goins,L,1940,28,8.659793814432991,35.94758471389505,34.95251085607856,36,35
whitnpi01,Pinky Whitney,R,5401,91,10.109239029809293,35.93580489272078,36.47053548323254,36,36
gonzaal01,Alex Gonzalez,R,5463,92,10.104338275672706,35.929104986495325,36.46389784135398,36,36
davisra01,Rajai Davis,R,4810,81,10.103950103950105,35.928574310181375,36.46337208900887,36,36
rodrilu01,Luis Rodriguez,S,1347,19,8.46325167037862,35.92796469908594,34.6653964207358,36,35
menkede01,Denis Menke,R,5880,99,10.10204081632653,35.92596408986041,36.46078607144332,36,36
loganjo01,Johnny Logan,R,5882,99,10.098605916354982,35.92126817836152,36.45613363235215,36,36
ripplji01,Jimmy Ripple,L,2014,29,8.639523336643496,35.919872591117674,34.92161042701731,36,35
eovalna01,Nathan Eovaldi,R,535,9,10.093457943925234,35.91423029570729,36.44916073559858,36,36
coomero01,Ron Coomer,R,2913,49,10.092687950566427,35.913177624392944,36.44811776711106,36,36
ellisja01,Jason Ellison,R,773,13,10.090556274256144,35.910263372630084,36.44523035356866,36,36
billich01,Chad Billingsley,R,833,14,10.084033613445378,35.90134612957838,36.43639501833782,36,36
segurje01,Jean Segura,R,6487,109,10.081701865269,35.89815835608726,36.4332364474194,36,36
campbda01,Dave Campbell,R,1250,21,10.08,35.89583170647521,36.43093108579801,36,36
millebi02,Bing Miller,R,5956,100,10.073875083948959,35.88745822720302,36.42263403926687,36,36
dillast01,Steve Dillard,R,1132,19,10.070671378091873,35.88307838519949,36.418294063096695,36,36
younger03,Eric Young Jr,S,2349,33,8.42911877394636,35.88130102265458,34.61053252473117,36,35
schafjo02,Jordan Schafer,L,1674,24,8.602150537634408,35.8687795875176,34.8646309669555,36,35
fitzsfr01,Freddie Fitzsimmons,R,895,15,10.05586592178771,35.86283758835509,36.39823649071354,36,36
sanchca01,Yolmer Sanchez,S,2638,37,8.41546626231994,35.862636436533826,34.58858553586441,36,35
hemusso01,Solly Hemus,L,3490,50,8.595988538681949,35.86035541156586,34.85523522069794,36,35
volpean01,Anthony Volpe,R,1313,22,10.053313023610052,35.859347476850466,36.39477780472073,36,36
crawfjp01,J P  Crawford,L,3841,55,8.591512626920073,35.85423631474072,34.84841022080806,36,35
lefloro01,Ron LeFlore,R,4123,69,10.041232112539413,35.84283145318646,36.37840982449456,36,36
holadbr01,Bryan Holaday,R,1315,22,10.038022813688212,35.838443964903384,36.37406147819829,36,36
peralwi01,Wily Peralta,R,538,9,10.03717472118959,35.83728452289652,36.372912366861854,36,36
casilal01,Alexi Casilla,S,2148,30,8.379888268156424,35.81399714185756,34.53138577578446,36,35
mileywa01,Wade Miley,L,841,12,8.561236623067776,35.812845463243484,34.80224050918787,36,35
phillja04,Jason Phillips,R,1438,24,10.013908205841446,35.80547646505865,36.341385595456046,36,36
marquja01,Jason Marquis,L,1333,19,8.552138034508626,35.80040662456043,34.78836416397347,36,35
taverle01,Leody Taveras,S,2008,28,8.366533864541832,35.79574010438517,34.50991304425568,36,35
phillpa01,Paul Phillips,R,540,9,10.0,35.78646231492891,36.32253763430606,36,36
donovbr01,Brendan Donovan,L,1617,23,8.534322820037106,35.77605113497272,34.761192192883705,36,35
thursjo01,Joe Thurston,L,633,9,8.530805687203792,35.77124280149813,34.75582753711808,36,35
yosted01,Eddie Yost,R,8052,134,9.985096870342772,35.76608798714458,36.302339757948076,36,36
jacksau01,Austin Jackson,R,4688,78,9.982935153583618,35.763132666561525,36.299409892170004,36,36
hanigry01,Ryan Hanigan,R,2707,45,9.974141115626155,35.75111018430349,36.28749059728872,36,36
merriwh01,Whit Merrifield,R,5356,89,9.970126960418224,35.74562236289519,36.282049682442064,36,36
tepedfr01,Frank Tepedino,L,564,8,8.51063829787234,35.743671612744905,34.72506456398754,36,35
rothbr01,Braggo Roth,R,2709,45,9.966777408637874,35.741043132393074,36.27750949902193,36,36
quinnro01,Roman Quinn,S,937,13,8.32443970117396,35.738192441445236,34.44222041467519,36,34
barneau01,Austin Barnes,R,1927,32,9.963674104826154,35.736800551772184,36.27330301904344,36,36
valerbr01,Breyvic Valera,S,505,7,8.316831683168317,35.72779138769336,34.429984347348395,36,34
ibanean01,Andy Ibáñez,R,1025,17,9.951219512195122,35.71977366154702,36.256420279011095,36,36
nolaau01,Austin Nola,R,1568,26,9.948979591836736,35.71671142746317,36.25338384526402,36,36
candejo01,John Candelaria,L,636,9,8.49056603773585,35.716230476768814,34.69444364078317,36,35
rayro02,Robbie Ray,L,636,9,8.49056603773585,35.716230476768814,34.69444364078317,36,35
sanguma01,Manny Sanguillen,R,5429,90,9.946583164487015,35.71343522994911,36.25013520872791,36,36
darviyu01,Yu Darvish,R,543,9,9.94475138121547,35.71093096717595,36.247651983711776,36,36
riverbo01,Bombo Rivera,R,905,15,9.94475138121547,35.71093096717595,36.247651983711776,36,36
fryerer01,Eric Fryer,R,785,13,9.936305732484076,35.699384773888866,36.23620245876271,36,36
bradlph01,Phil Bradley,R,4227,70,9.936124911284598,35.699137570081795,36.23595731871664,36,36
mckinza01,Zach McKinstry,L,1274,18,8.47723704866562,35.69800818396209,34.67410812370694,36,35
batteea01,Earl Battey,R,4349,72,9.933318004138883,35.69530019849863,36.23215195136442,36,36
coxte02,Ted Cox,R,846,14,9.929078014184396,35.68950363448007,36.226403618384644,36,36
hinespa01,Paul Hines,R,8161,135,9.925254258056611,35.6842761109661,36.2212194743813,36,36
faheybi01,Bill Fahey,L,1063,15,8.466603951081844,35.68347149129971,34.657884657992625,36,35
beckejo02,Josh Beckett,R,847,14,9.917355371900827,35.67347740630671,36.21051002989101,36,36
banksbr01,Brian Banks,S,725,10,8.275862068965518,35.67178111547777,34.364084885458695,36,34
mccarja02,Jake McCarthy,L,1419,20,8.456659619450317,35.66987642255128,34.64271130318919,36,35
tuckeco01,Cole Tucker,S,653,9,8.269525267993874,35.66311796464504,34.35389103112493,36,34
francju01,Julio Franco,R,10051,166,9.90946174509999,35.662685891802944,36.199807244085775,36,36
gilge01,Geronimo Gil,R,1090,18,9.908256880733946,35.66103870077032,36.198173554879666,36,36
lillyte01,Ted Lilly,L,782,11,8.439897698209718,35.64696090846089,34.61713377381196,36,35
pridecu01,Curtis Pride,L,1209,17,8.436724565756824,35.64262286389003,34.612291554217784,36,35
ceronri01,Rick Cerone,R,4548,75,9.894459102902374,35.64217551869369,36.17946420819722,36,36
mendida01,Danny Mendick,R,728,12,9.89010989010989,35.63622963423345,36.173566515503815,36,36
rickajo01,Joey Rickard,R,1093,18,9.881061299176578,35.623859148174354,36.16129583395692,36,36
infanom01,Omar Infante,R,5893,97,9.87612421517054,35.61710957475244,36.154600454324026,36,36
santira01,Ramon Santiago,S,3133,43,8.234918608362591,35.6158065983035,34.2982147920213,36,34
johnsal01,Alex Johnson,R,5286,87,9.875141884222474,35.61576661302635,36.15326825351053,36,36
farmeky01,Kyle Farmer,R,2309,38,9.874404504114336,35.614758527854285,36.1522682411433,36,36
ardoida01,Danny Ardoin,R,547,9,9.872029250457038,35.611511277263446,36.149046966729074,36,36
danniha01,Harry Danning,R,2799,46,9.860664523043944,35.595974360735205,36.13363374550467,36,36
schumsk01,Skip Schumaker,L,3787,53,8.397148138368102,35.58851724160152,34.55189127672329,36,35
biancje01,Jeff Bianchi,R,548,9,9.854014598540147,35.586883133275094,36.124614443145774,36,36
jeterde01,Derek Jeter,R,12364,203,9.85118084762213,35.58300906310387,36.12077092085656,36,36
maxwebr01,Bruce Maxwell,L,572,8,8.391608391608392,35.58094375744615,34.54343574603358,36,35
harriwi02,Willie Harris,R,2620,43,9.84732824427481,35.5777421020543,36.11554539339284,36,36
hoffmgl01,Glenn Hoffman,R,2072,34,9.845559845559844,35.57532449341097,36.11314676570435,36,36
lackejo01,John Lackey,R,793,13,9.836065573770492,35.56234470930126,36.10026848263661,36,36
hamelco01,Cole Hamels,L,1506,21,8.366533864541832,35.54666393533889,34.50516061452842,36,35
catalfr01,Frank Catalanotto,L,3801,53,8.366219415943172,35.54623404719004,34.50468059273393,36,35
scarsst01,Steve Scarsone,R,611,10,9.819967266775778,35.54033643378955,36.07843075029702,36,36
lemahdj01,DJ LeMahieu,R,7093,116,9.8124911884957,35.53011575713148,36.06828860678283,36,36
careyma01,Max Carey,S,9768,133,8.16953316953317,35.526417027543985,34.19299596657447,36,34
kniznan01,Andrew Knizner,R,979,16,9.805924412665986,35.52113820367003,36.05937968542907,36,36
cruzto03,Tony Cruz,R,979,16,9.805924412665986,35.52113820367003,36.05937968542907,36,36
corcoti01,Tim Corcoran,L,1222,17,8.346972176759412,35.51992081170911,34.475297276553235,36,34
dubonma01,Mauricio Dubón,R,2082,34,9.798270893371757,35.510674944315056,36.04899600407461,36,36
garcigr01,Greg Garcia,L,1511,21,8.338848444738584,35.50881471635658,34.462894542332904,36,34
almoral01,Albert Almora,R,1777,29,9.791783905458638,35.501806470302235,36.040194631628964,36,36
rosajo01,Jorge De La Rosa,R,981,16,9.78593272171254,35.49380721522553,36.03225562797954,35,36
herrejo03,Jonathan Herrera,S,1621,22,8.143121529919803,35.49030921561581,34.15048494227342,35,34
alomaro01,Roberto Alomar,S,10170,138,8.141592920353983,35.488219426889245,34.14802439719701,35,34
barnhtu01,Tucker Barnhart,S,3245,44,8.135593220338983,35.48001713263798,34.13836673568399,35,34
schaflo01,Logan Schafer,L,1010,14,8.316831683168317,35.47871521864708,34.42927840943621,35,34
zitoba01,Barry Zito,L,794,11,8.312342569269521,35.47257807295091,34.42242378784324,35,34
pinknge01,George Pinkney,L,1155,16,8.311688311688311,35.471683626031265,34.421424760987165,35,34
larkige01,Gene Larkin,S,2288,31,8.129370629370628,35.471510120287356,34.12835000068185,35,34
dykstle01,Lenny Dykstra,L,5489,76,8.307524139187466,35.46599071337238,34.41506614934881,35,34
strasst01,Stephen Strasburg,R,1106,18,9.76491862567812,35.46507847901078,36.003741142611915,35,36
harrich02,Chuck Harrison,R,1106,18,9.76491862567812,35.46507847901078,36.003741142611915,35,36
brohaja01,Jack Brohamer,L,2820,39,8.297872340425531,35.452795571398376,34.400327532593856,35,34
lockmwh01,Whitey Lockman,L,5787,80,8.294453084499741,35.44812104714657,34.39510604618006,35,34
tholejo01,Josh Thole,L,1882,26,8.289054197662061,35.44074013504076,34.38686131946652,35,34
crosefr01,Frankie Crosetti,R,6343,103,9.743023805770141,35.43514568986889,35.97402802636166,35,36
blankla01,Larvell Blanks,R,1971,32,9.74124809741248,35.43271808808588,35.97161808127796,35,36
mcmanma01,Marty McManus,R,7395,120,9.73630831643002,35.42596482758058,35.96491381371403,35,36
bohmal01,Alec Bohm,R,2774,45,9.733237202595529,35.421766254437486,35.960745606839026,35,36
cabelen01,Enos Cabell,R,6422,104,9.7165991902834,35.39902013839852,35.938162760856436,35,36
rosengo01,Goody Rosen,L,2325,32,8.258064516129032,35.39837360237225,34.33953220954293,35,34
hernaan01,Anderson Hernandez,S,743,10,8.075370121130552,35.39768508616976,34.04141106950466,35,34
penato01,Tony Peña,R,6855,111,9.715536105032823,35.3975667760608,35.936719759398265,35,36
yvarssa01,Sal Yvars,R,618,10,9.70873786407767,35.38827278260017,35.92749181955031,35,36
lombast02,Steve Lombardozzi,S,967,13,8.066184074457084,35.38512668197734,34.02661965750138,35,34
heganji01,Jim Hegan,R,4698,76,9.706257982120052,35.384882492840035,35.924125537893154,35,36
majesha01,Hank Majeski,R,4205,68,9.702734839476815,35.38006594324976,35.91934301628174,35,36
kotsama01,Mark Kotsay,L,7205,99,8.244274809160306,35.37952145411261,34.31846948850683,35,34
mccoybe01,Benny McCoy,L,1383,19,8.242950108459869,35.37771043274277,34.316446033849914,35,34
leslisa01,Sam Leslie,L,2623,36,8.234845596645062,35.3666306136682,34.3040662596903,35,34
alomasa02,Sandy Alomar,R,5202,84,9.688581314878892,35.36071641358088,35.900129239889594,35,36
bourgja01,Jason Bourgeois,R,1115,18,9.686098654708521,35.35732232567776,35.896758807982835,35,36
menecfr01,Frank Menechino,R,1674,27,9.67741935483871,35.34545670385515,35.884975519922385,35,36
nelsoji02,Jimmy Nelson,R,558,9,9.67741935483871,35.34545670385515,35.884975519922385,35,36
naehrti01,Tim Naehring,R,2296,37,9.668989547038327,35.3339321669804,35.87353040394505,35,36
holtbr01,Brock Holt,L,2926,40,8.202323991797677,35.322169761989855,34.25438397419139,35,34
kendafr01,Fred Kendall,R,2175,35,9.655172413793103,35.315042523781095,35.854769774028505,35,36
andinro01,Robert Andino,R,1745,28,9.62750716332378,35.27722087864602,35.81720209918518,35,36
laboyco01,Coco Laboy,R,1496,24,9.625668449197862,35.274707140581285,35.81470503531445,35,36
barrebi02,Bill Barrett,R,2120,34,9.622641509433961,35.270568958578465,35.8105942470411,35,36
powelja03,Jake Powell,R,1746,28,9.621993127147766,35.26968254387684,35.8097136911595,35,36
lehnepa01,Paul Lehner,L,735,10,8.16326530612245,35.268771953403636,34.194704598643156,35,34
degroja01,Jacob deGrom,L,882,12,8.16326530612245,35.268771953403636,34.194704598643156,35,34
siebeso01,Sonny Siebert,R,874,14,9.610983981693364,35.254631749629425,35.794761890220585,35,36
hellije01,Jeremy Hellickson,R,562,9,9.608540925266905,35.25129180469349,35.79144378859763,35,36
johnsra04,Randy Johnson,R,562,9,9.608540925266905,35.25129180469349,35.79144378859763,35,36
salazje01,Jeff Salazar,L,589,8,8.149405772495756,35.2498243439053,34.173525268855826,35,34
tabatjo01,Jose Tabata,R,1937,31,9.602478058853897,35.243003154560775,35.78320915114233,35,36
bosetri01,Rick Bosetti,R,1625,26,9.6,35.239615357197444,35.7798433500903,35,36
blancgr01,Grégor Blanco,L,3540,48,8.135593220338983,35.230940963591706,34.152416286085334,35,34
clonito01,Tony Cloninger,R,751,12,9.587217043941411,35.22213955561881,35.76248027680954,35,36
lylesjo01,Jordan Lyles,R,751,12,9.587217043941411,35.22213955561881,35.76248027680954,35,36
bosweke01,Ken Boswell,L,3100,42,8.129032258064516,35.22197135794275,34.14238901311536,35,34
roberda10,Daniel Robertson,R,1064,17,9.586466165413533,35.22111301652232,35.76146032096066,35,36
staufti01,Tim Stauffer,R,501,8,9.580838323353293,35.21341909574923,35.753815605761204,35,36
mcguire01,Reese McGuire,L,1182,16,8.121827411167512,35.21212148642638,34.13137730057459,35,34
arroybr01,Bronson Arroyo,R,1190,19,9.579831932773109,35.21204324168157,35.75244852552618,35,36
dyerdu01,Duffy Dyer,R,2255,36,9.57871396895787,35.21051485390353,35.7509298752965,35,36
johnsro07,Rob Johnson,R,1065,17,9.577464788732394,35.20880707788863,35.749232968537775,35,36
stevean01,Andrew Stevenson,L,739,10,8.119079837618404,35.2083652308352,34.1271778725281,35,34
willige03,George Williams,S,605,8,7.933884297520661,35.20425735566175,33.813519106042506,35,34
scottto01,Tony Scott,S,3255,43,7.926267281105991,35.19384400002838,33.80124603695775,35,34
walketo04,Todd Walker,L,4737,64,8.106396453451552,35.19102555572174,34.10779167795633,35,34
coxla01,Larry Cox,R,816,13,9.558823529411764,35.183322288019205,35.72390897433502,35,36
rominan01,Andrew Romine,S,1667,22,7.918416316736653,35.1831108100768,33.78859555474238,35,34
richami01,Mike Richardt,R,503,8,9.542743538767395,35.16133905310865,35.70206232799133,35,36
petityu01,Yusmeiro Petit,R,566,9,9.540636042402825,35.15845785817015,35.699198889658305,35,36
shuckja01,JB Shuck,L,1636,22,8.06845965770171,35.13916150236704,34.049799085174875,35,34
lopesti01,Tim Lopes,R,567,9,9.523809523809524,35.13545403191526,35.676335628010655,35,36
zimmejo02,Jordan Zimmermann,R,756,12,9.523809523809524,35.13545403191526,35.676335628010655,35,36
moutoly01,Lyle Mouton,R,756,12,9.523809523809524,35.13545403191526,35.676335628010655,35,36
davisbo02,Bob Davis,R,694,11,9.510086455331413,35.11669298629527,35.657687634066434,35,36
barfijo02,Josh Barfield,R,1136,18,9.507042253521126,35.11253120504858,35.6535507379053,35,36
jonesly01,Lynn Jones,R,758,12,9.49868073878628,35.10110003281164,35.642187556454545,35,36
costash01,Shane Costa,L,597,8,8.040201005025125,35.10052860675259,34.00659403271142,35,34
gosewtu01,Tuffy Gosewisch,R,759,12,9.486166007905137,35.08399092653868,35.625179223123524,35,36
willidi02,Dick Williams,R,2783,44,9.486166007905137,35.08399092653868,35.625179223123524,35,36
evansph01,Phillip Evans,R,506,8,9.486166007905137,35.08399092653868,35.625179223123524,35,36
rodgebr02,Brendan Rodgers,R,2024,32,9.486166007905137,35.08399092653868,35.625179223123524,35,36
burkech01,Chris Burke,R,1455,23,9.484536082474227,35.08176262713063,35.62296396113983,35,36
crespfe01,Felipe Crespo,S,612,8,7.843137254901961,35.08019549521384,33.667272564693675,35,34
daughja01,Jack Daugherty,S,612,8,7.843137254901961,35.08019549521384,33.667272564693675,35,34
hamnegr01,Granny Hamner,R,6327,100,9.48316737790422,35.07989144730527,35.62110371374803,35,36
chapmbe01,Ben Chapman,R,7277,115,9.481929366497182,35.07819894037634,35.61942108313009,35,36
vogelry01,Ryan Vogelsong,R,824,13,9.466019417475728,35.05644817232623,35.59779620459068,35,36
swishst01,Steve Swisher,R,1458,23,9.465020576131687,35.05508263895061,35.59643851072261,35,36
buforda01,Damon Buford,R,1396,22,9.455587392550143,35.042186369592386,35.58361590603352,35,36
reyesvi01,Victor Reyes,S,1766,23,7.814269535673839,35.04072993412248,33.6207367162257,35,34
hoakdo01,Don Hoak,R,5143,81,9.449737507291465,35.03418888970042,35.575663769939844,35,36
niesejo01,Jon Niese,L,826,11,7.990314769975787,35.032328267079066,33.93030750315671,35,34
phillmi01,Mike Phillips,L,1502,20,7.989347536617843,35.03100594553105,33.92882821398032,35,34
kirkal01,Alejandro Kirk,R,1715,27,9.44606413994169,35.02916696530078,35.57067018618619,35,36
rhymewi01,Will Rhymes,L,601,8,7.9866888519134775,35.027371211425674,33.92476197827652,35,34
belliro01,Ronnie Belliard,R,5529,87,9.441128594682583,35.02241949552656,35.563960634081184,35,36
quintjo01,José Quintana,R,572,9,9.440559440559442,35.02164139502476,35.56318689428197,35,36
stephri01,Riggs Stephenson,R,5277,83,9.437180216031836,35.017021598393725,35.55859293781869,35,36
kozmape01,Pete Kozma,R,1272,20,9.433962264150944,35.01262228040325,35.554218146393225,35,36
simmoan01,Andrelton Simmons,R,5026,79,9.430959013131716,35.00851648369533,35.550135169096514,35,36
clemeer01,Ernie Clement,R,891,14,9.427609427609429,35.00393720706402,35.545581262831426,35,36
slaugdo01,Don Slaught,R,4585,72,9.422028353326064,34.99630722333219,35.5379933624309,35,36
servasc01,Scott Servais,R,2420,38,9.421487603305787,34.99556795457349,35.53725815858909,35,36
foyjo01,Joe Foy,R,3057,48,9.421000981354268,34.994902685239104,35.536596545387916,35,36
scutama01,Marco Scutaro,R,5287,83,9.419330433137887,34.99261884971442,35.53432524753555,35,36
livinmi01,Mickey Livingston,R,1975,31,9.417721518987342,34.99041927519323,35.53213772813584,35,36
greendi01,Dick Green,R,4652,73,9.41530524505589,34.98711594507208,35.52885246561773,35,36
rothrja01,Jack Rothrock,S,2547,33,7.773851590106007,34.98547385769368,33.555570864822805,35,34
washiro01,Ron Washington,R,1339,21,9.410007468259897,34.979873262263006,35.52164924199958,35,36
rodriwa01,Wandy Rodriguez,S,1004,13,7.768924302788845,34.97873767749552,33.54762575371824,35,34
cintral01,Alex Cintron,S,2086,27,7.766059443911793,34.97482107909241,33.54300616547137,35,34
matsuka01,Kazuo Matsui,S,2552,33,7.758620689655173,34.96465142875605,33.5310108754164,35,34
wyrosjo01,Johnny Wyrostek,L,4459,59,7.9389997757344695,34.962174645861886,33.851816436422666,35,34
bryest01,Steve Brye,R,2108,33,9.392789373814042,34.95633410584888,35.49823686234866,35,35
bordepa01,Pat Borders,R,3835,60,9.38722294654498,34.94872414630508,35.49066740813938,35,35
gagnegr01,Greg Gagne,R,6332,99,9.380922299431461,34.94011042204067,35.4820992487971,35,35
plaweke01,Kevin Plawecki,R,1728,27,9.375,34.93201394347349,35.47404532491913,35,35
stoneje01,Jeff Stone,L,910,12,7.912087912087912,34.92538296895688,33.81064426087441,35,34
heredgu01,Guillermo Heredia,R,1665,26,9.36936936936937,34.92431621039732,35.46638780442641,35,35
hoopeha01,Harry Hooper,L,9408,124,7.908163265306123,34.9200175160749,33.804639527010444,35,34
kempto01,Tony Kemp,L,2581,34,7.90391321193336,34.91420719418217,33.79813678749106,35,34
millwke01,Kevin Millwood,R,641,10,9.360374414976599,34.91201905178577,35.45415438742234,35,35
woodsga01,Gary Woods,R,1154,18,9.358752166377817,34.90980124750845,35.45194801378531,35,35
gosseph01,Phil Gosselin,R,1667,26,9.358128374325135,34.90894845054278,35.451099606859565,35,35
borgmgl01,Glenn Borgmann,R,1603,25,9.357454772301933,34.908027557500006,35.45018345109342,35,35
howeldi02,Dixie Howell,R,513,8,9.35672514619883,34.907030072963096,35.449191093959826,35,35
bailepa01,Patrick Bailey,S,856,11,7.710280373831775,34.898564542146545,33.453049964213335,35,33
owingch01,Chris Owings,R,2634,41,9.339407744874716,34.88335515238833,35.42563668695911,35,35
muellhe01,Heinie Mueller,L,1142,15,7.880910683012259,34.88276003678058,33.76293969012655,35,34
charled01,Ed Charles,R,3992,62,9.318637274549099,34.854959481117795,35.39738256393556,35,35
aldremi01,Mike Aldrete,L,2214,29,7.859078590785908,34.85291300374335,33.72952981871207,35,34
renkost01,Steve Renko,R,644,10,9.316770186335404,34.852406952344104,35.394842599097025,35,35
willima10,Mason Williams,R,644,10,9.316770186335404,34.852406952344104,35.394842599097025,35,35
wendljo01,Joey Wendle,L,2827,37,7.852847541563495,34.84439442796647,33.71999371896794,35,34
harenda01,Dan Haren,R,967,15,9.307135470527404,34.83923516477358,35.38173522545193,35,35
bevacku01,Kurt Bevacqua,R,1612,25,9.305210918114144,34.83660407569311,35.37911691893473,35,35
tysonmi01,Mike Tyson,R,2644,41,9.304084720121029,34.835064430827266,35.37758474108247,35,35
tapiara01,Raimel Tapia,L,2601,34,7.843137254901961,34.83111932616757,33.70513235113908,35,34
stottbr01,Bryson Stott,L,1760,23,7.840909090909091,34.8280731644155,33.701722097258866,35,34
ueckebo01,Bob Uecker,R,968,15,9.297520661157025,34.82609059164018,35.368654232331906,35,35
vargail01,Ildemaro Vargas,S,1411,18,7.6541459957476965,34.82182225744798,33.362496961355504,35,33
sanchan01,Aníbal Sánchez,R,1033,16,9.293320425943854,34.82034837701998,35.36293957295573,35,35
engelad01,Adam Engel,R,1679,26,9.291244788564622,34.81751073705451,35.3601155006862,35,35
frandke01,Kevin Frandsen,R,1679,26,9.291244788564622,34.81751073705451,35.3601155006862,35,35
coxbi02,Billy Cox,R,4070,63,9.287469287469287,34.81234918383477,35.354978542911226,35,35
crowetr01,Trevor Crowe,S,1020,13,7.647058823529411,34.812133261031754,33.351062614216616,35,33
kimha01,Ha Seong Kim,R,2068,32,9.284332688588007,34.808061084945145,35.35071079525228,35,35
alleyge01,Gene Alley,R,4524,70,9.283819628647215,34.80735967177576,35.35001270388524,35,35
melvibo01,Bob Melvin,R,1939,30,9.28313563692625,34.806424574796445,35.34908203230432,35,35
landiji01,Jim Landis,R,3878,60,9.28313563692625,34.806424574796445,35.34908203230432,35,35
hootobu01,Burt Hooton,R,711,11,9.282700421940929,34.80582958481974,35.34848985630628,35,35
biittla01,Larry Biittner,L,2531,33,7.822994863690241,34.80358231277866,33.67430261309808,35,34
sharpbi01,Bill Sharp,L,1229,16,7.8112286411716845,34.787496505308,33.65629193156116,35,34
roachme01,Mel Roach,R,583,9,9.262435677530018,34.77812530024396,35.32091500951435,35,35
startjo01,Joe Start,L,5538,72,7.800650054171181,34.773034335012184,33.64009828123848,35,34
molinjo01,José Molina,R,3241,50,9.25640234495526,34.76987702633524,35.31270467174288,35,35
mcraebr01,Brian McRae,S,5909,75,7.615501776950414,34.76899107373997,33.300144287285995,35,33
campato01,Tony Campana,L,693,9,7.792207792207793,34.76149277183456,33.627174299004366,35,34
barneda01,Darwin Barney,R,2919,45,9.249743062692703,34.76077300572035,35.303642203028346,35,35
sanchfr01,Freddy Sanchez,R,3763,58,9.24794047302684,34.758308654033314,35.30118904119573,35,35
chrisjo01,Joe Christopher,R,1103,17,9.247506799637353,34.75771577159909,35.300598847183934,35,35
ewingbu01,Buck Ewing,R,4478,69,9.245198749441714,34.754560396029646,35.2974577556875,35,35
mateojo01,Jorge Mateo,R,1363,21,9.244314013206163,34.75335085773263,35.2962536821544,35,35
gleesji01,Jim Gleeson,S,1263,16,7.600950118764845,34.74909724871815,33.276662170149926,35,33
dauerri01,Rich Dauer,R,4352,67,9.237132352941178,34.74353268506421,35.28647964919937,35,35
knappan01,Andrew Knapp,S,1027,13,7.594936708860759,34.740876211439044,33.266957818376504,35,33
wilkest01,Stevie Wilkerson,S,632,8,7.594936708860759,34.740876211439044,33.266957818376504,35,33
landrti01,Tito Landrum,R,1105,17,9.230769230769232,34.734833550060706,35.27781929667812,35,35
brunter01,Eric Bruntlett,R,1235,19,9.230769230769232,34.734833550060706,35.27781929667812,35,35
correke01,Kevin Correia,R,910,14,9.230769230769232,34.734833550060706,35.27781929667812,35,35
sislege01,George Sisler,L,5714,74,7.770388519425971,34.73166326448293,33.59376938896558,35,34
amezaal01,Alfredo Amezaga,S,1819,23,7.586586036283673,34.72945986170457,33.25348117254248,35,33
kellyki01,King Kelly,R,6898,106,9.220063786604813,34.720197951129514,35.26324825425963,35,35
locasti01,Tim Locastro,R,781,12,9.218950064020486,34.71867536161203,35.261732330924566,35,35
loducpa01,Paul Lo Duca,R,4297,66,9.215731905980917,34.71427576177843,35.25735194057635,35,35
cabreev01,Everth Cabrera,S,2219,28,7.570977917981073,34.70812173168034,33.22829075762114,35,33
johnsre02,Reed Johnson,R,4236,65,9.206798866855525,34.70206324860589,35.24519233852291,35,35
hechaad01,Adeiny Hechavarria,R,3390,52,9.20353982300885,34.69760775307422,35.240755996114984,35,35
langebi01,Bill Lange,R,2610,40,9.195402298850574,34.68648280225067,35.22967851766093,35,35
jimenub01,Ubaldo Jiménez,R,783,12,9.195402298850574,34.68648280225067,35.22967851766093,35,35
katama01,Matt Kata,S,953,12,7.555089192025184,34.68639997805233,33.20264556652529,35,33
richage01,Gene Richards,L,4114,53,7.729703451628585,34.67604200060768,33.53147166037266,35,34
rojasjo01,Josh Rojas,L,2329,30,7.728638900815801,34.67458663467438,33.52984143217733,35,34
boccajo01,John Boccabella,R,1829,28,9.18534718425369,34.6727362801833,35.215989962048205,35,35
faircst01,Stuart Fairchild,R,588,9,9.183673469387754,34.67044811547694,35.213711371761185,35,35
wellski01,Kip Wells,R,784,12,9.183673469387754,34.67044811547694,35.213711371761185,35,35
hubbagl01,Glenn Hubbard,R,5227,80,9.183087813277215,34.669647454821124,35.21291405631739,35,35
anderma02,Marlon Anderson,L,3654,47,7.717569786535304,34.6594538560017,33.51288994110391,35,34
bluevi01,Vida Blue,S,637,8,7.535321821036107,34.659375661333016,33.17073738123314,35,33
lairdge01,Gerald Laird,R,3077,47,9.164770880727982,34.64460605772232,35.18797597273373,35,35
washiu_01,U L Washington,R,3212,49,9.153175591531756,34.628753936169886,35.17218793907363,35,35
gonzaer01,Erik González,R,1443,22,9.147609147609147,34.621143953858734,35.164608361114965,35,35
chatwty01,Tyler Chatwood,R,656,10,9.146341463414634,34.6194108807459,35.162882179387196,35,35
luxga01,Gavin Lux,L,1717,22,7.68782760629004,34.61879280404314,33.467337499741575,35,33
indiajo01,Jonathan India,R,2363,36,9.140922556072788,34.61200259826061,35.15550321796338,35,35
hillri01,Rich Hill,L,781,10,7.682458386683739,34.61145245052539,33.459113412240605,35,33
wyattwh01,Whit Wyatt,R,788,12,9.137055837563452,34.60671634012752,35.15023774622567,35,35
hartsro01,Roy Hartsfield,R,985,15,9.137055837563452,34.60671634012752,35.15023774622567,35,35
cohenan01,Andy Cohen,R,920,14,9.130434782608695,34.59766458073007,35.14122131682283,35,35
judgejo01,Joe Judge,L,8683,111,7.67016008292065,34.59463922553014,33.44027515431389,35,33
malzofr01,Frank Malzone,R,5391,82,9.12632164718976,34.592041441753615,35.13561995838241,35,35
oestero01,Ron Oester,S,4650,58,7.483870967741936,34.5890363048415,33.087672332599986,35,33
vosmijo01,Joe Vosmik,R,5328,81,9.121621621621623,34.585615955045625,35.12921920315677,35,35
darnach01,Chase d Arnaud,R,921,14,9.120521172638437,34.58411151209914,35.12772052659029,35,35
kolbga01,Gary Kolb,L,705,9,7.659574468085106,34.580167447358804,33.424059436500144,35,33
perazjo01,José Peraza,R,2370,36,9.11392405063291,34.57509247185288,35.11873586313686,35,35
linceti01,Tim Lincecum,L,1020,13,7.647058823529411,34.56305709198548,33.404886081646104,35,33
youngch03,Chris Young,R,659,10,9.104704097116844,34.56248771302616,35.106178596146215,35,35
wathajo01,John Wathan,R,2834,43,9.103740296400847,34.56117008430265,35.10486589477922,35,35
larkiba01,Barry Larkin,R,9234,140,9.096816114359974,34.55170391459308,35.09543491759829,35,35
morriha02,Hal Morris,L,4637,59,7.634246279922364,34.54554084075469,33.38525666315669,35,33
colonba01,Bartolo Colon,R,858,13,9.090909090909092,34.543628320084665,35.08738905885288,35,35
perezed02,Eddie Pérez,R,1915,29,9.086161879895561,34.53713832533352,35.080922769888666,35,35
landrho01,Hobie Landrith,L,2597,33,7.624181748170966,34.53178144433158,33.36983645602518,35,33
coopesc01,Scott Cooper,L,2048,26,7.6171875,34.5222194859968,33.35911988169657,35,33
orsuljo01,Joe Orsulak,L,3703,47,7.615446934917634,34.519839929196735,33.35645293347298,35,33
treadje01,Jeff Treadway,L,1970,25,7.614213197969543,34.51815326595498,33.35456254926358,35,33
giavojo01,Johnny Giavotella,R,1588,24,9.06801007556675,34.51232267789715,35.05619619180705,35,35
virdobi01,Bill Virdon,L,6623,84,7.609844481352861,34.51218071747742,33.347868523230076,35,33
boylebu01,Buzz Boyle,L,1026,13,7.602339181286549,34.501920091207104,33.33636808667549,35,33
nievewi01,Wil Nieves,R,1656,25,9.057971014492754,34.498598102880166,35.04251980596168,34,35
burriem01,Emmanuel Burriss,S,1133,14,7.413945278022949,34.493439678116246,32.974748367694474,34,33
allengr01,Greg Allen,S,972,12,7.4074074074074066,34.484501641475866,32.96418837692413,34,33
wrighta01,Taffy Wright,L,3957,50,7.581501137225171,34.47343203870701,33.30443553412148,34,33
bettich01,Chad Bettis,R,531,8,9.03954802259887,34.47341171020646,35.01741986120341,34,35
allenbe01,Bernie Allen,L,4116,52,7.580174927113703,34.47161895379509,33.30240311719523,34,33
sosaed01,Edmundo Sosa,R,1195,18,9.03765690376569,34.47082632875488,35.014843208156876,34,35
wolfra02,Randy Wolf,L,1425,18,7.578947368421052,34.4699407369538,33.30052187169254,34,33
shinjts01,Tsuyoshi Shinjo,R,996,15,9.036144578313253,34.46875880232297,35.01278264232991,34,35
weeksje01,Jemile Weeks,S,1299,16,7.390300230946882,34.46111412296883,32.936555275862474,34,33
duncama01,Mariano Duncan,R,5116,77,9.030492572322126,34.46103184661965,35.00508154712888,34,35
hamilbi02,Billy Hamilton,S,3412,42,7.38569753810082,34.45482170151823,32.92912020031206,34,33
robinsh01,Shane Robinson,R,1330,20,9.022556390977442,34.45018215505878,34.99426775887282,34,35
surhob.01,B J  Surhoff,R,9112,137,9.02107111501317,34.44815160845265,34.992243878671346,34,35
hallto02,Toby Hall,R,2662,40,9.015777610818933,34.44091476679176,34.98503066011348,34,35
moseswa01,Wally Moses,L,8258,104,7.556309033664325,34.438991475729246,33.26582636011214,34,33
kenneia01,Ian Kennedy,R,799,12,9.011264080100124,34.43474424043623,34.97888010849419,34,35
moorejo02,Jo Jo Moore,L,4767,60,7.551919446192574,34.43299039434269,33.259098429157504,34,33
sweetri01,Rick Sweet,S,815,10,7.361963190184049,34.422374061638166,32.890777778263285,34,33
bournmi01,Michael Bourn,L,5409,68,7.5429839156960625,34.42077447517335,33.245402469868665,34,33
harvema01,Matt Harvey,R,667,10,8.995502248875562,34.41319596680266,34.957400379106105,34,35
smithke04,Kevan Smith,R,1068,16,8.98876404494382,34.403984051001046,34.94821719197571,34,35
teherju01,Julio Teheran,R,935,14,8.983957219251337,34.39741255598535,34.94166598096597,34,35
anderjo03,Josh Anderson,L,638,8,7.523510971786833,34.39415267483626,33.21555316605062,34,33
manrifr01,Fred Manrique,R,1403,21,8.980755523877406,34.3930354625483,34.937302301060015,34,35
reynor.01,R J  Reynolds,R,2540,38,8.976377952755906,34.38705080892319,34.93133586167315,34,35
ciriape01,Pedro Ciriaco,R,936,14,8.974358974358974,34.38429062843797,34.928584032869836,34,35
robinfl01,Floyd Robinson,L,3436,43,7.508731082654249,34.37394683131686,33.19289574289198,34,33
ontivst01,Steve Ontiveros,S,2540,31,7.322834645669292,34.36888074781727,32.827556988064245,34,33
schanno01,Nolan Schanuel,L,720,9,7.5,34.36201041634891,33.17951030265344,34,33
wynnsau01,Austin Wynns,R,871,13,8.955223880597014,34.35813070891388,34.902501734587446,34,35
dysonja01,Jarrod Dyson,L,3122,39,7.495195387572069,34.35544194712568,33.172144205554375,34,33
gracema01,Mark Grace,L,9219,115,7.484542792059877,34.34087859850621,33.15581176464531,34,33
inglejo01,Joe Inglett,L,1123,14,7.479964381121995,34.33461937327465,33.148791931884936,34,33
suzukic01,Ichiro Suzuki,L,10692,133,7.463524130190797,34.312143620259484,33.123583665449345,34,33
boonebo01,Bob Boone,R,8071,120,8.920827654565729,34.31110703000725,34.855610611324195,34,35
morgany01,Nyjer Morgan,L,2336,29,7.448630136986301,34.291781783078605,33.10074454922422,34,33
geedi01,Dillon Gee,R,539,8,8.905380333951763,34.28998872930013,34.83454892577408,34,35
wilsoto02,Tom Wilson,R,674,10,8.902077151335313,34.285472890888535,34.830044959154236,34,35
conceda01,Dave Concepcion,R,9983,148,8.895121706901733,34.2759639818181,34.82056077808789,34,35
readyra01,Randy Ready,R,2497,37,8.890668802563075,34.26987633884144,34.81448877372163,34,35
garcile02,Leury Garcia,S,2733,33,7.244785949506038,34.262179017687814,32.701417481839286,34,33
almonbi01,Bill Almon,R,3715,55,8.882907133243608,34.25926522570577,34.80390456059646,34,35
hudsoti01,Tim Hudson,R,1352,20,8.875739644970414,34.24946642781384,34.79413019824845,34,35
kennead01,Adam Kennedy,L,5258,65,7.417268923545074,34.24890732267585,33.05264836707176,34,33
kendrky01,Kyle Kendrick,R,879,13,8.873720136518772,34.24670552268161,34.791376107811125,34,35
valenfe01,Fernando Valenzuela,L,971,12,7.415036045314109,34.245854716006875,33.04922369646353,34,33
hemonsc01,Scott Hemond,R,541,8,8.872458410351202,34.24498059489104,34.789655421953725,34,35
tagucso01,So Taguchi,R,1692,25,8.865248226950355,34.235123427747446,34.779822264202075,34,35
alberha01,Hanser Alberto,R,2100,31,8.857142857142858,34.22404243569615,34.768767792387536,34,35
carltst01,Steve Carlton,L,2030,25,7.389162561576355,34.21048262633711,33.00953756104195,34,33
wolteto01,Tony Wolters,L,1462,18,7.387140902872777,34.20771878155806,33.0064364190773,34,33
andremi01,Mike Andrews,R,3529,52,8.841031453669595,34.2020162557608,34.74679285050194,34,35
kuntzru01,Rusty Kuntz,R,543,8,8.839779005524862,34.200304012116646,34.745084507588885,34,35
flagsir01,Ira Flagstead,R,4755,70,8.832807570977918,34.190773242684095,34.73557523349123,34,35
bonifem01,Emilio Bonifácio,S,3254,39,7.191149354640443,34.1888514958745,32.614705193727104,34,33
meyerdu01,Dutch Meyer,R,1155,17,8.831168831168831,34.188532892986316,34.73333988316469,34,35
ariasjo01,Joaquin Arias,R,1495,22,8.82943143812709,34.18615767273816,34.73096994104233,34,35
ruschgl01,Glendon Rusch,L,733,9,7.3669849931787175,34.18016328681679,32.97551638335376,34,33
cunnijo01,Joe Cunningham,L,3991,49,7.36657479328489,34.17960249540678,32.97488708706125,34,33
hammeja01,Jason Hammel,R,816,12,8.823529411764707,34.17808890983636,34.722918937514,34,35
greingr01,Grayson Greiner,R,680,10,8.823529411764707,34.17808890983636,34.722918937514,34,35
deandi01,Dizzy Dean,R,544,8,8.823529411764707,34.17808890983636,34.722918937514,34,35
rosepe01,Pete Rose,S,15966,191,7.177752724539647,34.17053672983832,32.59304395964144,34,33
francte01,Terry Francona,L,1060,13,7.358490566037736,34.1685504077175,32.962484643826095,34,33
dela_mi01,Miguel de la Hoz,R,681,10,8.810572687224669,34.16037554634415,34.70524363594643,34,35
peterbr01,Bryan Petersen,L,653,8,7.3506891271056665,34.15788492485267,32.95051557191711,34,33
pignajo01,Joe Pignatano,R,954,14,8.80503144654088,34.15280001981918,34.69768399934466,34,35
quintom01,Omar Quintanilla,L,1553,19,7.340631036703155,34.144134334509666,32.935083634955426,34,33
burnsge02,George Burns,R,5459,80,8.792819197655248,34.136104441943765,34.681022620036366,34,35
comorad01,Adam Comorosky,R,2184,32,8.791208791208792,34.133902827278874,34.67882543078262,34,35
petrage01,Geno Petralli,L,1964,24,7.3319755600814664,34.13230128186395,32.92180308832897,34,33
gosgeji01,Jim Gosger,L,2128,26,7.330827067669173,34.13073115790985,32.92004085422732,34,33
dimagdo01,Dom DiMaggio,R,6490,95,8.782742681047765,34.12232866081543,34.667274206234204,34,35
corbipa01,Patrick Corbin,L,983,12,7.3245167853509665,34.122104261189506,32.91035824835046,34,33
greenni01,Nick Green,R,1435,21,8.78048780487805,34.119245980381756,34.66419754464465,34,35
kershcl01,Clayton Kershaw,L,1557,19,7.321772639691715,34.11835269192617,32.90614748990162,34,33
duranez01,Ezequiel Duran,R,957,14,8.77742946708464,34.115064873586654,34.66002453980858,34,35
shepaja01,Jack Shepard,R,957,14,8.77742946708464,34.115064873586654,34.66002453980858,34,35
sarnibi01,Bill Sarni,R,1299,19,8.775981524249422,34.113085365750635,34.6580488430661,34,35
hamptmi01,Mike Hampton,R,1231,18,8.773354995938261,34.109494593209746,34.65446494322053,34,35
treanma01,Matt Treanor,R,1848,27,8.766233766233766,34.09975903621172,34.644747757110586,34,35
templga01,Garry Templeton,S,8002,95,7.1232191952012,34.09598299330559,32.504853761453646,34,33
pachejo01,Jordan Pacheco,R,1439,21,8.75608061153579,34.085878481816806,34.63089273103841,34,35
blackti01,Tim Blackwell,S,1266,15,7.109004739336492,34.076550163442036,32.48186281466175,34,32
cahiltr01,Trevor Cahill,R,686,10,8.746355685131196,34.07258336577053,34.617621334612,34,35
cruzlu01,Luis Cruz,R,892,13,8.74439461883408,34.069902357924306,34.61494502313474,34,35
kneppbo01,Bob Knepper,L,906,11,7.28476821192053,34.067763295053005,32.84936042024866,34,33
webstle01,Lenny Webster,R,1648,24,8.737864077669903,34.06097434150438,34.60603243609441,34,35
lucased01,Ed Lucas,R,618,9,8.737864077669903,34.06097434150438,34.60603243609441,34,35
dempsry01,Ryan Dempster,R,688,10,8.720930232558139,34.03782378729922,34.582920386054,34,35
asuajca01,Carlos Asuaje,L,661,8,7.2617246596066565,34.03626005385759,32.81399249870466,34,33
gwynnto02,Tony Gwynn,L,2066,25,7.260406582768635,34.034458088085266,32.81196935403425,34,33
gladdda01,Dan Gladden,R,5026,73,8.714683645045762,34.02928396885585,34.574394222802745,34,35
sullico01,Cory Sullivan,L,1406,17,7.2546230440967285,34.02655131176613,32.80309191980855,34,33
marsolo01,Lou Marson,R,1102,16,8.711433756805807,34.02484099011338,34.56995823153114,34,35
reedje03,Jeremy Reed,L,1572,19,7.251908396946565,34.02284007042768,32.79892498878052,34,33
koneted01,Ed Konetchy,R,7096,103,8.70913190529876,34.02169408887894,34.566816231036995,34,35
gordode01,Dee Strange Gordon,L,4306,52,7.245703669298653,34.01435747933314,32.78940064192989,34,33
berroan01,Angel Berroa,R,2897,42,8.698653779772178,34.00736926121159,34.552513204682924,34,35
cedenan01,Andujar Cedeno,R,1518,22,8.695652173913043,34.00326571363065,34.548415749184684,34,35
maholpa01,Paul Maholm,L,995,12,7.236180904522612,34.00133874196572,32.77478249289101,34,33
newcodo01,Don Newcombe,L,1412,17,7.223796033994334,33.98440717004,32.75576977220758,34,33
gonzajo02,Jose Gonzalez,R,553,8,8.679927667269439,33.98176846708094,34.52694930221922,34,35
perkibl01,Blake Perkins,S,597,7,7.035175879396984,33.97561744481528,32.362424879582896,34,32
muellbi02,Bill Mueller,S,4866,57,7.028360049321825,33.96629940496274,32.351396369405606,34,32
smithha08,Hal Smith,R,2215,32,8.668171557562076,33.96569648501037,34.51089912351784,34,35
ortizjo06,Joey Ortiz,R,554,8,8.664259927797834,33.9603488279195,34.505558489031024,34,35
mccarbr01,Brandon McCarthy,R,554,8,8.664259927797834,33.9603488279195,34.505558489031024,34,35
delgrbo01,Bobby Del Greco,R,2079,30,8.658008658008658,33.95180260825408,34.49702325179193,34,34
sandede02,Deion Sanders,L,2418,29,7.196029776674938,33.94644743668325,32.71313998644935,34,33
mateoru01,Ruben Mateo,R,555,8,8.64864864864865,33.93900637664693,34.48424291083787,34,34
mccoymi01,Mike McCoy,R,555,8,8.64864864864865,33.93900637664693,34.48424291083787,34,34
joeco01,Connor Joe,R,1804,26,8.647450110864744,33.93736783479479,34.48260635584578,34,34
rocchbr01,Brayan Rocchio,S,514,6,7.003891050583658,33.93284741116598,32.31180084611717,34,32
milleri01,Rick Miller,L,4593,55,7.184846505551927,33.931158592205485,32.69596855986411,34,33
mortoch02,Charlie Morton,R,972,14,8.641975308641976,33.929883137445536,34.47513059593282,34,34
woodwch01,Chris Woodward,R,2016,29,8.63095238095238,33.91481350126466,34.460078265717115,34,34
orengjo01,Joe Orengo,R,765,11,8.627450980392156,33.910026675654265,34.45529674472637,34,34
asprobo01,Bob Aspromonte,R,3965,57,8.62547288776797,33.90732239082015,34.45259541565861,34,34
freemmi01,Mike Freeman,L,670,8,7.164179104477612,33.90290382870123,32.664232171481856,34,33
margoma01,Manuel Margot,R,3551,51,8.617290903970712,33.8961366584508,34.4414215944463,34,34
iwamuak01,Akinori Iwamura,L,1762,21,7.150964812712826,33.884838340575854,32.643938911941575,34,33
cummimi01,Midre Cummings,L,504,6,7.142857142857142,33.87375420408867,32.63148726477195,34,33
isbelky01,Kyle Isbel,L,1261,15,7.137192704203013,33.8660102514755,32.62278760287473,34,33
roselda01,Dave Rosello,R,979,14,8.580183861082737,33.84540697466655,34.39073956676561,34,34
senzeni01,Nick Senzel,R,1749,25,8.576329331046312,33.840137379606794,34.38547432417292,34,34
furcara02,Rafael Furcal,R,7212,103,8.569051580698835,33.83018784051518,34.37553269620572,34,34
byrnemi01,Milt Byrnes,L,1521,18,7.100591715976331,33.81597240382119,32.566568545221955,34,33
kreutch01,Chad Kreuter,S,2864,33,6.91340782122905,33.80914621442027,32.16534227732076,34,32
randlle01,Lenny Randle,S,3906,45,6.912442396313364,33.80782636522512,32.16377928049158,34,32
petitgr01,Gregorio Petit,R,842,12,8.551068883610451,33.8056033825287,34.35096606586365,34,34
baileho02,Homer Bailey,R,1053,15,8.547008547008547,33.80005242573341,34.345418795486836,34,34
garzama01,Matt Garza,R,773,11,8.538163001293661,33.78795952632426,34.33333349475695,34,34
hatchmi01,Mickey Hatcher,R,3587,51,8.530805687203792,33.77790121425646,34.32328105151912,34,34
marcujo01,Johnny Marcum,L,594,7,7.070707070707071,33.77511658545024,32.52065825570402,34,33
dejesiv02,Iván De Jesús,R,704,10,8.522727272727272,33.766857073307015,34.31224288243727,34,34
relafde01,Desi Relaford,S,2008,23,6.872509960159363,33.753234037161064,32.09912356221953,34,32
sadekmi01,Mike Sadek,R,846,12,8.51063829787234,33.75033002550323,34.29572384807394,34,34
ramirha02,Harold Ramírez,R,2046,29,8.504398826979472,33.74179993631419,34.28719746181959,34,34
burleri01,Rick Burleson,R,5856,83,8.504098360655737,33.7413891635766,34.286786859958774,34,34
garciki01,Kiko Garcia,R,1623,23,8.502772643253234,33.73957675225567,34.284975194416894,34,34
mailelu01,Luke Maile,R,1553,22,8.49967804249839,33.73534606973522,34.28074620095913,34,34
jeffest01,Stan Jefferson,S,613,7,6.851549755301795,33.72457897651159,32.0651814785162,34,32
hayeske01,Ke Bryan Hayes,R,2121,30,8.486562942008486,33.71741618772711,34.26282267229843,34,34
stewach01,Chris Stewart,R,1839,26,8.482871125611746,33.71236904131446,34.25777707936118,34,34
collida02,Dave Collins,S,5438,62,6.8407502758367045,33.70981482028517,32.04769195202174,34,32
castrha01,Harold Castro,L,1368,16,7.017543859649122,33.702436234874554,32.43896954881035,34,32
dentbu01,Bucky Dent,R,4957,70,8.472866653217672,33.69869175308344,34.24410348204592,34,34
simpsjo01,Joe Simpson,L,1626,19,7.011070110701107,33.6935858600812,32.429020753588986,34,32
chaneda01,Darrel Chaney,S,2109,24,6.827880512091038,33.692220342407566,32.026848490857915,34,32
engligi01,Gil English,R,710,10,8.450704225352112,33.66839311244787,34.21381031826638,34,34
olsensc01,Scott Olsen,L,515,6,6.990291262135923,33.66517873477362,32.397085874370305,34,32
smithjo11,Josh Smith,L,1117,13,6.982990152193375,33.65519726037326,32.385864068972886,34,32
gilesbr01,Brian Giles,R,783,11,8.42911877394636,33.63888326636663,34.18430223070543,34,34
normafr01,Fred Norman,S,619,7,6.78513731825525,33.633785378625504,31.95761396880684,34,32
jonestr01,Tracy Jones,R,997,14,8.425275827482448,33.63362950741035,34.1790484147995,34,34
stubbga01,Garrett Stubbs,L,517,6,6.963249516441006,33.628209493861085,32.35552069203495,34,32
rayjo01,Johnny Ray,S,5670,64,6.772486772486773,33.61649059745766,31.93712022862445,34,32
lawve01,Vern Law,R,1284,18,8.411214953271028,33.61440664169645,34.15982438746293,34,34
chavera01,Raul Chavez,R,999,14,8.408408408408409,33.6105697653968,34.15598710004948,34,34
bolinbo01,Bobby Bolin,R,571,8,8.40630472854641,33.60769378806536,34.153110775448866,34,34
oatesjo01,Johnny Oates,L,1901,22,6.943713834823777,33.60150192371211,32.32548944515571,34,32
bartlja01,Jason Bartlett,R,3572,50,8.3986562150056,33.59723737216296,34.14265281451125,34,34
smithma05,Mallex Smith,L,1729,20,6.940427993059572,33.59700979228125,32.32043799753801,34,32
hubbatr01,Trent Hubbard,R,643,9,8.398133748055987,33.596523098508186,34.14193841915049,34,34
wilsojo03,Josh Wilson,R,1502,21,8.388814913448735,33.58378315762174,34.12919596022264,34,34
jenkife01,Fergie Jenkins,R,1360,19,8.382352941176471,33.574948882926655,34.120359553299835,34,34
andruel01,Elvis Andrus,R,8674,121,8.369840903850589,33.55784345905995,34.10324910194124,34,34
bakerge02,Gene Baker,R,2510,35,8.366533864541832,33.553322348097225,34.09872646407583,34,34
reverbe01,Ben Revere,L,3389,39,6.904691649454116,33.54815401532852,32.26549389753348,34,32
lowede01,Derek Lowe,R,1005,14,8.358208955223882,33.54194121976244,34.08734112534823,34,34
getzch01,Chris Getz,L,1740,20,6.896551724137931,33.53702578184023,32.252977530310346,34,32
staigro01,Roy Staiger,R,503,7,8.349900596421472,33.53058271792534,34.0759778981994,34,34
nevinty01,Tyler Nevin,R,575,8,8.347826086956522,33.52774661995111,34.07314053880384,34,34
lagarju01,Juan Lagares,R,2732,38,8.345534407027818,33.52461362445835,34.07000611194923,34,34
masiph01,Phil Masi,R,3596,50,8.342602892102335,33.52060589941198,34.06599649792618,34,34
azcuejo01,Joe Azcue,R,2591,36,8.336549594751062,33.51233033131002,34.05771682332389,34,34
brownro02,Roosevelt Brown,R,504,7,8.333333333333332,33.50793332438113,34.05331752162226,34,34
volqued01,Edinson Volquez,R,793,11,8.32282471626734,33.49356681119987,34.038942964500976,33,34
campbgi01,Gilly Campbell,L,612,7,6.862745098039215,33.49080815525711,32.20098935608671,33,32
strando01,Doug Strange,S,1888,21,6.673728813559322,33.48147687397955,31.77709179707017,33,32
roblevi01,Victor Robles,R,2456,34,8.306188925081432,33.4708237317012,34.01618544103839,33,34
everead01,Adam Everett,R,3034,42,8.305866842452208,33.47038340693638,34.01574481594474,33,34
curtich01,Chad Curtis,R,4702,65,8.29434283283709,33.454628732939135,33.99997887935639,33,34
morenom01,Omar Moreno,L,5624,64,6.827880512091038,33.44314417336129,32.14736517457512,33,32
erstada01,Darin Erstad,L,6592,75,6.826456310679612,33.4411971228387,32.14517445709053,33,32
stennre01,Rennie Stennett,R,4932,68,8.27250608272506,33.424775332025376,33.97010137855154,33,34
vierlma01,Matt Vierling,R,1742,24,8.266360505166475,33.41637360604683,33.961692218901376,33,34
mcdonjo03,John McDonald,R,3194,44,8.265497808390732,33.415194198278684,33.960511744724045,33,34
gallaca01,Cam Gallagher,R,726,10,8.264462809917356,33.41377923386263,33.95909549347344,33,34
hilldo01,Donnie Hill,S,2537,28,6.6219944816712655,33.410749968971416,31.693231462538776,33,32
o'rouji01,Jim O Rourke,R,9659,133,8.261724816233563,33.41003607507196,33.95534889136264,33,34
leachri01,Rick Leach,L,1943,22,6.793618116314978,33.39630345612447,32.09465823544628,33,32
faedole01,Lenny Faedo,R,509,7,8.25147347740668,33.396021291446566,33.941320711365435,33,34
graffto01,Tony Graffanino,R,3273,45,8.249312557286892,33.393067059963045,33.93836355444416,33,34
elmorja01,Jake Elmore,R,873,12,8.24742268041237,33.39048337641475,33.93577728340612,33,34
bixlebr01,Brian Bixler,R,582,8,8.24742268041237,33.39048337641475,33.93577728340612,33,34
mcnalda01,Dave McNally,R,728,10,8.241758241758241,33.38273942380158,33.92802541340008,33,34
thompmi02,Milt Thompson,L,3716,42,6.7814854682454255,33.37971670190932,32.075992063464625,33,32
howarwi01,Wilbur Howard,S,1001,11,6.593406593406594,33.37166696965766,31.646882362952635,33,32
haneyla01,Larry Haney,R,1094,15,8.226691042047532,33.362140792993245,33.907404539805256,33,34
portebo01,Bob Porterfield,R,511,7,8.21917808219178,33.351869694891555,33.89712170840694,33,34
ortizru01,Russ Ortiz,R,1022,14,8.21917808219178,33.351869694891555,33.89712170840694,33,34
stallja01,Jacob Stallings,R,2191,30,8.215426745778183,33.34674117762855,33.89198717252137,33,34
figgich01,Chone Figgins,S,5388,59,6.570155902004454,33.339880545011624,31.609181813890263,33,32
freylo01,Lonny Frey,L,6415,72,6.734216679657053,33.31509471882131,32.00325803804168,33,32
scheiri01,Richie Scheinblum,S,1557,17,6.551059730250481,33.31377383644168,31.578214676476186,33,32
littogr01,Greg Litton,R,879,12,8.19112627986348,33.31351958798627,33.858724014134204,33,34
richaha01,Hardy Richardson,R,6668,91,8.188362327534493,33.309740940680214,33.85494035551392,33,34
scheica01,Carl Scheib,R,513,7,8.187134502923977,33.308062360297995,33.85325953040744,33,34
foleyto02,Tom Foley,L,3032,34,6.728232189973615,33.3069132188789,31.994048301975027,33,32
messean01,Andy Messersmith,R,660,9,8.181818181818182,33.300794325240425,33.84598164424672,33,34
ryuhy01,Hyun Jin Ryu,R,587,8,8.17717206132879,33.29444253310323,33.83962106761397,33,34
ryanbr01,Brendan Ryan,R,3156,43,8.17490494296578,33.29134311615416,33.836517304839504,33,34
pilaral01,Al Pilarcik,L,983,11,6.714140386571719,33.28764806933071,31.972360871983664,33,32
triolja01,Jared Triolo,R,662,9,8.157099697885196,33.26700125589421,33.81213996050875,33,34
muserto01,Tony Muser,L,1254,14,6.698564593301436,33.266354131420435,31.94838781658888,33,32
kirbywa01,Wayne Kirby,L,717,8,6.694560669456067,33.26088029748586,31.942224990067228,33,32
duffych01,Chris Duffy,L,897,10,6.688963210702341,33.25322791425961,31.93360919630846,33,32
grayjo02,Jon Gray,R,516,7,8.13953488372093,33.24298809292209,33.788089440126654,33,34
hartsto01,Topsy Hartsel,L,5029,56,6.681248757208192,33.24268135070002,31.921734465323027,33,32
robleos01,Oscar Robles,L,539,6,6.679035250463822,33.23965522712732,31.918327167698518,33,32
winnihe01,Herm Winningham,L,1618,18,6.6749072929542645,33.234011824612956,31.911972816503823,33,32
puntoni01,Nick Punto,S,3976,43,6.4889336016096575,33.228840125334514,31.47744928416555,33,31
colemch01,Choo Choo Coleman,L,540,6,6.666666666666667,33.222745921075024,31.899287262799987,33,32
chandsp01,Spud Chandler,R,665,9,8.120300751879698,33.216692776717125,33.76175053601549,33,34
trillma01,Manny Trillo,R,6579,89,8.116735066119471,33.21181806569161,33.756867436683535,33,34
minnepa01,Paul Minner,L,631,7,6.6561014263074485,33.20830199720467,31.883022464572708,33,32
brownbo03,Bobby Brown,L,2075,23,6.650602409638554,33.20078419586492,31.874556596538532,33,32
pecotbi01,Bill Pecota,R,1555,21,8.10289389067524,33.192895553983846,33.73791145118107,33,34
jorgesp01,Spider Jorgensen,L,903,10,6.64451827242525,33.19246646605113,31.86518965453962,33,32
josepdu01,Duane Josephson,R,1482,20,8.097165991902834,33.18506484393914,33.73006646422496,33,34
st.cleb01,Ebba St  Claire,R,667,9,8.095952023988007,33.183405207286626,33.72840376982077,33,34
koehlto01,Tom Koehler,R,519,7,8.092485549132947,33.178666129215266,33.72365589892985,33,34
capuach01,Chris Capuano,L,814,9,6.6339066339066335,33.177959110450004,31.848851646257433,33,32
stephge01,Gene Stephens,L,2262,25,6.631299734748011,33.17439517326499,31.844837852853402,33,32
norribu01,Bud Norris,R,594,8,8.080808080808081,33.16270165914662,33.7076611389724,33,34
perezol01,Oliver Pérez,L,816,9,6.61764705882353,33.155730362529496,31.823816244984748,33,32
jankotr01,Travis Jankowski,L,1904,21,6.61764705882353,33.155730362529496,31.823816244984748,33,32
scherma01,Max Scherzer,R,1189,16,8.074011774600505,33.153410310713056,33.69835168635228,33,34
davenji01,Jim Davenport,R,5203,70,8.072266000384394,33.151023632415644,33.69596030114591,33,34
matoslu01,Luis Matos,R,1860,25,8.064516129032258,33.14042864848633,33.6853441435684,33,34
matlajo01,Jon Matlack,L,545,6,6.605504587155964,33.13913017830262,31.805118777045493,33,32
carewro01,Rod Carew,L,10825,119,6.595842956120093,33.1259215944559,31.790240609939936,33,32
pryorgr01,Greg Pryor,R,1937,26,8.053691275167784,33.12562980247714,33.67051496129592,33,34
chaveen01,Endy Chavez,L,3549,39,6.593406593406594,33.122590800611384,31.786488687538366,33,32
duffyma01,Matt Duffy,R,2761,37,8.040565012676566,33.10768466070287,33.65253184318024,33,34
pennybr01,Brad Penny,R,972,13,8.024691358024691,33.085983511316726,33.63078302571295,33,34
reedje02,Jeff Reed,L,3293,36,6.5593683571211665,33.076056535713306,31.73406616674638,33,32
ryanco01,Connie Ryan,R,4197,56,8.005718370264475,33.06004520972735,33.60478524535364,33,34
jurrjja01,Jair Jurrjens,R,525,7,8.0,33.05222752627158,33.596949100627135,33,34
hampsga01,Garrett Hampson,R,2028,27,7.988165680473373,33.03604862219668,33.58073120389315,33,34
cravebi01,Bill Craver,R,1127,15,7.985803016858918,33.03281858367241,33.57749325366383,33,34
wallsta01,Taylor Walls,S,1324,14,6.3444108761329305,33.03126059345949,31.24292775195752,33,31
lawru01,Rudy Law,L,2667,29,6.524184476940382,33.02795604111818,31.679870009677245,33,32
flahejo01,John Flaherty,R,3086,41,7.97148412184057,33.01324297322526,33.55786878994898,33,34
fordcu01,Curt Ford,L,645,7,6.511627906976744,33.010789735907785,31.66052598910913,33,32
cardele01,Leo Cardenas,R,7303,97,7.969327673558812,33.0102948552693,33.55491318008238,33,34
eisenji01,Jim Eisenreich,L,4336,47,6.50369003690037,32.99993773565245,31.648296689430353,33,32
comerwa01,Wayne Comer,R,829,11,7.961399276236429,32.99945580538072,33.544046282672944,33,34
delsiji01,Jim Delsing,L,2768,30,6.502890173410404,32.99884422836223,31.647064371403147,33,32
chileri01,Rich Chiles,L,554,6,6.498194945848375,32.992425301091856,31.639830522398565,33,32
princto01,Tom Prince,R,1584,21,7.954545454545455,32.990085826529366,33.53465184697754,33,34
lohseky01,Kyle Lohse,R,1207,16,7.953603976801988,32.988798715929896,33.53336134906445,33,34
podsesc01,Scott Podsednik,L,4434,48,6.495263870094723,32.98841817644494,31.635314584340136,33,32
nolasri01,Ricky Nolasco,R,830,11,7.951807228915662,32.98634235064128,33.530898500682554,33,34
owensje01,Jerry Owens,L,555,6,6.486486486486487,32.976418462637426,31.621790791493552,33,32
larkeno01,Norm Larker,L,2406,26,6.4837905236907725,32.97273276500494,31.61763685769526,33,32
bradlsc01,Scott Bradley,L,1018,11,6.4833005893909625,32.97206296730159,31.616881962047422,33,32
guzmacr01,Cristian Guzman,S,4573,48,6.297835119177782,32.967586065972085,31.167314116294524,33,31
metkoca01,George Metkovich,L,2134,23,6.4667291471415185,32.94940786035326,31.591347448222802,33,32
moorech02,Charlie Moore,R,4467,59,7.924781732706514,32.94939532468339,33.49385101079803,33,33
smithbo04,Bobby Smith,R,530,7,7.9245283018867925,32.949048855001486,33.49350357284057,33,33
gonzaal03,Alberto Gonzalez,R,1289,17,7.9131109387121805,32.93343997920811,33.47785057050541,33,33
freemty01,Tyler Freeman,R,607,8,7.907742998352553,32.92610137457074,33.470490878333294,33,33
dicker.01,R A  Dickey,R,683,9,7.906295754026354,32.92412282167855,33.468506602706604,33,33
cruzju01,Julio Cruz,S,4315,45,6.257242178447277,32.91209075061246,31.10139991365577,33,31
kawasmu01,Munenori Kawasaki,L,932,10,6.437768240343348,32.90981490091396,31.546717330405386,33,32
kellejo01,Joe Kelley,R,4867,64,7.889870556811177,32.9016676488604,33.445985369321065,33,33
riverya01,Yadiel Rivera,R,609,8,7.8817733990147785,32.89059788359232,33.434882286189094,33,33
delgawi01,Wilson Delgado,S,673,7,6.240713224368499,32.8894937299813,31.074556873073853,33,31
polanpl01,Placido Polanco,R,7392,97,7.873376623376624,32.879118505561124,33.423367833010296,33,33
willire03,Reggie Willits,S,1252,13,6.230031948881789,32.8748911724698,31.057209368766642,33,31
marquge01,Germán Márquez,R,534,7,7.865168539325843,32.8678970910812,33.412111615497466,33,33
faheybr01,Brandon Fahey,L,563,6,6.394316163410302,32.85041081071908,31.47974372417704,33,31
germaes01,Esteban German,R,1223,16,7.849550286181521,32.84654510553857,33.39069199803143,33,33
tinglro01,Ron Tingley,R,612,8,7.843137254901961,32.8377777389259,33.38189632598833,33,33
francje01,Jeff Francis,L,752,8,6.382978723404255,32.83491119927965,31.462266735705786,33,31
brutobi01,Bill Bruton,L,6113,65,6.379846229347293,32.83062871216675,31.45743773476795,33,31
squirmi01,Mike Squires,L,1693,18,6.379208505611341,32.829756868954554,31.45645462131833,33,31
torrero01,Ronald Torreyes,R,1225,16,7.836734693877552,32.82902468638118,33.373114703525886,33,33
carpech01,Chris Carpenter,R,920,12,7.826086956521738,32.81446797943181,33.35850979611534,33,33
reyespa01,Pablo Reyes,R,767,10,7.822685788787484,32.80981818386128,33.353844423114296,33,33
callal02,Alex Call,R,691,9,7.814761215629522,32.7989843620544,33.34297396671717,33,33
roarkta01,Tanner Roark,R,768,10,7.8125,32.79589301483495,33.339872078886955,33,33
riceha01,Harry Rice,L,3591,38,6.349206349206349,32.78874039906592,31.41019988489488,33,31
clarkbr02,Brady Clark,R,2460,32,7.804878048780488,32.78547291274403,33.32941616198444,33,33
anderch01,Chase Anderson,R,692,9,7.803468208092486,32.78354549501623,33.32748207133539,33,33
velarra01,Randy Velarde,R,4771,62,7.79710752462796,32.77484969401206,33.31875597740516,33,33
nidoto01,Tomás Nido,R,1155,15,7.792207792207793,32.768151184592895,33.31203392396053,33,33
escobal02,Alcides Escobar,R,6238,81,7.790958640589932,32.76644344768796,33.31032015559083,33,33
hodapjo01,Johnny Hodapp,R,3006,39,7.7844311377245505,32.757519584979164,33.301364582952175,33,33
barrji01,Jim Barr,R,540,7,7.777777777777778,32.74842366086521,33.2922360054344,33,33
alusige01,George Alusik,R,540,7,7.777777777777778,32.74842366086521,33.2922360054344,33,33
ryanmi02,Mike Ryan,R,1930,25,7.7720207253886,32.7405530944039,33.28433691393087,33,33
powervi01,Vic Power,R,4787,62,7.771046584499687,32.73922132945014,33.283000297474786,33,33
grimmch01,Charlie Grimm,L,6085,64,6.3105998356614625,32.73596076286432,31.35066966322266,33,31
worthda01,Danny Worth,R,618,8,7.766990291262136,32.733675900408585,33.27743458965887,33,33
rivasal01,Alfonso Rivas,L,571,6,6.304728546409807,32.72793402120125,31.34161530181533,33,31
chacijh01,Jhoulys Chacín,R,1005,13,7.761194029850746,32.725751730610995,33.26948122615576,33,33
fothebo01,Bob Fothergill,R,2088,27,7.758620689655173,32.72223367246811,33.26595012545919,33,33
lakeed01,Eddie Lake,R,3483,45,7.751937984496124,32.713097630004,33.256779978575956,33,33
solando01,Donovan Solano,R,3563,46,7.7462812236879035,32.705364173907526,33.2490173895398,33,33
perezti01,Timo Perez,L,2004,21,6.287425149700598,32.70427824657912,31.31492948958607,33,31
coraal01,Alex Cora,L,3054,32,6.286836935166995,32.70347408825863,31.314022287814762,33,31
davieza02,Zach Davies,R,621,8,7.729468599033816,32.6823793422986,33.22594454060615,33,33
deshide02,Delino DeShields,R,2252,29,7.726465364120781,32.678273567609736,33.221822818057916,33,33
fuentti01,Tito Fuentes,S,6018,61,6.0817547357926225,32.67217881527303,30.816302475414428,33,31
miksied01,Eddie Miksis,R,3344,43,7.715311004784689,32.663024248938775,33.206513669230596,33,33
aukerel01,Elden Auker,R,702,9,7.692307692307692,32.63157602032429,33.17493907933626,33,33
davisge01,George Davis,S,8287,83,6.0094123325690845,32.57327825747859,30.69870689656065,33,31
lugoju01,Julio Lugo,R,4786,61,7.647304638529043,32.57005156270559,33.11315582309242,33,33
pelfrmi01,Mike Pelfrey,R,628,8,7.643312101910828,32.56459329644734,33.107673856270836,33,33
grimera01,Ray Grimes,R,1414,18,7.637906647807639,32.557203406118624,33.10025168563344,33,33
stynech01,Chris Stynes,R,2514,32,7.637231503579953,32.55628040470127,33.09932463684251,33,33
henlibu01,Butch Henline,R,1886,24,7.635206786850477,32.553512379241816,33.09654445285508,33,33
mateohe01,Henry Mateo,S,501,5,5.9880239520958085,32.544037830497054,30.663931605242745,33,31
tejadru01,Rubén Tejada,R,2676,34,7.623318385650224,32.53725953917019,33.080219596002344,33,33
kronejo01,John Kroner,R,630,8,7.619047619047619,32.531420899860656,33.074354824200725,33,33
smithbo06,Bob Smith,R,630,8,7.619047619047619,32.531420899860656,33.074354824200725,33,33
milesaa01,Aaron Miles,S,3111,31,5.978784956605593,32.531407039056255,30.648908884038512,33,31
wheelza01,Zack Wheeler,L,682,7,6.158357771260997,32.52782798847394,31.115806410662934,33,31
wachami01,Michael Wacha,R,709,9,7.616361071932299,32.52774807456862,33.07066548935783,33,33
jacobba01,Baby Doll Jacobson,R,4813,61,7.604404737170164,32.51140236134289,33.0542456383165,33,33
mccarjo03,Johnny McCarthy,L,1562,16,6.1459667093469905,32.510887952197095,31.09668304208948,33,31
orrpe01,Pete Orr,L,1173,12,6.138107416879796,32.50014337675808,31.084553039423472,33,31
woodke02,Kerry Wood,R,632,8,7.594936708860759,32.4984584551511,33.04124225548847,32,33
burkeje01,Jesse Burkett,L,6942,71,6.136560069144339,32.49802797075386,31.082164813587447,32,31
foxpe01,Pete Fox,R,6168,78,7.587548638132295,32.48835809514769,33.03109501324858,32,33
muelldo01,Don Mueller,L,3524,36,6.129398410896708,32.488237143191284,31.071111045706743,32,31
fordybr01,Brook Fordyce,R,1345,17,7.58364312267658,32.48301879703436,33.02573076501828,32,33
weaveje01,Jeff Weaver,R,554,7,7.581227436823104,32.47971627088484,33.02241274860428,32,33
hairsje02,Jerry Hairston,R,5072,64,7.570977917981073,32.4657039753924,33.00833423788771,32,33
butersa01,Sal Butera,R,872,11,7.568807339449542,32.46273653972619,33.00535267749635,32,33
tablepa01,Pat Tabler,R,3807,48,7.5650118203309695,32.45754761951868,33.00013897275299,32,33
stewash01,Shannon Stewart,R,6113,77,7.557663994765255,32.447502279377304,32.99004534166143,32,33
schaapa01,Paul Schaal,R,3811,48,7.557071634741538,32.44669245368517,32.989231605085266,32,33
seaveto01,Tom Seaver,R,1669,21,7.549430796884362,32.43624653134338,32.97873499813409,32,33
gantnji01,Jim Gantner,L,6896,70,6.090487238979118,32.43504100322904,31.011046230579357,32,31
rosaram01,Amed Rosario,R,3976,50,7.545271629778672,32.430560461647275,32.973021153247274,32,33
stanlfr01,Fred Stanley,R,1591,20,7.54242614707731,32.42667035275098,32.9691119665579,32,33
jennija01,Jason Jennings,L,691,7,6.078147612156295,32.418171284760035,30.991995902664264,32,31
peavyja01,Jake Peavy,R,1274,16,7.535321821036107,32.41695790504507,32.95935161960106,32,33
krukomi01,Mike Krukow,R,638,8,7.523510971786833,32.40081108759459,32.94312432432942,32,33
wrighge01,George Wright,R,5585,70,7.520143240823635,32.39620700401539,32.93849709984278,32,33
lavagco01,Cookie Lavagetto,R,3114,39,7.514450867052023,32.388424860817196,32.93067564698067,32,33
wadety01,Tyler Wade,L,1090,11,6.055045871559633,32.38658849335107,30.9563275638486,32,31
davisjo05,Jonathan Davis,R,639,8,7.511737089201878,32.384714807913916,32.92694676723726,32,33
pappami01,Milt Pappas,R,1039,13,7.507218479307025,32.378537337728474,32.920737825437904,32,33
trevial01,Alex Trevino,R,2718,34,7.50551876379691,32.376213627089186,32.91840223644766,32,33
janispa01,Paul Janish,R,1680,21,7.5,32.36866882910724,32.91081872009798,32,33
herzowh01,Whitey Herzog,L,1392,14,6.0344827586206895,32.35847630397069,30.92457538393587,32,31
mcgeewi01,Willie McGee,S,8006,78,5.84561578815888,32.349349152484464,30.43230235476181,32,30
kenneve01,Vern Kennedy,L,698,7,6.017191977077364,32.33483777576127,30.897873640284914,32,31
willida03,Davey Williams,R,2007,25,7.473841554559043,32.332907163336316,32.874870395061066,32,33
ruethdu01,Dutch Ruether,L,798,8,6.015037593984962,32.3318924811616,30.89454651896644,32,31
sanchan02,Angel Sanchez,R,723,9,7.468879668049792,32.32612368198083,32.86805092237767,32,33
kennebo01,Bob Kennedy,R,2009,25,7.466401194624192,32.32273531784931,32.8646445106696,32,33
desclan01,Anthony DeSclafani,R,644,8,7.453416149068323,32.30498323620373,32.84679711508846,32,33
cabreor01,Orlando Cabrera,R,8067,100,7.437709185570845,32.28350997319424,32.82520685200533,32,33
hoppjo01,Johnny Hopp,L,5018,50,5.978477481068155,32.28191051485442,30.83807955257744,32,31
gentrcr01,Craig Gentry,R,1856,23,7.435344827586207,32.28027761826703,32.821956723350446,32,33
gwynnto01,Tony Gwynn,L,10447,104,5.973006604766919,32.274431184700774,30.82962893257153,32,31
valdewi01,Wilson Valdez,R,1535,19,7.4267100977198695,32.268472928871425,32.81008676396207,32,33
vazqura01,Ramón Vázquez,L,2315,23,5.9611231101511875,32.2581850525062,30.811272244522996,32,31
wohlfji01,Jim Wohlford,R,3235,40,7.418856259659969,32.257735810247496,32.79928978775395,32,33
darkal01,Al Dark,R,7930,98,7.414880201765448,32.25230007233904,32.793823568436565,32,33
riverlu01,Luis Rivera,R,1781,22,7.411566535654127,32.247769901759256,32.789267903033426,32,33
priddje01,Jerry Priddy,R,5345,66,7.408793264733396,32.243978514844336,32.78545511508983,32,33
santajo02,Johan Santana,R,648,8,7.4074074074074066,32.242083885187924,32.78354976909806,32,33
phillda01,Dave Philley,S,7079,68,5.763525921740359,32.23712266820559,30.298712036549087,32,30
singlch01,Chris Singleton,L,2424,24,5.9405940594059405,32.23011943014332,30.77955806159337,32,31
thompsc01,Scot Thompson,L,1415,14,5.936395759717315,32.22437986161239,30.77307194999047,32,31
evansba01,Barry Evans,R,568,7,7.394366197183098,32.22425501984717,32.76561934834281,32,33
gibbsja01,Jake Gibbs,L,2022,20,5.9347181008902075,32.2220863050481,30.770480034237842,32,31
ramirra01,Rafael Ramirez,R,5043,62,7.376561570493753,32.199914005000636,32.74113760448134,32,33
johnsbo02,Bob Johnson,R,2606,32,7.367613200306984,32.18768053246741,32.728832496908865,32,33
ojedaau01,Augie Ojeda,S,1573,15,5.72155117609663,32.17973826331353,30.23038401260102,32,30
thompda01,Danny Thompson,R,2038,25,7.360157016683022,32.17748705413979,32.71857886589262,32,33
boggswa01,Wade Boggs,L,10884,107,5.8985667034178615,32.17266310073437,30.714622393372107,32,31
radclri01,Rip Radcliff,L,3357,33,5.898123324396783,32.172056949562375,30.71393726557732,32,31
haranaa01,Aaron Harang,R,1389,17,7.34341252699784,32.154595371032016,32.69555056234261,32,33
duffyfr01,Frank Duffy,R,2944,36,7.336956521739131,32.14576925394496,32.686671202713214,32,33
kaatji01,Jim Kaat,L,1431,14,5.870020964360587,32.1336377243352,30.670509286667752,32,31
johnswa03,Wallace Johnson,S,633,6,5.687203791469194,32.13278135633966,30.174462159044047,32,30
williwa02,Walt Williams,R,2293,28,7.326646314871347,32.131673990796884,32.67249025693848,32,33
scarsle01,Les Scarsella,L,818,8,5.8679706601467,32.13083471778073,30.667340615186717,32,31
popovpa01,Paul Popovich,S,1056,10,5.681818181818182,32.125418595706705,30.165692900234433,32,30
rojasmi02,Miguel Rojas,R,4266,52,7.313642756680731,32.11389660020633,32.65460365276372,32,33
martihe01,Hersh Martin,S,2648,25,5.66465256797583,32.10195118643849,30.137741077792448,32,30
pauljo01,Josh Paul,R,1150,14,7.304347826086956,32.101189338912505,32.64181754088618,32,33
tomlike01,Kelby Tomlinson,R,904,11,7.300884955752212,32.09645518864357,32.63705384717289,32,33
schanwa01,Wally Schang,S,6785,64,5.659543109801032,32.09496595729213,30.12942060252215,32,30
mccurha01,Harry McCurdy,L,515,5,5.825242718446601,32.07242060545867,30.601298871967757,32,31
iglesjo01,José Iglesias,R,4622,56,7.269580268282129,32.0536580058792,32.59398546748817,32,33
wilsoja02,Jack Wilson,R,4870,59,7.268993839835729,32.05285628934959,32.593178599829855,32,33
batismi01,Miguel Batista,R,578,7,7.26643598615917,32.04935940309622,32.58965921519197,32,33
lombast01,Steve Lombardozzi,R,1404,17,7.264957264957265,32.047337817619734,32.5876246005687,32,33
colliji01,Jimmy Collins,R,5785,70,7.260155574762316,32.04077334343204,32.58101770406181,32,33
eatonad01,Adam Eaton,R,744,9,7.258064516129032,32.03791462080192,32.57814045261914,32,33
milbola01,Larry Milbourne,S,2457,23,5.616605616605617,32.03626536347581,30.059491413908546,32,30
benarma01,Marvin Benard,L,3001,29,5.798067310896368,32.03526863309877,30.559288455194192,32,31
northbi01,Bill North,S,4704,44,5.612244897959184,32.0303037491625,30.052388645948092,32,30
guttedo01,Don Gutteridge,R,3232,39,7.24009900990099,32.01335366473964,32.55341894029359,32,33
casanpa01,Paul Casanova,R,2652,32,7.239819004524887,32.01297086451947,32.553033618343086,32,33
waltoje01,Jerome Walton,R,1824,22,7.2368421052631575,32.00890109375759,32.5489370008933,32,33
reesepe01,Pee Wee Reese,R,9403,113,7.210464745294055,31.972840146127364,32.51263524136163,32,33
quintca01,Carlos Quintana,R,1583,19,7.201516108654453,31.96060630932184,32.50031851103053,32,33
dadepa01,Paul Dade,R,1417,17,7.198306280875089,31.956218097931867,32.49590041840133,32,32
randajo01,Joe Randa,R,5836,70,7.196710075394106,31.954035897653895,32.49370332952432,32,32
hillbo01,Bobby Hill,S,756,7,5.555555555555555,31.952802763089444,29.960039557472413,32,30
haasbe01,Bert Haas,R,2754,33,7.189542483660131,31.944236958318932,32.48383729665524,32,32
sotoma01,Mario Soto,R,501,6,7.185628742514971,31.938886414722482,32.47844995355676,32,32
lockhke01,Keith Lockhart,L,2619,25,5.72737686139748,31.93862648997593,30.44998201197367,32,30
moehlbr01,Brian Moehler,R,585,7,7.17948717948718,31.930490177078823,32.469995735159806,32,32
lakest01,Steve Lake,R,836,10,7.177033492822966,31.927135699359944,32.466618013022064,32,32
thomaan01,Andres Thomas,R,669,8,7.174887892376682,31.924202411668553,32.46366436212652,32,32
gilbrro01,Rod Gilbreath,R,1255,15,7.171314741035856,31.919317494317937,32.458745455769886,32,32
dilonmi01,Miguel Dilone,S,2279,21,5.528740675734971,31.916143674459892,29.916348622623637,32,30
thomava01,Valmy Thomas,R,754,9,7.161803713527851,31.906314803173807,32.44565182134401,32,32
martiri01,Richie Martin,R,503,6,7.157057654075547,31.89982638274204,32.43911776345218,32,32
martida01,Dave Martinez,L,6430,61,5.692068429237947,31.89035571820416,30.395371509674547,32,30
morenga01,Gabriel Moreno,R,840,10,7.142857142857142,31.880412616847003,32.41956642859116,32,32
gorzeto01,Tom Gorzelanny,R,672,8,7.142857142857142,31.880412616847003,32.41956642859116,32,32
lemasjo01,Johnnie LeMaster,R,3446,41,7.138711549622751,31.874745104226456,32.41385846710277,32,32
garcida01,Damaso Garcia,R,3868,46,7.135470527404343,31.870314246376264,32.409395895700946,32,32
friscfr01,Frankie Frisch,S,9615,88,5.491419656786272,31.865121460281056,29.855530403061383,32,30
gonzawi01,Wiki Gonzalez,R,1178,14,7.130730050933786,31.86383345853596,32.40286857881,32,32
giustda01,Dave Giusti,R,589,7,7.130730050933786,31.86383345853596,32.40286857881,32,32
ramsemi01,Mike Ramsey,S,875,8,5.485714285714286,31.85732154824744,29.846232018084592,32,30
beckeri01,Rich Becker,L,2648,25,5.66465256797583,31.852875017392215,30.35296170054896,32,30
allanan01,Andy Allanson,R,1011,12,7.121661721068249,31.851435987039274,32.39038162505001,32,32
clarkho02,Howie Clark,L,636,6,5.660377358490566,31.847030304140514,30.346347832697393,32,30
morriwa02,Warren Morris,L,1696,16,5.660377358490566,31.847030304140514,30.346347832697393,32,30
uhlaete01,Ted Uhlaender,L,1166,11,5.660377358490566,31.847030304140514,30.346347832697393,32,30
paganjo01,Jose Pagan,R,4135,49,7.1100362756952835,31.835542638453077,32.37437265075879,32,32
leiussc01,Scott Leius,R,1773,21,7.106598984771574,31.830843458241905,32.36963908748914,32,32
doylede01,Denny Doyle,L,2232,21,5.645161290322581,31.82622815267477,30.32280702946306,32,30
gallemi01,Mike Gallego,R,3215,38,7.091757387247278,31.810553252106814,32.3491993942981,32,32
renteed01,Edgar Renteria,R,8804,104,7.087687414811449,31.804989121995355,32.34359397928983,32,32
landera01,Rafael Landestoy,S,1324,12,5.4380664652567985,31.792181384098164,29.76856788492239,32,30
hockeor01,Oris Hockett,L,1815,17,5.619834710743802,31.791603745193772,30.283620349860456,32,30
sistisi01,Sibby Sisti,R,3310,39,7.069486404833837,31.780106204660612,32.31852490003678,32,32
pagnoto01,Tom Pagnozzi,R,3056,36,7.068062827225131,31.778160006949573,32.3165640360318,32,32
maciajo01,Jose Macias,S,1885,17,5.411140583554377,31.755370542865144,29.72467211959944,32,30
aingeda01,Danny Ainge,R,766,9,7.049608355091384,31.75293057709237,32.29114309138674,32,32
rossjo01,Joe Ross,R,511,6,7.045009784735812,31.74664379157023,32.28480818190661,32,32
leeha01,Hal Lee,R,2643,31,7.037457434733258,31.736318842513676,32.27440385015146,32,32
reussje01,Jerry Reuss,L,1183,11,5.579036348267118,31.735827594191772,30.220484659707772,32,30
wilsoda01,Dan Wilson,R,4609,54,7.02972445215882,31.72574694752612,32.26375022625716,32,32
arraelu01,Luis Arraez,L,3017,28,5.56844547563805,31.721348627999454,30.20409316522717,32,30
theriry01,Ryan Theriot,R,3675,43,7.020408163265306,31.713010486929207,32.25091470154312,32,32
myersbr01,Brett Myers,R,855,10,7.017543859649122,31.709094647632885,32.24696827276102,32,32
wagnema01,Mark Wagner,R,942,11,7.006369426751592,31.69381788604691,32.23157157919085,32,32
owensp01,Spike Owen,S,5368,48,5.365126676602086,31.69246413028965,29.64964550105645,32,30
oberkke01,Ken Oberkfell,L,5409,50,5.546311702717692,31.691089162037912,30.16983398026315,32,30
satrito01,Tom Satriano,L,1843,17,5.5344546934346175,31.674879238402305,30.151479890603184,32,30
boudrlo01,Lou Boudreau,R,7124,83,6.9904548006737794,31.6720607239117,32.20964197748858,32,32
ansonca01,Cap Anson,R,13918,162,6.983762034775111,31.66291092723546,32.200419089827186,32,32
rodgean01,Andre Rodgers,R,3181,37,6.978937441056272,31.656315141241866,32.19377040455,32,32
rolliri01,Rich Rollins,R,2755,32,6.969147005444646,31.64293046641916,32.180277840628946,32,32
burrira01,Ray Burris,R,517,6,6.963249516441006,31.63486790661942,32.172149941071595,32,32
travice01,Cecil Travis,L,4580,42,5.502183406113536,31.630760600168276,30.101520071511825,32,30
roystje01,Jerry Royster,R,4570,53,6.958424507658644,31.628271553185265,32.16549993425282,32,32
humphte01,Terry Humphrey,R,777,9,6.949806949806949,31.61649033994958,32.153622456399916,32,32
woodal02,Alex Wood,R,778,9,6.940874035989717,31.604277998088,32.141309733506404,32,32
skinnjo01,Joel Skinner,R,1556,18,6.940874035989717,31.604277998088,32.141309733506404,32,32
reynoma03,Matt Reynolds,R,778,9,6.940874035989717,31.604277998088,32.141309733506404,32,32
malonji01,Jim Maloney,L,876,8,5.47945205479452,31.59968417438345,30.066324481976828,32,30
cuetojo01,Johnny Cueto,R,1298,15,6.933744221879815,31.59453070520002,32.13148188773993,32,32
moyerja01,Jamie Moyer,L,877,8,5.473204104903079,31.59114249340797,30.056649920113827,32,30
tayloca01,Carl Taylor,R,1126,13,6.927175843694494,31.58555096113034,32.12242759321485,32,32
valenbo02,Bobby Valentine,R,1646,19,6.92588092345079,31.583780653140906,32.1206425494498,32,32
perezod01,Odalis Perez,L,659,6,5.462822458270106,31.57694956371426,30.040573932182465,32,30
cimolgi01,Gino Cimoli,R,1994,23,6.920762286860581,31.576782876023184,32.11358639958607,32,32
frelisa01,Sal Frelick,L,770,7,5.454545454545454,31.565633927949364,30.027756400647316,32,30
hoppeno01,Norris Hopper,R,521,6,6.90978886756238,31.56178092362535,32.09845863805673,32,32
jamesdi01,Dion James,L,3093,28,5.431619786614937,31.534291848544953,29.99225165744977,32,30
tinslle01,Lee Tinsley,S,916,8,5.240174672489083,31.521640072010534,29.44582780559074,32,29
combsea01,Earle Combs,L,6325,57,5.40711462450593,31.500790415174883,29.954296366902202,32,30
woodja01,Jake Wood,R,612,7,6.862745098039215,31.497466568015444,32.033594595493895,31,32
rogelbi01,Billy Rogell,S,5748,50,5.219206680584551,31.492974365553707,29.411613905058076,31,29
becklja01,Jake Beckley,L,9686,87,5.389221556886227,31.47632849119409,29.926579473136727,31,30
colemra01,Ray Coleman,L,892,8,5.381165919282511,31.46531548890364,29.914100259441444,31,30
fonsele01,Lew Fonseca,R,2808,32,6.837606837606838,31.46309961491518,31.99892704133962,31,32
schoere01,Red Schoendienst,S,8096,70,5.187747035573123,31.449965337639178,29.36027431448027,31,29
penato02,Tony Pena,R,879,10,6.825938566552901,31.4471477185956,31.982833990661,31,32
loftoke01,Kenny Lofton,L,9166,82,5.367663102771111,31.446855553578477,29.89318156615161,31,30
martibi02,Billy Martin,R,3429,39,6.824146981627297,31.44469841168039,31.980362919126875,31,32
brennwi02,Will Brennan,L,895,8,5.363128491620111,31.440656207797428,29.886156193199504,31,30
lopezni01,Nicky Lopez,L,2686,24,5.361131794489948,31.437926488419578,29.883062705032785,31,30
ruthvdi01,Dick Ruthven,R,704,8,6.818181818181818,31.43654333297406,31.972135198925677,31,32
jeffcha01,Hal Jeffcoat,R,2464,28,6.818181818181818,31.43654333297406,31.972135198925677,31,32
newmake01,Kevin Newman,R,2553,29,6.81551116333725,31.432892234281802,31.968451490681637,31,32
gullibi01,Bill Gullickson,R,617,7,6.807131280388979,31.421435950540783,31.95689253523615,31,32
colonch01,Christian Colón,R,707,8,6.789250353606789,31.396990624510135,31.932226351085312,31,32
groteje01,Jerry Grote,R,4773,54,6.788183532369579,31.395532154640104,31.930754627720454,31,32
fishebo01,Bob Fisher,R,1241,14,6.768734891216761,31.368943579024034,31.90392292396192,31,32
johnsma02,Mark Johnson,L,1130,10,5.3097345132743365,31.367660371248512,29.80342236916105,31,30
martij.01,J C  Martin,R,1862,21,6.7669172932330826,31.36645870920465,31.901415185921493,31,32
whiteea01,Earl Whitehill,L,905,8,5.303867403314918,31.359639343168553,29.794329981689735,31,30
fletcda02,David Fletcher,R,2577,29,6.752037252619325,31.346115946853264,31.880884268598244,31,32
howarth01,Thomas Howard,S,1644,14,5.109489051094891,31.342977485813883,29.23253111451948,31,29
mayje01,Jerry May,R,1963,22,6.724401426388181,31.308334528106023,31.842748951558175,31,32
haasmu01,Mule Haas,L,4104,36,5.263157894736842,31.30398466587689,29.73123439407388,31,30
mancugu01,Gus Mancuso,R,3841,43,6.717000781046602,31.29821697713029,31.832535647714785,31,32
estessh01,Shawn Estes,R,626,7,6.7092651757188495,31.28764149653106,31.82185963702002,31,32
mitchbo03,Bobby Mitchell,L,686,6,5.247813411078718,31.28300695536088,29.70744875197746,31,30
michaca01,Cass Michaels,R,4119,46,6.700655498907501,31.275871057602718,31.809976775891283,31,32
mcganda01,Dan McGann,S,5813,49,5.057629451230002,31.27207932477567,29.14785335443002,31,29
owenma01,Marv Owen,R,2778,31,6.695464362850972,31.26877416520351,31.802811828142755,31,32
fainfe01,Ferris Fain,L,4929,43,5.234327449786975,31.264570063099693,29.686542552282535,31,30
perezan01,Antonio Perez,R,718,8,6.685236768802229,31.254791843477342,31.788694826400878,31,32
siebedi01,Dick Siebert,L,3562,31,5.221785513756316,31.247423764193623,29.66709856282474,31,30
roberda07,Dave Roberts,L,2874,25,5.219206680584551,31.24389819650743,29.663100403628725,31,30
cabaljo01,José Caballero,R,811,9,6.658446362515413,31.218166213041503,31.751712656614586,31,32
wynnea01,Early Wynn,S,2632,22,5.015197568389057,31.2140699596697,29.078554276149355,31,29
wilsowi02,Willie Wilson,S,8499,71,5.012354394634663,31.210183007374965,29.07391036242415,31,29
grothjo01,Johnny Groth,R,3608,40,6.651884700665189,31.20919565099036,31.74265394019775,31,32
izturce01,Cesar Izturis,S,4789,40,5.011484652328252,31.20899396753929,29.07248975174421,31,29
boltocl01,Cliff Bolton,L,1041,9,5.187319884726225,31.200305203240106,29.61365974216497,31,30
kineris01,Isiah Kiner Falefa,R,3432,38,6.643356643356643,31.197536795504014,31.730880025008542,31,32
osteecl01,Claude Osteen,L,1620,14,5.185185185185185,31.197386818365885,29.610349603171795,31,30
mckenry01,Ryan McKenna,R,542,6,6.642066420664206,31.195772909618626,31.72909868359889,31,32
difelmi01,Mike Difelice,R,1807,20,6.640841173215273,31.19409785251883,31.727407038359445,31,32
bertijo01,Jon Berti,R,1989,22,6.636500754147813,31.188163990113033,31.72141432126589,31,32
burkeja02,Jamie Burke,R,724,8,6.629834254143646,31.179050101998044,31.712209759701594,31,32
barnhcl01,Clyde Barnhart,R,3173,35,6.618342262842736,31.163339200795093,31.696341761640774,31,32
roberda09,Daniel Robertson,R,635,7,6.6141732283464565,31.157639641217674,31.69058496364473,31,32
fernana01,Nanny Fernandez,R,1090,12,6.605504587155964,31.145788591060956,31.678614476694488,31,32
liriane01,Nelson Liriano,S,2177,18,4.960955443270556,31.139914606914843,28.98994704126257,31,29
rogerst01,Steve Rogers,R,909,10,6.6006600660066015,31.139165561930472,31.671924451720116,31,32
knoopbo01,Bobby Knoop,R,3365,37,6.597325408618128,31.134606693810564,31.667319364683223,31,32
bloomwi01,Willie Bloomquist,R,3639,40,6.595218466611707,31.13172625674474,31.664409681629984,31,32
arnolch01,Chris Arnold,R,547,6,6.581352833638025,31.112770308723046,31.645260429262862,31,32
sheetbe01,Ben Sheets,R,639,7,6.572769953051643,31.10103650337996,31.63340623820546,31,32
mccormi03,Mike McCormick,L,1056,9,5.113636363636363,31.099571179882773,29.49938356125069,31,29
caterda01,Danny Cater,R,5027,55,6.564551422319474,31.089800807060186,31.622054743772694,31,32
nelsoda01,Dave Nelson,R,2652,29,6.5610859728506785,31.085063130812227,31.617268086436805,31,32
machadi01,Dixon Machado,R,732,8,6.557377049180328,31.079992596748255,31.612145029232327,31,32
cirilje01,Jeff Cirillo,R,6228,68,6.551059730250481,31.071356080153738,31.603418811418628,31,32
smithre02,Red Smith,R,3941,43,6.546561786348643,31.065206862806818,31.59720554241705,31,32
o'malto01,Tom O Malley,R,1193,13,6.538139145012573,31.053692123330087,31.585570450701443,31,32
gustifr01,Frankie Gustine,R,4505,49,6.526082130965594,31.037208769702797,31.568913877801776,31,32
norriji01,Jim Norris,L,1423,12,5.059732958538299,31.025878897159664,29.41575842993702,31,29
picinva01,Val Picinich,R,2487,27,6.513872135102534,31.020516271973726,31.55204484099017,31,32
lyonsst01,Steve Lyons,L,1662,14,5.054151624548736,31.018248558378975,29.40709835452103,31,29
bollimi01,Milt Bolling,R,830,9,6.506024096385542,31.009787081732362,31.541201583258008,31,32
iorgga01,Garth Iorg,R,2583,28,6.504065040650406,31.007108822560397,31.53849477739696,31,32
berryke01,Ken Berry,R,4798,52,6.502709462275948,31.0052555877853,31.53662177258403,31,32
davisdo02,Doug Davis,R,647,7,6.491499227202473,30.98992988042184,31.521132039411633,31,32
willine01,Ed Williamson,R,6011,65,6.488105140575611,30.9852897655564,31.51644207528703,31,32
hoernni01,Nico Hoerner,R,2498,27,6.4851881505204165,30.98130189771286,31.512411295636305,31,32
schmija01,Jason Schmidt,R,1113,12,6.46900269541779,30.95917448050693,31.49004460363935,31,31
castipe01,Pete Castiglione,R,1672,18,6.4593301435406705,30.94595096658818,31.47667715019673,31,31
kwanst01,Steven Kwan,L,1924,16,4.98960498960499,30.930005731001998,29.306929758217777,31,29
peterri01,Rick Peters,S,1125,9,4.8,30.919869620707786,28.726887085864576,31,29
fischmi01,Mike Fischlin,R,933,10,6.430868167202572,30.90704010365939,31.43733862797816,31,31
abnersh01,Shawn Abner,R,933,10,6.430868167202572,30.90704010365939,31.43733862797816,31,31
steinha02,Hank Steinbacher,L,604,5,4.966887417218543,30.898948142635565,29.271667317820395,31,29
bannial01,Alan Bannister,R,3364,36,6.4209274673008325,30.893449999911923,31.42359771336296,31,31
patekfr01,Freddie Patek,R,6265,67,6.4166001596169195,30.88753406230663,31.417615892158658,31,31
burdele01,Lew Burdette,R,1497,16,6.412825651302605,30.882373866335094,31.412398113206322,31,31
wellmbr01,Brad Wellman,R,1030,11,6.407766990291262,30.875458082874474,31.40540498684332,31,31
donlimi01,Mike Donlin,L,3518,29,4.945992040932349,30.870381710253668,29.239229857459854,31,29
rudolke01,Ken Rudolph,R,750,8,6.3999999999999995,30.864839695345708,31.39466747100373,31,31
valoel01,Elmer Valo,L,6316,52,4.939835338822039,30.861964775706962,29.22967171618123,31,29
gathrjo01,Joey Gathright,L,1337,11,4.93642483171279,30.857302212114426,29.224376857200387,31,29
hackst01,Stan Hack,L,8272,68,4.932301740812379,30.851665462826077,29.21797558450948,31,29
bonilju01,Juan Bonilla,R,1409,15,6.387508871540099,30.847762856353384,31.377398087769524,31,31
thomage01,George Thomas,R,1880,20,6.382978723404255,30.841569612037986,31.37113472159877,31,31
cookaa01,Aaron Cook,R,846,9,6.382978723404255,30.841569612037986,31.37113472159877,31,31
hendrky01,Kyle Hendricks,R,847,9,6.375442739079103,30.831267036783686,31.360715153038832,31,31
macharo01,Robert Machado,R,942,10,6.369426751592356,30.82304247564649,31.352396887256273,31,31
coscape01,Pete Coscarart,R,3298,35,6.3674954517889635,30.820402162091604,31.34972643377732,31,31
perdoge01,Geraldo Perdomo,S,1524,12,4.724409448818897,30.816528463341207,28.603276822082094,31,29
sierrma01,Magneuris Sierra,L,856,7,4.906542056074766,30.81644894974886,29.177979671623305,31,29
whitesa02,Sammy White,R,3777,40,6.354249404289118,30.802293260148463,31.33141005235283,31,31
pizarju01,Juan Pizarro,L,858,7,4.895104895104895,30.800813008045214,29.16022009128592,31,29
schofdi02,Dick Schofield,R,4441,47,6.349921188921414,30.796376081632875,31.325424790802202,31,31
loganno01,Nook Logan,S,1020,8,4.705882352941177,30.791199748300382,28.572973586010697,31,29
urbanbi01,Billy Urbanski,R,2364,25,6.345177664974619,30.789891127534794,31.318865057900325,31,31
russebi01,Bill Russell,R,8240,87,6.334951456310679,30.77591069979229,31.30472284045893,31,31
gracejo01,Joe Grace,L,988,8,4.8582995951417,30.750495842262048,29.103062237175653,31,29
chalkda01,Dave Chalk,R,3230,34,6.315789473684211,30.74971402003382,31.27822086500803,31,31
garmsde01,Debs Garms,L,2719,22,4.854726002206694,30.74561032120035,29.09751197636663,31,29
burrose01,Sean Burroughs,L,1734,14,4.844290657439446,30.73134397985323,29.081303957063433,31,29
kingemi01,Mike Kingery,L,1858,15,4.843918191603875,30.730834775330628,29.080725433530727,31,29
mortobu01,Bubba Morton,R,763,8,6.290956749672346,30.715764771088637,31.243871835161674,31,31
mathemi01,Mike Matheny,R,2766,29,6.290672451193059,30.71537610169242,31.243478561818016,31,31
braggda01,Darren Bragg,L,2985,24,4.824120603015076,30.703769147605115,29.04997379677482,31,29
turanbr02,Brice Turang,L,1120,9,4.821428571428571,30.700088824397124,29.04579202909482,31,29
rivaslu01,Luis Rivas,R,2295,24,6.2745098039215685,30.693279865469172,31.221119580092235,31,31
gilbe01,Benji Gil,R,1339,14,6.273338312173264,30.69167829872275,31.219498892283006,31,31
lovitjo01,Joe Lovitto,S,910,7,4.615384615384616,30.667478717139417,28.42491657242373,31,28
herrto01,Tom Herr,S,5990,46,4.607679465776294,30.656944873083976,28.412307851311915,31,28
hatchbi01,Billy Hatcher,R,4811,50,6.235709831635835,30.640235748457876,31.167436642406052,31,31
heistal01,Al Heist,R,674,7,6.231454005934718,30.634417535114643,31.1615476653332,31,31
reuscri01,Rick Reuschel,R,963,10,6.230529595015577,30.63315375686758,31.16026849831347,31,31
courtcl01,Clint Courtney,L,2896,23,4.765193370165746,30.62320870257714,28.95842443362168,31,29
hernali01,Liván Hernández,R,1737,18,6.217616580310881,30.61550014985157,31.14239925028747,31,31
dierkla01,Larry Dierker,R,965,10,6.217616580310881,30.61550014985157,31.14239925028747,31,31
fernato01,Tony Fernandez,S,8915,68,4.5765563656758275,30.614395941571196,28.361373376640554,31,28
daubeja01,Jake Daubert,L,6199,49,4.742700435554122,30.59245822042009,28.92347247029582,31,29
luquedo01,Dolf Luque,R,1355,14,6.199261992619927,30.590407273753534,31.11699768843703,31,31
mordemi01,Mike Mordecai,R,968,10,6.198347107438017,30.589156518307533,31.11573147978167,31,31
aaronto01,Tommie Aaron,R,581,6,6.196213425129089,30.586239524109025,31.11277842119581,31,31
freelry01,Ryan Freel,R,2421,25,6.195786864931846,30.585656366243647,31.112188049296922,31,31
olsongr02,Greg Olson,R,1455,15,6.185567010309279,30.57168462522162,31.098043056956577,31,31
goodedw01,Dwight Gooden,R,777,8,6.177606177606178,30.56080123235987,31.087024160628815,31,31
gardero01,Ron Gardenhire,R,777,8,6.177606177606178,30.56080123235987,31.087024160628815,31,31
martist01,Stu Martin,L,2416,19,4.718543046357616,30.559432233447982,28.885929829459105,31,29
javieju01,Julian Javier,R,5928,61,6.174089068825911,30.555992931768625,31.082155841525044,31,31
kellypa03,Pat Kelly,R,1849,19,6.165494862087614,30.544243642246244,31.070259500046983,31,31
contija01,Jason Conti,L,510,4,4.705882352941177,30.542123579254106,28.866252268201478,31,29
cuellmi01,Mike Cuellar,L,514,4,4.669260700389105,30.49205748104111,28.809327160577464,30,29
schulfr02,Fred Schulte,R,4505,46,6.126526082130966,30.49096874533174,31.016310805929304,30,31
veryzto01,Tom Veryzer,R,2939,30,6.124532153793807,30.488242811218967,31.013550086137357,30,31
dahlebi01,Bill Dahlen,R,10680,109,6.123595505617977,30.486962303205424,31.0122532271512,30,31
versazo01,Zoilo Versalles,R,3920,40,6.122448979591836,30.485394867532037,31.01066576764479,30,31
burnsja02,Jack Burns,L,1930,15,4.66321243523316,30.483788792540903,28.79992469211592,30,29
neaglde01,Denny Neagle,L,772,6,4.66321243523316,30.483788792540903,28.79992469211592,30,29
arnovmo01,Morrie Arnovich,R,1963,20,6.113092205807438,30.47260305933659,30.997710173251257,30,31
bollifr01,Frank Bolling,R,5890,60,6.1120543293718175,30.471184160408285,30.996273065902542,30,31
livinsc01,Scott Livingstone,L,1549,12,4.648160103292447,30.463210487719547,28.77652354372321,30,29
bakopa01,Paul Bako,L,2840,22,4.647887323943662,30.462837566327007,28.77609945074454,30,29
sheelea01,Earl Sheely,R,3346,34,6.096832038254632,30.45037350144045,30.97519441104067,30,31
lopezal01,Al Lopez,R,6792,69,6.095406360424028,30.44842443247952,30.973220152449418,30,31
romered01,Ed Romero,R,1280,13,6.09375,30.446159993332554,30.970926428519547,30,31
finnelo01,Lou Finney,L,4660,36,4.63519313304721,30.44548311714554,28.75636303273963,30,29
orieke01,Kevin Orie,R,1182,12,6.091370558375634,30.442907017299092,30.967631347120705,30,31
rojasco01,Cookie Rojas,R,6816,69,6.073943661971831,30.419082404096294,30.94349704960056,30,31
feldemi01,Mike Felder,S,2303,17,4.429005644811116,30.412676784531314,28.11979958159972,30,28
redditi01,Tim Redding,R,594,6,6.060606060606061,30.400848337270524,30.92502441345971,30,31
mcdermi03,Mickey McDermott,L,915,7,4.590163934426229,30.38392291645812,28.686343601545044,30,29
saffeto01,Tom Saffell,L,524,4,4.580152671755725,30.370236345122077,28.67077421783428,30,29
gonzaju02,Julio Gonzalez,R,997,10,6.018054162487462,30.34267489719089,30.86608084342584,30,31
suppaje01,Jeff Suppan,R,998,10,6.012024048096192,30.33443102291679,30.85772672319612,30,31
guilllu01,Luis Guillorme,L,1187,9,4.549283909014322,30.328035122636898,28.622762746643374,30,29
dybzije01,Jerry Dybzinski,R,999,10,6.006006006006006,30.326203652895494,30.84938905337959,30,31
foltymi01,Mike Foltynewicz,R,500,5,6.0,30.31799273761424,30.84106778544784,30,31
griffal01,Alfredo Griffin,S,6752,49,4.354265402843602,30.31049809968119,27.9973700446376,30,28
allenet01,Ethan Allen,R,2605,26,5.9884836852207295,30.302248583360935,30.825111269586625,30,31
koosmje01,Jerry Koosman,R,902,9,5.986696230598669,30.299804923055547,30.82263455845466,30,31
mayoed01,Eddie Mayo,L,2520,19,4.523809523809524,30.29320864751359,28.58313594037357,30,29
sewelri01,Rip Sewell,L,931,7,4.511278195488721,30.27607685059218,28.56364096703021,30,29
nolaaa01,Aaron Nola,R,705,7,5.957446808510639,30.259817529344936,30.782102892478427,30,31
kellemi02,Mick Kelleher,R,1008,10,5.952380952380952,30.252891909312876,30.775082348917348,30,31
knickbi01,Bill Knickerbocker,R,3128,31,5.946291560102302,30.24456699520784,30.766643075141957,30,31
daviski01,Kiddo Davis,R,1620,16,5.925925925925926,30.216724782478785,30.73841635273063,30,31
pietto01,Tony Piet,R,2734,27,5.925384052670081,30.215983978125198,30.73766527473759,30,31
whitede01,Deacon White,L,7266,54,4.459124690338563,30.20477688652619,28.482493043613783,30,28
seitzke01,Kevin Seitzer,R,6193,61,5.909898272242854,30.19481309833838,30.716199852647428,30,31
benedbr01,Bruce Benedict,R,3353,33,5.905159558604234,30.188334720496282,30.70963098072719,30,31
ochoaal01,Alex Ochoa,R,2439,24,5.904059040590406,30.186830183176806,30.70810540274572,30,31
deshide01,Delino DeShields,L,6761,50,4.437213429965981,30.174821621339166,28.448394208617316,30,28
bressru01,Rube Bressler,R,4173,41,5.8950395398993525,30.174499466893906,30.69560189816097,30,31
sherdbi01,Bill Sherdel,L,541,4,4.436229205175601,30.173476070508308,28.446862448791205,30,28
gonzare01,Rene Gonzales,R,1633,16,5.878750765462339,30.152230800028768,30.673019623134856,30,31
motama01,Manny Mota,R,3883,38,5.871748647952614,30.14265808338409,30.6633114770161,30,31
meachbo01,Bob Meacham,S,1560,11,4.230769230769231,30.141664334705315,27.794982317659993,30,28
anderda02,Dave Anderson,R,2050,20,5.853658536585366,30.117926777468583,30.638228567514417,30,31
cruzde01,Deivi Cruz,R,3793,37,5.85288689691537,30.116871855453578,30.63715859262048,30,31
lathaar01,Arlie Latham,R,1335,13,5.842696629213483,30.102940563225463,30.623028089204837,30,31
mitchda01,Dale Mitchell,L,4244,31,4.382657869934024,30.100237766262136,28.36347772597188,30,28
counscr01,Craig Counsell,L,5488,40,4.373177842565598,30.087277455948048,28.348719633757536,30,28
o'farbo01,Bob O Farrell,R,4743,46,5.819101834282099,30.07068370865915,30.590306957692842,30,31
castrju01,Juan Castro,R,3199,31,5.814316974054392,30.06414224301242,30.583670825719942,30,31
sutclri01,Rick Sutcliffe,L,551,4,4.3557168784029034,30.06340626811948,28.321535386731206,30,28
avilabo01,Bobby Avila,R,5374,52,5.805731298846297,30.052404617093377,30.571762901362245,30,31
scottro01,Rodney Scott,S,2594,18,4.163454124903623,30.049636682575365,27.684616486012033,30,28
ozunapa01,Pablo Ozuna,R,1036,10,5.7915057915057915,30.03295667856502,30.552031568539597,30,31
espinsa01,Santiago Espinal,R,1555,15,5.787781350482316,30.027864930457678,30.54686537061051,30,31
remyje01,Jerry Remy,L,4992,36,4.3269230769230775,30.024041761267565,28.276702474654655,30,28
javiest01,Stan Javier,S,5938,41,4.142809026608286,30.021412409588187,27.65076113824504,30,28
bartedi01,Dick Bartell,R,7592,73,5.769230769230769,30.00250410815378,30.521132166247764,30,31
battijo01,Joe Battin,R,730,7,5.7534246575342465,29.980895297916764,30.499204009796415,30,30
littlbr01,Bryan Little,S,1025,7,4.097560975609756,29.959553012008627,27.57654877262253,30,28
pierrju01,Juan Pierre,L,8014,57,4.267531819316196,29.94284693992214,28.184208467873955,30,28
myerbu01,Buddy Myer,L,7077,50,4.23908435777872,29.903955920429762,28.139895857551373,30,28
bartobo01,Bob Barton,R,1475,14,5.694915254237288,29.9009060749377,30.41801619984045,30,30
floodcu01,Curt Flood,R,7074,67,5.682782018659881,29.88431851753034,30.401176842988203,30,30
smithha09,Hal Smith,R,2116,20,5.671077504725898,29.86831707293903,30.38493143966012,30,30
pachecr01,Cristian Pache,R,635,6,5.669291338582677,29.865875174135468,30.382452220314555,30,30
foggjo01,Josh Fogg,R,635,6,5.669291338582677,29.865875174135468,30.382452220314555,30,30
bluegos01,Ossie Bluege,R,5312,50,5.647590361445784,29.836207390817695,30.352329082077365,30,30
wrighcl01,Clyde Wright,R,532,5,5.639097744360902,29.82459698627758,30.34053950468584,30,30
daybo01,Boots Day,L,1437,10,4.175365344467641,29.816844548982726,28.04061851390133,30,28
gutieke01,Kelvin Gutiérrez,R,533,5,5.6285178236397755,29.81013299262911,30.32585153724913,30,30
youngcy01,Cy Young,R,1818,17,5.6105610561056105,29.785583983387237,30.300920448203094,30,30
barbebr01,Bret Barberie,S,1814,12,3.9691289966923926,29.783971419642643,27.365820075958148,30,27
tollewa01,Wayne Tolleson,S,2275,15,3.956043956043956,29.76608263296667,27.344343383538654,30,27
mearepa01,Pat Meares,R,2038,19,5.593719332679098,29.762559370340377,30.277535261795585,30,30
roberan01,Andre Robertson,R,751,7,5.59254327563249,29.76095156229524,30.275902194685614,30,30
lonboji01,Jim Lonborg,R,644,6,5.590062111801243,29.75755952006336,30.272456828265234,30,30
hatfifr01,Fred Hatfield,L,1743,12,4.130808950086059,29.755930727195096,27.9711792011976,30,28
lansimi01,Mike Lansing,R,3549,33,5.579036348267118,29.742486006950102,30.2571457899013,30,30
shiplcr01,Craig Shipley,R,1293,12,5.56844547563805,29.728007040757788,30.242437800303648,30,30
piersji01,Jim Piersall,R,6898,64,5.566830965497245,29.72579981586097,30.240195587650017,30,30
wardaa01,Aaron Ward,R,2266,21,5.56045895851721,29.717088534281782,30.231346026761265,30,30
williwo02,Woody Williams,R,973,9,5.549845837615622,29.702579152089108,30.216605645996985,30,30
flannti01,Tim Flannery,L,2790,19,4.086021505376344,29.694701032484915,27.90136465403294,30,28
hovlest01,Steve Hovley,L,1322,9,4.084720121028744,29.692921887306603,27.899335832529236,30,28
cannich01,Chris Cannizzaro,R,2490,23,5.542168674698795,29.692083569126417,30.205942434988902,30,30
lopated01,Eddie Lopat,L,1030,7,4.077669902912621,29.68328341148624,27.888344518318934,30,28
griffcl01,Clark Griffith,R,543,5,5.524861878453039,29.668423146938743,30.181902487937194,30,30
celesgi01,Gilberto Celestino,R,544,5,5.514705882352941,29.654538708013565,30.16779427962288,30,30
perezma01,Marty Perez,R,3484,32,5.510907003444317,29.649345194578636,30.16251686388006,30,30
torrefr01,Frank Torre,L,1777,12,4.051772650534609,29.64787882729494,27.84796738217854,30,28
spierbi01,Bill Spiers,L,3853,26,4.048793148196211,29.643805497821674,27.843321630307784,30,28
bowala01,Larry Bowa,S,8404,54,3.855306996668253,29.628363383552365,27.17895873790389,30,27
straijo01,Joe Strain,R,546,5,5.4945054945054945,29.626922406415137,30.13973057626812,30,30
merlolo01,Lou Merloni,R,1311,12,5.491990846681922,29.62348458763492,30.136236846332302,30,30
butlebr01,Brett Butler,L,9283,62,4.0073252181406875,29.58711396933596,27.77865629817701,30,28
bushda01,Dave Bush,R,549,5,5.464480874316941,29.58587522589725,30.0980126950223,30,30
jimend'01,D Angelo Jimenez,R,2636,24,5.462822458270106,29.583607976472592,30.09570820034385,30,30
wrighja01,Jamey Wright,R,550,5,5.454545454545454,29.572292340707698,30.084206365510447,30,30
cairomi01,Miguel Cairo,R,4625,42,5.448648648648648,29.564230714795194,30.076011768858038,30,30
niekrph01,Phil Niekro,R,1653,15,5.44464609800363,29.558758758186706,30.070449406213104,30,30
redmaju01,Tike Redman,R,1547,14,5.429864253393665,29.53855024130016,30.04990595881563,30,30
oswalro01,Roy Oswalt,R,1327,12,5.425772418990204,29.532956223312475,30.044218934650644,30,30
gorege01,George Gore,L,6427,42,3.920958456511592,29.469040467220985,27.643933659496643,29,28
brownje01,Jerry Browne,S,3860,24,3.7305699481865284,29.45783319485578,26.97406550939143,29,27
gomezch02,Chris Gomez,R,3240,29,5.37037037037037,29.457215118962857,29.967206077296236,29,30
eusebto01,Tony Eusebio,R,2125,19,5.364705882352942,29.449471098864265,29.959330719155098,29,30
carroja01,Jamey Carroll,R,4253,38,5.360921702327769,29.44429768052858,29.954069424612527,29,30
benesan01,Andy Benes,R,1009,9,5.351833498513379,29.431873039010725,29.941433293895578,29,30
kuipedu01,Duane Kuiper,L,3566,23,3.869882220975883,29.39921325718329,27.56423377365445,29,28
zachato01,Tom Zachary,L,776,5,3.8659793814432986,29.39387761737102,27.558142930001615,29,28
melenlu01,Luis Melendez,R,1015,9,5.320197044334976,29.38862229220855,29.897441464903398,29,30
sojolu01,Luis Sojo,R,2944,26,5.298913043478261,29.359524564416425,29.86784089549954,29,30
pettiga01,Gary Pettis,S,4279,26,3.645711614863286,29.34182189131584,26.834609759105525,29,27
taverwi01,Willy Taveras,R,2613,23,5.281285878300803,29.33542616028962,29.84332344651939,29,30
gagliph01,Phil Gagliano,R,1932,17,5.279503105590062,29.33298890070663,29.84084367463216,29,30
niekrjo01,Joe Niekro,R,1137,10,5.277044854881267,29.329628183403017,29.837424297982793,29,30
foliti01,Tim Foli,R,6385,56,5.2623335943617855,29.309516163254333,29.816960277902012,29,30
leeth01,Thornton Lee,L,947,6,3.801478352692714,29.305697139014004,27.457464723089576,29,27
guerrma01,Mario Guerrero,R,2399,21,5.252188411838265,29.295646507757787,29.802846921261185,29,30
dernibo01,Bob Dernier,R,2742,24,5.25164113785558,29.294898319976596,29.80208556505321,29,30
evansal01,Al Evans,R,2631,23,5.24515393386545,29.286029550561132,29.793060528683196,29,30
handlle01,Lee Handley,R,2634,23,5.239179954441914,29.277862419377854,29.784749211465552,29,30
coopewi01,Wilbur Cooper,R,1264,11,5.221518987341772,29.25371780405458,29.76017675616841,29,30
randowi01,Willie Randolph,R,9575,83,5.201044386422977,29.22572662099656,29.731686615756637,29,30
espyce01,Cecil Espy,S,1013,6,3.5538005923000986,29.21616873363917,26.683502134400477,29,27
leema02,Manuel Lee,S,3050,18,3.540983606557377,29.19864640948743,26.662425103841084,29,27
ramosdo01,Domingo Ramos,R,1164,10,5.154639175257732,29.16228524962506,29.667102617063033,29,30
kreevmi01,Mike Kreevich,R,5124,44,5.152224824355972,29.15898454851125,29.663742021496198,29,30
lavalmi01,Mike LaValliere,L,2927,18,3.6897847625555174,29.152998889102427,27.28305018765836,29,27
milleow01,Owen Miller,R,1166,10,5.145797598627787,29.150197776420974,29.65479558964401,29,30
almadme01,Mel Almada,L,2441,15,3.68701351904957,29.149210273901524,27.278721565859975,29,27
hallal02,Albert Hall,S,856,5,3.5046728971962615,29.14900540711944,26.602706811105406,29,27
mccormi02,Mike McCormick,R,2216,19,5.144404332129964,29.148293017556863,29.652856179160853,29,30
garcica01,Carlos Garcia,R,2459,21,5.124034160227734,29.12044460122386,29.624499462150993,29,30
hillech01,Chuck Hiller,L,2458,15,3.661513425549227,29.1143486525202,27.238888247206283,29,27
wiggial01,Alan Wiggins,S,1897,11,3.479177648919346,29.114150409727337,26.560770165301985,29,27
tinkejo01,Joe Tinker,R,4925,42,5.116751269035532,29.110488033993995,29.614360400987696,29,30
mcdonja02,Jason McDonald,S,863,5,3.476245654692932,29.110142029420338,26.555947068522492,29,27
bishoma01,Max Bishop,L,5416,33,3.655834564254062,29.1065849824636,27.230016711566034,29,27
chancfr01,Frank Chance,R,4931,42,5.110525248428311,29.101976332924416,29.6056923704599,29,30
dejesiv01,Ivan de Jesus,R,5290,45,5.103969754253308,29.09301420280935,29.596565320842778,29,30
maddoel01,Elliott Maddox,R,3179,27,5.095942120163573,29.082039484609968,29.585388204568904,29,30
loretma01,Mark Loretta,R,6476,55,5.095738109944411,29.08176057869073,29.585104148648725,29,30
ohkato01,Tomo Ohka,S,521,3,3.45489443378119,29.08095240392174,26.52082259243719,29,27
grossgr01,Greg Gross,L,4130,25,3.631961259079903,29.073947371699887,27.19271908487162,29,27
wertdo01,Don Wert,R,3423,29,5.083260297984225,29.0647019449168,29.567729927813396,29,30
kubekto01,Tony Kubek,L,4638,28,3.622250970245796,29.060672266930826,27.17754731854309,29,27
campabe01,Bert Campaneris,R,8631,73,5.074730622175878,29.053040876751222,29.555852449780193,29,30
dennyjo01,John Denny,R,594,5,5.05050505050505,29.019921676332476,29.522115607827487,29,30
winebo01,Bobby Wine,R,1783,15,5.047672462142456,29.016049195511002,29.518170618705767,29,30
lewisma01,Mark Lewis,R,1427,12,5.045550105115628,29.01314768430265,29.515214739804037,29,30
uribejo01,Jose Uribe,S,3353,19,3.3999403519236506,29.005823722724937,26.43040282848365,29,26
foxan01,Andy Fox,L,2011,12,3.5803083043262056,29.00333171878764,27.112006118278913,29,27
herbera01,Ray Herbert,R,834,7,5.0359712230215825,29.000052227973654,29.501873480111733,29,30
edwarmi01,Mike Edwards,R,835,7,5.029940119760479,28.99180700179841,29.493473133512662,29,29
flynndo01,Doug Flynn,R,3229,27,5.017033137194178,28.974161641423724,29.47549487901624,29,29
parkch01,Chan Ho Park,R,838,7,5.011933174224343,28.96718939333723,29.468390746039105,29,29
kenneju01,Junior Kennedy,R,1200,10,5.0,28.950875343285574,29.451767334795548,29,29
nunezab01,Abraham Nunez,S,2869,16,3.346113628441966,28.932236272773405,26.341815813769692,29,26
dykesji01,Jimmy Dykes,R,6629,55,4.978126414240458,28.920971583717368,29.421293714061303,29,29
magadda01,Dave Magadan,L,5139,30,3.502626970227671,28.897132215726874,26.99058313272489,29,27
scottja01,Jack Scott,L,514,3,3.501945525291829,28.896200600501807,26.989517770150492,29,27
bailobo01,Bob Bailor,R,3148,26,4.955527318932655,28.89007596742598,29.389805529589463,29,29
jayjo01,Joey Jay,S,543,3,3.314917127071823,28.889586993108086,26.290463151649508,29,26
lyonste01,Ted Lyons,S,1815,10,3.3057851239669422,28.87710247281834,26.275429537182134,29,26
stransa01,Sammy Strang,S,2908,16,3.3012379642365888,28.870885971656183,26.267943512878766,29,26
suthega01,Gary Sutherland,R,3157,26,4.941400063351283,28.870762350586556,29.370119519019806,29,29
liebejo01,Jon Lieber,L,690,4,3.4782608695652173,28.86382089567927,26.952487287417632,29,27
suareke01,Ken Suarez,R,852,7,4.929577464788733,28.854599470445528,29.35364383408084,29,29
farretu01,Turk Farrell,R,609,5,4.926108374384237,28.849856816611045,29.34880919345083,29,29
merrill01,Lloyd Merriman,L,866,5,3.464203233256351,28.844602456558274,26.930506446819525,29,27
traynpi01,Pie Traynor,R,7122,58,4.886267902274642,28.795390214191748,29.29327964287041,29,29
lintzla01,Larry Lintz,S,740,4,3.2432432432432434,28.791600379806944,26.17245261989926,29,26
andrero01,Rob Andrews,R,1598,13,4.881101376720901,28.788326967238987,29.286077671952967,29,29
jonesra01,Randy Jones,R,615,5,4.878048780487806,28.78415370983086,29.28182235570462,29,29
collied01,Eddie Collins,L,11609,66,3.4111465242484282,28.77206770678771,26.84753228353693,29,27
brilene01,Nelson Briles,R,617,5,4.862236628849271,28.762536642284058,29.259779101832486,29,29
grosske01,Kevin Gross,R,741,6,4.8582995951417,28.757154255020378,29.254290304930034,29,29
maysca01,Carl Mays,L,1237,7,3.395311236863379,28.750419009959415,26.822763711998224,29,27
curtrgu01,Guy Curtright,R,1367,11,4.828090709583028,28.715855162109833,29.212170824246588,29,29
lucadjo01,Johnny Lucadello,S,754,4,3.183023872679045,28.709273430833104,26.07327178629819,29,26
clarkfr01,Fred Clarke,L,8381,47,3.364753609354492,28.7086431458626,26.7749620037008,29,27
vizquom01,Omar Vizquel,S,11904,63,3.1754032258064515,28.698855111937544,26.060718682727458,29,26
welchbo01,Bob Welch,R,623,5,4.815409309791332,28.698518199870172,29.19448741154136,29,29
alouje01,Jesus Alou,R,4369,35,4.806591897459373,28.68646376209818,29.18219136800073,29,29
mitchcl01,Clarence Mitchell,L,898,5,3.34075723830735,28.675837289603287,26.737419200233607,29,27
smithoz01,Ozzie Smith,S,11022,58,3.1573217201959713,28.674135571101804,26.030932179436885,29,26
gilliji01,Jim Gilliam,S,8392,44,3.1458531935176355,28.65845674879253,26.0120382599658,29,26
bagbyji02,Jim Bagby,R,627,5,4.78468899521531,28.65651992345404,29.1516448204311,29,29
lemasde01,Denny Lemaster,R,753,6,4.780876494023905,28.651307786759375,29.14632740272564,29,29
nettlmo01,Morris Nettles,L,542,3,3.321033210332103,28.6488722278721,26.706557297790162,29,27
youngja03,Jacob Young,R,628,5,4.777070063694268,28.646103949645426,29.141018342430964,29,29
jonessa01,Sad Sam Jones,R,1257,10,4.773269689737471,28.640908392304134,29.135717619862863,29,29
castilu01,Luis Castillo,S,7287,38,3.1288596130094692,28.63522452928789,25.984040213226404,29,26
vanroma01,Maurice Van Robays,R,1385,11,4.765342960288809,28.630071622594734,29.12466114703618,29,29
helmsto01,Tommy Helms,R,5417,43,4.762783828687465,28.62657298926816,29.121091481306337,29,29
landrdo01,Don Landrum,L,1454,8,3.3012379642365888,28.621809802609906,26.67558099914812,29,27
laryly01,Lyn Lary,R,5421,43,4.759269507470947,28.6217684996038,29.116189365746415,29,29
wilsoja01,Jack Wilson,R,507,4,4.733727810650888,28.58685000160043,29.080558523376418,29,29
krameja01,Jack Kramer,R,634,5,4.73186119873817,28.58429812398609,29.077954393221752,29,29
alouma01,Matty Alou,L,6416,35,3.273067331670823,28.583297240820006,26.631493484061494,29,27
smithal03,Al Smith,L,550,3,3.272727272727273,28.582832340323183,26.6309612493672,29,27
darliro01,Ron Darling,R,508,4,4.724409448818897,28.574110707053265,29.067558114630764,29,29
hernaen01,Enzo Hernandez,R,762,6,4.724409448818897,28.574110707053265,29.067558114630764,29,29
candaca01,Casey Candaele,S,1949,10,3.078501795792714,28.56637948143044,25.901059539077583,29,26
febleca01,Carlos Febles,R,1273,10,4.713275726630008,28.55888960178521,29.05202416386014,29,29
bordimi01,Mike Bordick,R,6248,49,4.70550576184379,28.548267147772652,29.041182826095884,29,29
sadecra01,Ray Sadecki,L,1111,6,3.2403240324032403,28.538533306843583,26.58024211600813,29,27
padilvi01,Vicente Padilla,R,639,5,4.694835680751174,28.533679894312037,29.026294246133798,29,29
tebbebi01,Birdie Tebbetts,R,4351,34,4.6885773385428635,28.525124005819396,29.01756121888949,29,29
rodriel01,Ellie Rodriguez,R,2823,22,4.675876726886291,28.507760778705084,28.99983759654181,29,29
moosebo01,Bob Moose,R,514,4,4.669260700389105,28.498715893799442,28.9906044899489,28,29
billija01,Jack Billingham,R,643,5,4.665629860031104,28.493752108789987,28.98553726899336,28,29
stenzja01,Jake Stenzel,R,2444,19,4.6644844517184945,28.49218620116221,28.983938710079485,28,29
saxst01,Steve Sax,R,7464,58,4.662379421221865,28.489308377354675,28.981000853855086,28,29
gardnbi02,Billy Gardner,R,2317,18,4.661199827362969,28.487695734071934,28.97935455559498,28,29
seweljo01,Joe Sewell,L,8065,43,3.1990080595164287,28.482049521646413,26.515560805463497,28,27
claytro01,Royce Clayton,R,8118,63,4.656319290465632,28.48102346718592,28.972542930177873,28,29
vazquja01,Javier Vazquez,R,1031,8,4.655674102812803,28.480141419923136,28.97164244676937,28,29
morrima01,Matt Morris,R,1032,8,4.651162790697675,28.473973926659298,28.965345955315346,28,29
weavebu01,Buck Weaver,S,3587,18,3.0108725954836912,28.473922425323437,25.789588500654624,28,26
klausbi01,Billy Klaus,L,2448,13,3.186274509803922,28.464641264342895,26.49562347132484,28,26
nixonru01,Russ Nixon,L,2078,11,3.176130895091434,28.450773752228088,26.479740404189382,28,26
whitsed01,Ed Whitson,R,518,4,4.633204633204634,28.449423017180465,28.94028001545726,28,29
mcewijo01,Joe McEwing,R,1813,14,4.633204633204634,28.449423017180465,28.94028001545726,28,29
valdeis01,Ismael Valdez,R,518,4,4.633204633204634,28.449423017180465,28.94028001545726,28,29
fellebo01,Bob Feller,R,1426,11,4.628330995792426,28.44276018270059,28.933476986306207,28,29
reynosh01,Shane Reynolds,R,649,5,4.622496147919877,28.434783260680764,28.925331982914926,28,29
lowrepe01,Peanuts Lowrey,R,4555,35,4.610318331503842,28.41813475603346,28.908331847752905,28,29
jeltzst01,Steve Jeltz,S,2025,10,2.962962962962963,28.408424333348457,25.71059963194728,28,26
allenni02,Nick Allen,R,783,6,4.597701149425287,28.400885586946455,28.890717176999004,28,29
colemvi01,Vince Coleman,S,4881,24,2.950215119852489,28.390996535291954,25.689579266482276,28,26
asproke01,Ken Aspromonte,R,915,7,4.590163934426229,28.39058132921645,28.88019400174718,28,29
torboje01,Jeff Torborg,R,1438,11,4.589707927677329,28.389957914458098,28.879557328524513,28,29
grudzma01,Mark Grudzielanek,R,7192,55,4.588431590656285,28.3882130119156,28.877775307920174,28,29
allenjo02,Johnny Allen,R,524,4,4.580152671755725,28.376894757880407,28.866215989227495,28,29
gallaal01,Al Gallagher,R,1577,12,4.565630944831959,28.35704185240724,28.84593898793329,28,29
hutchfr01,Fred Hutchinson,L,969,5,3.0959752321981426,28.341191551232722,26.35420371720937,28,26
brownda01,Darrell Brown,S,618,3,2.9126213592233006,28.33960145121756,25.627582430231847,28,26
corrapa01,Pat Corrales,R,529,4,4.536862003780718,28.31771133267967,28.805763577568122,28,29
shower01,Eric Show,R,529,4,4.536862003780718,28.31771133267967,28.805763577568122,28,29
jordabu01,Buck Jordan,L,3122,16,3.0749519538757206,28.312450261752325,26.321269820460664,28,26
perryga01,Gaylord Perry,R,1589,12,4.531151667715545,28.309904632917508,28.79778843025102,28,29
sanchal03,Alex Sanchez,L,1562,8,3.0729833546734953,28.309758955540502,26.318185751220224,28,26
baumhfr01,Frank Baumholtz,L,3126,16,3.071017274472169,28.307071093098624,26.315105599032858,28,26
kendaja01,Jason Kendall,R,8481,64,4.527767951892465,28.30527869615831,28.79306256171568,28,29
redmomi01,Mike Redmond,R,2920,22,4.52054794520548,28.295408099429366,28.78297844557139,28,29
gallada01,Dave Gallagher,R,2129,16,4.509159229685299,28.279838388342665,28.767071130105734,28,29
terwiwa01,Wayne Terwilliger,R,2532,19,4.502369668246446,28.270556260799744,28.757587267064043,28,29
murraca01,Calvin Murray,R,800,6,4.5,28.26731664612124,28.754277161203742,28,29
eckstda01,David Eckstein,R,5471,41,4.496435752147687,28.262443900884648,28.74929830920652,28,29
lemkema01,Mark Lemke,S,3784,18,2.854122621564482,28.259626809417924,25.531089373853767,28,26
johnsru01,Russ Johnson,R,1070,8,4.4859813084112155,28.248151449004485,28.73469407621534,28,29
backmwa01,Wally Backman,S,3588,17,2.842809364548495,28.244160258964854,25.512425283985795,28,26
uhlege01,George Uhle,R,1607,12,4.4803982576229,28.24051876315836,28.726894548942944,28,29
boydbo01,Bob Boyd,L,2184,11,3.0219780219780223,28.240028678009,26.23826896641368,28,26
maynebr01,Brent Mayne,L,4171,21,3.020858307360345,28.23849789667849,26.236514340772157,28,26
carrach01,Chico Carrasquel,R,4959,37,4.476709013914095,28.235475133912132,28.72174054243458,28,29
jacksda04,Damian Jackson,R,2683,20,4.472605292582929,28.22986486509882,28.71600737464426,28,29
cashda01,Dave Cash,R,6181,46,4.465296877527908,28.219873403752125,28.705796723762617,28,29
percoja01,Jack Perconte,L,1598,8,3.0037546933667083,28.215115248481908,26.209711295855897,28,26
waitked01,Eddie Waitkus,L,4829,24,2.9819838475874922,28.185351946527895,26.17559103509478,28,26
koenima01,Mark Koenig,S,3860,18,2.797927461139896,28.18280142812438,25.43837163850963,28,25
castial01,Alberto Castillo,R,1492,11,4.423592493297587,28.16285861465109,28.647523422169712,28,29
powelja01,Jack Powell,R,951,7,4.416403785488959,28.153030807163166,28.637477350262454,28,29
terreje01,Jerry Terrell,R,1775,13,4.394366197183099,28.122902836861172,28.606677833167737,28,29
alicelu01,Luis Alicea,S,3930,18,2.7480916030534353,28.114669959673087,25.356126258813752,28,25
milleke01,Keith Miller,R,1509,11,4.3737574552683895,28.09472826731434,28.57787192977141,28,29
metzgro01,Roger Metzger,S,4613,21,2.731411229135053,28.09186593034536,25.32859401368089,28,25
fitzged01,Ed FitzGerald,R,1932,14,4.3478260869565215,28.059277042636445,28.54162174659717,28,29
benjami01,Mike Benjamin,R,2210,16,4.343891402714933,28.053897867368576,28.53612089675311,28,29
sharpmi01,Mike Sharperson,R,1385,10,4.332129963898917,28.03781859978087,28.51967722417204,28,29
perezne01,Neifi Perez,S,5365,24,2.684063373718546,28.027135853621296,25.25043124288859,28,25
huffmi01,Mike Huff,R,972,7,4.320987654320988,28.02258575454389,28.504098190098276,28,29
shirear01,Art Shires,L,841,4,2.853745541022592,28.010035127003768,25.974537279707913,28,26
brinked01,Ed Brinkman,R,5015,36,4.307078763708874,28.00357066825225,28.484649638592032,28,28
schofdi01,Dick Schofield,S,3831,17,2.662490211433046,27.99764280821011,25.21481221228159,28,25
harrile01,Lenny Harris,L,4654,22,2.8362698753760203,27.986143840520867,25.947129051836498,28,26
conceon01,Onix Concepcion,R,1118,8,4.293381037567084,27.98484426858106,28.46549492267168,28,28
oquenjo01,José Oquendo,S,3422,15,2.630040911747516,27.953280806176238,25.161229163896554,28,25
blassst01,Steve Blass,R,704,5,4.261363636363636,27.941072722474626,28.420716677288603,28,28
ausmubr01,Brad Ausmus,R,7187,51,4.257687491303743,27.936047000619173,28.415574872287543,28,28
youngro01,Ross Youngs,L,4932,23,2.798053527980535,27.93389760724879,25.88718379889562,28,26
suttodo01,Don Sutton,R,1700,12,4.235294117647059,27.90543262997542,28.384251166310083,28,28
martipe02,Pedro Martinez,R,850,6,4.235294117647059,27.90543262997542,28.384251166310083,28,28
knoblch01,Chuck Knoblauch,R,7517,53,4.230411068245311,27.89875692820092,28.377420284100708,28,28
friaspe01,Pepe Frias,R,1419,10,4.2283298097251585,27.895911603475927,28.37450876332044,28,28
snyderu01,Russ Snyder,L,3688,17,2.7657266811279824,27.889703012612866,25.836468041225753,28,26
tuttlbi01,Bill Tuttle,R,4264,30,4.221388367729831,27.886421837382393,28.364797982077672,28,28
darrmi02,Mike Darr,L,652,3,2.7607361963190185,27.8828804340244,25.828638047296618,28,26
flintsi01,Silver Flint,R,1565,11,4.217252396166135,27.880767478715214,28.359011760806474,28,28
busbyji01,Jim Busby,R,4842,34,4.2131350681536555,27.875138607971195,28.353251493175723,28,28
wilsore01,Red Wilson,R,1852,13,4.211663066954643,27.873126209527555,28.35119208738984,28,28
mcmilro01,Roy McMillan,R,7560,53,4.2063492063492065,27.865861538262823,28.34375758511317,28,28
polonlu01,Luis Polonia,L,5463,25,2.7457440966501925,27.86238447378964,25.80511453904973,28,26
greenle01,Lenny Green,L,3067,14,2.7388327355722204,27.852935831841457,25.794269623610262,28,26
nolanga01,Gary Nolan,R,573,4,4.18848167539267,27.841434525898435,28.31875795798175,28,28
husonje01,Jeff Huson,L,1543,7,2.7219701879455607,27.829882749668354,25.76780835317217,28,26
wilkecu01,Curt Wilkerson,S,1890,8,2.53968253968254,27.82975030400299,25.011979702488006,28,25
santara01,Rafael Santana,R,2161,15,4.164738546968996,27.808974882034654,28.28553365843987,28,28
spangal01,Al Spangler,L,2670,12,2.6966292134831464,27.79523866269155,25.728038403739994,28,26
sizemte01,Ted Sizemore,R,5636,39,4.151880766501065,27.791396786704485,28.267539691837094,28,28
michage01,Gene Michael,S,2869,12,2.5095852213314744,27.7886037365626,24.96225272221747,28,25
culbele01,Leon Culberson,R,723,5,4.149377593360995,27.78797465516368,28.264036452216928,28,28
johnsra05,Randy Johnson,R,1157,8,4.14866032843561,27.786994069807843,28.263032617220848,28,28
brownto05,Tom Browning,L,671,3,2.682563338301043,27.776008960063642,25.705961417978862,28,26
moranbi02,Billy Moran,R,1742,12,4.133180252583237,27.765830988844538,28.241366811003182,28,28
salmoch01,Chico Salmon,R,1597,11,4.132748904195366,27.765241284960464,28.240763072818577,28,28
roberbi01,Bip Roberts,S,4574,19,2.4923480542195016,27.76503850557487,24.933770275856958,28,25
hockide01,Denny Hocking,S,2662,11,2.479338842975207,27.7472533865963,24.91227255284507,28,25
offerjo01,Jose Offerman,S,5833,24,2.46871249785702,27.73272592534709,24.894711565328354,28,25
hemslro01,Rollie Hemsley,R,3221,22,4.098106178205526,27.71788061167279,28.192270666913963,28,28
strawmy01,Myles Straw,R,2203,15,4.0853381752156155,27.700425252694444,28.174395901771824,28,28
kessido01,Don Kessinger,S,6922,28,2.4270442068766256,27.67576047995584,24.82584272955496,28,25
cabrejo02,Jolbert Cabrera,R,1623,11,4.066543438077634,27.674730640631275,28.148081669798668,28,28
davalvi01,Vic Davalillo,L,4604,20,2.6064291920069507,27.671924644362623,25.5864396529395,28,26
gatesbr01,Brent Gates,S,2728,11,2.4193548387096775,27.66524821098341,24.81313239986423,28,25
berarjo01,Johnny Berardino,R,1331,9,4.05709992486852,27.66182024945952,28.13485893762213,28,28
rollsda01,Damian Rolls,R,740,5,4.054054054054054,27.65765618648819,28.13059398945783,28,28
kingsge01,Gene Kingsale,S,504,2,2.380952380952381,27.612747542998438,24.74964741307983,28,25
hamilda02,Darryl Hamilton,L,4919,21,2.5614962390729823,27.610496022828045,25.515879538054744,28,26
kellge01,George Kell,R,7626,51,4.012588512981904,27.6009679240232,28.072525318364775,28,28
bresnro01,Roger Bresnahan,R,4039,27,4.0108937855904925,27.59865103272776,28.07015173177549,28,28
harrebu01,Bud Harrelson,S,5609,22,2.353360670351221,27.575026435496312,24.704027307764385,28,25
garcima01,Maikel Garcia,R,1206,8,3.9800995024875623,27.55655163265186,28.027018353466815,28,28
johnto01,Tommy John,R,603,4,3.9800995024875623,27.55655163265186,28.027018353466815,28,28
klippjo01,Johnny Klippstein,R,603,4,3.9800995024875623,27.55655163265186,28.027018353466815,28,28
lucasre01,Red Lucas,L,1667,7,2.519496100779844,27.553076903203284,25.449911120310425,28,25
hoeftbi01,Billy Hoeft,L,716,3,2.5139664804469275,27.545517263062123,25.441224908373368,28,25
tomkobr01,Brett Tomko,R,756,5,3.968253968253968,27.540357396755997,28.010424468032756,28,28
mccraqu01,Quinton McCracken,S,2592,10,2.314814814814815,27.52232972591321,24.640285977439717,28,25
mostijo01,Johnny Mostil,R,3037,20,3.9512676983865656,27.517135171755513,27.98662729876037,28,28
o'conda02,Danny O Connell,R,4717,31,3.943184227263091,27.506084117776055,27.975301871421003,28,28
critzhu01,Hughie Critz,R,6135,40,3.9119804400977993,27.463424877573456,27.9315788540944,27,28
tayloto02,Tony Taylor,R,8136,53,3.9085545722713864,27.458741314077294,27.92677804914113,27,28
wilsodo01,Don Wilson,R,769,5,3.9011703511053315,27.448646216877613,27.916429943827392,27,28
wallabo01,Bobby Wallace,R,7715,50,3.8885288399222295,27.431363787048593,27.89871341494695,27,28
dunwoto01,Todd Dunwoody,L,741,3,2.42914979757085,27.429562900572975,25.30796148564729,27,25
brownla01,Larry Brown,R,4177,27,3.878381613598276,27.417491337436925,27.884491642343278,27,28
cuylemi01,Milt Cuyler,S,1611,6,2.2346368715083798,27.412717064977485,24.507663726016446,27,25
gilleca01,Carden Gillenwater,R,930,6,3.870967741935484,27.407355704527404,27.874100290450105,27,28
barreji01,Jimmy Barrett,L,3508,14,2.394526795895097,27.382229192738187,25.253546390742294,27,25
brechha01,Harry Brecheen,L,502,2,2.3904382470119523,27.376639666442475,25.24712004077274,27,25
penaro01,Roberto Pena,R,1093,7,3.8426349496797805,27.368621451404728,27.83438494864163,27,28
gelbech01,Charlie Gelbert,R,2813,18,3.8393174546747244,27.36408604627772,27.829734269959413,27,28
cedenro01,Roger Cedeno,S,1913,7,2.195504443282802,27.359218441667977,24.442917138515995,27,24
robincr01,Craig Robinson,R,783,5,3.831417624521073,27.35328605106242,27.818659442471933,27,28
pattejo01,John Patterson,S,550,2,2.1818181818181817,27.340507715556367,24.42026978738898,27,24
brownad01,Adrian Brown,S,833,3,2.1608643457382954,27.311861361773644,24.385593663398843,27,24
dressch01,Chuck Dressen,R,1737,11,3.7996545768566494,27.3098622361035,27.774125832010327,27,28
alomasa01,Sandy Alomar,S,5292,19,2.1541950113378685,27.302743598706222,24.374556005040166,27,24
stroued01,Ed Stroud,L,1028,4,2.3346303501945527,27.30034371996251,25.159388956511084,27,25
grimeos01,Oscar Grimes,R,2375,15,3.789473684210526,27.29594376067719,27.759850020941748,27,28
coleal01,Alex Cole,L,2064,8,2.3255813953488373,27.287972736392437,25.14516160361953,27,25
vizcajo01,Jose Vizcaino,S,5625,20,2.1333333333333333,27.27422323583134,24.340028034887908,27,24
purkebo01,Bob Purkey,R,636,4,3.7735849056603774,27.27422193514664,27.737568952182293,27,28
witekmi01,Mickey Witek,R,2234,14,3.7600716204118174,27.255747687828812,27.718617568268712,27,28
hassebu01,Buddy Hassett,L,3651,14,2.3007395234182413,27.254010981168435,25.10610041563033,27,25
rodgebu01,Buck Rodgers,S,3400,12,2.1176470588235294,27.25277825709677,24.31406365629088,27,24
lordha01,Harry Lord,L,2348,9,2.299829642248722,27.25276706679481,25.10466963603459,27,25
warnelo01,Lon Warneke,R,1282,8,3.74414976599064,27.233980643699653,27.696286569452123,27,28
adamsbo03,Bobby Adams,R,4979,31,3.7356898975697934,27.22241501042778,27.684420505210284,27,28
smilejo01,John Smiley,L,527,2,2.2770398481973433,27.221610742934004,25.068830853691566,27,25
bowmajo01,Joe Bowman,L,528,2,2.272727272727273,27.215714945994513,25.06204853966101,27,25
cangejo01,John Cangelosi,S,2302,8,2.0851433536055604,27.208341876313156,24.260256645252177,27,24
bluelu01,Lu Blue,S,6371,22,2.07188824360383,27.19022058486605,24.23831168552605,27,24
turneji01,Jim Turner,L,536,2,2.2388059701492535,27.16934054320182,25.00869617352398,27,25
douthta01,Taylor Douthit,R,3246,20,3.696857670979667,27.169326797995907,27.629946309899125,27,28
mccosba01,Barney McCosky,L,4560,17,2.236842105263158,27.166655709355926,25.005607085471325,27,25
peckiro01,Roger Peckinpaugh,R,6501,40,3.691739732348869,27.162329975070637,27.622765968006973,27,28
youngbo01,Bobby Young,L,1350,5,2.2222222222222223,27.146668612947614,24.982609623009434,27,25
phillbu02,Bubba Phillips,R,1631,10,3.678724708767627,27.144536909945124,27.604505316719944,27,28
espinal01,Alvaro Espinoza,R,2618,16,3.6669213139801373,27.128400283619015,27.58794352474068,27,28
orsater01,Ernie Orsatti,L,1909,7,2.2001047668936615,27.11643145504965,24.947815204411725,27,25
atwelto01,Toby Atwell,L,1365,5,2.197802197802198,27.113283572793065,24.94419266914334,27,25
rominke01,Kevin Romine,R,657,4,3.65296803652968,27.109324515308604,27.56836378979536,27,28
crespcr01,Frank Crespi,R,988,6,3.6437246963562755,27.096687784175845,27.55539239437094,27,28
taverfr01,Frank Taveras,R,4450,27,3.640449438202247,27.092210121782557,27.550795992753493,27,28
huntro01,Ron Hunt,R,6271,38,3.6357837665444106,27.0858316009029,27.544248185148597,27,28
perryji01,Jim Perry,S,1218,4,1.9704433497536946,27.051533505917703,24.070316993099638,27,24
tovarce01,Cesar Tovar,R,6036,36,3.5785288270377733,27.007557377192143,27.463883129478752,27,27
walkbo01,Bob Walk,R,504,3,3.571428571428571,26.997850494244624,27.453915229641602,27,27
phillja02,Jack Phillips,R,1008,6,3.571428571428571,26.997850494244624,27.453915229641602,27,27
reynoha01,Harold Reynolds,S,5304,17,1.923076923076923,26.986778040100695,23.99185059042714,27,24
pearsmo01,Monte Pearson,R,677,4,3.5450516986706058,26.961790212689213,27.416881947897533,27,27
haddiha01,Harvey Haddix,L,1150,4,2.0869565217391304,26.961744520961126,24.769756329838785,27,25
blankla02,Lance Blankenship,R,1017,6,3.5398230088495577,26.95464197988531,27.409540211423337,27,27
reesepo01,Pokey Reese,R,2545,15,3.536345776031434,26.94988819441552,27.404657625680485,27,27
harmote01,Terry Harmon,R,1532,9,3.524804177545692,26.934109474367308,27.388450736602728,27,27
khalisa01,Sam Khalifa,R,511,3,3.522504892367906,26.930966081606233,27.385221924692203,27,27
stricge01,George Strickland,R,1364,8,3.5190615835777126,26.926258674265114,27.380386522499226,27,27
grohhe01,Heinie Groh,R,5970,35,3.517587939698492,26.924244030084786,27.37831707251558,27,27
suttoez01,Ezra Sutton,R,7200,42,3.5,26.900199251792575,27.353616917488807,27,27
barrema02,Marty Barrett,R,3773,22,3.498542274052478,26.898206369293554,27.351569610839793,27,27
fletcsc01,Scott Fletcher,R,6015,35,3.491271820448878,26.88826680570741,27.341358364819797,27,27
hermabi01,Billy Herman,R,8594,50,3.490807540144287,26.88763208002716,27.340706276307237,27,27
hunteca01,Catfish Hunter,R,688,4,3.488372093023256,26.884302537905032,27.337285628284064,27,27
ripkebi01,Billy Ripken,R,2581,15,3.487020534676482,26.88245479897971,27.335387310497165,27,27
jacksso01,Sonny Jackson,L,3552,12,2.027027027027027,26.879813866306883,24.675407341779945,27,25
madrini01,Nick Madrigal,R,1034,6,3.481624758220503,26.875078139130828,27.32780858866873,27,27
kollodo01,Don Kolloway,R,3629,21,3.4720308624965557,26.861962157407245,27.314332788513525,27,27
hillje01,Jesse Hill,R,692,4,3.468208092485549,26.85673598203068,27.30896304618758,27,27
durocle01,Leo Durocher,R,3288,19,3.4671532846715327,26.855293935920464,27.307481366509652,27,27
mclemma01,Mark McLemore,S,6915,21,1.822125813449024,26.848766022151615,23.82456003331095,27,24
rosarbu01,Buddy Rosar,R,3646,21,3.455842018650576,26.839830107391336,27.29159199646963,27,27
glanvdo01,Doug Glanville,R,4032,23,3.4226190476190474,26.794410405802857,27.24491680989838,27,27
nixonwi01,Willard Nixon,L,614,2,1.9543973941368078,26.780520631838957,24.561027649323705,27,25
belanma01,Mark Belanger,R,6683,38,3.411641478377974,26.779402779945936,27.22949250805297,27,27
mclisca01,Cal McLish,S,681,2,1.7621145374449338,26.766723562870567,23.72507611176065,27,24
marioma01,Marty Marion,R,6193,35,3.3909252381721298,26.75108124761544,27.20038216246037,27,27
gutieri01,Ricky Gutierrez,R,2302,13,3.388357949609036,26.74757146276457,27.196774396495062,27,27
smithbr01,Bryn Smith,R,532,3,3.3834586466165413,26.740873540423443,27.18988935269455,27,27
youngge02,Gerald Young,S,2077,6,1.7332691381800673,26.727288515789212,23.67724783572243,27,24
roweja01,Jack Rowe,L,3767,12,1.9113352800637111,26.72164966665306,24.493193057644337,27,24
millafe01,Felix Millan,R,6244,35,3.3632286995515694,26.713216827904574,27.161458063011587,27,27
garvene01,Ned Garver,R,1250,7,3.36,26.708802816586562,27.156920142377786,27,27
koppejo01,Joe Koppe,R,2144,12,3.3582089552238803,26.706354248119105,27.154402804101867,27,27
roberro01,Robin Roberts,S,2445,7,1.7177914110429449,26.70612864579538,23.65158176917002,27,24
frencji01,Jim French,L,948,3,1.8987341772151898,26.704422479761124,24.473340222796892,27,24
clinege01,Gene Clines,R,2683,15,3.354453969437197,26.701220741734673,27.14912504063742,27,27
quilifr01,Frank Quilici,R,537,3,3.35195530726257,26.697804777213193,27.14561302465092,27,27
randabo01,Bob Randall,R,1432,8,3.35195530726257,26.697804777213193,27.14561302465092,27,27
smoltjo01,John Smoltz,R,1433,8,3.349616189811584,26.69460692905857,27.142325215265412,27,27
tucketh01,Thurman Tucker,L,2550,8,1.8823529411764706,26.68202740703199,24.447530051162374,27,24
carrch02,Chuck Carr,S,2118,6,1.6997167138810199,26.681418412908087,23.621606959630245,27,24
weisswa01,Walt Weiss,S,5683,16,1.6892486362836532,26.667107321939547,23.604245723702093,27,24
nashbi01,Billy Nash,R,4325,24,3.3294797687861273,26.667078077615145,27.114020213899142,27,27
finigji01,Jim Finigan,R,1805,10,3.3240997229916895,26.65972292342728,27.10645716827406,27,27
wanerll01,Lloyd Waner,L,7414,23,1.8613434043701107,26.653304903817222,24.414424583574554,27,24
stockke01,Kevin Stocker,S,3231,9,1.6713091922005572,26.64258199588896,23.574491347258316,27,24
dazayo01,Yonathan Daza,R,1088,6,3.308823529411765,26.638838573465037,27.084981332971296,27,27
myattge01,George Myatt,L,1621,5,1.850709438618137,26.638767024267004,24.39766699479015,27,24
stripjo01,Joe Stripp,R,3628,20,3.3076074972436604,26.637176114735958,27.083271714242628,27,27
jonesfi01,Fielder Jones,L,8147,25,1.8411685282926231,26.625723479803266,24.38263117406552,27,24
cramedo01,Doc Cramer,L,7865,24,1.8308963763509218,26.611680242206578,24.36644219601527,27,24
howariv01,Ivan Howard,S,730,2,1.643835616438356,26.605022392580047,23.528918927932935,27,24
bancrda01,Dave Bancroft,S,7318,20,1.6397922929762232,26.599494694744067,23.522211490542478,27,24
buddido01,Don Buddin,R,2928,16,3.278688524590164,26.597640484195246,27.042611251989346,27,27
rueteki01,Kirk Rueter,L,663,2,1.8099547511312217,26.583050582103215,24.3334355837383,27,24
gipsoch01,Charles Gipson,R,552,3,3.260869565217391,26.573279874887895,27.017554403278105,27,27
causewa01,Wayne Causey,L,2666,8,1.800450112528132,26.570056625342122,24.318453992525345,27,24
bordafr01,Frenchy Bordagaray,R,921,5,3.2573289902280127,26.56843949323399,27.012575394534167,27,27
desseel01,Elmer Dessens,R,553,3,3.2549728752260396,26.565218407431754,27.009262005184908,27,27
glavito02,Tom Glavine,L,2010,6,1.791044776119403,26.55719842633824,24.30362825193558,27,24
trachst01,Steve Trachsel,R,1108,6,3.2490974729241877,26.557186042746213,27.00099928164395,27,27
clarkho01,Horace Clarke,S,4855,13,1.6065911431513904,26.55410482530683,23.467129682694612,27,23
walkeha01,Harry Walker,L,3057,9,1.7664376840039253,26.52355764268332,24.2648366387774,27,24
blasido01,Don Blasingame,L,4761,14,1.7643352236925016,26.520683332620685,24.261522022847416,27,24
schmijo01,Johnny Schmitz,R,559,3,3.220035778175313,26.517455294346355,26.960125257045306,27,27
casege01,George Case,R,5412,29,3.215077605321508,26.51067688999383,26.95315116131807,27,27
willsma01,Maury Wills,S,8020,21,1.571072319201995,26.50554642325951,23.408193534139212,27,23
stirnsn01,Snuffy Stirnweiss,R,4488,24,3.2085561497326203,26.50176129462192,26.943977890752706,27,27
newhoha01,Hal Newhouser,L,1036,3,1.7374517374517373,26.48393045096074,24.219136140482643,26,24
peterfr01,Fritz Peterson,S,777,2,1.5444015444015444,26.469084343109593,23.36393261412056,26,23
osikke01,Keith Osik,R,1509,8,3.1809145129224654,26.46397193213104,26.90509277850654,26,27
corajo01,Joey Cora,S,4298,11,1.5355979525360632,26.457048799537723,23.34932161694554,26,23
griffmi01,Mike Griffin,L,4555,13,1.712403951701427,26.449687187372074,24.179639592135405,26,24
conlege01,Gene Conley,R,757,4,3.1704095112285335,26.449610361587816,26.890313258886057,26,27
womacto01,Tony Womack,L,5256,15,1.7123287671232876,26.449584401227515,24.17952103033894,26,24
younger01,Eric Young Sr,R,6847,36,3.154666277201694,26.428087512506735,26.868162489128444,26,27
maranra01,Rabbit Maranville,R,8563,45,3.1531005488730584,26.425946978073867,26.86595940282234,26,27
ricesa01,Sam Rice,L,9624,27,1.6832917705735662,26.40988741816533,24.133728140089893,26,24
johnsla03,Lance Johnson,L,5387,15,1.670688695006497,26.39265753433555,24.11385043142296,26,24
adairje01,Jerry Adair,R,3867,20,3.1031807602792862,26.357700766766108,26.795709131123022,26,27
kuennha01,Harvey Kuenn,R,6961,36,3.1030024421778477,26.35745698498791,26.79545815682858,26,27
vinafe01,Fernando Vina,L,4796,13,1.6263552960800667,26.332048573513518,24.043917751529236,26,24
newmaal01,Al Newman,S,1250,3,1.44,26.326355175763464,23.190623423661066,26,23
miranwi01,Willy Miranda,S,1262,3,1.4263074484944533,26.30763585042749,23.16788732069154,26,23
hodgira01,Ralph Hodgin,L,1894,5,1.583949313621964,26.27407461727145,23.977011501394706,26,24
guilloz01,Ozzie Guillen,L,7213,19,1.5804796894496047,26.269331233713633,23.971536681850473,26,24
grebecr01,Craig Grebeck,R,2379,12,3.0264817150063053,26.252844167845016,26.68773662849213,26,27
applilu01,Luke Appling,R,9365,47,3.011211959423385,26.23196861938046,26.66623542753766,26,27
brownji03,Jimmy Brown,S,3511,8,1.3671318712617488,26.226735889473222,23.069611583932648,26,23
goodwto01,Tom Goodwin,L,4260,11,1.5492957746478873,26.22669916136494,23.922326595923778,26,24
griffdo01,Doug Griffin,R,1803,9,2.995008319467554,26.2098163413454,26.643417301572455,26,27
moranmi01,Mickey Morandini,L,4715,12,1.5270413573700954,26.196274760403824,23.88720328892706,26,24
runnepe01,Pete Runnels,L,7123,18,1.5162150779166081,26.181473965447097,23.870115224470787,26,24
turlebo01,Bob Turley,R,606,3,2.9702970297029703,26.176033107271945,26.608614790565028,26,27
engliwo01,Woody English,R,5284,26,2.952308856926571,26.15144116337714,26.583277972532592,26,27
lauch01,Charlie Lau,L,805,2,1.4906832298136647,26.146568931796207,23.829812558815107,26,24
maricju01,Juan Marichal,R,1833,9,2.9459901800327333,26.14280279028643,26.57437736711342,26,27
heisebo01,Bob Heise,R,1430,7,2.9370629370629375,26.130598201139023,26.56180177178636,26,27
watwojo01,Johnny Watwood,L,1650,4,1.4545454545454546,26.097164350634696,23.772759731027364,26,24
verasqu01,Quilvio Veras,S,3302,7,1.2719563900666264,26.09661983361777,22.911493442636306,26,23
beckegl01,Glenn Beckert,R,4335,21,2.9065743944636675,26.088916784223834,26.518848734855847,26,27
gardnla01,Larry Gardner,L,6953,16,1.380698978858047,25.99620754921257,23.656143209118465,26,24
nixonot01,Otis Nixon,S,5008,10,1.1980830670926517,25.995626328803187,22.78871798607671,26,23
stanked01,Eddie Stanky,R,5515,26,2.8286491387126023,25.98238381162904,26.409033655943638,26,26
bergda01,Dave Berg,R,1697,8,2.8285209192692986,25.98220852059781,26.408852926586803,26,26
jurgebi01,Billy Jurges,R,6588,31,2.8233151183970855,25.975091579673997,26.401515080618047,26,26
kenneje01,Jerry Kenney,L,1770,4,1.3559322033898304,25.96234845966854,23.617022883755723,26,24
ashburi01,Richie Ashburn,L,9777,22,1.350107394906413,25.95438526267223,23.607821640972546,26,24
diazma01,Mario Diaz,R,857,4,2.800466744457409,25.94385517022894,26.36930668691709,26,26
ferreri01,Rick Ferrell,R,6645,31,2.799097065462754,25.941982658250698,26.3673757823244,26,26
whitejo01,Jo Jo White,L,896,2,1.3392857142857142,25.9395907548598,23.59072633487493,26,24
kerrbu01,Buddy Kerr,R,3437,16,2.7931335466977014,25.93382982801559,26.358968547762256,26,26
mooreed01,Eddie Moore,R,1290,6,2.7906976744186047,25.930499704652473,26.35553443236269,26,26
burnsge01,George Burns,R,6239,29,2.7889084789229046,25.92805366436845,26.353011979283597,26,26
mullige01,George Mullin,R,1076,5,2.788104089219331,25.926953969212875,26.351877922427466,26,26
metzlal01,Alex Metzler,L,1807,4,1.3281682346430548,25.924391855059227,23.573162823356,26,24
kammwi01,Willie Kamm,R,6679,31,2.7848480311423867,25.922502555578937,26.34728736732746,26,26
lushbi01,Billy Lush,S,1049,2,1.1439466158245948,25.9216154446074,22.698718433183327,26,23
hayesja02,Jackie Hayes,R,2821,13,2.7649769585253456,25.895336466560213,26.31927038553819,26,26
hulseda01,David Hulse,L,921,2,1.3029315960912053,25.889890407520607,23.533290241739063,26,24
stewaji01,Jimmy Stewart,S,1088,2,1.1029411764705883,25.865556195204448,22.63053385758196,26,23
listapa01,Pat Listach,S,1099,2,1.091901728844404,25.850463974330914,22.612175091680655,26,23
podrejo01,Johnny Podres,L,946,2,1.2684989429175477,25.842816928434015,23.47888065354906,26,23
hamilbi01,Billy Hamilton,L,7150,15,1.2587412587412588,25.829477028668244,23.463460180563263,26,23
lumpeje01,Jerry Lumpe,L,4309,9,1.2531909955906242,25.82188916737191,23.454688547798145,26,23
chacoel01,Elio Chacon,R,664,3,2.710843373493976,25.821329500846456,26.242930213465932,26,26
prattde01,Del Pratt,R,6212,28,2.7044430135222153,25.8125794573991,26.233902841653105,26,26
maddugr01,Greg Maddux,R,2227,10,2.6942074539739562,25.798586245899987,26.219465477356675,26,26
ordonre01,Rey Ordóñez,R,2011,9,2.6852312282446547,25.786314691570038,26.206803763648555,26,26
fullich01,Chick Fullis,R,672,3,2.6785714285714284,25.777209963594025,26.1974091674379,26,26
tracedi01,Dick Tracewski,R,1570,7,2.6751592356687897,25.772545095324023,26.192595653103066,26,26
moutoja01,James Mouton,R,1125,5,2.6666666666666665,25.760934756518687,26.180614967925944,26,26
donaljo01,John Donaldson,L,1491,3,1.2072434607645877,25.759073493284713,23.38206412973687,26,23
goodmbi01,Billy Goodman,L,6461,13,1.2072434607645877,25.759073493284713,23.38206412973687,26,23
martira02,Ramon Martinez,L,501,1,1.1976047904191616,25.74589629939728,23.366827272210998,26,23
peskyjo01,Johnny Pesky,L,5577,11,1.183431952662722,25.726520366373457,23.344421502635274,26,23
jacksal01,Al Jackson,L,511,1,1.1741682974559686,25.71385586220524,23.329775813533647,26,23
cooneji01,Jimmy Cooney,S,1213,2,0.989282769991756,25.71017181069556,22.4414740689723,26,22
dierich01,Chuck Diering,R,2056,9,2.6264591439688716,25.705966352855665,26.123885768567852,26,26
kellnal01,Alex Kellner,R,914,4,2.62582056892779,25.705093345809416,26.12298469783396,26,26
fonvich01,Chad Fonville,S,610,1,0.9836065573770492,25.702411761696087,22.432029672246045,26,22
toporsp01,George Toporcer,L,519,1,1.1560693641618498,25.689112495680057,23.301159817379247,26,23
wehmehe01,Herm Wehmeier,R,689,3,2.6124818577648763,25.686857761760674,26.104162206665425,26,26
astrojo01,Joe Astroth,R,1840,8,2.608695652173913,25.681681574238763,26.098819179493606,26,26
huggimi01,Miller Huggins,S,5613,9,0.9620523784072689,25.672944668706027,22.396164413791094,26,22
rixeyep01,Eppa Rixey,R,1384,6,2.6011560693641615,25.67137407943357,26.088179128631072,26,26
astacpe01,Pedro Astacio,R,693,3,2.5974025974025974,25.66624264262579,26.082881973106,26,26
pearsal02,Albie Pearson,L,2652,5,1.1312217194570136,25.655142848395975,23.261869477601053,26,23
carusmi01,Mike Caruso,L,1062,2,1.1299435028248588,25.653395376204436,23.25984817101816,26,23
wolteha01,Harry Wolter,L,1069,2,1.1225444340505144,25.643279980581195,23.24814741795557,26,23
fernasi01,Sid Fernandez,L,535,1,1.1214953271028039,25.641845728224467,23.246488345709558,26,23
virtuja01,Jake Virtue,S,1941,3,0.9273570324574961,25.62551205775584,22.33842540944786,26,22
eversjo01,Johnny Evers,L,4488,8,1.06951871657754,25.570787599877136,23.164281378274538,26,23
owenser01,Eric Owens,R,2614,11,2.5248661055853097,25.5670767429388,25.980492576380637,26,26
espossa01,Sammy Esposito,R,713,3,2.524544179523142,25.56663663221952,25.980038070561854,26,26
bushdo01,Donie Bush,S,6825,10,0.8791208791208791,25.559567573493847,22.258137032463267,26,22
diazei01,Einar Díaz,R,2144,9,2.5186567164179103,25.55858777899989,25.971725817788673,26,26
jonesti02,Tim Jones,L,566,1,1.0600706713780919,25.557871012942567,23.14933601427147,26,23
alexama02,Manny Alexander,R,957,4,2.5078369905956115,25.543795943626357,25.95644923358097,26,26
racklma01,Marv Rackley,L,572,1,1.048951048951049,25.542669183704188,23.131745604470566,26,23
rojekst01,Stan Rojek,R,1438,6,2.5034770514603615,25.537835394996343,25.95029309895018,26,26
foxne01,Nellie Fox,L,10350,18,1.0434782608695652,25.535187239922518,23.1230877197982,26,23
sanfoja02,Jack Sanford,R,720,3,2.5,25.53308185746391,25.945383478398778,26,26
shautjo01,Joe Shaute,L,577,1,1.0398613518197573,25.53024250064682,23.117365688857575,26,23
reachal01,Al Reach,L,578,1,1.0380622837370244,25.527782963377334,23.114519486053013,26,23
stottme01,Mel Stottlemyre,R,1202,5,2.4958402662229617,25.527395013061543,25.939509785436982,26,26
strunam01,Amos Strunk,L,4103,7,1.0236412381184499,25.508067701067773,23.091703888154754,26,23
jamiech01,Charlie Jamieson,L,7073,12,1.0179556058249681,25.500294774261597,23.082708192126226,26,23
childcu01,Cupid Childs,L,4721,8,1.016733742851091,25.498624344136523,23.08077495250733,25,23
fordwh01,Whitey Ford,L,1183,2,1.0143702451394758,25.49539316530352,23.077035378823858,25,23
bigbeca01,Carson Bigbee,L,1185,2,1.0126582278481013,25.49305263668509,23.074326564162593,25,23
simmocu01,Curt Simmons,L,1197,2,1.0025062656641603,25.479173712596857,23.058263312384,25,23
rathmo01,Morrie Rath,L,1214,2,0.9884678747940692,25.45998158424997,23.036049354384556,25,23
bassljo01,Johnny Bassler,L,2431,4,0.9872480460715756,25.45831393518535,23.03411906097325,25,23
saverbo01,Bob Saverine,S,749,1,0.8010680907877169,25.452860248887728,22.128181974108998,25,22
bertedi01,Dick Bertell,R,984,4,2.439024390243903,25.44972104073655,25.859270617003627,25,26
reedro01,Ron Reed,R,740,3,2.4324324324324325,25.440709060549807,25.84995943191414,25,26
bakerfl01,Floyd Baker,L,1860,3,0.967741935483871,25.431646792105198,23.003250478003995,25,23
rizzuph01,Phil Rizzuto,R,6680,27,2.4251497005988023,25.43075271118182,25.839672141217026,25,26
richbla01,Lance Richbourg,L,1246,2,0.9630818619582664,25.425275924529494,22.99587544628482,25,23
keelewi01,Willie Keeler,L,7041,11,0.9373668512995313,25.39012048616259,22.955175916266587,25,23
martife01,Felix Martinez,S,797,1,0.7528230865746549,25.38690366443859,22.04783272130766,25,22
brownke01,Kevin Brown,R,753,3,2.3904382470119523,25.383298079200806,25.79063463443823,25,26
mcgrajo01,John McGraw,L,4541,7,0.9249064082801146,25.373085597769705,22.935452786463465,25,23
shottbu01,Burt Shotton,L,3245,5,0.9244992295839753,25.372528936691612,22.934808259982788,25,23
portedi01,Dick Porter,L,1303,2,0.920951650038373,25.367678978987055,22.92919271424669,25,23
rebouje01,Jeff Reboulet,R,2776,11,2.377521613832853,25.365639525305497,25.772384740476777,25,26
reynoal01,Allie Reynolds,R,505,2,2.376237623762376,25.363884160146004,25.770570523559023,25,26
lappja01,Jack Lapp,L,658,1,0.9118541033434651,25.35524156465473,22.91479156150251,25,23
martima01,Marty Martinez,S,825,1,0.7272727272727273,25.351973323805577,22.005272942044954,25,22
thomaro01,Roy Thomas,L,5322,8,0.9019165727170236,25.341655793678648,22.89906002226082,25,23
holtzke01,Ken Holtzman,R,769,3,2.340702210663199,25.315303078783465,25.72035572014944,25,26
holloch01,Charlie Hollocher,L,3439,5,0.8723466123873219,25.301230186562304,22.85224507709933,25,23
liponjo01,Johnny Lipon,R,2340,9,2.307692307692308,25.270174666246856,25.673701126737132,25,26
lolicmi01,Mickey Lolich,S,915,1,0.6557377049180327,25.254176550440786,21.886089229331112,25,22
dalryab01,Abner Dalrymple,L,3645,5,0.8230452674897119,25.233829460388982,22.774176824004634,25,23
kaskoed01,Eddie Kasko,R,4210,16,2.2802850356294537,25.23270570787863,25.634958749590687,25,26
merulle01,Lennie Merullo,R,1064,4,2.2556390977443606,25.199011817496377,25.600114881938914,25,26
taittdo01,Doug Taitt,L,783,1,0.7662835249042146,25.156229494767942,22.684272299166583,25,23
levisje01,Jesse Levis,L,784,1,0.7653061224489796,25.154893270870133,22.68272398459816,25,23
drabomo01,Moe Drabowsky,R,542,2,2.214022140221402,25.142116550967703,25.54126732972458,25,26
chapmra01,Ray Chapman,R,3832,14,2.1920668058455113,25.11210103144412,25.510216582271376,25,26
reedjo01,Jody Reed,R,5211,19,2.1876799078871616,25.106103626938115,25.504011891168492,25,26
rigneto01,Topper Rigney,R,2202,8,2.17983651226158,25.095380784347782,25.492918074763256,25,25
abernbr01,Brent Abernathy,R,830,3,2.1686746987951806,25.080121275005613,25.477129835134733,25,25
amaroru01,Ruben Amaro,R,1665,6,2.1621621621621623,25.071217872893413,25.467917501117327,25,25
groatdi01,Dick Groat,R,7846,28,2.1412184552638287,25.04258536689098,25.438289321659198,25,25
dicksjo01,Johnny Dickshot,R,564,2,2.127659574468085,25.02404878510749,25.419106373015634,25,25
richada01,Danny Richardson,R,2262,8,2.122015915119363,25.016333240244187,25.411121378299036,25,25
portuma01,Mark Portugal,R,575,2,2.0869565217391304,24.968402933719457,25.361511798857755,25,25
brandro01,Ron Brand,R,1736,6,2.0737327188940093,24.95032444283072,25.34279749728468,25,25
wilsoji01,Jimmie Wilson,R,2610,9,2.0689655172413794,24.943807118529136,25.336050637470656,25,25
bunniji01,Jim Bunning,R,1744,6,2.064220183486239,24.93731969021059,25.32933455562726,25,25
ruizes01,Esteury Ruiz,R,583,2,2.058319039451115,24.92925213355373,25.320982414921993,25,25
santaf.01,F P  Santangelo,R,2049,7,2.049780380673499,24.91757878461462,25.308896820295992,25,25
grammal01,Alex Grammas,R,2640,9,2.0454545454545454,24.911664860041785,25.302773834060304,25,25
koufasa01,Sandy Koufax,R,881,3,2.0431328036322363,24.90849076641137,25.29948747540064,25,25
manwaki01,Kirt Manwaring,R,2940,10,2.0408163265306123,24.905323870272174,25.29620852811698,25,25
barryja01,Jack Barry,R,2649,9,2.0385050962627407,24.902164147170666,25.292936967167183,25,25
ortizju01,Junior Ortiz,R,2084,7,2.015355086372361,24.870515365970647,25.260165750947884,25,25
pascuca02,Camilo Pascual,R,901,3,1.997780244173141,24.846488493497514,25.235284046903782,25,25
owenmi01,Mickey Owen,R,3371,11,1.9578760011865914,24.791934708803083,25.178780654540514,25,25
girarjo01,Joe Girardi,R,4622,15,1.9472090004327132,24.77735166652714,25.163674410330845,25,25
hubbske01,Ken Hubbs,R,618,2,1.941747572815534,24.769885253833827,25.155939788473276,25,25
sewellu01,Luke Sewell,R,3732,12,1.9292604501607717,24.752813891247385,25.13825433815408,25,25
amarari01,Rich Amaral,R,1584,5,1.8939393939393938,24.70452586090108,25.088222905994538,25,25
truckvi01,Virgil Trucks,R,649,2,1.8489984591679507,24.64308632725765,25.024551487287727,25,25
glassja01,Jack Glasscock,R,6877,21,1.8321942707575978,24.620113028984278,25.000739719919476,25,25
stankan01,Andy Stankiewicz,R,656,2,1.829268292682927,24.616112873462974,24.996593349922918,25,25
frienbo01,Bob Friend,R,1016,3,1.7716535433070866,24.537346747421374,24.91493494107417,25,25
houttar01,Art Houtteman,R,684,2,1.7543859649122806,24.5137399406399,24.890456398938387,25,25
martino01,Norberto Martin,R,1045,3,1.7224880382775118,24.47013173029449,24.845231917210956,24,25
murtada01,Danny Murtaugh,R,2105,6,1.7102137767220904,24.453351373819533,24.827827569558213,24,25
lewisda01,Darren Lewis,R,4561,13,1.710151282613462,24.453265937036583,24.82773895281976,24,25
templjo01,Johnny Temple,R,6039,17,1.6890213611525087,24.424378853866514,24.797774997325376,24,25
bushho01,Homer Bush,R,1434,4,1.6736401673640167,24.40335095629273,24.775961080996012,24,25
nunamle01,Les Nunamaker,R,717,2,1.6736401673640167,24.40335095629273,24.775961080996012,24,25
barnero01,Ross Barnes,R,3968,11,1.6633064516129032,24.389223553741335,24.761304592647306,24,25
amalfjo01,Joey Amalfitano,R,2174,6,1.655933762649494,24.379144222416482,24.75084728565107,24,25
gromest01,Steve Gromek,S,931,0,0.0,24.357706127930186,20.791766033786086,24,21
vandejo01,Johnny Vander Meer,S,557,0,0.0,24.357706127930186,20.791766033786086,24,21
vealebo01,Bob Veale,S,585,0,0.0,24.357706127930186,20.791766033786086,24,21
leoned01,Eddie Leon,R,1102,3,1.6333938294010888,24.34832948760558,24.718874442969817,24,25
oylerra01,Ray Oyler,R,735,2,1.6326530612244896,24.347316770546186,24.71782359973887,24,25
partero01,Roy Partee,R,735,2,1.6326530612244896,24.347316770546186,24.71782359973887,24,25
drabedo01,Doug Drabek,R,737,2,1.6282225237449117,24.34125970569163,24.71153841533983,24,25
sainjo01,Johnny Sain,R,1110,3,1.6216216216216217,24.33223549758062,24.702174064204105,24,25
culleti01,Tim Cullen,R,2221,6,1.6208914903196758,24.331237322377586,24.701138245228556,24,25
maxvida01,Dal Maxvill,R,3710,10,1.6172506738544474,24.326259898858414,24.69597304991604,24,25
clappjo01,John Clapp,R,3006,8,1.596806387225549,24.298310158993406,24.66696705005654,24,25
parenfr01,Freddy Parent,R,5709,15,1.576458223857068,24.270491830909712,24.638094285143623,24,25
swansev01,Evar Swanson,R,1547,4,1.5513897866839044,24.236220334401647,24.60251943724753,24,25
lindjo01,Jose Lind,R,3095,8,1.5508885298869144,24.235535057515456,24.601808050621113,24,25
clarkme01,Mel Clark,R,798,2,1.5037593984962405,24.171104002211663,24.534913607079606,24,25
lanieha01,Hal Lanier,R,3595,9,1.502086230876217,24.168816585654703,24.53253842668561,24,25
zientbe01,Benny Zientara,R,803,2,1.4943960149439601,24.15830315768757,24.52162134575825,24,25
pytlafr01,Frankie Pytlak,R,2416,6,1.490066225165563,24.15238382676774,24.515474550747946,24,25
sanchre01,Rey Sanchez,R,5269,13,1.4803568039476183,24.13910990813182,24.501690034681623,24,25
frencla01,Larry French,R,811,2,1.4796547472256474,24.13815011417541,24.50069329340498,24,25
colemje01,Jerry Coleman,R,1629,4,1.47329650092081,24.12945764505464,24.491666037230843,24,24
osterfr01,Fritz Ostermueller,L,857,0,0.0,24.10862995888391,21.468173059594935,24,21
piercbi02,Billy Pierce,L,1463,0,0.0,24.10862995888391,21.468173059594935,24,21
polleho01,Howie Pollet,L,955,0,0.0,24.10862995888391,21.468173059594935,24,21
pottene01,Nels Potter,L,672,0,0.0,24.10862995888391,21.468173059594935,24,21
branded01,Ed Brandt,L,874,0,0.0,24.10862995888391,21.468173059594935,24,21
ellswdi01,Dick Ellsworth,L,807,0,0.0,24.10862995888391,21.468173059594935,24,21
halebo01,Bob Hale,L,701,0,0.0,24.10862995888391,21.468173059594935,24,21
stobbch01,Chuck Stobbs,L,631,0,0.0,24.10862995888391,21.468173059594935,24,21
ferrida01,Dave Ferriss,L,599,0,0.0,24.10862995888391,21.468173059594935,24,21
bortoba01,Babe Borton,L,501,0,0.0,24.10862995888391,21.468173059594935,24,21
parneme01,Mel Parnell,L,556,0,0.0,24.10862995888391,21.468173059594935,24,21
haefnmi01,Mickey Haefner,L,516,0,0.0,24.10862995888391,21.468173059594935,24,21
garcimi01,Mike Garcia,R,828,2,1.4492753623188406,24.09661792864031,24.457558748704386,24,24
dicksmu01,Murry Dickson,R,1247,3,1.4434643143544506,24.088673543888913,24.44930706417546,24,24
aparilu01,Luis Aparicio,R,11253,27,1.4396161023727005,24.0834125863516,24.4438424647813,24,24
fryeje01,Jeff Frye,R,2508,6,1.4354066985645932,24.077657837185782,24.437864831572504,24,24
woodwwo01,Woody Woodward,R,2549,6,1.412318556296587,24.046093636288454,24.405075748369203,24,24
bushjo01,Bullet Joe Bush,R,1276,3,1.4106583072100314,24.043823880883306,24.402717757111713,24,24
whitebu01,Burgess Whitehead,R,2579,6,1.3958898797983714,24.023633706881945,24.381741779278286,24,24
bridgro01,Rocky Bridges,R,1772,4,1.3544018058690743,23.96691463935601,24.32280636147543,24,24
boleyjo01,Joe Boley,R,899,2,1.3348164627363737,23.9401391760854,24.294980092777585,24,24
paddeto01,Tom Padden,R,906,2,1.3245033112582782,23.92603988730935,24.280326308576214,24,24
cottich01,Chuck Cottier,R,910,2,1.3186813186813187,23.918080539987734,24.272053581127512,24,24
disarga01,Gary Disarcina,R,4116,9,1.3119533527696794,23.90888262076148,24.262493196265087,24,24
kildupe01,Pete Kilduff,R,927,2,1.2944983818770226,23.88501962643663,24.23768822616458,24,24
huntebr02,Brian Hunter,R,3731,8,1.2865183596890915,23.874109999296383,24.22634718020108,24,24
ryanbl01,Blondy Ryan,R,933,2,1.2861736334405145,23.87363871804567,24.225857251369586,24,24
schalra01,Ray Schalk,R,5298,11,1.245753114382786,23.818379123354056,24.168404914541245,24,24
ruelmu01,Muddy Ruel,R,3400,7,1.2352941176470589,23.804080446989417,24.153536840948007,24,24
elberki01,Kid Elberfeld,R,3458,7,1.214574898785425,23.775754842486776,24.124080817359754,24,24
dillibo01,Bob Dillinger,R,2988,6,1.2048192771084336,23.76241776239967,24.11021035491574,24,24
allenbo01,Bob Allen,R,999,2,1.2012012012012012,23.75747142789289,24.105066021207445,24,24
maypi01,Merrill May,R,2505,5,1.1976047904191616,23.752554712155614,24.09995239364457,24,24
theobro01,Ron Theobald,R,1004,2,1.1952191235059761,23.749293225421525,24.096560232078343,24,24
alexape01,Pete Alexander,R,1516,3,1.187335092348285,23.738514829288416,24.085349681791907,24,24
lillibo01,Bob Lillis,R,1525,3,1.180327868852459,23.72893513216132,24.07538549660329,24,24
verbaem01,Emil Verban,R,1020,2,1.1764705882352942,23.72366177673479,24.069900332562295,24,24
coonejo01,Johnny Cooney,R,3066,6,1.1741682974559686,23.72051427496357,24.066626355121414,24,24
linzph01,Phil Linz,R,1024,2,1.171875,23.717379068121147,24.063365126747765,24,24
bellira01,Rafael Belliard,R,2092,4,1.147227533460803,23.68368308788928,24.028312201871362,24,24
howsedi01,Dick Howser,R,2623,5,1.1437285550895921,23.678899573695613,24.023335681574952,24,24
mcgeami01,Mike McGeary,R,2623,5,1.1437285550895921,23.678899573695613,24.023335681574952,24,24
johnsdo02,Don Johnson,R,1063,2,1.1288805268109126,23.658600575964346,24.0022166246495,24,24
newsosk01,Skeeter Newsome,R,2134,4,1.1246485473289598,23.65281496320213,23.996196973168242,24,24
fletcar01,Art Fletcher,R,5950,11,1.1092436974789917,23.631754725015217,23.97428366400521,24,24
o'delbi01,Billy O Dell,R,544,1,1.1029411764705883,23.623138438916506,23.965317846540376,24,24
newsobo01,Bobo Newsom,R,1638,3,1.098901098901099,23.617615178596818,23.959570369430054,24,24
hershmi01,Mike Hershberger,R,2734,5,1.097293343087052,23.615417187657602,23.95728311664997,24,24
beardol01,Ollie Beard,R,549,1,1.092896174863388,23.60940574249324,23.95102744280586,24,24
collihu01,Hub Collins,R,1102,2,1.0889292196007259,23.603982448951133,23.94538368994629,24,24
pearcdi01,Dickey Pearce,R,1109,2,1.0820559062218214,23.594585822674162,23.935604804458272,24,24
robercu01,Curt Roberts,R,555,1,1.0810810810810811,23.593253122267825,23.93421786019809,24,24
foutzda01,Dave Foutz,R,1111,2,1.08010801080108,23.591922820962132,23.932833405509985,24,24
brownpe01,Pete Browning,R,1118,2,1.073345259391771,23.582677345876945,23.923211371163294,24,24
silvech01,Charlie Silvera,R,562,1,1.0676156583629892,23.574844308647933,23.915059030870832,24,24
treshmi01,Mike Tresh,R,1691,3,1.0644589000591367,23.570528649461046,23.910567343510003,24,24
mcfared01,Ed McFarland,R,1130,2,1.0619469026548671,23.56709445411516,23.906993019434488,24,24
brogler01,Ernie Broglio,R,567,1,1.0582010582010581,23.561973445005908,23.90166296417261,24,24
harribu01,Bucky Harris,R,3406,6,1.0569583088667058,23.560274460774124,23.899894601752543,24,24
o'brijo03,Johnny O Brien,R,570,1,1.0526315789473684,23.554359313040838,23.893737817131488,24,24
carreca01,Cam Carreon,R,1145,2,1.0480349344978166,23.54807516045831,23.88719679830247,24,24
vioxji01,Jim Viox,R,1168,2,1.0273972602739725,23.519861037048404,23.857827443844688,24,24
devliar01,Art Devlin,R,4148,7,1.012536162005786,23.49954417110714,23.836676703493964,23,24
schilch01,Chuck Schilling,R,1186,2,1.0118043844856661,23.498543745330604,23.83563517357826,23,24
woltery01,Rynie Wolters,R,597,1,1.0050251256281406,23.489275702625825,23.8259861452782,23,24
fermife01,Felix Fermin,R,2405,4,0.997920997920998,23.479563526065856,23.815874352443366,23,24
kileda01,Darryl Kile,R,606,1,0.9900990099009901,23.468869950185475,23.804740337634378,23,24
browned02,Eddie Brown,R,1231,2,0.9748172217709179,23.44797795181641,23.78298651848938,23,24
herzobu01,Buck Herzog,R,4338,7,0.9681881051175656,23.438915171130574,23.773549336886582,23,24
blackew01,Ewell Blackwell,R,622,1,0.9646302250803859,23.434051131444814,23.768484217115724,23,24
eggleda01,Dave Eggler,R,3115,5,0.9630818619582664,23.431934337287828,23.766279884452356,23,24
clemove01,Verne Clemons,R,637,1,0.9419152276295134,23.402997063317592,23.73614410964472,23,24
richabo01,Bobby Richardson,R,3840,6,0.9375,23.396960928825365,23.729857547673202,23,24
hudsojo01,Johnny Hudson,R,651,1,0.9216589861751152,23.375304403281564,23.707301319967165,23,24
jennihu01,Hughie Jennings,R,3933,6,0.9153318077803204,23.366654407641022,23.69829143640756,23,24
corbicl01,Claude Corbitt,R,656,1,0.9146341463414634,23.365700622552605,23.69729794999775,23,24
adamssp01,Sparky Adams,R,2686,4,0.8935219657483247,23.336837793231517,23.667231961337485,23,24
hughero01,Roy Hughes,R,1345,2,0.8921933085501859,23.335021362864843,23.665339699395084,23,24
cooneji02,Jimmy Cooney,R,684,1,0.8771929824561403,23.314514156141072,23.643975438886976,23,24
williwo01,Woody Williams,R,1404,2,0.8547008547008548,23.283764777051356,23.61193776367293,23,24
shayda01,Danny Shay,R,710,1,0.8450704225352114,23.270598845722805,23.59821905246332,23,24
creebi01,Birdie Cree,R,2185,3,0.8237986270022883,23.24151780404114,23.567914535910294,23,24
hubbeca01,Carl Hubbell,R,733,1,0.8185538881309686,23.23434763030145,23.56044217761057,23,24
ledesaa01,Aaron Ledesma,R,748,1,0.8021390374331551,23.21190660238716,23.537054033841684,23,24
hofmaso01,Solly Hofman,R,2274,3,0.7915567282321899,23.197439343406355,23.521975107376235,23,24
hershor01,Orel Hershiser,R,761,1,0.7884362680683311,23.193173308038034,23.517528544546984,23,24
hausmge01,George Hausmann,R,761,1,0.7884362680683311,23.193173308038034,23.517528544546984,23,24
shantbo01,Bobby Shantz,R,761,1,0.7884362680683311,23.193173308038034,23.517528544546984,23,24
claryel01,Ellis Clary,R,791,1,0.7585335018963338,23.152292716265755,23.4749142538238,23,23
woodala01,Larry Woodall,R,841,1,0.713436385255648,23.090639663672206,23.41063375874264,23,23
niarhgu01,Gus Niarhos,R,897,1,0.6688963210702341,23.02974816717981,23.34713215689612,23,23
breedma01,Marv Breeding,R,904,1,0.6637168141592921,23.022667173187816,23.33974666196627,23,23
shawkbo01,Bob Shawkey,R,907,1,0.6615214994487321,23.019665920260984,23.336616286145972,23,23
lyonsde01,Denny Lyons,R,942,1,0.6369426751592356,22.986063782042663,23.30156599138821,23,23
desauge01,Gene Desautels,R,944,1,0.635593220338983,22.984218918885038,23.299641487388783,23,23
bellga01,Gary Bell,R,509,0,0.0,22.11528837164224,22.391667150907665,22,22
grimebu01,Burleigh Grimes,R,1646,0,0.0,22.11528837164224,22.391667150907665,22,22
jacksla01,Larry Jackson,R,737,0,0.0,22.11528837164224,22.391667150907665,22,22
stalege01,Gerry Staley,R,669,0,0.0,22.11528837164224,22.391667150907665,22,22
mungova01,Van Mungo,R,733,0,0.0,22.11528837164224,22.391667150907665,22,22
brideji01,Jim Brideweser,R,894,0,0.0,22.11528837164224,22.391667150907665,22,22
hudsosi01,Sid Hudson,R,1002,0,0.0,22.11528837164224,22.391667150907665,22,22
burkejo03,John Burkett,R,517,0,0.0,22.11528837164224,22.391667150907665,22,22
ordazlu01,Luis Ordaz,R,637,0,0.0,22.11528837164224,22.391667150907665,22,22
wehnejo01,John Wehner,R,601,0,0.0,22.11528837164224,22.391667150907665,22,22
snydeje01,Jerry Snyder,R,502,0,0.0,22.11528837164224,22.391667150907665,22,22
bridgto01,Tommy Bridges,R,943,0,0.0,22.11528837164224,22.391667150907665,22,22
shockur01,Urban Shocker,R,800,0,0.0,22.11528837164224,22.391667150907665,22,22
ehmkeho01,Howard Ehmke,R,503,0,0.0,22.11528837164224,22.391667150907665,22,22
jonessa02,Sam Jones,R,586,0,0.0,22.11528837164224,22.391667150907665,22,22
